ISO-10303-21;
HEADER;
FILE_DESCRIPTION(('Open CASCADE Model'),'2;1');
FILE_NAME('Open CASCADE Shape Model','2026-09-06T02:00:41',('Author'),(
    'Open CASCADE'),'Open CASCADE STEP processor 7.9','Open CASCADE 7.9'
  ,'Unknown');
FILE_SCHEMA(('AUTOMOTIVE_DESIGN { 1 0 10303 214 1 1 1 1 }'));
ENDSEC;
DATA;
#1 = APPLICATION_PROTOCOL_DEFINITION('international standard',
  'automotive_design',2000,#2);
#2 = APPLICATION_CONTEXT(
  'core data for automotive mechanical design processes');
#3 = SHAPE_DEFINITION_REPRESENTATION(#4,#10);
#4 = PRODUCT_DEFINITION_SHAPE('','',#5);
#5 = PRODUCT_DEFINITION('design','',#6,#9);
#6 = PRODUCT_DEFINITION_FORMATION('','',#7);
#7 = PRODUCT('Open CASCADE STEP translator 7.9 1',
  'Open CASCADE STEP translator 7.9 1','',(#8));
#8 = PRODUCT_CONTEXT('',#2,'mechanical');
#9 = PRODUCT_DEFINITION_CONTEXT('part definition',#2,'design');
#10 = ADVANCED_BREP_SHAPE_REPRESENTATION('',(#11,#15),#9372);
#11 = AXIS2_PLACEMENT_3D('',#12,#13,#14);
#12 = CARTESIAN_POINT('',(0.,0.,0.));
#13 = DIRECTION('',(0.,0.,1.));
#14 = DIRECTION('',(1.,0.,-0.));
#15 = MANIFOLD_SOLID_BREP('',#16);
#16 = CLOSED_SHELL('',(#17,#584,#1174,#1296,#1322,#1419,#2389,#2481,
    #2579,#2628,#2737,#2793,#2891,#2940,#3049,#3105,#3131,#3205,#3259,
    #3313,#3338,#3412,#3466,#3520,#3545,#3592,#3619,#3646,#3653,#3727,
    #3781,#3835,#3860,#3934,#3988,#4035,#4067,#4263,#5252,#5394,#5450,
    #6007,#6014,#6023,#6079,#6635,#6642,#7198,#7754,#7761,#7816,#7866,
    #7921,#7976,#8026,#8081,#8136,#8191,#8241,#8296,#8346,#8401,#8456,
    #8511,#8518,#8525,#8532,#8542,#8552,#8562,#8572,#8611,#8650,#8689,
    #8728,#8767,#8771,#8810,#8814,#8853,#8857,#8896,#8900,#8955,#9010,
    #9065,#9120,#9175,#9230,#9285,#9340,#9344,#9348,#9352,#9356,#9360,
    #9364,#9368));
#17 = ADVANCED_FACE('',(#18),#31,.F.);
#18 = FACE_BOUND('',#19,.F.);
#19 = EDGE_LOOP('',(#20,#57,#80,#111,#140,#171,#205,#245,#279,#310,#344,
    #384,#418,#449,#478,#502,#533,#562,#583));
#20 = ORIENTED_EDGE('',*,*,#21,.F.);
#21 = EDGE_CURVE('',#22,#22,#24,.T.);
#22 = VERTEX_POINT('',#23);
#23 = CARTESIAN_POINT('',(6.994405055138E-15,63.,0.));
#24 = SURFACE_CURVE('',#25,(#30,#45),.PCURVE_S1.);
#25 = ELLIPSE('',#26,63.,40.);
#26 = AXIS2_PLACEMENT_3D('',#27,#28,#29);
#27 = CARTESIAN_POINT('',(0.,0.,0.));
#28 = DIRECTION('',(0.,-0.,1.));
#29 = DIRECTION('',(1.110223024625E-16,1.,0.));
#30 = PCURVE('',#31,#39);
#31 = SURFACE_OF_LINEAR_EXTRUSION('',#32,#37);
#32 = ELLIPSE('',#33,63.,40.);
#33 = AXIS2_PLACEMENT_3D('',#34,#35,#36);
#34 = CARTESIAN_POINT('',(0.,0.,0.));
#35 = DIRECTION('',(0.,-0.,1.));
#36 = DIRECTION('',(1.110223024625E-16,1.,0.));
#37 = VECTOR('',#38,1.);
#38 = DIRECTION('',(-0.,-0.,-1.));
#39 = DEFINITIONAL_REPRESENTATION('',(#40),#44);
#40 = LINE('',#41,#42);
#41 = CARTESIAN_POINT('',(0.,0.));
#42 = VECTOR('',#43,1.);
#43 = DIRECTION('',(1.,0.));
#44 = ( GEOMETRIC_REPRESENTATION_CONTEXT(2) 
PARAMETRIC_REPRESENTATION_CONTEXT() REPRESENTATION_CONTEXT('2D SPACE',''
  ) );
#45 = PCURVE('',#46,#51);
#46 = PLANE('',#47);
#47 = AXIS2_PLACEMENT_3D('',#48,#49,#50);
#48 = CARTESIAN_POINT('',(1.442387578196E-15,3.651647668861,0.));
#49 = DIRECTION('',(0.,0.,1.));
#50 = DIRECTION('',(1.,0.,-0.));
#51 = DEFINITIONAL_REPRESENTATION('',(#52),#56);
#52 = ELLIPSE('',#53,63.,40.);
#53 = AXIS2_PLACEMENT_2D('',#54,#55);
#54 = CARTESIAN_POINT('',(-1.442387578196E-15,-3.651647668861));
#55 = DIRECTION('',(1.110223024625E-16,1.));
#56 = ( GEOMETRIC_REPRESENTATION_CONTEXT(2) 
PARAMETRIC_REPRESENTATION_CONTEXT() REPRESENTATION_CONTEXT('2D SPACE',''
  ) );
#57 = ORIENTED_EDGE('',*,*,#58,.T.);
#58 = EDGE_CURVE('',#22,#59,#61,.T.);
#59 = VERTEX_POINT('',#60);
#60 = CARTESIAN_POINT('',(6.994405055138E-15,63.,3.));
#61 = SEAM_CURVE('',#62,(#66,#73),.PCURVE_S1.);
#62 = LINE('',#63,#64);
#63 = CARTESIAN_POINT('',(6.994405055138E-15,63.,0.));
#64 = VECTOR('',#65,1.);
#65 = DIRECTION('',(0.,0.,1.));
#66 = PCURVE('',#31,#67);
#67 = DEFINITIONAL_REPRESENTATION('',(#68),#72);
#68 = LINE('',#69,#70);
#69 = CARTESIAN_POINT('',(6.28318530718,0.));
#70 = VECTOR('',#71,1.);
#71 = DIRECTION('',(0.,-1.));
#72 = ( GEOMETRIC_REPRESENTATION_CONTEXT(2) 
PARAMETRIC_REPRESENTATION_CONTEXT() REPRESENTATION_CONTEXT('2D SPACE',''
  ) );
#73 = PCURVE('',#31,#74);
#74 = DEFINITIONAL_REPRESENTATION('',(#75),#79);
#75 = LINE('',#76,#77);
#76 = CARTESIAN_POINT('',(0.,0.));
#77 = VECTOR('',#78,1.);
#78 = DIRECTION('',(0.,-1.));
#79 = ( GEOMETRIC_REPRESENTATION_CONTEXT(2) 
PARAMETRIC_REPRESENTATION_CONTEXT() REPRESENTATION_CONTEXT('2D SPACE',''
  ) );
#80 = ORIENTED_EDGE('',*,*,#81,.T.);
#81 = EDGE_CURVE('',#59,#82,#84,.T.);
#82 = VERTEX_POINT('',#83);
#83 = CARTESIAN_POINT('',(-24.46124091586,49.846888650054,3.));
#84 = SURFACE_CURVE('',#85,(#90,#97),.PCURVE_S1.);
#85 = ELLIPSE('',#86,63.,40.);
#86 = AXIS2_PLACEMENT_3D('',#87,#88,#89);
#87 = CARTESIAN_POINT('',(0.,0.,3.));
#88 = DIRECTION('',(0.,-0.,1.));
#89 = DIRECTION('',(1.110223024625E-16,1.,0.));
#90 = PCURVE('',#31,#91);
#91 = DEFINITIONAL_REPRESENTATION('',(#92),#96);
#92 = LINE('',#93,#94);
#93 = CARTESIAN_POINT('',(0.,-3.));
#94 = VECTOR('',#95,1.);
#95 = DIRECTION('',(1.,0.));
#96 = ( GEOMETRIC_REPRESENTATION_CONTEXT(2) 
PARAMETRIC_REPRESENTATION_CONTEXT() REPRESENTATION_CONTEXT('2D SPACE',''
  ) );
#97 = PCURVE('',#98,#106);
#98 = SURFACE_OF_LINEAR_EXTRUSION('',#99,#104);
#99 = ELLIPSE('',#100,63.,40.);
#100 = AXIS2_PLACEMENT_3D('',#101,#102,#103);
#101 = CARTESIAN_POINT('',(0.,0.,3.));
#102 = DIRECTION('',(0.,-0.,1.));
#103 = DIRECTION('',(1.110223024625E-16,1.,0.));
#104 = VECTOR('',#105,1.);
#105 = DIRECTION('',(-0.,-0.,-1.));
#106 = DEFINITIONAL_REPRESENTATION('',(#107),#110);
#107 = B_SPLINE_CURVE_WITH_KNOTS('',1,(#108,#109),.UNSPECIFIED.,.F.,.F.,
  (2,2),(0.,0.657994161622),.PIECEWISE_BEZIER_KNOTS.);
#108 = CARTESIAN_POINT('',(6.28318530718,0.));
#109 = CARTESIAN_POINT('',(6.941179468801,0.));
#110 = ( GEOMETRIC_REPRESENTATION_CONTEXT(2) 
PARAMETRIC_REPRESENTATION_CONTEXT() REPRESENTATION_CONTEXT('2D SPACE',''
  ) );
#111 = ORIENTED_EDGE('',*,*,#112,.T.);
#112 = EDGE_CURVE('',#82,#113,#115,.T.);
#113 = VERTEX_POINT('',#114);
#114 = CARTESIAN_POINT('',(-26.11917413811,47.714669641262,3.));
#115 = SURFACE_CURVE('',#116,(#121,#128),.PCURVE_S1.);
#116 = ELLIPSE('',#117,63.,40.);
#117 = AXIS2_PLACEMENT_3D('',#118,#119,#120);
#118 = CARTESIAN_POINT('',(0.,0.,3.));
#119 = DIRECTION('',(0.,-0.,1.));
#120 = DIRECTION('',(1.110223024625E-16,1.,0.));
#121 = PCURVE('',#31,#122);
#122 = DEFINITIONAL_REPRESENTATION('',(#123),#127);
#123 = LINE('',#124,#125);
#124 = CARTESIAN_POINT('',(0.,-3.));
#125 = VECTOR('',#126,1.);
#126 = DIRECTION('',(1.,0.));
#127 = ( GEOMETRIC_REPRESENTATION_CONTEXT(2) 
PARAMETRIC_REPRESENTATION_CONTEXT() REPRESENTATION_CONTEXT('2D SPACE',''
  ) );
#128 = PCURVE('',#129,#134);
#129 = PLANE('',#130);
#130 = AXIS2_PLACEMENT_3D('',#131,#132,#133);
#131 = CARTESIAN_POINT('',(-23.,47.,3.));
#132 = DIRECTION('',(0.,0.,1.));
#133 = DIRECTION('',(1.,0.,-0.));
#134 = DEFINITIONAL_REPRESENTATION('',(#135),#139);
#135 = ELLIPSE('',#136,63.,40.);
#136 = AXIS2_PLACEMENT_2D('',#137,#138);
#137 = CARTESIAN_POINT('',(23.,-47.));
#138 = DIRECTION('',(1.110223024625E-16,1.));
#139 = ( GEOMETRIC_REPRESENTATION_CONTEXT(2) 
PARAMETRIC_REPRESENTATION_CONTEXT() REPRESENTATION_CONTEXT('2D SPACE',''
  ) );
#140 = ORIENTED_EDGE('',*,*,#141,.T.);
#141 = EDGE_CURVE('',#113,#142,#144,.T.);
#142 = VERTEX_POINT('',#143);
#143 = CARTESIAN_POINT('',(-10.,-60.99948770276,3.));
#144 = SURFACE_CURVE('',#145,(#150,#157),.PCURVE_S1.);
#145 = ELLIPSE('',#146,63.,40.);
#146 = AXIS2_PLACEMENT_3D('',#147,#148,#149);
#147 = CARTESIAN_POINT('',(0.,0.,3.));
#148 = DIRECTION('',(0.,-0.,1.));
#149 = DIRECTION('',(1.110223024625E-16,1.,0.));
#150 = PCURVE('',#31,#151);
#151 = DEFINITIONAL_REPRESENTATION('',(#152),#156);
#152 = LINE('',#153,#154);
#153 = CARTESIAN_POINT('',(0.,-3.));
#154 = VECTOR('',#155,1.);
#155 = DIRECTION('',(1.,0.));
#156 = ( GEOMETRIC_REPRESENTATION_CONTEXT(2) 
PARAMETRIC_REPRESENTATION_CONTEXT() REPRESENTATION_CONTEXT('2D SPACE',''
  ) );
#157 = PCURVE('',#158,#166);
#158 = SURFACE_OF_LINEAR_EXTRUSION('',#159,#164);
#159 = ELLIPSE('',#160,63.,40.);
#160 = AXIS2_PLACEMENT_3D('',#161,#162,#163);
#161 = CARTESIAN_POINT('',(0.,0.,3.));
#162 = DIRECTION('',(0.,-0.,1.));
#163 = DIRECTION('',(1.110223024625E-16,1.,0.));
#164 = VECTOR('',#165,1.);
#165 = DIRECTION('',(-0.,-0.,-1.));
#166 = DEFINITIONAL_REPRESENTATION('',(#167),#170);
#167 = B_SPLINE_CURVE_WITH_KNOTS('',1,(#168,#169),.UNSPECIFIED.,.F.,.F.,
  (2,2),(0.,6.28318530718),.PIECEWISE_BEZIER_KNOTS.);
#168 = CARTESIAN_POINT('',(0.,0.));
#169 = CARTESIAN_POINT('',(6.28318530718,0.));
#170 = ( GEOMETRIC_REPRESENTATION_CONTEXT(2) 
PARAMETRIC_REPRESENTATION_CONTEXT() REPRESENTATION_CONTEXT('2D SPACE',''
  ) );
#171 = ORIENTED_EDGE('',*,*,#172,.T.);
#172 = EDGE_CURVE('',#142,#173,#175,.T.);
#173 = VERTEX_POINT('',#174);
#174 = CARTESIAN_POINT('',(-10.,-60.99948770276,2.));
#175 = SURFACE_CURVE('',#176,(#182,#191),.PCURVE_S1.);
#176 = B_SPLINE_CURVE_WITH_KNOTS('',4,(#177,#178,#179,#180,#181),
  .UNSPECIFIED.,.F.,.F.,(5,5),(0.,1.),.PIECEWISE_BEZIER_KNOTS.);
#177 = CARTESIAN_POINT('',(-10.,-60.99948770276,3.0000006));
#178 = CARTESIAN_POINT('',(-10.,-60.99948770276,2.75000045));
#179 = CARTESIAN_POINT('',(-10.,-60.99948770276,2.5000003));
#180 = CARTESIAN_POINT('',(-10.,-60.99948770276,2.25000015));
#181 = CARTESIAN_POINT('',(-10.,-60.99948770276,2.));
#182 = PCURVE('',#31,#183);
#183 = DEFINITIONAL_REPRESENTATION('',(#184),#190);
#184 = B_SPLINE_CURVE_WITH_KNOTS('',4,(#185,#186,#187,#188,#189),
  .UNSPECIFIED.,.F.,.F.,(5,5),(0.,1.),.PIECEWISE_BEZIER_KNOTS.);
#185 = CARTESIAN_POINT('',(2.888912398448,-3.0000006));
#186 = CARTESIAN_POINT('',(2.888912398448,-2.75000045));
#187 = CARTESIAN_POINT('',(2.888912398448,-2.5000003));
#188 = CARTESIAN_POINT('',(2.888912398448,-2.25000015));
#189 = CARTESIAN_POINT('',(2.888912398448,-2.));
#190 = ( GEOMETRIC_REPRESENTATION_CONTEXT(2) 
PARAMETRIC_REPRESENTATION_CONTEXT() REPRESENTATION_CONTEXT('2D SPACE',''
  ) );
#191 = PCURVE('',#192,#197);
#192 = PLANE('',#193);
#193 = AXIS2_PLACEMENT_3D('',#194,#195,#196);
#194 = CARTESIAN_POINT('',(-10.,-68.,2.));
#195 = DIRECTION('',(1.,0.,0.));
#196 = DIRECTION('',(0.,0.,1.));
#197 = DEFINITIONAL_REPRESENTATION('',(#198),#204);
#198 = B_SPLINE_CURVE_WITH_KNOTS('',4,(#199,#200,#201,#202,#203),
  .UNSPECIFIED.,.F.,.F.,(5,5),(0.,1.),.PIECEWISE_BEZIER_KNOTS.);
#199 = CARTESIAN_POINT('',(1.0000006,-7.000512297233));
#200 = CARTESIAN_POINT('',(0.75000045,-7.000512297233));
#201 = CARTESIAN_POINT('',(0.5000003,-7.000512297233));
#202 = CARTESIAN_POINT('',(0.25000015,-7.000512297233));
#203 = CARTESIAN_POINT('',(0.,-7.000512297233));
#204 = ( GEOMETRIC_REPRESENTATION_CONTEXT(2) 
PARAMETRIC_REPRESENTATION_CONTEXT() REPRESENTATION_CONTEXT('2D SPACE',''
  ) );
#205 = ORIENTED_EDGE('',*,*,#206,.F.);
#206 = EDGE_CURVE('',#207,#173,#209,.T.);
#207 = VERTEX_POINT('',#208);
#208 = CARTESIAN_POINT('',(-4.,-62.68420853771,2.));
#209 = SURFACE_CURVE('',#210,(#218,#229),.PCURVE_S1.);
#210 = B_SPLINE_CURVE_WITH_KNOTS('',6,(#211,#212,#213,#214,#215,#216,
    #217),.UNSPECIFIED.,.F.,.F.,(7,7),(0.,1.),.PIECEWISE_BEZIER_KNOTS.);
#211 = CARTESIAN_POINT('',(-4.,-62.68420853771,2.));
#212 = CARTESIAN_POINT('',(-5.028139485528,-62.5214607854,2.));
#213 = CARTESIAN_POINT('',(-6.048481756363,-62.30924194118,2.));
#214 = CARTESIAN_POINT('',(-7.058099556528,-62.04886546803,2.));
#215 = CARTESIAN_POINT('',(-8.054534307685,-61.74223766407,2.));
#216 = CARTESIAN_POINT('',(-9.035731344467,-61.3916203294,2.));
#217 = CARTESIAN_POINT('',(-10.,-60.99948770276,2.));
#218 = PCURVE('',#31,#219);
#219 = DEFINITIONAL_REPRESENTATION('',(#220),#228);
#220 = B_SPLINE_CURVE_WITH_KNOTS('',6,(#221,#222,#223,#224,#225,#226,
    #227),.UNSPECIFIED.,.F.,.F.,(7,7),(0.,1.),.PIECEWISE_BEZIER_KNOTS.);
#221 = CARTESIAN_POINT('',(3.041425232428,-2.));
#222 = CARTESIAN_POINT('',(3.01559225587,-2.));
#223 = CARTESIAN_POINT('',(2.989874707906,-2.));
#224 = CARTESIAN_POINT('',(2.964316450879,-2.));
#225 = CARTESIAN_POINT('',(2.938952044372,-2.));
#226 = CARTESIAN_POINT('',(2.913809708075,-2.));
#227 = CARTESIAN_POINT('',(2.888912398448,-2.));
#228 = ( GEOMETRIC_REPRESENTATION_CONTEXT(2) 
PARAMETRIC_REPRESENTATION_CONTEXT() REPRESENTATION_CONTEXT('2D SPACE',''
  ) );
#229 = PCURVE('',#230,#235);
#230 = PLANE('',#231);
#231 = AXIS2_PLACEMENT_3D('',#232,#233,#234);
#232 = CARTESIAN_POINT('',(-10.,-68.,2.));
#233 = DIRECTION('',(0.,0.,1.));
#234 = DIRECTION('',(1.,0.,0.));
#235 = DEFINITIONAL_REPRESENTATION('',(#236),#244);
#236 = B_SPLINE_CURVE_WITH_KNOTS('',6,(#237,#238,#239,#240,#241,#242,
    #243),.UNSPECIFIED.,.F.,.F.,(7,7),(0.,1.),.PIECEWISE_BEZIER_KNOTS.);
#237 = CARTESIAN_POINT('',(6.,5.315791462283));
#238 = CARTESIAN_POINT('',(4.971860514472,5.478539214598));
#239 = CARTESIAN_POINT('',(3.951518243637,5.690758058818));
#240 = CARTESIAN_POINT('',(2.941900443472,5.951134531962));
#241 = CARTESIAN_POINT('',(1.945465692315,6.257762335927));
#242 = CARTESIAN_POINT('',(0.964268655533,6.608379670598));
#243 = CARTESIAN_POINT('',(0.,7.000512297233));
#244 = ( GEOMETRIC_REPRESENTATION_CONTEXT(2) 
PARAMETRIC_REPRESENTATION_CONTEXT() REPRESENTATION_CONTEXT('2D SPACE',''
  ) );
#245 = ORIENTED_EDGE('',*,*,#246,.F.);
#246 = EDGE_CURVE('',#247,#207,#249,.T.);
#247 = VERTEX_POINT('',#248);
#248 = CARTESIAN_POINT('',(-4.,-62.68420853771,3.));
#249 = SURFACE_CURVE('',#250,(#256,#265),.PCURVE_S1.);
#250 = B_SPLINE_CURVE_WITH_KNOTS('',4,(#251,#252,#253,#254,#255),
  .UNSPECIFIED.,.F.,.F.,(5,5),(0.,1.),.PIECEWISE_BEZIER_KNOTS.);
#251 = CARTESIAN_POINT('',(-4.,-62.68420853771,3.0000006));
#252 = CARTESIAN_POINT('',(-4.,-62.68420853771,2.75000045));
#253 = CARTESIAN_POINT('',(-4.,-62.68420853771,2.5000003));
#254 = CARTESIAN_POINT('',(-4.,-62.68420853771,2.25000015));
#255 = CARTESIAN_POINT('',(-4.,-62.68420853771,2.));
#256 = PCURVE('',#31,#257);
#257 = DEFINITIONAL_REPRESENTATION('',(#258),#264);
#258 = B_SPLINE_CURVE_WITH_KNOTS('',4,(#259,#260,#261,#262,#263),
  .UNSPECIFIED.,.F.,.F.,(5,5),(0.,1.),.PIECEWISE_BEZIER_KNOTS.);
#259 = CARTESIAN_POINT('',(3.041425232428,-3.0000006));
#260 = CARTESIAN_POINT('',(3.041425232428,-2.75000045));
#261 = CARTESIAN_POINT('',(3.041425232428,-2.5000003));
#262 = CARTESIAN_POINT('',(3.041425232428,-2.25000015));
#263 = CARTESIAN_POINT('',(3.041425232428,-2.));
#264 = ( GEOMETRIC_REPRESENTATION_CONTEXT(2) 
PARAMETRIC_REPRESENTATION_CONTEXT() REPRESENTATION_CONTEXT('2D SPACE',''
  ) );
#265 = PCURVE('',#266,#271);
#266 = PLANE('',#267);
#267 = AXIS2_PLACEMENT_3D('',#268,#269,#270);
#268 = CARTESIAN_POINT('',(-4.,-68.,2.));
#269 = DIRECTION('',(1.,0.,0.));
#270 = DIRECTION('',(0.,0.,1.));
#271 = DEFINITIONAL_REPRESENTATION('',(#272),#278);
#272 = B_SPLINE_CURVE_WITH_KNOTS('',4,(#273,#274,#275,#276,#277),
  .UNSPECIFIED.,.F.,.F.,(5,5),(0.,1.),.PIECEWISE_BEZIER_KNOTS.);
#273 = CARTESIAN_POINT('',(1.0000006,-5.315791462283));
#274 = CARTESIAN_POINT('',(0.75000045,-5.315791462283));
#275 = CARTESIAN_POINT('',(0.5000003,-5.315791462283));
#276 = CARTESIAN_POINT('',(0.25000015,-5.315791462283));
#277 = CARTESIAN_POINT('',(0.,-5.315791462283));
#278 = ( GEOMETRIC_REPRESENTATION_CONTEXT(2) 
PARAMETRIC_REPRESENTATION_CONTEXT() REPRESENTATION_CONTEXT('2D SPACE',''
  ) );
#279 = ORIENTED_EDGE('',*,*,#280,.T.);
#280 = EDGE_CURVE('',#247,#281,#283,.T.);
#281 = VERTEX_POINT('',#282);
#282 = CARTESIAN_POINT('',(4.,-62.68420853771,3.));
#283 = SURFACE_CURVE('',#284,(#289,#296),.PCURVE_S1.);
#284 = ELLIPSE('',#285,63.,40.);
#285 = AXIS2_PLACEMENT_3D('',#286,#287,#288);
#286 = CARTESIAN_POINT('',(0.,0.,3.));
#287 = DIRECTION('',(0.,-0.,1.));
#288 = DIRECTION('',(1.110223024625E-16,1.,0.));
#289 = PCURVE('',#31,#290);
#290 = DEFINITIONAL_REPRESENTATION('',(#291),#295);
#291 = LINE('',#292,#293);
#292 = CARTESIAN_POINT('',(0.,-3.));
#293 = VECTOR('',#294,1.);
#294 = DIRECTION('',(1.,0.));
#295 = ( GEOMETRIC_REPRESENTATION_CONTEXT(2) 
PARAMETRIC_REPRESENTATION_CONTEXT() REPRESENTATION_CONTEXT('2D SPACE',''
  ) );
#296 = PCURVE('',#297,#305);
#297 = SURFACE_OF_LINEAR_EXTRUSION('',#298,#303);
#298 = ELLIPSE('',#299,63.,40.);
#299 = AXIS2_PLACEMENT_3D('',#300,#301,#302);
#300 = CARTESIAN_POINT('',(0.,0.,3.));
#301 = DIRECTION('',(0.,-0.,1.));
#302 = DIRECTION('',(1.110223024625E-16,1.,0.));
#303 = VECTOR('',#304,1.);
#304 = DIRECTION('',(-0.,-0.,-1.));
#305 = DEFINITIONAL_REPRESENTATION('',(#306),#309);
#306 = B_SPLINE_CURVE_WITH_KNOTS('',1,(#307,#308),.UNSPECIFIED.,.F.,.F.,
  (2,2),(0.,6.28318530718),.PIECEWISE_BEZIER_KNOTS.);
#307 = CARTESIAN_POINT('',(0.,0.));
#308 = CARTESIAN_POINT('',(6.28318530718,0.));
#309 = ( GEOMETRIC_REPRESENTATION_CONTEXT(2) 
PARAMETRIC_REPRESENTATION_CONTEXT() REPRESENTATION_CONTEXT('2D SPACE',''
  ) );
#310 = ORIENTED_EDGE('',*,*,#311,.T.);
#311 = EDGE_CURVE('',#281,#312,#314,.T.);
#312 = VERTEX_POINT('',#313);
#313 = CARTESIAN_POINT('',(4.,-62.68420853771,2.));
#314 = SURFACE_CURVE('',#315,(#321,#330),.PCURVE_S1.);
#315 = B_SPLINE_CURVE_WITH_KNOTS('',4,(#316,#317,#318,#319,#320),
  .UNSPECIFIED.,.F.,.F.,(5,5),(0.,1.),.PIECEWISE_BEZIER_KNOTS.);
#316 = CARTESIAN_POINT('',(4.,-62.68420853771,3.0000006));
#317 = CARTESIAN_POINT('',(4.,-62.68420853771,2.75000045));
#318 = CARTESIAN_POINT('',(4.,-62.68420853771,2.5000003));
#319 = CARTESIAN_POINT('',(4.,-62.68420853771,2.25000015));
#320 = CARTESIAN_POINT('',(4.,-62.68420853771,2.));
#321 = PCURVE('',#31,#322);
#322 = DEFINITIONAL_REPRESENTATION('',(#323),#329);
#323 = B_SPLINE_CURVE_WITH_KNOTS('',4,(#324,#325,#326,#327,#328),
  .UNSPECIFIED.,.F.,.F.,(5,5),(0.,1.),.PIECEWISE_BEZIER_KNOTS.);
#324 = CARTESIAN_POINT('',(3.241760074751,-3.0000006));
#325 = CARTESIAN_POINT('',(3.241760074751,-2.75000045));
#326 = CARTESIAN_POINT('',(3.241760074751,-2.5000003));
#327 = CARTESIAN_POINT('',(3.241760074751,-2.25000015));
#328 = CARTESIAN_POINT('',(3.241760074751,-2.));
#329 = ( GEOMETRIC_REPRESENTATION_CONTEXT(2) 
PARAMETRIC_REPRESENTATION_CONTEXT() REPRESENTATION_CONTEXT('2D SPACE',''
  ) );
#330 = PCURVE('',#331,#336);
#331 = PLANE('',#332);
#332 = AXIS2_PLACEMENT_3D('',#333,#334,#335);
#333 = CARTESIAN_POINT('',(4.,-68.,2.));
#334 = DIRECTION('',(1.,0.,0.));
#335 = DIRECTION('',(0.,0.,1.));
#336 = DEFINITIONAL_REPRESENTATION('',(#337),#343);
#337 = B_SPLINE_CURVE_WITH_KNOTS('',4,(#338,#339,#340,#341,#342),
  .UNSPECIFIED.,.F.,.F.,(5,5),(0.,1.),.PIECEWISE_BEZIER_KNOTS.);
#338 = CARTESIAN_POINT('',(1.0000006,-5.315791462283));
#339 = CARTESIAN_POINT('',(0.75000045,-5.315791462283));
#340 = CARTESIAN_POINT('',(0.5000003,-5.315791462283));
#341 = CARTESIAN_POINT('',(0.25000015,-5.315791462283));
#342 = CARTESIAN_POINT('',(0.,-5.315791462283));
#343 = ( GEOMETRIC_REPRESENTATION_CONTEXT(2) 
PARAMETRIC_REPRESENTATION_CONTEXT() REPRESENTATION_CONTEXT('2D SPACE',''
  ) );
#344 = ORIENTED_EDGE('',*,*,#345,.F.);
#345 = EDGE_CURVE('',#346,#312,#348,.T.);
#346 = VERTEX_POINT('',#347);
#347 = CARTESIAN_POINT('',(10.,-60.99948770276,2.));
#348 = SURFACE_CURVE('',#349,(#357,#368),.PCURVE_S1.);
#349 = B_SPLINE_CURVE_WITH_KNOTS('',6,(#350,#351,#352,#353,#354,#355,
    #356),.UNSPECIFIED.,.F.,.F.,(7,7),(0.,1.),.PIECEWISE_BEZIER_KNOTS.);
#350 = CARTESIAN_POINT('',(10.,-60.99948770276,2.));
#351 = CARTESIAN_POINT('',(9.035731344467,-61.3916203294,2.));
#352 = CARTESIAN_POINT('',(8.054534307685,-61.74223766407,2.));
#353 = CARTESIAN_POINT('',(7.058099556528,-62.04886546803,2.));
#354 = CARTESIAN_POINT('',(6.048481756363,-62.30924194118,2.));
#355 = CARTESIAN_POINT('',(5.028139485528,-62.5214607854,2.));
#356 = CARTESIAN_POINT('',(4.,-62.68420853771,2.));
#357 = PCURVE('',#31,#358);
#358 = DEFINITIONAL_REPRESENTATION('',(#359),#367);
#359 = B_SPLINE_CURVE_WITH_KNOTS('',6,(#360,#361,#362,#363,#364,#365,
    #366),.UNSPECIFIED.,.F.,.F.,(7,7),(0.,1.),.PIECEWISE_BEZIER_KNOTS.);
#360 = CARTESIAN_POINT('',(3.394272908732,-2.));
#361 = CARTESIAN_POINT('',(3.369375599104,-2.));
#362 = CARTESIAN_POINT('',(3.344233262807,-2.));
#363 = CARTESIAN_POINT('',(3.318868856301,-2.));
#364 = CARTESIAN_POINT('',(3.293310599274,-2.));
#365 = CARTESIAN_POINT('',(3.267593051309,-2.));
#366 = CARTESIAN_POINT('',(3.241760074751,-2.));
#367 = ( GEOMETRIC_REPRESENTATION_CONTEXT(2) 
PARAMETRIC_REPRESENTATION_CONTEXT() REPRESENTATION_CONTEXT('2D SPACE',''
  ) );
#368 = PCURVE('',#369,#374);
#369 = PLANE('',#370);
#370 = AXIS2_PLACEMENT_3D('',#371,#372,#373);
#371 = CARTESIAN_POINT('',(4.,-68.,2.));
#372 = DIRECTION('',(0.,0.,1.));
#373 = DIRECTION('',(1.,0.,0.));
#374 = DEFINITIONAL_REPRESENTATION('',(#375),#383);
#375 = B_SPLINE_CURVE_WITH_KNOTS('',6,(#376,#377,#378,#379,#380,#381,
    #382),.UNSPECIFIED.,.F.,.F.,(7,7),(0.,1.),.PIECEWISE_BEZIER_KNOTS.);
#376 = CARTESIAN_POINT('',(6.,7.000512297233));
#377 = CARTESIAN_POINT('',(5.035731344467,6.608379670598));
#378 = CARTESIAN_POINT('',(4.054534307685,6.257762335927));
#379 = CARTESIAN_POINT('',(3.058099556528,5.951134531962));
#380 = CARTESIAN_POINT('',(2.048481756363,5.690758058818));
#381 = CARTESIAN_POINT('',(1.028139485528,5.478539214598));
#382 = CARTESIAN_POINT('',(0.,5.315791462283));
#383 = ( GEOMETRIC_REPRESENTATION_CONTEXT(2) 
PARAMETRIC_REPRESENTATION_CONTEXT() REPRESENTATION_CONTEXT('2D SPACE',''
  ) );
#384 = ORIENTED_EDGE('',*,*,#385,.F.);
#385 = EDGE_CURVE('',#386,#346,#388,.T.);
#386 = VERTEX_POINT('',#387);
#387 = CARTESIAN_POINT('',(10.,-60.99948770276,3.));
#388 = SURFACE_CURVE('',#389,(#395,#404),.PCURVE_S1.);
#389 = B_SPLINE_CURVE_WITH_KNOTS('',4,(#390,#391,#392,#393,#394),
  .UNSPECIFIED.,.F.,.F.,(5,5),(0.,1.),.PIECEWISE_BEZIER_KNOTS.);
#390 = CARTESIAN_POINT('',(10.,-60.99948770276,3.0000006));
#391 = CARTESIAN_POINT('',(10.,-60.99948770276,2.75000045));
#392 = CARTESIAN_POINT('',(10.,-60.99948770276,2.5000003));
#393 = CARTESIAN_POINT('',(10.,-60.99948770276,2.25000015));
#394 = CARTESIAN_POINT('',(10.,-60.99948770276,2.));
#395 = PCURVE('',#31,#396);
#396 = DEFINITIONAL_REPRESENTATION('',(#397),#403);
#397 = B_SPLINE_CURVE_WITH_KNOTS('',4,(#398,#399,#400,#401,#402),
  .UNSPECIFIED.,.F.,.F.,(5,5),(0.,1.),.PIECEWISE_BEZIER_KNOTS.);
#398 = CARTESIAN_POINT('',(3.394272908732,-3.0000006));
#399 = CARTESIAN_POINT('',(3.394272908732,-2.75000045));
#400 = CARTESIAN_POINT('',(3.394272908732,-2.5000003));
#401 = CARTESIAN_POINT('',(3.394272908732,-2.25000015));
#402 = CARTESIAN_POINT('',(3.394272908732,-2.));
#403 = ( GEOMETRIC_REPRESENTATION_CONTEXT(2) 
PARAMETRIC_REPRESENTATION_CONTEXT() REPRESENTATION_CONTEXT('2D SPACE',''
  ) );
#404 = PCURVE('',#405,#410);
#405 = PLANE('',#406);
#406 = AXIS2_PLACEMENT_3D('',#407,#408,#409);
#407 = CARTESIAN_POINT('',(10.,-68.,2.));
#408 = DIRECTION('',(1.,0.,0.));
#409 = DIRECTION('',(0.,0.,1.));
#410 = DEFINITIONAL_REPRESENTATION('',(#411),#417);
#411 = B_SPLINE_CURVE_WITH_KNOTS('',4,(#412,#413,#414,#415,#416),
  .UNSPECIFIED.,.F.,.F.,(5,5),(0.,1.),.PIECEWISE_BEZIER_KNOTS.);
#412 = CARTESIAN_POINT('',(1.0000006,-7.000512297233));
#413 = CARTESIAN_POINT('',(0.75000045,-7.000512297233));
#414 = CARTESIAN_POINT('',(0.5000003,-7.000512297233));
#415 = CARTESIAN_POINT('',(0.25000015,-7.000512297233));
#416 = CARTESIAN_POINT('',(0.,-7.000512297233));
#417 = ( GEOMETRIC_REPRESENTATION_CONTEXT(2) 
PARAMETRIC_REPRESENTATION_CONTEXT() REPRESENTATION_CONTEXT('2D SPACE',''
  ) );
#418 = ORIENTED_EDGE('',*,*,#419,.T.);
#419 = EDGE_CURVE('',#386,#420,#422,.T.);
#420 = VERTEX_POINT('',#421);
#421 = CARTESIAN_POINT('',(39.994960629901,-0.999999999999,3.));
#422 = SURFACE_CURVE('',#423,(#428,#435),.PCURVE_S1.);
#423 = ELLIPSE('',#424,63.,40.);
#424 = AXIS2_PLACEMENT_3D('',#425,#426,#427);
#425 = CARTESIAN_POINT('',(0.,0.,3.));
#426 = DIRECTION('',(0.,-0.,1.));
#427 = DIRECTION('',(1.110223024625E-16,1.,0.));
#428 = PCURVE('',#31,#429);
#429 = DEFINITIONAL_REPRESENTATION('',(#430),#434);
#430 = LINE('',#431,#432);
#431 = CARTESIAN_POINT('',(0.,-3.));
#432 = VECTOR('',#433,1.);
#433 = DIRECTION('',(1.,0.));
#434 = ( GEOMETRIC_REPRESENTATION_CONTEXT(2) 
PARAMETRIC_REPRESENTATION_CONTEXT() REPRESENTATION_CONTEXT('2D SPACE',''
  ) );
#435 = PCURVE('',#436,#444);
#436 = SURFACE_OF_LINEAR_EXTRUSION('',#437,#442);
#437 = ELLIPSE('',#438,63.,40.);
#438 = AXIS2_PLACEMENT_3D('',#439,#440,#441);
#439 = CARTESIAN_POINT('',(0.,0.,3.));
#440 = DIRECTION('',(0.,-0.,1.));
#441 = DIRECTION('',(1.110223024625E-16,1.,0.));
#442 = VECTOR('',#443,1.);
#443 = DIRECTION('',(-0.,-0.,-1.));
#444 = DEFINITIONAL_REPRESENTATION('',(#445),#448);
#445 = B_SPLINE_CURVE_WITH_KNOTS('',1,(#446,#447),.UNSPECIFIED.,.F.,.F.,
  (2,2),(0.,6.28318530718),.PIECEWISE_BEZIER_KNOTS.);
#446 = CARTESIAN_POINT('',(0.,0.));
#447 = CARTESIAN_POINT('',(6.28318530718,0.));
#448 = ( GEOMETRIC_REPRESENTATION_CONTEXT(2) 
PARAMETRIC_REPRESENTATION_CONTEXT() REPRESENTATION_CONTEXT('2D SPACE',''
  ) );
#449 = ORIENTED_EDGE('',*,*,#450,.T.);
#450 = EDGE_CURVE('',#420,#451,#453,.T.);
#451 = VERTEX_POINT('',#452);
#452 = CARTESIAN_POINT('',(40.,2.054343388368E-12,3.));
#453 = SURFACE_CURVE('',#454,(#459,#466),.PCURVE_S1.);
#454 = ELLIPSE('',#455,63.,40.);
#455 = AXIS2_PLACEMENT_3D('',#456,#457,#458);
#456 = CARTESIAN_POINT('',(0.,0.,3.));
#457 = DIRECTION('',(0.,-0.,1.));
#458 = DIRECTION('',(1.110223024625E-16,1.,0.));
#459 = PCURVE('',#31,#460);
#460 = DEFINITIONAL_REPRESENTATION('',(#461),#465);
#461 = LINE('',#462,#463);
#462 = CARTESIAN_POINT('',(0.,-3.));
#463 = VECTOR('',#464,1.);
#464 = DIRECTION('',(1.,0.));
#465 = ( GEOMETRIC_REPRESENTATION_CONTEXT(2) 
PARAMETRIC_REPRESENTATION_CONTEXT() REPRESENTATION_CONTEXT('2D SPACE',''
  ) );
#466 = PCURVE('',#467,#472);
#467 = PLANE('',#468);
#468 = AXIS2_PLACEMENT_3D('',#469,#470,#471);
#469 = CARTESIAN_POINT('',(30.,-1.,3.));
#470 = DIRECTION('',(0.,0.,1.));
#471 = DIRECTION('',(1.,0.,0.));
#472 = DEFINITIONAL_REPRESENTATION('',(#473),#477);
#473 = ELLIPSE('',#474,63.,40.);
#474 = AXIS2_PLACEMENT_2D('',#475,#476);
#475 = CARTESIAN_POINT('',(-30.,1.));
#476 = DIRECTION('',(1.110223024625E-16,1.));
#477 = ( GEOMETRIC_REPRESENTATION_CONTEXT(2) 
PARAMETRIC_REPRESENTATION_CONTEXT() REPRESENTATION_CONTEXT('2D SPACE',''
  ) );
#478 = ORIENTED_EDGE('',*,*,#479,.T.);
#479 = EDGE_CURVE('',#451,#480,#482,.T.);
#480 = VERTEX_POINT('',#481);
#481 = CARTESIAN_POINT('',(39.589732744431,9.000000000002,3.));
#482 = SURFACE_CURVE('',#483,(#488,#495),.PCURVE_S1.);
#483 = ELLIPSE('',#484,63.,40.);
#484 = AXIS2_PLACEMENT_3D('',#485,#486,#487);
#485 = CARTESIAN_POINT('',(0.,0.,3.));
#486 = DIRECTION('',(0.,-0.,1.));
#487 = DIRECTION('',(1.110223024625E-16,1.,0.));
#488 = PCURVE('',#31,#489);
#489 = DEFINITIONAL_REPRESENTATION('',(#490),#494);
#490 = LINE('',#491,#492);
#491 = CARTESIAN_POINT('',(0.,-3.));
#492 = VECTOR('',#493,1.);
#493 = DIRECTION('',(1.,0.));
#494 = ( GEOMETRIC_REPRESENTATION_CONTEXT(2) 
PARAMETRIC_REPRESENTATION_CONTEXT() REPRESENTATION_CONTEXT('2D SPACE',''
  ) );
#495 = PCURVE('',#467,#496);
#496 = DEFINITIONAL_REPRESENTATION('',(#497),#501);
#497 = ELLIPSE('',#498,63.,40.);
#498 = AXIS2_PLACEMENT_2D('',#499,#500);
#499 = CARTESIAN_POINT('',(-30.,1.));
#500 = DIRECTION('',(1.110223024625E-16,1.));
#501 = ( GEOMETRIC_REPRESENTATION_CONTEXT(2) 
PARAMETRIC_REPRESENTATION_CONTEXT() REPRESENTATION_CONTEXT('2D SPACE',''
  ) );
#502 = ORIENTED_EDGE('',*,*,#503,.T.);
#503 = EDGE_CURVE('',#480,#504,#506,.T.);
#504 = VERTEX_POINT('',#505);
#505 = CARTESIAN_POINT('',(26.119174138111,47.714669641262,3.));
#506 = SURFACE_CURVE('',#507,(#512,#519),.PCURVE_S1.);
#507 = ELLIPSE('',#508,63.,40.);
#508 = AXIS2_PLACEMENT_3D('',#509,#510,#511);
#509 = CARTESIAN_POINT('',(0.,0.,3.));
#510 = DIRECTION('',(0.,-0.,1.));
#511 = DIRECTION('',(1.110223024625E-16,1.,0.));
#512 = PCURVE('',#31,#513);
#513 = DEFINITIONAL_REPRESENTATION('',(#514),#518);
#514 = LINE('',#515,#516);
#515 = CARTESIAN_POINT('',(0.,-3.));
#516 = VECTOR('',#517,1.);
#517 = DIRECTION('',(1.,0.));
#518 = ( GEOMETRIC_REPRESENTATION_CONTEXT(2) 
PARAMETRIC_REPRESENTATION_CONTEXT() REPRESENTATION_CONTEXT('2D SPACE',''
  ) );
#519 = PCURVE('',#520,#528);
#520 = SURFACE_OF_LINEAR_EXTRUSION('',#521,#526);
#521 = ELLIPSE('',#522,63.,40.);
#522 = AXIS2_PLACEMENT_3D('',#523,#524,#525);
#523 = CARTESIAN_POINT('',(0.,0.,3.));
#524 = DIRECTION('',(0.,-0.,1.));
#525 = DIRECTION('',(1.110223024625E-16,1.,0.));
#526 = VECTOR('',#527,1.);
#527 = DIRECTION('',(-0.,-0.,-1.));
#528 = DEFINITIONAL_REPRESENTATION('',(#529),#532);
#529 = B_SPLINE_CURVE_WITH_KNOTS('',1,(#530,#531),.UNSPECIFIED.,.F.,.F.,
  (2,2),(0.,6.28318530718),.PIECEWISE_BEZIER_KNOTS.);
#530 = CARTESIAN_POINT('',(0.,0.));
#531 = CARTESIAN_POINT('',(6.28318530718,0.));
#532 = ( GEOMETRIC_REPRESENTATION_CONTEXT(2) 
PARAMETRIC_REPRESENTATION_CONTEXT() REPRESENTATION_CONTEXT('2D SPACE',''
  ) );
#533 = ORIENTED_EDGE('',*,*,#534,.T.);
#534 = EDGE_CURVE('',#504,#535,#537,.T.);
#535 = VERTEX_POINT('',#536);
#536 = CARTESIAN_POINT('',(24.461240915867,49.846888650052,3.));
#537 = SURFACE_CURVE('',#538,(#543,#550),.PCURVE_S1.);
#538 = ELLIPSE('',#539,63.,40.);
#539 = AXIS2_PLACEMENT_3D('',#540,#541,#542);
#540 = CARTESIAN_POINT('',(0.,0.,3.));
#541 = DIRECTION('',(0.,-0.,1.));
#542 = DIRECTION('',(1.110223024625E-16,1.,0.));
#543 = PCURVE('',#31,#544);
#544 = DEFINITIONAL_REPRESENTATION('',(#545),#549);
#545 = LINE('',#546,#547);
#546 = CARTESIAN_POINT('',(0.,-3.));
#547 = VECTOR('',#548,1.);
#548 = DIRECTION('',(1.,0.));
#549 = ( GEOMETRIC_REPRESENTATION_CONTEXT(2) 
PARAMETRIC_REPRESENTATION_CONTEXT() REPRESENTATION_CONTEXT('2D SPACE',''
  ) );
#550 = PCURVE('',#551,#556);
#551 = PLANE('',#552);
#552 = AXIS2_PLACEMENT_3D('',#553,#554,#555);
#553 = CARTESIAN_POINT('',(23.,47.,3.));
#554 = DIRECTION('',(0.,0.,1.));
#555 = DIRECTION('',(1.,0.,-0.));
#556 = DEFINITIONAL_REPRESENTATION('',(#557),#561);
#557 = ELLIPSE('',#558,63.,40.);
#558 = AXIS2_PLACEMENT_2D('',#559,#560);
#559 = CARTESIAN_POINT('',(-23.,-47.));
#560 = DIRECTION('',(1.110223024625E-16,1.));
#561 = ( GEOMETRIC_REPRESENTATION_CONTEXT(2) 
PARAMETRIC_REPRESENTATION_CONTEXT() REPRESENTATION_CONTEXT('2D SPACE',''
  ) );
#562 = ORIENTED_EDGE('',*,*,#563,.T.);
#563 = EDGE_CURVE('',#535,#59,#564,.T.);
#564 = SURFACE_CURVE('',#565,(#570,#577),.PCURVE_S1.);
#565 = ELLIPSE('',#566,63.,40.);
#566 = AXIS2_PLACEMENT_3D('',#567,#568,#569);
#567 = CARTESIAN_POINT('',(0.,0.,3.));
#568 = DIRECTION('',(0.,-0.,1.));
#569 = DIRECTION('',(1.110223024625E-16,1.,0.));
#570 = PCURVE('',#31,#571);
#571 = DEFINITIONAL_REPRESENTATION('',(#572),#576);
#572 = LINE('',#573,#574);
#573 = CARTESIAN_POINT('',(0.,-3.));
#574 = VECTOR('',#575,1.);
#575 = DIRECTION('',(1.,0.));
#576 = ( GEOMETRIC_REPRESENTATION_CONTEXT(2) 
PARAMETRIC_REPRESENTATION_CONTEXT() REPRESENTATION_CONTEXT('2D SPACE',''
  ) );
#577 = PCURVE('',#98,#578);
#578 = DEFINITIONAL_REPRESENTATION('',(#579),#582);
#579 = B_SPLINE_CURVE_WITH_KNOTS('',1,(#580,#581),.UNSPECIFIED.,.F.,.F.,
  (2,2),(5.625191145558,6.28318530718),.PIECEWISE_BEZIER_KNOTS.);
#580 = CARTESIAN_POINT('',(5.625191145558,0.));
#581 = CARTESIAN_POINT('',(6.28318530718,0.));
#582 = ( GEOMETRIC_REPRESENTATION_CONTEXT(2) 
PARAMETRIC_REPRESENTATION_CONTEXT() REPRESENTATION_CONTEXT('2D SPACE',''
  ) );
#583 = ORIENTED_EDGE('',*,*,#58,.F.);
#584 = ADVANCED_FACE('',(#585,#588,#708,#828,#934,#1054),#46,.F.);
#585 = FACE_BOUND('',#586,.F.);
#586 = EDGE_LOOP('',(#587));
#587 = ORIENTED_EDGE('',*,*,#21,.T.);
#588 = FACE_BOUND('',#589,.F.);
#589 = EDGE_LOOP('',(#590,#618,#651,#677));
#590 = ORIENTED_EDGE('',*,*,#591,.F.);
#591 = EDGE_CURVE('',#592,#594,#596,.T.);
#592 = VERTEX_POINT('',#593);
#593 = CARTESIAN_POINT('',(-20.15,-22.65,0.));
#594 = VERTEX_POINT('',#595);
#595 = CARTESIAN_POINT('',(-20.15,-27.35,0.));
#596 = SURFACE_CURVE('',#597,(#601,#607),.PCURVE_S1.);
#597 = LINE('',#598,#599);
#598 = CARTESIAN_POINT('',(-20.15,-11.84917616557,0.));
#599 = VECTOR('',#600,1.);
#600 = DIRECTION('',(-1.110223024625E-16,-1.,0.));
#601 = PCURVE('',#46,#602);
#602 = DEFINITIONAL_REPRESENTATION('',(#603),#606);
#603 = B_SPLINE_CURVE_WITH_KNOTS('',1,(#604,#605),.UNSPECIFIED.,.F.,.F.,
  (2,2),(10.80082383443,15.50082383443),.PIECEWISE_BEZIER_KNOTS.);
#604 = CARTESIAN_POINT('',(-20.15,-26.30164766886));
#605 = CARTESIAN_POINT('',(-20.15,-31.00164766886));
#606 = ( GEOMETRIC_REPRESENTATION_CONTEXT(2) 
PARAMETRIC_REPRESENTATION_CONTEXT() REPRESENTATION_CONTEXT('2D SPACE',''
  ) );
#607 = PCURVE('',#608,#613);
#608 = PLANE('',#609);
#609 = AXIS2_PLACEMENT_3D('',#610,#611,#612);
#610 = CARTESIAN_POINT('',(-20.15,-27.35,-1.));
#611 = DIRECTION('',(-1.,1.110223024625E-16,0.));
#612 = DIRECTION('',(1.110223024625E-16,1.,0.));
#613 = DEFINITIONAL_REPRESENTATION('',(#614),#617);
#614 = B_SPLINE_CURVE_WITH_KNOTS('',1,(#615,#616),.UNSPECIFIED.,.F.,.F.,
  (2,2),(10.80082383443,15.50082383443),.PIECEWISE_BEZIER_KNOTS.);
#615 = CARTESIAN_POINT('',(4.7,-1.));
#616 = CARTESIAN_POINT('',(0.,-1.));
#617 = ( GEOMETRIC_REPRESENTATION_CONTEXT(2) 
PARAMETRIC_REPRESENTATION_CONTEXT() REPRESENTATION_CONTEXT('2D SPACE',''
  ) );
#618 = ORIENTED_EDGE('',*,*,#619,.T.);
#619 = EDGE_CURVE('',#592,#620,#622,.T.);
#620 = VERTEX_POINT('',#621);
#621 = CARTESIAN_POINT('',(-17.85,-22.65,0.));
#622 = SURFACE_CURVE('',#623,(#628,#639),.PCURVE_S1.);
#623 = CIRCLE('',#624,1.15);
#624 = AXIS2_PLACEMENT_3D('',#625,#626,#627);
#625 = CARTESIAN_POINT('',(-19.,-22.65,0.));
#626 = DIRECTION('',(0.,0.,-1.));
#627 = DIRECTION('',(-1.,4.971868327669E-16,0.));
#628 = PCURVE('',#46,#629);
#629 = DEFINITIONAL_REPRESENTATION('',(#630),#638);
#630 = ( BOUNDED_CURVE() B_SPLINE_CURVE(2,(#631,#632,#633,#634,#635,#636
,#637),.UNSPECIFIED.,.T.,.F.) B_SPLINE_CURVE_WITH_KNOTS((1,2,2,2,2,1),(
    -2.094395102393,0.,2.094395102393,4.188790204786,6.28318530718,
8.377580409573),.UNSPECIFIED.) CURVE() GEOMETRIC_REPRESENTATION_ITEM() 
RATIONAL_B_SPLINE_CURVE((1.,0.5,1.,0.5,1.,0.5,1.)) REPRESENTATION_ITEM(
  '') );
#631 = CARTESIAN_POINT('',(-20.15,-26.30164766886));
#632 = CARTESIAN_POINT('',(-20.15,-24.30978924015));
#633 = CARTESIAN_POINT('',(-18.425,-25.3057184545));
#634 = CARTESIAN_POINT('',(-16.7,-26.30164766886));
#635 = CARTESIAN_POINT('',(-18.425,-27.29757688321));
#636 = CARTESIAN_POINT('',(-20.15,-28.29350609756));
#637 = CARTESIAN_POINT('',(-20.15,-26.30164766886));
#638 = ( GEOMETRIC_REPRESENTATION_CONTEXT(2) 
PARAMETRIC_REPRESENTATION_CONTEXT() REPRESENTATION_CONTEXT('2D SPACE',''
  ) );
#639 = PCURVE('',#640,#645);
#640 = CYLINDRICAL_SURFACE('',#641,1.15);
#641 = AXIS2_PLACEMENT_3D('',#642,#643,#644);
#642 = CARTESIAN_POINT('',(-19.,-22.65,-1.));
#643 = DIRECTION('',(0.,0.,-1.));
#644 = DIRECTION('',(-1.,4.971868327669E-16,0.));
#645 = DEFINITIONAL_REPRESENTATION('',(#646),#650);
#646 = LINE('',#647,#648);
#647 = CARTESIAN_POINT('',(0.,-1.));
#648 = VECTOR('',#649,1.);
#649 = DIRECTION('',(1.,0.));
#650 = ( GEOMETRIC_REPRESENTATION_CONTEXT(2) 
PARAMETRIC_REPRESENTATION_CONTEXT() REPRESENTATION_CONTEXT('2D SPACE',''
  ) );
#651 = ORIENTED_EDGE('',*,*,#652,.F.);
#652 = EDGE_CURVE('',#653,#620,#655,.T.);
#653 = VERTEX_POINT('',#654);
#654 = CARTESIAN_POINT('',(-17.85,-27.35,0.));
#655 = SURFACE_CURVE('',#656,(#660,#666),.PCURVE_S1.);
#656 = LINE('',#657,#658);
#657 = CARTESIAN_POINT('',(-17.85,-9.49917616557,0.));
#658 = VECTOR('',#659,1.);
#659 = DIRECTION('',(1.110223024625E-16,1.,-0.));
#660 = PCURVE('',#46,#661);
#661 = DEFINITIONAL_REPRESENTATION('',(#662),#665);
#662 = B_SPLINE_CURVE_WITH_KNOTS('',1,(#663,#664),.UNSPECIFIED.,.F.,.F.,
  (2,2),(-17.85082383443,-13.15082383443),.PIECEWISE_BEZIER_KNOTS.);
#663 = CARTESIAN_POINT('',(-17.85,-31.00164766886));
#664 = CARTESIAN_POINT('',(-17.85,-26.30164766886));
#665 = ( GEOMETRIC_REPRESENTATION_CONTEXT(2) 
PARAMETRIC_REPRESENTATION_CONTEXT() REPRESENTATION_CONTEXT('2D SPACE',''
  ) );
#666 = PCURVE('',#667,#672);
#667 = PLANE('',#668);
#668 = AXIS2_PLACEMENT_3D('',#669,#670,#671);
#669 = CARTESIAN_POINT('',(-17.85,-22.65,-1.));
#670 = DIRECTION('',(1.,-1.110223024625E-16,0.));
#671 = DIRECTION('',(-1.110223024625E-16,-1.,0.));
#672 = DEFINITIONAL_REPRESENTATION('',(#673),#676);
#673 = B_SPLINE_CURVE_WITH_KNOTS('',1,(#674,#675),.UNSPECIFIED.,.F.,.F.,
  (2,2),(-17.85082383443,-13.15082383443),.PIECEWISE_BEZIER_KNOTS.);
#674 = CARTESIAN_POINT('',(4.7,-1.));
#675 = CARTESIAN_POINT('',(0.,-1.));
#676 = ( GEOMETRIC_REPRESENTATION_CONTEXT(2) 
PARAMETRIC_REPRESENTATION_CONTEXT() REPRESENTATION_CONTEXT('2D SPACE',''
  ) );
#677 = ORIENTED_EDGE('',*,*,#678,.T.);
#678 = EDGE_CURVE('',#653,#594,#679,.T.);
#679 = SURFACE_CURVE('',#680,(#685,#696),.PCURVE_S1.);
#680 = CIRCLE('',#681,1.15);
#681 = AXIS2_PLACEMENT_3D('',#682,#683,#684);
#682 = CARTESIAN_POINT('',(-19.,-27.35,0.));
#683 = DIRECTION('',(-0.,0.,-1.));
#684 = DIRECTION('',(1.,-4.971868327669E-16,-0.));
#685 = PCURVE('',#46,#686);
#686 = DEFINITIONAL_REPRESENTATION('',(#687),#695);
#687 = ( BOUNDED_CURVE() B_SPLINE_CURVE(2,(#688,#689,#690,#691,#692,#693
,#694),.UNSPECIFIED.,.T.,.F.) B_SPLINE_CURVE_WITH_KNOTS((1,2,2,2,2,1),(
    -2.094395102393,0.,2.094395102393,4.188790204786,6.28318530718,
8.377580409573),.UNSPECIFIED.) CURVE() GEOMETRIC_REPRESENTATION_ITEM() 
RATIONAL_B_SPLINE_CURVE((1.,0.5,1.,0.5,1.,0.5,1.)) REPRESENTATION_ITEM(
  '') );
#688 = CARTESIAN_POINT('',(-17.85,-31.00164766886));
#689 = CARTESIAN_POINT('',(-17.85,-32.99350609756));
#690 = CARTESIAN_POINT('',(-19.575,-31.99757688321));
#691 = CARTESIAN_POINT('',(-21.3,-31.00164766886));
#692 = CARTESIAN_POINT('',(-19.575,-30.0057184545));
#693 = CARTESIAN_POINT('',(-17.85,-29.00978924015));
#694 = CARTESIAN_POINT('',(-17.85,-31.00164766886));
#695 = ( GEOMETRIC_REPRESENTATION_CONTEXT(2) 
PARAMETRIC_REPRESENTATION_CONTEXT() REPRESENTATION_CONTEXT('2D SPACE',''
  ) );
#696 = PCURVE('',#697,#702);
#697 = CYLINDRICAL_SURFACE('',#698,1.15);
#698 = AXIS2_PLACEMENT_3D('',#699,#700,#701);
#699 = CARTESIAN_POINT('',(-19.,-27.35,-1.));
#700 = DIRECTION('',(-0.,0.,-1.));
#701 = DIRECTION('',(1.,-4.971868327669E-16,-0.));
#702 = DEFINITIONAL_REPRESENTATION('',(#703),#707);
#703 = LINE('',#704,#705);
#704 = CARTESIAN_POINT('',(0.,-1.));
#705 = VECTOR('',#706,1.);
#706 = DIRECTION('',(1.,0.));
#707 = ( GEOMETRIC_REPRESENTATION_CONTEXT(2) 
PARAMETRIC_REPRESENTATION_CONTEXT() REPRESENTATION_CONTEXT('2D SPACE',''
  ) );
#708 = FACE_BOUND('',#709,.F.);
#709 = EDGE_LOOP('',(#710,#738,#771,#797));
#710 = ORIENTED_EDGE('',*,*,#711,.F.);
#711 = EDGE_CURVE('',#712,#714,#716,.T.);
#712 = VERTEX_POINT('',#713);
#713 = CARTESIAN_POINT('',(17.85,-22.65,0.));
#714 = VERTEX_POINT('',#715);
#715 = CARTESIAN_POINT('',(17.85,-27.35,0.));
#716 = SURFACE_CURVE('',#717,(#721,#727),.PCURVE_S1.);
#717 = LINE('',#718,#719);
#718 = CARTESIAN_POINT('',(17.85,-11.84917616557,0.));
#719 = VECTOR('',#720,1.);
#720 = DIRECTION('',(-1.110223024625E-16,-1.,0.));
#721 = PCURVE('',#46,#722);
#722 = DEFINITIONAL_REPRESENTATION('',(#723),#726);
#723 = B_SPLINE_CURVE_WITH_KNOTS('',1,(#724,#725),.UNSPECIFIED.,.F.,.F.,
  (2,2),(10.80082383443,15.50082383443),.PIECEWISE_BEZIER_KNOTS.);
#724 = CARTESIAN_POINT('',(17.85,-26.30164766886));
#725 = CARTESIAN_POINT('',(17.85,-31.00164766886));
#726 = ( GEOMETRIC_REPRESENTATION_CONTEXT(2) 
PARAMETRIC_REPRESENTATION_CONTEXT() REPRESENTATION_CONTEXT('2D SPACE',''
  ) );
#727 = PCURVE('',#728,#733);
#728 = PLANE('',#729);
#729 = AXIS2_PLACEMENT_3D('',#730,#731,#732);
#730 = CARTESIAN_POINT('',(17.85,-27.35,-1.));
#731 = DIRECTION('',(-1.,1.110223024625E-16,0.));
#732 = DIRECTION('',(1.110223024625E-16,1.,0.));
#733 = DEFINITIONAL_REPRESENTATION('',(#734),#737);
#734 = B_SPLINE_CURVE_WITH_KNOTS('',1,(#735,#736),.UNSPECIFIED.,.F.,.F.,
  (2,2),(10.80082383443,15.50082383443),.PIECEWISE_BEZIER_KNOTS.);
#735 = CARTESIAN_POINT('',(4.7,-1.));
#736 = CARTESIAN_POINT('',(0.,-1.));
#737 = ( GEOMETRIC_REPRESENTATION_CONTEXT(2) 
PARAMETRIC_REPRESENTATION_CONTEXT() REPRESENTATION_CONTEXT('2D SPACE',''
  ) );
#738 = ORIENTED_EDGE('',*,*,#739,.T.);
#739 = EDGE_CURVE('',#712,#740,#742,.T.);
#740 = VERTEX_POINT('',#741);
#741 = CARTESIAN_POINT('',(20.15,-22.65,0.));
#742 = SURFACE_CURVE('',#743,(#748,#759),.PCURVE_S1.);
#743 = CIRCLE('',#744,1.15);
#744 = AXIS2_PLACEMENT_3D('',#745,#746,#747);
#745 = CARTESIAN_POINT('',(19.,-22.65,0.));
#746 = DIRECTION('',(0.,0.,-1.));
#747 = DIRECTION('',(-1.,4.971868327669E-16,0.));
#748 = PCURVE('',#46,#749);
#749 = DEFINITIONAL_REPRESENTATION('',(#750),#758);
#750 = ( BOUNDED_CURVE() B_SPLINE_CURVE(2,(#751,#752,#753,#754,#755,#756
,#757),.UNSPECIFIED.,.T.,.F.) B_SPLINE_CURVE_WITH_KNOTS((1,2,2,2,2,1),(
    -2.094395102393,0.,2.094395102393,4.188790204786,6.28318530718,
8.377580409573),.UNSPECIFIED.) CURVE() GEOMETRIC_REPRESENTATION_ITEM() 
RATIONAL_B_SPLINE_CURVE((1.,0.5,1.,0.5,1.,0.5,1.)) REPRESENTATION_ITEM(
  '') );
#751 = CARTESIAN_POINT('',(17.85,-26.30164766886));
#752 = CARTESIAN_POINT('',(17.85,-24.30978924015));
#753 = CARTESIAN_POINT('',(19.575,-25.3057184545));
#754 = CARTESIAN_POINT('',(21.3,-26.30164766886));
#755 = CARTESIAN_POINT('',(19.575,-27.29757688321));
#756 = CARTESIAN_POINT('',(17.85,-28.29350609756));
#757 = CARTESIAN_POINT('',(17.85,-26.30164766886));
#758 = ( GEOMETRIC_REPRESENTATION_CONTEXT(2) 
PARAMETRIC_REPRESENTATION_CONTEXT() REPRESENTATION_CONTEXT('2D SPACE',''
  ) );
#759 = PCURVE('',#760,#765);
#760 = CYLINDRICAL_SURFACE('',#761,1.15);
#761 = AXIS2_PLACEMENT_3D('',#762,#763,#764);
#762 = CARTESIAN_POINT('',(19.,-22.65,-1.));
#763 = DIRECTION('',(0.,0.,-1.));
#764 = DIRECTION('',(-1.,4.971868327669E-16,0.));
#765 = DEFINITIONAL_REPRESENTATION('',(#766),#770);
#766 = LINE('',#767,#768);
#767 = CARTESIAN_POINT('',(0.,-1.));
#768 = VECTOR('',#769,1.);
#769 = DIRECTION('',(1.,0.));
#770 = ( GEOMETRIC_REPRESENTATION_CONTEXT(2) 
PARAMETRIC_REPRESENTATION_CONTEXT() REPRESENTATION_CONTEXT('2D SPACE',''
  ) );
#771 = ORIENTED_EDGE('',*,*,#772,.F.);
#772 = EDGE_CURVE('',#773,#740,#775,.T.);
#773 = VERTEX_POINT('',#774);
#774 = CARTESIAN_POINT('',(20.15,-27.35,0.));
#775 = SURFACE_CURVE('',#776,(#780,#786),.PCURVE_S1.);
#776 = LINE('',#777,#778);
#777 = CARTESIAN_POINT('',(20.15,-9.49917616557,0.));
#778 = VECTOR('',#779,1.);
#779 = DIRECTION('',(1.110223024625E-16,1.,-0.));
#780 = PCURVE('',#46,#781);
#781 = DEFINITIONAL_REPRESENTATION('',(#782),#785);
#782 = B_SPLINE_CURVE_WITH_KNOTS('',1,(#783,#784),.UNSPECIFIED.,.F.,.F.,
  (2,2),(-17.85082383443,-13.15082383443),.PIECEWISE_BEZIER_KNOTS.);
#783 = CARTESIAN_POINT('',(20.15,-31.00164766886));
#784 = CARTESIAN_POINT('',(20.15,-26.30164766886));
#785 = ( GEOMETRIC_REPRESENTATION_CONTEXT(2) 
PARAMETRIC_REPRESENTATION_CONTEXT() REPRESENTATION_CONTEXT('2D SPACE',''
  ) );
#786 = PCURVE('',#787,#792);
#787 = PLANE('',#788);
#788 = AXIS2_PLACEMENT_3D('',#789,#790,#791);
#789 = CARTESIAN_POINT('',(20.15,-22.65,-1.));
#790 = DIRECTION('',(1.,-1.110223024625E-16,0.));
#791 = DIRECTION('',(-1.110223024625E-16,-1.,0.));
#792 = DEFINITIONAL_REPRESENTATION('',(#793),#796);
#793 = B_SPLINE_CURVE_WITH_KNOTS('',1,(#794,#795),.UNSPECIFIED.,.F.,.F.,
  (2,2),(-17.85082383443,-13.15082383443),.PIECEWISE_BEZIER_KNOTS.);
#794 = CARTESIAN_POINT('',(4.7,-1.));
#795 = CARTESIAN_POINT('',(0.,-1.));
#796 = ( GEOMETRIC_REPRESENTATION_CONTEXT(2) 
PARAMETRIC_REPRESENTATION_CONTEXT() REPRESENTATION_CONTEXT('2D SPACE',''
  ) );
#797 = ORIENTED_EDGE('',*,*,#798,.T.);
#798 = EDGE_CURVE('',#773,#714,#799,.T.);
#799 = SURFACE_CURVE('',#800,(#805,#816),.PCURVE_S1.);
#800 = CIRCLE('',#801,1.15);
#801 = AXIS2_PLACEMENT_3D('',#802,#803,#804);
#802 = CARTESIAN_POINT('',(19.,-27.35,0.));
#803 = DIRECTION('',(-0.,0.,-1.));
#804 = DIRECTION('',(1.,-4.971868327669E-16,-0.));
#805 = PCURVE('',#46,#806);
#806 = DEFINITIONAL_REPRESENTATION('',(#807),#815);
#807 = ( BOUNDED_CURVE() B_SPLINE_CURVE(2,(#808,#809,#810,#811,#812,#813
,#814),.UNSPECIFIED.,.T.,.F.) B_SPLINE_CURVE_WITH_KNOTS((1,2,2,2,2,1),(
    -2.094395102393,0.,2.094395102393,4.188790204786,6.28318530718,
8.377580409573),.UNSPECIFIED.) CURVE() GEOMETRIC_REPRESENTATION_ITEM() 
RATIONAL_B_SPLINE_CURVE((1.,0.5,1.,0.5,1.,0.5,1.)) REPRESENTATION_ITEM(
  '') );
#808 = CARTESIAN_POINT('',(20.15,-31.00164766886));
#809 = CARTESIAN_POINT('',(20.15,-32.99350609756));
#810 = CARTESIAN_POINT('',(18.425,-31.99757688321));
#811 = CARTESIAN_POINT('',(16.7,-31.00164766886));
#812 = CARTESIAN_POINT('',(18.425,-30.0057184545));
#813 = CARTESIAN_POINT('',(20.15,-29.00978924015));
#814 = CARTESIAN_POINT('',(20.15,-31.00164766886));
#815 = ( GEOMETRIC_REPRESENTATION_CONTEXT(2) 
PARAMETRIC_REPRESENTATION_CONTEXT() REPRESENTATION_CONTEXT('2D SPACE',''
  ) );
#816 = PCURVE('',#817,#822);
#817 = CYLINDRICAL_SURFACE('',#818,1.15);
#818 = AXIS2_PLACEMENT_3D('',#819,#820,#821);
#819 = CARTESIAN_POINT('',(19.,-27.35,-1.));
#820 = DIRECTION('',(-0.,0.,-1.));
#821 = DIRECTION('',(1.,-4.971868327669E-16,-0.));
#822 = DEFINITIONAL_REPRESENTATION('',(#823),#827);
#823 = LINE('',#824,#825);
#824 = CARTESIAN_POINT('',(0.,-1.));
#825 = VECTOR('',#826,1.);
#826 = DIRECTION('',(1.,0.));
#827 = ( GEOMETRIC_REPRESENTATION_CONTEXT(2) 
PARAMETRIC_REPRESENTATION_CONTEXT() REPRESENTATION_CONTEXT('2D SPACE',''
  ) );
#828 = FACE_BOUND('',#829,.F.);
#829 = EDGE_LOOP('',(#830,#858,#884,#910));
#830 = ORIENTED_EDGE('',*,*,#831,.T.);
#831 = EDGE_CURVE('',#832,#834,#836,.T.);
#832 = VERTEX_POINT('',#833);
#833 = CARTESIAN_POINT('',(7.,-19.,0.));
#834 = VERTEX_POINT('',#835);
#835 = CARTESIAN_POINT('',(-7.,-19.,0.));
#836 = SURFACE_CURVE('',#837,(#841,#847),.PCURVE_S1.);
#837 = LINE('',#838,#839);
#838 = CARTESIAN_POINT('',(-3.5,-19.,0.));
#839 = VECTOR('',#840,1.);
#840 = DIRECTION('',(-1.,0.,0.));
#841 = PCURVE('',#46,#842);
#842 = DEFINITIONAL_REPRESENTATION('',(#843),#846);
#843 = B_SPLINE_CURVE_WITH_KNOTS('',1,(#844,#845),.UNSPECIFIED.,.F.,.F.,
  (2,2),(-10.5,3.5),.PIECEWISE_BEZIER_KNOTS.);
#844 = CARTESIAN_POINT('',(7.,-22.65164766886));
#845 = CARTESIAN_POINT('',(-7.,-22.65164766886));
#846 = ( GEOMETRIC_REPRESENTATION_CONTEXT(2) 
PARAMETRIC_REPRESENTATION_CONTEXT() REPRESENTATION_CONTEXT('2D SPACE',''
  ) );
#847 = PCURVE('',#848,#853);
#848 = PLANE('',#849);
#849 = AXIS2_PLACEMENT_3D('',#850,#851,#852);
#850 = CARTESIAN_POINT('',(-7.,-19.,-1.));
#851 = DIRECTION('',(0.,1.,0.));
#852 = DIRECTION('',(0.,0.,1.));
#853 = DEFINITIONAL_REPRESENTATION('',(#854),#857);
#854 = B_SPLINE_CURVE_WITH_KNOTS('',1,(#855,#856),.UNSPECIFIED.,.F.,.F.,
  (2,2),(-10.5,3.5),.PIECEWISE_BEZIER_KNOTS.);
#855 = CARTESIAN_POINT('',(1.,14.));
#856 = CARTESIAN_POINT('',(1.,0.));
#857 = ( GEOMETRIC_REPRESENTATION_CONTEXT(2) 
PARAMETRIC_REPRESENTATION_CONTEXT() REPRESENTATION_CONTEXT('2D SPACE',''
  ) );
#858 = ORIENTED_EDGE('',*,*,#859,.T.);
#859 = EDGE_CURVE('',#834,#860,#862,.T.);
#860 = VERTEX_POINT('',#861);
#861 = CARTESIAN_POINT('',(-7.,-1.,0.));
#862 = SURFACE_CURVE('',#863,(#867,#873),.PCURVE_S1.);
#863 = LINE('',#864,#865);
#864 = CARTESIAN_POINT('',(-7.,-7.67417616557,0.));
#865 = VECTOR('',#866,1.);
#866 = DIRECTION('',(0.,1.,0.));
#867 = PCURVE('',#46,#868);
#868 = DEFINITIONAL_REPRESENTATION('',(#869),#872);
#869 = B_SPLINE_CURVE_WITH_KNOTS('',1,(#870,#871),.UNSPECIFIED.,.F.,.F.,
  (2,2),(-11.32582383443,6.67417616557),.PIECEWISE_BEZIER_KNOTS.);
#870 = CARTESIAN_POINT('',(-7.,-22.65164766886));
#871 = CARTESIAN_POINT('',(-7.,-4.651647668861));
#872 = ( GEOMETRIC_REPRESENTATION_CONTEXT(2) 
PARAMETRIC_REPRESENTATION_CONTEXT() REPRESENTATION_CONTEXT('2D SPACE',''
  ) );
#873 = PCURVE('',#874,#879);
#874 = PLANE('',#875);
#875 = AXIS2_PLACEMENT_3D('',#876,#877,#878);
#876 = CARTESIAN_POINT('',(-7.,-19.,-1.));
#877 = DIRECTION('',(1.,0.,0.));
#878 = DIRECTION('',(0.,0.,1.));
#879 = DEFINITIONAL_REPRESENTATION('',(#880),#883);
#880 = B_SPLINE_CURVE_WITH_KNOTS('',1,(#881,#882),.UNSPECIFIED.,.F.,.F.,
  (2,2),(-11.32582383443,6.67417616557),.PIECEWISE_BEZIER_KNOTS.);
#881 = CARTESIAN_POINT('',(1.,0.));
#882 = CARTESIAN_POINT('',(1.,-18.));
#883 = ( GEOMETRIC_REPRESENTATION_CONTEXT(2) 
PARAMETRIC_REPRESENTATION_CONTEXT() REPRESENTATION_CONTEXT('2D SPACE',''
  ) );
#884 = ORIENTED_EDGE('',*,*,#885,.F.);
#885 = EDGE_CURVE('',#886,#860,#888,.T.);
#886 = VERTEX_POINT('',#887);
#887 = CARTESIAN_POINT('',(7.,-1.,0.));
#888 = SURFACE_CURVE('',#889,(#893,#899),.PCURVE_S1.);
#889 = LINE('',#890,#891);
#890 = CARTESIAN_POINT('',(-3.5,-1.,0.));
#891 = VECTOR('',#892,1.);
#892 = DIRECTION('',(-1.,0.,0.));
#893 = PCURVE('',#46,#894);
#894 = DEFINITIONAL_REPRESENTATION('',(#895),#898);
#895 = B_SPLINE_CURVE_WITH_KNOTS('',1,(#896,#897),.UNSPECIFIED.,.F.,.F.,
  (2,2),(-10.5,3.5),.PIECEWISE_BEZIER_KNOTS.);
#896 = CARTESIAN_POINT('',(7.,-4.651647668861));
#897 = CARTESIAN_POINT('',(-7.,-4.651647668861));
#898 = ( GEOMETRIC_REPRESENTATION_CONTEXT(2) 
PARAMETRIC_REPRESENTATION_CONTEXT() REPRESENTATION_CONTEXT('2D SPACE',''
  ) );
#899 = PCURVE('',#900,#905);
#900 = PLANE('',#901);
#901 = AXIS2_PLACEMENT_3D('',#902,#903,#904);
#902 = CARTESIAN_POINT('',(-7.,-1.,-1.));
#903 = DIRECTION('',(0.,1.,0.));
#904 = DIRECTION('',(0.,0.,1.));
#905 = DEFINITIONAL_REPRESENTATION('',(#906),#909);
#906 = B_SPLINE_CURVE_WITH_KNOTS('',1,(#907,#908),.UNSPECIFIED.,.F.,.F.,
  (2,2),(-10.5,3.5),.PIECEWISE_BEZIER_KNOTS.);
#907 = CARTESIAN_POINT('',(1.,14.));
#908 = CARTESIAN_POINT('',(1.,0.));
#909 = ( GEOMETRIC_REPRESENTATION_CONTEXT(2) 
PARAMETRIC_REPRESENTATION_CONTEXT() REPRESENTATION_CONTEXT('2D SPACE',''
  ) );
#910 = ORIENTED_EDGE('',*,*,#911,.F.);
#911 = EDGE_CURVE('',#832,#886,#912,.T.);
#912 = SURFACE_CURVE('',#913,(#917,#923),.PCURVE_S1.);
#913 = LINE('',#914,#915);
#914 = CARTESIAN_POINT('',(7.,-7.67417616557,0.));
#915 = VECTOR('',#916,1.);
#916 = DIRECTION('',(0.,1.,0.));
#917 = PCURVE('',#46,#918);
#918 = DEFINITIONAL_REPRESENTATION('',(#919),#922);
#919 = B_SPLINE_CURVE_WITH_KNOTS('',1,(#920,#921),.UNSPECIFIED.,.F.,.F.,
  (2,2),(-11.32582383443,6.67417616557),.PIECEWISE_BEZIER_KNOTS.);
#920 = CARTESIAN_POINT('',(7.,-22.65164766886));
#921 = CARTESIAN_POINT('',(7.,-4.651647668861));
#922 = ( GEOMETRIC_REPRESENTATION_CONTEXT(2) 
PARAMETRIC_REPRESENTATION_CONTEXT() REPRESENTATION_CONTEXT('2D SPACE',''
  ) );
#923 = PCURVE('',#924,#929);
#924 = PLANE('',#925);
#925 = AXIS2_PLACEMENT_3D('',#926,#927,#928);
#926 = CARTESIAN_POINT('',(7.,-19.,-1.));
#927 = DIRECTION('',(1.,0.,0.));
#928 = DIRECTION('',(0.,0.,1.));
#929 = DEFINITIONAL_REPRESENTATION('',(#930),#933);
#930 = B_SPLINE_CURVE_WITH_KNOTS('',1,(#931,#932),.UNSPECIFIED.,.F.,.F.,
  (2,2),(-11.32582383443,6.67417616557),.PIECEWISE_BEZIER_KNOTS.);
#931 = CARTESIAN_POINT('',(1.,0.));
#932 = CARTESIAN_POINT('',(1.,-18.));
#933 = ( GEOMETRIC_REPRESENTATION_CONTEXT(2) 
PARAMETRIC_REPRESENTATION_CONTEXT() REPRESENTATION_CONTEXT('2D SPACE',''
  ) );
#934 = FACE_BOUND('',#935,.F.);
#935 = EDGE_LOOP('',(#936,#964,#997,#1023));
#936 = ORIENTED_EDGE('',*,*,#937,.F.);
#937 = EDGE_CURVE('',#938,#940,#942,.T.);
#938 = VERTEX_POINT('',#939);
#939 = CARTESIAN_POINT('',(-20.15,22.35,0.));
#940 = VERTEX_POINT('',#941);
#941 = CARTESIAN_POINT('',(-20.15,17.65,0.));
#942 = SURFACE_CURVE('',#943,(#947,#953),.PCURVE_S1.);
#943 = LINE('',#944,#945);
#944 = CARTESIAN_POINT('',(-20.15,10.65082383443,0.));
#945 = VECTOR('',#946,1.);
#946 = DIRECTION('',(-1.110223024625E-16,-1.,0.));
#947 = PCURVE('',#46,#948);
#948 = DEFINITIONAL_REPRESENTATION('',(#949),#952);
#949 = B_SPLINE_CURVE_WITH_KNOTS('',1,(#950,#951),.UNSPECIFIED.,.F.,.F.,
  (2,2),(-11.69917616557,-6.99917616557),.PIECEWISE_BEZIER_KNOTS.);
#950 = CARTESIAN_POINT('',(-20.15,18.698352331139));
#951 = CARTESIAN_POINT('',(-20.15,13.998352331139));
#952 = ( GEOMETRIC_REPRESENTATION_CONTEXT(2) 
PARAMETRIC_REPRESENTATION_CONTEXT() REPRESENTATION_CONTEXT('2D SPACE',''
  ) );
#953 = PCURVE('',#954,#959);
#954 = PLANE('',#955);
#955 = AXIS2_PLACEMENT_3D('',#956,#957,#958);
#956 = CARTESIAN_POINT('',(-20.15,17.65,-1.));
#957 = DIRECTION('',(-1.,1.110223024625E-16,0.));
#958 = DIRECTION('',(1.110223024625E-16,1.,0.));
#959 = DEFINITIONAL_REPRESENTATION('',(#960),#963);
#960 = B_SPLINE_CURVE_WITH_KNOTS('',1,(#961,#962),.UNSPECIFIED.,.F.,.F.,
  (2,2),(-11.69917616557,-6.99917616557),.PIECEWISE_BEZIER_KNOTS.);
#961 = CARTESIAN_POINT('',(4.7,-1.));
#962 = CARTESIAN_POINT('',(0.,-1.));
#963 = ( GEOMETRIC_REPRESENTATION_CONTEXT(2) 
PARAMETRIC_REPRESENTATION_CONTEXT() REPRESENTATION_CONTEXT('2D SPACE',''
  ) );
#964 = ORIENTED_EDGE('',*,*,#965,.T.);
#965 = EDGE_CURVE('',#938,#966,#968,.T.);
#966 = VERTEX_POINT('',#967);
#967 = CARTESIAN_POINT('',(-17.85,22.35,0.));
#968 = SURFACE_CURVE('',#969,(#974,#985),.PCURVE_S1.);
#969 = CIRCLE('',#970,1.15);
#970 = AXIS2_PLACEMENT_3D('',#971,#972,#973);
#971 = CARTESIAN_POINT('',(-19.,22.35,0.));
#972 = DIRECTION('',(0.,0.,-1.));
#973 = DIRECTION('',(-1.,4.971868327669E-16,0.));
#974 = PCURVE('',#46,#975);
#975 = DEFINITIONAL_REPRESENTATION('',(#976),#984);
#976 = ( BOUNDED_CURVE() B_SPLINE_CURVE(2,(#977,#978,#979,#980,#981,#982
,#983),.UNSPECIFIED.,.T.,.F.) B_SPLINE_CURVE_WITH_KNOTS((1,2,2,2,2,1),(
    -2.094395102393,0.,2.094395102393,4.188790204786,6.28318530718,
8.377580409573),.UNSPECIFIED.) CURVE() GEOMETRIC_REPRESENTATION_ITEM() 
RATIONAL_B_SPLINE_CURVE((1.,0.5,1.,0.5,1.,0.5,1.)) REPRESENTATION_ITEM(
  '') );
#977 = CARTESIAN_POINT('',(-20.15,18.698352331139));
#978 = CARTESIAN_POINT('',(-20.15,20.690210759844));
#979 = CARTESIAN_POINT('',(-18.425,19.694281545492));
#980 = CARTESIAN_POINT('',(-16.7,18.698352331139));
#981 = CARTESIAN_POINT('',(-18.425,17.702423116787));
#982 = CARTESIAN_POINT('',(-20.15,16.706493902435));
#983 = CARTESIAN_POINT('',(-20.15,18.698352331139));
#984 = ( GEOMETRIC_REPRESENTATION_CONTEXT(2) 
PARAMETRIC_REPRESENTATION_CONTEXT() REPRESENTATION_CONTEXT('2D SPACE',''
  ) );
#985 = PCURVE('',#986,#991);
#986 = CYLINDRICAL_SURFACE('',#987,1.15);
#987 = AXIS2_PLACEMENT_3D('',#988,#989,#990);
#988 = CARTESIAN_POINT('',(-19.,22.35,-1.));
#989 = DIRECTION('',(0.,0.,-1.));
#990 = DIRECTION('',(-1.,4.971868327669E-16,0.));
#991 = DEFINITIONAL_REPRESENTATION('',(#992),#996);
#992 = LINE('',#993,#994);
#993 = CARTESIAN_POINT('',(0.,-1.));
#994 = VECTOR('',#995,1.);
#995 = DIRECTION('',(1.,0.));
#996 = ( GEOMETRIC_REPRESENTATION_CONTEXT(2) 
PARAMETRIC_REPRESENTATION_CONTEXT() REPRESENTATION_CONTEXT('2D SPACE',''
  ) );
#997 = ORIENTED_EDGE('',*,*,#998,.F.);
#998 = EDGE_CURVE('',#999,#966,#1001,.T.);
#999 = VERTEX_POINT('',#1000);
#1000 = CARTESIAN_POINT('',(-17.85,17.65,0.));
#1001 = SURFACE_CURVE('',#1002,(#1006,#1012),.PCURVE_S1.);
#1002 = LINE('',#1003,#1004);
#1003 = CARTESIAN_POINT('',(-17.85,13.00082383443,0.));
#1004 = VECTOR('',#1005,1.);
#1005 = DIRECTION('',(1.110223024625E-16,1.,-0.));
#1006 = PCURVE('',#46,#1007);
#1007 = DEFINITIONAL_REPRESENTATION('',(#1008),#1011);
#1008 = B_SPLINE_CURVE_WITH_KNOTS('',1,(#1009,#1010),.UNSPECIFIED.,.F.,
  .F.,(2,2),(4.64917616557,9.34917616557),.PIECEWISE_BEZIER_KNOTS.);
#1009 = CARTESIAN_POINT('',(-17.85,13.998352331139));
#1010 = CARTESIAN_POINT('',(-17.85,18.698352331139));
#1011 = ( GEOMETRIC_REPRESENTATION_CONTEXT(2) 
PARAMETRIC_REPRESENTATION_CONTEXT() REPRESENTATION_CONTEXT('2D SPACE',''
  ) );
#1012 = PCURVE('',#1013,#1018);
#1013 = PLANE('',#1014);
#1014 = AXIS2_PLACEMENT_3D('',#1015,#1016,#1017);
#1015 = CARTESIAN_POINT('',(-17.85,22.35,-1.));
#1016 = DIRECTION('',(1.,-1.110223024625E-16,0.));
#1017 = DIRECTION('',(-1.110223024625E-16,-1.,0.));
#1018 = DEFINITIONAL_REPRESENTATION('',(#1019),#1022);
#1019 = B_SPLINE_CURVE_WITH_KNOTS('',1,(#1020,#1021),.UNSPECIFIED.,.F.,
  .F.,(2,2),(4.64917616557,9.34917616557),.PIECEWISE_BEZIER_KNOTS.);
#1020 = CARTESIAN_POINT('',(4.7,-1.));
#1021 = CARTESIAN_POINT('',(0.,-1.));
#1022 = ( GEOMETRIC_REPRESENTATION_CONTEXT(2) 
PARAMETRIC_REPRESENTATION_CONTEXT() REPRESENTATION_CONTEXT('2D SPACE',''
  ) );
#1023 = ORIENTED_EDGE('',*,*,#1024,.T.);
#1024 = EDGE_CURVE('',#999,#940,#1025,.T.);
#1025 = SURFACE_CURVE('',#1026,(#1031,#1042),.PCURVE_S1.);
#1026 = CIRCLE('',#1027,1.15);
#1027 = AXIS2_PLACEMENT_3D('',#1028,#1029,#1030);
#1028 = CARTESIAN_POINT('',(-19.,17.65,0.));
#1029 = DIRECTION('',(-0.,0.,-1.));
#1030 = DIRECTION('',(1.,-4.971868327669E-16,-0.));
#1031 = PCURVE('',#46,#1032);
#1032 = DEFINITIONAL_REPRESENTATION('',(#1033),#1041);
#1033 = ( BOUNDED_CURVE() B_SPLINE_CURVE(2,(#1034,#1035,#1036,#1037,
#1038,#1039,#1040),.UNSPECIFIED.,.T.,.F.) B_SPLINE_CURVE_WITH_KNOTS((1,2
    ,2,2,2,1),(-2.094395102393,0.,2.094395102393,4.188790204786,
6.28318530718,8.377580409573),.UNSPECIFIED.) CURVE() 
GEOMETRIC_REPRESENTATION_ITEM() RATIONAL_B_SPLINE_CURVE((1.,0.5,1.,0.5,
1.,0.5,1.)) REPRESENTATION_ITEM('') );
#1034 = CARTESIAN_POINT('',(-17.85,13.998352331139));
#1035 = CARTESIAN_POINT('',(-17.85,12.006493902435));
#1036 = CARTESIAN_POINT('',(-19.575,13.002423116787));
#1037 = CARTESIAN_POINT('',(-21.3,13.998352331139));
#1038 = CARTESIAN_POINT('',(-19.575,14.994281545492));
#1039 = CARTESIAN_POINT('',(-17.85,15.990210759844));
#1040 = CARTESIAN_POINT('',(-17.85,13.998352331139));
#1041 = ( GEOMETRIC_REPRESENTATION_CONTEXT(2) 
PARAMETRIC_REPRESENTATION_CONTEXT() REPRESENTATION_CONTEXT('2D SPACE',''
  ) );
#1042 = PCURVE('',#1043,#1048);
#1043 = CYLINDRICAL_SURFACE('',#1044,1.15);
#1044 = AXIS2_PLACEMENT_3D('',#1045,#1046,#1047);
#1045 = CARTESIAN_POINT('',(-19.,17.65,-1.));
#1046 = DIRECTION('',(-0.,0.,-1.));
#1047 = DIRECTION('',(1.,-4.971868327669E-16,-0.));
#1048 = DEFINITIONAL_REPRESENTATION('',(#1049),#1053);
#1049 = LINE('',#1050,#1051);
#1050 = CARTESIAN_POINT('',(0.,-1.));
#1051 = VECTOR('',#1052,1.);
#1052 = DIRECTION('',(1.,0.));
#1053 = ( GEOMETRIC_REPRESENTATION_CONTEXT(2) 
PARAMETRIC_REPRESENTATION_CONTEXT() REPRESENTATION_CONTEXT('2D SPACE',''
  ) );
#1054 = FACE_BOUND('',#1055,.F.);
#1055 = EDGE_LOOP('',(#1056,#1084,#1117,#1143));
#1056 = ORIENTED_EDGE('',*,*,#1057,.F.);
#1057 = EDGE_CURVE('',#1058,#1060,#1062,.T.);
#1058 = VERTEX_POINT('',#1059);
#1059 = CARTESIAN_POINT('',(17.85,22.35,0.));
#1060 = VERTEX_POINT('',#1061);
#1061 = CARTESIAN_POINT('',(17.85,17.65,0.));
#1062 = SURFACE_CURVE('',#1063,(#1067,#1073),.PCURVE_S1.);
#1063 = LINE('',#1064,#1065);
#1064 = CARTESIAN_POINT('',(17.85,10.65082383443,0.));
#1065 = VECTOR('',#1066,1.);
#1066 = DIRECTION('',(-1.110223024625E-16,-1.,0.));
#1067 = PCURVE('',#46,#1068);
#1068 = DEFINITIONAL_REPRESENTATION('',(#1069),#1072);
#1069 = B_SPLINE_CURVE_WITH_KNOTS('',1,(#1070,#1071),.UNSPECIFIED.,.F.,
  .F.,(2,2),(-11.69917616557,-6.99917616557),.PIECEWISE_BEZIER_KNOTS.);
#1070 = CARTESIAN_POINT('',(17.85,18.698352331139));
#1071 = CARTESIAN_POINT('',(17.85,13.998352331139));
#1072 = ( GEOMETRIC_REPRESENTATION_CONTEXT(2) 
PARAMETRIC_REPRESENTATION_CONTEXT() REPRESENTATION_CONTEXT('2D SPACE',''
  ) );
#1073 = PCURVE('',#1074,#1079);
#1074 = PLANE('',#1075);
#1075 = AXIS2_PLACEMENT_3D('',#1076,#1077,#1078);
#1076 = CARTESIAN_POINT('',(17.85,17.65,-1.));
#1077 = DIRECTION('',(-1.,1.110223024625E-16,0.));
#1078 = DIRECTION('',(1.110223024625E-16,1.,0.));
#1079 = DEFINITIONAL_REPRESENTATION('',(#1080),#1083);
#1080 = B_SPLINE_CURVE_WITH_KNOTS('',1,(#1081,#1082),.UNSPECIFIED.,.F.,
  .F.,(2,2),(-11.69917616557,-6.99917616557),.PIECEWISE_BEZIER_KNOTS.);
#1081 = CARTESIAN_POINT('',(4.7,-1.));
#1082 = CARTESIAN_POINT('',(0.,-1.));
#1083 = ( GEOMETRIC_REPRESENTATION_CONTEXT(2) 
PARAMETRIC_REPRESENTATION_CONTEXT() REPRESENTATION_CONTEXT('2D SPACE',''
  ) );
#1084 = ORIENTED_EDGE('',*,*,#1085,.T.);
#1085 = EDGE_CURVE('',#1058,#1086,#1088,.T.);
#1086 = VERTEX_POINT('',#1087);
#1087 = CARTESIAN_POINT('',(20.15,22.35,0.));
#1088 = SURFACE_CURVE('',#1089,(#1094,#1105),.PCURVE_S1.);
#1089 = CIRCLE('',#1090,1.15);
#1090 = AXIS2_PLACEMENT_3D('',#1091,#1092,#1093);
#1091 = CARTESIAN_POINT('',(19.,22.35,0.));
#1092 = DIRECTION('',(0.,0.,-1.));
#1093 = DIRECTION('',(-1.,4.971868327669E-16,0.));
#1094 = PCURVE('',#46,#1095);
#1095 = DEFINITIONAL_REPRESENTATION('',(#1096),#1104);
#1096 = ( BOUNDED_CURVE() B_SPLINE_CURVE(2,(#1097,#1098,#1099,#1100,
#1101,#1102,#1103),.UNSPECIFIED.,.T.,.F.) B_SPLINE_CURVE_WITH_KNOTS((1,2
    ,2,2,2,1),(-2.094395102393,0.,2.094395102393,4.188790204786,
6.28318530718,8.377580409573),.UNSPECIFIED.) CURVE() 
GEOMETRIC_REPRESENTATION_ITEM() RATIONAL_B_SPLINE_CURVE((1.,0.5,1.,0.5,
1.,0.5,1.)) REPRESENTATION_ITEM('') );
#1097 = CARTESIAN_POINT('',(17.85,18.698352331139));
#1098 = CARTESIAN_POINT('',(17.85,20.690210759844));
#1099 = CARTESIAN_POINT('',(19.575,19.694281545492));
#1100 = CARTESIAN_POINT('',(21.3,18.698352331139));
#1101 = CARTESIAN_POINT('',(19.575,17.702423116787));
#1102 = CARTESIAN_POINT('',(17.85,16.706493902435));
#1103 = CARTESIAN_POINT('',(17.85,18.698352331139));
#1104 = ( GEOMETRIC_REPRESENTATION_CONTEXT(2) 
PARAMETRIC_REPRESENTATION_CONTEXT() REPRESENTATION_CONTEXT('2D SPACE',''
  ) );
#1105 = PCURVE('',#1106,#1111);
#1106 = CYLINDRICAL_SURFACE('',#1107,1.15);
#1107 = AXIS2_PLACEMENT_3D('',#1108,#1109,#1110);
#1108 = CARTESIAN_POINT('',(19.,22.35,-1.));
#1109 = DIRECTION('',(0.,0.,-1.));
#1110 = DIRECTION('',(-1.,4.971868327669E-16,0.));
#1111 = DEFINITIONAL_REPRESENTATION('',(#1112),#1116);
#1112 = LINE('',#1113,#1114);
#1113 = CARTESIAN_POINT('',(0.,-1.));
#1114 = VECTOR('',#1115,1.);
#1115 = DIRECTION('',(1.,0.));
#1116 = ( GEOMETRIC_REPRESENTATION_CONTEXT(2) 
PARAMETRIC_REPRESENTATION_CONTEXT() REPRESENTATION_CONTEXT('2D SPACE',''
  ) );
#1117 = ORIENTED_EDGE('',*,*,#1118,.F.);
#1118 = EDGE_CURVE('',#1119,#1086,#1121,.T.);
#1119 = VERTEX_POINT('',#1120);
#1120 = CARTESIAN_POINT('',(20.15,17.65,0.));
#1121 = SURFACE_CURVE('',#1122,(#1126,#1132),.PCURVE_S1.);
#1122 = LINE('',#1123,#1124);
#1123 = CARTESIAN_POINT('',(20.15,13.00082383443,0.));
#1124 = VECTOR('',#1125,1.);
#1125 = DIRECTION('',(1.110223024625E-16,1.,-0.));
#1126 = PCURVE('',#46,#1127);
#1127 = DEFINITIONAL_REPRESENTATION('',(#1128),#1131);
#1128 = B_SPLINE_CURVE_WITH_KNOTS('',1,(#1129,#1130),.UNSPECIFIED.,.F.,
  .F.,(2,2),(4.64917616557,9.34917616557),.PIECEWISE_BEZIER_KNOTS.);
#1129 = CARTESIAN_POINT('',(20.15,13.998352331139));
#1130 = CARTESIAN_POINT('',(20.15,18.698352331139));
#1131 = ( GEOMETRIC_REPRESENTATION_CONTEXT(2) 
PARAMETRIC_REPRESENTATION_CONTEXT() REPRESENTATION_CONTEXT('2D SPACE',''
  ) );
#1132 = PCURVE('',#1133,#1138);
#1133 = PLANE('',#1134);
#1134 = AXIS2_PLACEMENT_3D('',#1135,#1136,#1137);
#1135 = CARTESIAN_POINT('',(20.15,22.35,-1.));
#1136 = DIRECTION('',(1.,-1.110223024625E-16,0.));
#1137 = DIRECTION('',(-1.110223024625E-16,-1.,0.));
#1138 = DEFINITIONAL_REPRESENTATION('',(#1139),#1142);
#1139 = B_SPLINE_CURVE_WITH_KNOTS('',1,(#1140,#1141),.UNSPECIFIED.,.F.,
  .F.,(2,2),(4.64917616557,9.34917616557),.PIECEWISE_BEZIER_KNOTS.);
#1140 = CARTESIAN_POINT('',(4.7,-1.));
#1141 = CARTESIAN_POINT('',(0.,-1.));
#1142 = ( GEOMETRIC_REPRESENTATION_CONTEXT(2) 
PARAMETRIC_REPRESENTATION_CONTEXT() REPRESENTATION_CONTEXT('2D SPACE',''
  ) );
#1143 = ORIENTED_EDGE('',*,*,#1144,.T.);
#1144 = EDGE_CURVE('',#1119,#1060,#1145,.T.);
#1145 = SURFACE_CURVE('',#1146,(#1151,#1162),.PCURVE_S1.);
#1146 = CIRCLE('',#1147,1.15);
#1147 = AXIS2_PLACEMENT_3D('',#1148,#1149,#1150);
#1148 = CARTESIAN_POINT('',(19.,17.65,0.));
#1149 = DIRECTION('',(-0.,0.,-1.));
#1150 = DIRECTION('',(1.,-4.971868327669E-16,-0.));
#1151 = PCURVE('',#46,#1152);
#1152 = DEFINITIONAL_REPRESENTATION('',(#1153),#1161);
#1153 = ( BOUNDED_CURVE() B_SPLINE_CURVE(2,(#1154,#1155,#1156,#1157,
#1158,#1159,#1160),.UNSPECIFIED.,.T.,.F.) B_SPLINE_CURVE_WITH_KNOTS((1,2
    ,2,2,2,1),(-2.094395102393,0.,2.094395102393,4.188790204786,
6.28318530718,8.377580409573),.UNSPECIFIED.) CURVE() 
GEOMETRIC_REPRESENTATION_ITEM() RATIONAL_B_SPLINE_CURVE((1.,0.5,1.,0.5,
1.,0.5,1.)) REPRESENTATION_ITEM('') );
#1154 = CARTESIAN_POINT('',(20.15,13.998352331139));
#1155 = CARTESIAN_POINT('',(20.15,12.006493902435));
#1156 = CARTESIAN_POINT('',(18.425,13.002423116787));
#1157 = CARTESIAN_POINT('',(16.7,13.998352331139));
#1158 = CARTESIAN_POINT('',(18.425,14.994281545492));
#1159 = CARTESIAN_POINT('',(20.15,15.990210759844));
#1160 = CARTESIAN_POINT('',(20.15,13.998352331139));
#1161 = ( GEOMETRIC_REPRESENTATION_CONTEXT(2) 
PARAMETRIC_REPRESENTATION_CONTEXT() REPRESENTATION_CONTEXT('2D SPACE',''
  ) );
#1162 = PCURVE('',#1163,#1168);
#1163 = CYLINDRICAL_SURFACE('',#1164,1.15);
#1164 = AXIS2_PLACEMENT_3D('',#1165,#1166,#1167);
#1165 = CARTESIAN_POINT('',(19.,17.65,-1.));
#1166 = DIRECTION('',(-0.,0.,-1.));
#1167 = DIRECTION('',(1.,-4.971868327669E-16,-0.));
#1168 = DEFINITIONAL_REPRESENTATION('',(#1169),#1173);
#1169 = LINE('',#1170,#1171);
#1170 = CARTESIAN_POINT('',(0.,-1.));
#1171 = VECTOR('',#1172,1.);
#1172 = DIRECTION('',(1.,0.));
#1173 = ( GEOMETRIC_REPRESENTATION_CONTEXT(2) 
PARAMETRIC_REPRESENTATION_CONTEXT() REPRESENTATION_CONTEXT('2D SPACE',''
  ) );
#1174 = ADVANCED_FACE('',(#1175),#98,.F.);
#1175 = FACE_BOUND('',#1176,.F.);
#1176 = EDGE_LOOP('',(#1177,#1211,#1239,#1262,#1294,#1295));
#1177 = ORIENTED_EDGE('',*,*,#1178,.F.);
#1178 = EDGE_CURVE('',#1179,#535,#1181,.T.);
#1179 = VERTEX_POINT('',#1180);
#1180 = CARTESIAN_POINT('',(24.461240915867,49.846888650052,6.));
#1181 = SURFACE_CURVE('',#1182,(#1188,#1197),.PCURVE_S1.);
#1182 = B_SPLINE_CURVE_WITH_KNOTS('',4,(#1183,#1184,#1185,#1186,#1187),
  .UNSPECIFIED.,.F.,.F.,(5,5),(0.,1.),.PIECEWISE_BEZIER_KNOTS.);
#1183 = CARTESIAN_POINT('',(24.461240915867,49.846888650052,6.0000006));
#1184 = CARTESIAN_POINT('',(24.461240915867,49.846888650052,5.2500003));
#1185 = CARTESIAN_POINT('',(24.461240915867,49.846888650052,4.5));
#1186 = CARTESIAN_POINT('',(24.461240915867,49.846888650052,3.7499997));
#1187 = CARTESIAN_POINT('',(24.461240915867,49.846888650052,2.9999994));
#1188 = PCURVE('',#98,#1189);
#1189 = DEFINITIONAL_REPRESENTATION('',(#1190),#1196);
#1190 = B_SPLINE_CURVE_WITH_KNOTS('',4,(#1191,#1192,#1193,#1194,#1195),
  .UNSPECIFIED.,.F.,.F.,(5,5),(1.999999199688E-07,0.9999998),
  .PIECEWISE_BEZIER_KNOTS.);
#1191 = CARTESIAN_POINT('',(5.625191145558,-3.));
#1192 = CARTESIAN_POINT('',(5.625191145558,-2.25));
#1193 = CARTESIAN_POINT('',(5.625191145558,-1.5));
#1194 = CARTESIAN_POINT('',(5.625191145558,-0.75));
#1195 = CARTESIAN_POINT('',(5.625191145558,3.032357693711E-17));
#1196 = ( GEOMETRIC_REPRESENTATION_CONTEXT(2) 
PARAMETRIC_REPRESENTATION_CONTEXT() REPRESENTATION_CONTEXT('2D SPACE',''
  ) );
#1197 = PCURVE('',#1198,#1203);
#1198 = CYLINDRICAL_SURFACE('',#1199,3.2);
#1199 = AXIS2_PLACEMENT_3D('',#1200,#1201,#1202);
#1200 = CARTESIAN_POINT('',(23.,47.,3.));
#1201 = DIRECTION('',(-0.,-0.,-1.));
#1202 = DIRECTION('',(1.,0.,0.));
#1203 = DEFINITIONAL_REPRESENTATION('',(#1204),#1210);
#1204 = B_SPLINE_CURVE_WITH_KNOTS('',4,(#1205,#1206,#1207,#1208,#1209),
  .UNSPECIFIED.,.F.,.F.,(5,5),(0.,1.),.PIECEWISE_BEZIER_KNOTS.);
#1205 = CARTESIAN_POINT('',(-1.096584052966,-3.0000006));
#1206 = CARTESIAN_POINT('',(-1.096584052966,-2.2500003));
#1207 = CARTESIAN_POINT('',(-1.096584052966,-1.5));
#1208 = CARTESIAN_POINT('',(-1.096584052966,-0.7499997));
#1209 = CARTESIAN_POINT('',(-1.096584052966,5.999999999062E-07));
#1210 = ( GEOMETRIC_REPRESENTATION_CONTEXT(2) 
PARAMETRIC_REPRESENTATION_CONTEXT() REPRESENTATION_CONTEXT('2D SPACE',''
  ) );
#1211 = ORIENTED_EDGE('',*,*,#1212,.T.);
#1212 = EDGE_CURVE('',#1179,#1213,#1215,.T.);
#1213 = VERTEX_POINT('',#1214);
#1214 = CARTESIAN_POINT('',(6.994405055138E-15,63.,6.));
#1215 = SURFACE_CURVE('',#1216,(#1221,#1227),.PCURVE_S1.);
#1216 = ELLIPSE('',#1217,63.,40.);
#1217 = AXIS2_PLACEMENT_3D('',#1218,#1219,#1220);
#1218 = CARTESIAN_POINT('',(0.,0.,6.));
#1219 = DIRECTION('',(0.,-0.,1.));
#1220 = DIRECTION('',(1.110223024625E-16,1.,0.));
#1221 = PCURVE('',#98,#1222);
#1222 = DEFINITIONAL_REPRESENTATION('',(#1223),#1226);
#1223 = B_SPLINE_CURVE_WITH_KNOTS('',1,(#1224,#1225),.UNSPECIFIED.,.F.,
  .F.,(2,2),(5.625191145558,6.28318530718),.PIECEWISE_BEZIER_KNOTS.);
#1224 = CARTESIAN_POINT('',(5.625191145558,-3.));
#1225 = CARTESIAN_POINT('',(6.28318530718,-3.));
#1226 = ( GEOMETRIC_REPRESENTATION_CONTEXT(2) 
PARAMETRIC_REPRESENTATION_CONTEXT() REPRESENTATION_CONTEXT('2D SPACE',''
  ) );
#1227 = PCURVE('',#1228,#1233);
#1228 = PLANE('',#1229);
#1229 = AXIS2_PLACEMENT_3D('',#1230,#1231,#1232);
#1230 = CARTESIAN_POINT('',(1.442387578196E-15,3.651647668861,6.));
#1231 = DIRECTION('',(0.,0.,1.));
#1232 = DIRECTION('',(1.,0.,-0.));
#1233 = DEFINITIONAL_REPRESENTATION('',(#1234),#1238);
#1234 = ELLIPSE('',#1235,63.,40.);
#1235 = AXIS2_PLACEMENT_2D('',#1236,#1237);
#1236 = CARTESIAN_POINT('',(-1.442387578196E-15,-3.651647668861));
#1237 = DIRECTION('',(1.110223024625E-16,1.));
#1238 = ( GEOMETRIC_REPRESENTATION_CONTEXT(2) 
PARAMETRIC_REPRESENTATION_CONTEXT() REPRESENTATION_CONTEXT('2D SPACE',''
  ) );
#1239 = ORIENTED_EDGE('',*,*,#1240,.T.);
#1240 = EDGE_CURVE('',#1213,#1241,#1243,.T.);
#1241 = VERTEX_POINT('',#1242);
#1242 = CARTESIAN_POINT('',(-24.46124091586,49.846888650052,6.));
#1243 = SURFACE_CURVE('',#1244,(#1249,#1255),.PCURVE_S1.);
#1244 = ELLIPSE('',#1245,63.,40.);
#1245 = AXIS2_PLACEMENT_3D('',#1246,#1247,#1248);
#1246 = CARTESIAN_POINT('',(0.,0.,6.));
#1247 = DIRECTION('',(0.,-0.,1.));
#1248 = DIRECTION('',(1.110223024625E-16,1.,0.));
#1249 = PCURVE('',#98,#1250);
#1250 = DEFINITIONAL_REPRESENTATION('',(#1251),#1254);
#1251 = B_SPLINE_CURVE_WITH_KNOTS('',1,(#1252,#1253),.UNSPECIFIED.,.F.,
  .F.,(2,2),(0.,0.657994161622),.PIECEWISE_BEZIER_KNOTS.);
#1252 = CARTESIAN_POINT('',(6.28318530718,-3.));
#1253 = CARTESIAN_POINT('',(6.941179468801,-3.));
#1254 = ( GEOMETRIC_REPRESENTATION_CONTEXT(2) 
PARAMETRIC_REPRESENTATION_CONTEXT() REPRESENTATION_CONTEXT('2D SPACE',''
  ) );
#1255 = PCURVE('',#1228,#1256);
#1256 = DEFINITIONAL_REPRESENTATION('',(#1257),#1261);
#1257 = ELLIPSE('',#1258,63.,40.);
#1258 = AXIS2_PLACEMENT_2D('',#1259,#1260);
#1259 = CARTESIAN_POINT('',(-1.442387578196E-15,-3.651647668861));
#1260 = DIRECTION('',(1.110223024625E-16,1.));
#1261 = ( GEOMETRIC_REPRESENTATION_CONTEXT(2) 
PARAMETRIC_REPRESENTATION_CONTEXT() REPRESENTATION_CONTEXT('2D SPACE',''
  ) );
#1262 = ORIENTED_EDGE('',*,*,#1263,.T.);
#1263 = EDGE_CURVE('',#1241,#82,#1264,.T.);
#1264 = SURFACE_CURVE('',#1265,(#1271,#1280),.PCURVE_S1.);
#1265 = B_SPLINE_CURVE_WITH_KNOTS('',4,(#1266,#1267,#1268,#1269,#1270),
  .UNSPECIFIED.,.F.,.F.,(5,5),(0.,1.),.PIECEWISE_BEZIER_KNOTS.);
#1266 = CARTESIAN_POINT('',(-24.46124091586,49.846888650052,6.0000006));
#1267 = CARTESIAN_POINT('',(-24.46124091586,49.846888650052,5.2500003));
#1268 = CARTESIAN_POINT('',(-24.46124091586,49.846888650052,4.5));
#1269 = CARTESIAN_POINT('',(-24.46124091586,49.846888650052,3.7499997));
#1270 = CARTESIAN_POINT('',(-24.46124091586,49.846888650052,2.9999994));
#1271 = PCURVE('',#98,#1272);
#1272 = DEFINITIONAL_REPRESENTATION('',(#1273),#1279);
#1273 = B_SPLINE_CURVE_WITH_KNOTS('',4,(#1274,#1275,#1276,#1277,#1278),
  .UNSPECIFIED.,.F.,.F.,(5,5),(1.999999199688E-07,0.9999998),
  .PIECEWISE_BEZIER_KNOTS.);
#1274 = CARTESIAN_POINT('',(6.941179468801,-3.));
#1275 = CARTESIAN_POINT('',(6.941179468801,-2.25));
#1276 = CARTESIAN_POINT('',(6.941179468801,-1.5));
#1277 = CARTESIAN_POINT('',(6.941179468801,-0.75));
#1278 = CARTESIAN_POINT('',(6.941179468801,3.032357693711E-17));
#1279 = ( GEOMETRIC_REPRESENTATION_CONTEXT(2) 
PARAMETRIC_REPRESENTATION_CONTEXT() REPRESENTATION_CONTEXT('2D SPACE',''
  ) );
#1280 = PCURVE('',#1281,#1286);
#1281 = CYLINDRICAL_SURFACE('',#1282,3.2);
#1282 = AXIS2_PLACEMENT_3D('',#1283,#1284,#1285);
#1283 = CARTESIAN_POINT('',(-23.,47.,3.));
#1284 = DIRECTION('',(-0.,-0.,-1.));
#1285 = DIRECTION('',(1.,0.,0.));
#1286 = DEFINITIONAL_REPRESENTATION('',(#1287),#1293);
#1287 = B_SPLINE_CURVE_WITH_KNOTS('',4,(#1288,#1289,#1290,#1291,#1292),
  .UNSPECIFIED.,.F.,.F.,(5,5),(0.,1.),.PIECEWISE_BEZIER_KNOTS.);
#1288 = CARTESIAN_POINT('',(-2.045008600623,-3.0000006));
#1289 = CARTESIAN_POINT('',(-2.045008600623,-2.2500003));
#1290 = CARTESIAN_POINT('',(-2.045008600623,-1.5));
#1291 = CARTESIAN_POINT('',(-2.045008600623,-0.7499997));
#1292 = CARTESIAN_POINT('',(-2.045008600623,5.999999999062E-07));
#1293 = ( GEOMETRIC_REPRESENTATION_CONTEXT(2) 
PARAMETRIC_REPRESENTATION_CONTEXT() REPRESENTATION_CONTEXT('2D SPACE',''
  ) );
#1294 = ORIENTED_EDGE('',*,*,#81,.F.);
#1295 = ORIENTED_EDGE('',*,*,#563,.F.);
#1296 = ADVANCED_FACE('',(#1297),#551,.F.);
#1297 = FACE_BOUND('',#1298,.F.);
#1298 = EDGE_LOOP('',(#1299,#1300));
#1299 = ORIENTED_EDGE('',*,*,#534,.F.);
#1300 = ORIENTED_EDGE('',*,*,#1301,.T.);
#1301 = EDGE_CURVE('',#504,#535,#1302,.T.);
#1302 = SURFACE_CURVE('',#1303,(#1308,#1315),.PCURVE_S1.);
#1303 = CIRCLE('',#1304,3.2);
#1304 = AXIS2_PLACEMENT_3D('',#1305,#1306,#1307);
#1305 = CARTESIAN_POINT('',(23.,47.,3.));
#1306 = DIRECTION('',(0.,0.,1.));
#1307 = DIRECTION('',(1.,0.,0.));
#1308 = PCURVE('',#551,#1309);
#1309 = DEFINITIONAL_REPRESENTATION('',(#1310),#1314);
#1310 = CIRCLE('',#1311,3.2);
#1311 = AXIS2_PLACEMENT_2D('',#1312,#1313);
#1312 = CARTESIAN_POINT('',(3.552713678801E-15,7.105427357601E-15));
#1313 = DIRECTION('',(1.,0.));
#1314 = ( GEOMETRIC_REPRESENTATION_CONTEXT(2) 
PARAMETRIC_REPRESENTATION_CONTEXT() REPRESENTATION_CONTEXT('2D SPACE',''
  ) );
#1315 = PCURVE('',#1198,#1316);
#1316 = DEFINITIONAL_REPRESENTATION('',(#1317),#1321);
#1317 = LINE('',#1318,#1319);
#1318 = CARTESIAN_POINT('',(-0.,0.));
#1319 = VECTOR('',#1320,1.);
#1320 = DIRECTION('',(-1.,0.));
#1321 = ( GEOMETRIC_REPRESENTATION_CONTEXT(2) 
PARAMETRIC_REPRESENTATION_CONTEXT() REPRESENTATION_CONTEXT('2D SPACE',''
  ) );
#1322 = ADVANCED_FACE('',(#1323),#520,.F.);
#1323 = FACE_BOUND('',#1324,.F.);
#1324 = EDGE_LOOP('',(#1325,#1362,#1391,#1418));
#1325 = ORIENTED_EDGE('',*,*,#1326,.F.);
#1326 = EDGE_CURVE('',#1327,#480,#1329,.T.);
#1327 = VERTEX_POINT('',#1328);
#1328 = CARTESIAN_POINT('',(39.589732744431,9.,6.));
#1329 = SURFACE_CURVE('',#1330,(#1337,#1347),.PCURVE_S1.);
#1330 = B_SPLINE_CURVE_WITH_KNOTS('',5,(#1331,#1332,#1333,#1334,#1335,
    #1336),.UNSPECIFIED.,.F.,.F.,(6,6),(0.,1.),
  .PIECEWISE_BEZIER_KNOTS.);
#1331 = CARTESIAN_POINT('',(39.589732744431,9.,6.0000006));
#1332 = CARTESIAN_POINT('',(39.589732744431,9.,5.394914073577));
#1333 = CARTESIAN_POINT('',(39.589732744431,9.,4.794148041158));
#1334 = CARTESIAN_POINT('',(39.589732744431,9.,4.187731584573));
#1335 = CARTESIAN_POINT('',(39.589732744431,9.,3.582077239389));
#1336 = CARTESIAN_POINT('',(39.589732744431,9.,3.));
#1337 = PCURVE('',#520,#1338);
#1338 = DEFINITIONAL_REPRESENTATION('',(#1339),#1346);
#1339 = B_SPLINE_CURVE_WITH_KNOTS('',5,(#1340,#1341,#1342,#1343,#1344,
    #1345),.UNSPECIFIED.,.F.,.F.,(6,6),(0.,1.),
  .PIECEWISE_BEZIER_KNOTS.);
#1340 = CARTESIAN_POINT('',(4.85573654929,-3.0000006));
#1341 = CARTESIAN_POINT('',(4.85573654929,-2.394914073577));
#1342 = CARTESIAN_POINT('',(4.85573654929,-1.794148041593));
#1343 = CARTESIAN_POINT('',(4.85573654929,-1.187731583809));
#1344 = CARTESIAN_POINT('',(4.85573654929,-0.582077239689));
#1345 = CARTESIAN_POINT('',(4.85573654929,-2.998201686921E-10));
#1346 = ( GEOMETRIC_REPRESENTATION_CONTEXT(2) 
PARAMETRIC_REPRESENTATION_CONTEXT() REPRESENTATION_CONTEXT('2D SPACE',''
  ) );
#1347 = PCURVE('',#1348,#1353);
#1348 = PLANE('',#1349);
#1349 = AXIS2_PLACEMENT_3D('',#1350,#1351,#1352);
#1350 = CARTESIAN_POINT('',(30.,9.,3.));
#1351 = DIRECTION('',(0.,1.,0.));
#1352 = DIRECTION('',(0.,0.,1.));
#1353 = DEFINITIONAL_REPRESENTATION('',(#1354),#1361);
#1354 = B_SPLINE_CURVE_WITH_KNOTS('',5,(#1355,#1356,#1357,#1358,#1359,
    #1360),.UNSPECIFIED.,.F.,.F.,(6,6),(0.,1.),
  .PIECEWISE_BEZIER_KNOTS.);
#1355 = CARTESIAN_POINT('',(3.0000006,9.589732744431));
#1356 = CARTESIAN_POINT('',(2.394914073577,9.589732744431));
#1357 = CARTESIAN_POINT('',(1.794148041158,9.589732744431));
#1358 = CARTESIAN_POINT('',(1.187731584573,9.589732744431));
#1359 = CARTESIAN_POINT('',(0.582077239389,9.589732744431));
#1360 = CARTESIAN_POINT('',(0.,9.589732744431));
#1361 = ( GEOMETRIC_REPRESENTATION_CONTEXT(2) 
PARAMETRIC_REPRESENTATION_CONTEXT() REPRESENTATION_CONTEXT('2D SPACE',''
  ) );
#1362 = ORIENTED_EDGE('',*,*,#1363,.T.);
#1363 = EDGE_CURVE('',#1327,#1364,#1366,.T.);
#1364 = VERTEX_POINT('',#1365);
#1365 = CARTESIAN_POINT('',(26.119174138111,47.714669641261,6.));
#1366 = SURFACE_CURVE('',#1367,(#1372,#1379),.PCURVE_S1.);
#1367 = ELLIPSE('',#1368,63.,40.);
#1368 = AXIS2_PLACEMENT_3D('',#1369,#1370,#1371);
#1369 = CARTESIAN_POINT('',(0.,0.,6.));
#1370 = DIRECTION('',(0.,-0.,1.));
#1371 = DIRECTION('',(1.110223024625E-16,1.,0.));
#1372 = PCURVE('',#520,#1373);
#1373 = DEFINITIONAL_REPRESENTATION('',(#1374),#1378);
#1374 = LINE('',#1375,#1376);
#1375 = CARTESIAN_POINT('',(0.,-3.));
#1376 = VECTOR('',#1377,1.);
#1377 = DIRECTION('',(1.,0.));
#1378 = ( GEOMETRIC_REPRESENTATION_CONTEXT(2) 
PARAMETRIC_REPRESENTATION_CONTEXT() REPRESENTATION_CONTEXT('2D SPACE',''
  ) );
#1379 = PCURVE('',#1380,#1385);
#1380 = PLANE('',#1381);
#1381 = AXIS2_PLACEMENT_3D('',#1382,#1383,#1384);
#1382 = CARTESIAN_POINT('',(1.442387578196E-15,3.651647668861,6.));
#1383 = DIRECTION('',(0.,0.,1.));
#1384 = DIRECTION('',(1.,0.,-0.));
#1385 = DEFINITIONAL_REPRESENTATION('',(#1386),#1390);
#1386 = ELLIPSE('',#1387,63.,40.);
#1387 = AXIS2_PLACEMENT_2D('',#1388,#1389);
#1388 = CARTESIAN_POINT('',(-1.442387578196E-15,-3.651647668861));
#1389 = DIRECTION('',(1.110223024625E-16,1.));
#1390 = ( GEOMETRIC_REPRESENTATION_CONTEXT(2) 
PARAMETRIC_REPRESENTATION_CONTEXT() REPRESENTATION_CONTEXT('2D SPACE',''
  ) );
#1391 = ORIENTED_EDGE('',*,*,#1392,.T.);
#1392 = EDGE_CURVE('',#1364,#504,#1393,.T.);
#1393 = SURFACE_CURVE('',#1394,(#1400,#1409),.PCURVE_S1.);
#1394 = B_SPLINE_CURVE_WITH_KNOTS('',4,(#1395,#1396,#1397,#1398,#1399),
  .UNSPECIFIED.,.F.,.F.,(5,5),(0.,1.),.PIECEWISE_BEZIER_KNOTS.);
#1395 = CARTESIAN_POINT('',(26.119174138111,47.714669641261,6.0000006));
#1396 = CARTESIAN_POINT('',(26.119174138111,47.714669641261,5.2500003));
#1397 = CARTESIAN_POINT('',(26.119174138111,47.714669641261,4.5));
#1398 = CARTESIAN_POINT('',(26.119174138111,47.714669641261,3.7499997));
#1399 = CARTESIAN_POINT('',(26.119174138111,47.714669641261,2.9999994));
#1400 = PCURVE('',#520,#1401);
#1401 = DEFINITIONAL_REPRESENTATION('',(#1402),#1408);
#1402 = B_SPLINE_CURVE_WITH_KNOTS('',4,(#1403,#1404,#1405,#1406,#1407),
  .UNSPECIFIED.,.F.,.F.,(5,5),(0.,1.),.PIECEWISE_BEZIER_KNOTS.);
#1403 = CARTESIAN_POINT('',(5.571673723348,-3.0000006));
#1404 = CARTESIAN_POINT('',(5.571673723348,-2.2500003));
#1405 = CARTESIAN_POINT('',(5.571673723348,-1.5));
#1406 = CARTESIAN_POINT('',(5.571673723348,-0.7499997));
#1407 = CARTESIAN_POINT('',(5.571673723348,5.999999999062E-07));
#1408 = ( GEOMETRIC_REPRESENTATION_CONTEXT(2) 
PARAMETRIC_REPRESENTATION_CONTEXT() REPRESENTATION_CONTEXT('2D SPACE',''
  ) );
#1409 = PCURVE('',#1198,#1410);
#1410 = DEFINITIONAL_REPRESENTATION('',(#1411),#1417);
#1411 = B_SPLINE_CURVE_WITH_KNOTS('',4,(#1412,#1413,#1414,#1415,#1416),
  .UNSPECIFIED.,.F.,.F.,(5,5),(0.,1.),.PIECEWISE_BEZIER_KNOTS.);
#1412 = CARTESIAN_POINT('',(-0.2252338,-3.0000006));
#1413 = CARTESIAN_POINT('',(-0.2252338,-2.2500003));
#1414 = CARTESIAN_POINT('',(-0.2252338,-1.5));
#1415 = CARTESIAN_POINT('',(-0.2252338,-0.7499997));
#1416 = CARTESIAN_POINT('',(-0.2252338,5.999999999062E-07));
#1417 = ( GEOMETRIC_REPRESENTATION_CONTEXT(2) 
PARAMETRIC_REPRESENTATION_CONTEXT() REPRESENTATION_CONTEXT('2D SPACE',''
  ) );
#1418 = ORIENTED_EDGE('',*,*,#503,.F.);
#1419 = ADVANCED_FACE('',(#1420,#1865,#1896,#1927,#1958,#1989,#2020,
    #2051,#2141,#2172,#2203,#2234,#2265,#2296,#2327,#2358),#467,.T.);
#1420 = FACE_BOUND('',#1421,.T.);
#1421 = EDGE_LOOP('',(#1422,#1445,#1476,#1500,#1531,#1554,#1578,#1602,
    #1633,#1655,#1682,#1704,#1735,#1757,#1784,#1806,#1837,#1863,#1864));
#1422 = ORIENTED_EDGE('',*,*,#1423,.F.);
#1423 = EDGE_CURVE('',#1424,#480,#1426,.T.);
#1424 = VERTEX_POINT('',#1425);
#1425 = CARTESIAN_POINT('',(37.584125829635,9.000000000001,3.));
#1426 = SURFACE_CURVE('',#1427,(#1431,#1438),.PCURVE_S1.);
#1427 = LINE('',#1428,#1429);
#1428 = CARTESIAN_POINT('',(30.,9.,3.));
#1429 = VECTOR('',#1430,1.);
#1430 = DIRECTION('',(1.,0.,0.));
#1431 = PCURVE('',#467,#1432);
#1432 = DEFINITIONAL_REPRESENTATION('',(#1433),#1437);
#1433 = LINE('',#1434,#1435);
#1434 = CARTESIAN_POINT('',(0.,10.));
#1435 = VECTOR('',#1436,1.);
#1436 = DIRECTION('',(1.,0.));
#1437 = ( GEOMETRIC_REPRESENTATION_CONTEXT(2) 
PARAMETRIC_REPRESENTATION_CONTEXT() REPRESENTATION_CONTEXT('2D SPACE',''
  ) );
#1438 = PCURVE('',#1348,#1439);
#1439 = DEFINITIONAL_REPRESENTATION('',(#1440),#1444);
#1440 = LINE('',#1441,#1442);
#1441 = CARTESIAN_POINT('',(0.,0.));
#1442 = VECTOR('',#1443,1.);
#1443 = DIRECTION('',(0.,1.));
#1444 = ( GEOMETRIC_REPRESENTATION_CONTEXT(2) 
PARAMETRIC_REPRESENTATION_CONTEXT() REPRESENTATION_CONTEXT('2D SPACE',''
  ) );
#1445 = ORIENTED_EDGE('',*,*,#1446,.T.);
#1446 = EDGE_CURVE('',#1424,#1447,#1449,.T.);
#1447 = VERTEX_POINT('',#1448);
#1448 = CARTESIAN_POINT('',(25.580872823682,45.108150252271,3.));
#1449 = SURFACE_CURVE('',#1450,(#1455,#1462),.PCURVE_S1.);
#1450 = ELLIPSE('',#1451,61.,38.);
#1451 = AXIS2_PLACEMENT_3D('',#1452,#1453,#1454);
#1452 = CARTESIAN_POINT('',(0.,0.,3.));
#1453 = DIRECTION('',(0.,-0.,1.));
#1454 = DIRECTION('',(1.110223024625E-16,1.,0.));
#1455 = PCURVE('',#467,#1456);
#1456 = DEFINITIONAL_REPRESENTATION('',(#1457),#1461);
#1457 = ELLIPSE('',#1458,61.,38.);
#1458 = AXIS2_PLACEMENT_2D('',#1459,#1460);
#1459 = CARTESIAN_POINT('',(-30.,1.));
#1460 = DIRECTION('',(1.110223024625E-16,1.));
#1461 = ( GEOMETRIC_REPRESENTATION_CONTEXT(2) 
PARAMETRIC_REPRESENTATION_CONTEXT() REPRESENTATION_CONTEXT('2D SPACE',''
  ) );
#1462 = PCURVE('',#1463,#1471);
#1463 = SURFACE_OF_LINEAR_EXTRUSION('',#1464,#1469);
#1464 = ELLIPSE('',#1465,61.,38.);
#1465 = AXIS2_PLACEMENT_3D('',#1466,#1467,#1468);
#1466 = CARTESIAN_POINT('',(0.,0.,3.));
#1467 = DIRECTION('',(0.,-0.,1.));
#1468 = DIRECTION('',(1.110223024625E-16,1.,0.));
#1469 = VECTOR('',#1470,1.);
#1470 = DIRECTION('',(-0.,-0.,-1.));
#1471 = DEFINITIONAL_REPRESENTATION('',(#1472),#1475);
#1472 = B_SPLINE_CURVE_WITH_KNOTS('',1,(#1473,#1474),.UNSPECIFIED.,.F.,
  .F.,(2,2),(0.738501911008,6.28318530718),.PIECEWISE_BEZIER_KNOTS.);
#1473 = CARTESIAN_POINT('',(0.738501911008,0.));
#1474 = CARTESIAN_POINT('',(6.28318530718,0.));
#1475 = ( GEOMETRIC_REPRESENTATION_CONTEXT(2) 
PARAMETRIC_REPRESENTATION_CONTEXT() REPRESENTATION_CONTEXT('2D SPACE',''
  ) );
#1476 = ORIENTED_EDGE('',*,*,#1477,.F.);
#1477 = EDGE_CURVE('',#1478,#1447,#1480,.T.);
#1478 = VERTEX_POINT('',#1479);
#1479 = CARTESIAN_POINT('',(21.798163244605,49.965735728851,3.));
#1480 = SURFACE_CURVE('',#1481,(#1486,#1493),.PCURVE_S1.);
#1481 = CIRCLE('',#1482,3.2);
#1482 = AXIS2_PLACEMENT_3D('',#1483,#1484,#1485);
#1483 = CARTESIAN_POINT('',(23.,47.,3.));
#1484 = DIRECTION('',(0.,0.,1.));
#1485 = DIRECTION('',(1.,0.,0.));
#1486 = PCURVE('',#467,#1487);
#1487 = DEFINITIONAL_REPRESENTATION('',(#1488),#1492);
#1488 = CIRCLE('',#1489,3.2);
#1489 = AXIS2_PLACEMENT_2D('',#1490,#1491);
#1490 = CARTESIAN_POINT('',(-7.,48.));
#1491 = DIRECTION('',(1.,0.));
#1492 = ( GEOMETRIC_REPRESENTATION_CONTEXT(2) 
PARAMETRIC_REPRESENTATION_CONTEXT() REPRESENTATION_CONTEXT('2D SPACE',''
  ) );
#1493 = PCURVE('',#1198,#1494);
#1494 = DEFINITIONAL_REPRESENTATION('',(#1495),#1499);
#1495 = LINE('',#1496,#1497);
#1496 = CARTESIAN_POINT('',(-0.,0.));
#1497 = VECTOR('',#1498,1.);
#1498 = DIRECTION('',(-1.,0.));
#1499 = ( GEOMETRIC_REPRESENTATION_CONTEXT(2) 
PARAMETRIC_REPRESENTATION_CONTEXT() REPRESENTATION_CONTEXT('2D SPACE',''
  ) );
#1500 = ORIENTED_EDGE('',*,*,#1501,.T.);
#1501 = EDGE_CURVE('',#1478,#1502,#1504,.T.);
#1502 = VERTEX_POINT('',#1503);
#1503 = CARTESIAN_POINT('',(6.772360450213E-15,61.,3.));
#1504 = SURFACE_CURVE('',#1505,(#1510,#1517),.PCURVE_S1.);
#1505 = ELLIPSE('',#1506,61.,38.);
#1506 = AXIS2_PLACEMENT_3D('',#1507,#1508,#1509);
#1507 = CARTESIAN_POINT('',(0.,0.,3.));
#1508 = DIRECTION('',(0.,-0.,1.));
#1509 = DIRECTION('',(1.110223024625E-16,1.,0.));
#1510 = PCURVE('',#467,#1511);
#1511 = DEFINITIONAL_REPRESENTATION('',(#1512),#1516);
#1512 = ELLIPSE('',#1513,61.,38.);
#1513 = AXIS2_PLACEMENT_2D('',#1514,#1515);
#1514 = CARTESIAN_POINT('',(-30.,1.));
#1515 = DIRECTION('',(1.110223024625E-16,1.));
#1516 = ( GEOMETRIC_REPRESENTATION_CONTEXT(2) 
PARAMETRIC_REPRESENTATION_CONTEXT() REPRESENTATION_CONTEXT('2D SPACE',''
  ) );
#1517 = PCURVE('',#1518,#1526);
#1518 = SURFACE_OF_LINEAR_EXTRUSION('',#1519,#1524);
#1519 = ELLIPSE('',#1520,61.,38.);
#1520 = AXIS2_PLACEMENT_3D('',#1521,#1522,#1523);
#1521 = CARTESIAN_POINT('',(0.,0.,3.));
#1522 = DIRECTION('',(0.,-0.,1.));
#1523 = DIRECTION('',(1.110223024625E-16,1.,0.));
#1524 = VECTOR('',#1525,1.);
#1525 = DIRECTION('',(-0.,-0.,-1.));
#1526 = DEFINITIONAL_REPRESENTATION('',(#1527),#1530);
#1527 = B_SPLINE_CURVE_WITH_KNOTS('',1,(#1528,#1529),.UNSPECIFIED.,.F.,
  .F.,(2,2),(0.738501911008,6.28318530718),.PIECEWISE_BEZIER_KNOTS.);
#1528 = CARTESIAN_POINT('',(0.738501911008,0.));
#1529 = CARTESIAN_POINT('',(6.28318530718,0.));
#1530 = ( GEOMETRIC_REPRESENTATION_CONTEXT(2) 
PARAMETRIC_REPRESENTATION_CONTEXT() REPRESENTATION_CONTEXT('2D SPACE',''
  ) );
#1531 = ORIENTED_EDGE('',*,*,#1532,.T.);
#1532 = EDGE_CURVE('',#1502,#1533,#1535,.T.);
#1533 = VERTEX_POINT('',#1534);
#1534 = CARTESIAN_POINT('',(-21.7981632446,49.96573572885,3.));
#1535 = SURFACE_CURVE('',#1536,(#1541,#1548),.PCURVE_S1.);
#1536 = ELLIPSE('',#1537,61.,38.);
#1537 = AXIS2_PLACEMENT_3D('',#1538,#1539,#1540);
#1538 = CARTESIAN_POINT('',(0.,0.,3.));
#1539 = DIRECTION('',(0.,-0.,1.));
#1540 = DIRECTION('',(1.110223024625E-16,1.,0.));
#1541 = PCURVE('',#467,#1542);
#1542 = DEFINITIONAL_REPRESENTATION('',(#1543),#1547);
#1543 = ELLIPSE('',#1544,61.,38.);
#1544 = AXIS2_PLACEMENT_2D('',#1545,#1546);
#1545 = CARTESIAN_POINT('',(-30.,1.));
#1546 = DIRECTION('',(1.110223024625E-16,1.));
#1547 = ( GEOMETRIC_REPRESENTATION_CONTEXT(2) 
PARAMETRIC_REPRESENTATION_CONTEXT() REPRESENTATION_CONTEXT('2D SPACE',''
  ) );
#1548 = PCURVE('',#1518,#1549);
#1549 = DEFINITIONAL_REPRESENTATION('',(#1550),#1553);
#1550 = B_SPLINE_CURVE_WITH_KNOTS('',1,(#1551,#1552),.UNSPECIFIED.,.F.,
  .F.,(2,2),(0.,0.61093780106),.PIECEWISE_BEZIER_KNOTS.);
#1551 = CARTESIAN_POINT('',(6.28318530718,0.));
#1552 = CARTESIAN_POINT('',(6.89412310824,0.));
#1553 = ( GEOMETRIC_REPRESENTATION_CONTEXT(2) 
PARAMETRIC_REPRESENTATION_CONTEXT() REPRESENTATION_CONTEXT('2D SPACE',''
  ) );
#1554 = ORIENTED_EDGE('',*,*,#1555,.F.);
#1555 = EDGE_CURVE('',#1556,#1533,#1558,.T.);
#1556 = VERTEX_POINT('',#1557);
#1557 = CARTESIAN_POINT('',(-19.8,47.,3.));
#1558 = SURFACE_CURVE('',#1559,(#1564,#1571),.PCURVE_S1.);
#1559 = CIRCLE('',#1560,3.2);
#1560 = AXIS2_PLACEMENT_3D('',#1561,#1562,#1563);
#1561 = CARTESIAN_POINT('',(-23.,47.,3.));
#1562 = DIRECTION('',(0.,0.,1.));
#1563 = DIRECTION('',(1.,0.,0.));
#1564 = PCURVE('',#467,#1565);
#1565 = DEFINITIONAL_REPRESENTATION('',(#1566),#1570);
#1566 = CIRCLE('',#1567,3.2);
#1567 = AXIS2_PLACEMENT_2D('',#1568,#1569);
#1568 = CARTESIAN_POINT('',(-53.,48.));
#1569 = DIRECTION('',(1.,0.));
#1570 = ( GEOMETRIC_REPRESENTATION_CONTEXT(2) 
PARAMETRIC_REPRESENTATION_CONTEXT() REPRESENTATION_CONTEXT('2D SPACE',''
  ) );
#1571 = PCURVE('',#1281,#1572);
#1572 = DEFINITIONAL_REPRESENTATION('',(#1573),#1577);
#1573 = LINE('',#1574,#1575);
#1574 = CARTESIAN_POINT('',(-0.,0.));
#1575 = VECTOR('',#1576,1.);
#1576 = DIRECTION('',(-1.,0.));
#1577 = ( GEOMETRIC_REPRESENTATION_CONTEXT(2) 
PARAMETRIC_REPRESENTATION_CONTEXT() REPRESENTATION_CONTEXT('2D SPACE',''
  ) );
#1578 = ORIENTED_EDGE('',*,*,#1579,.F.);
#1579 = EDGE_CURVE('',#1580,#1556,#1582,.T.);
#1580 = VERTEX_POINT('',#1581);
#1581 = CARTESIAN_POINT('',(-25.58087282368,45.108150252271,3.));
#1582 = SURFACE_CURVE('',#1583,(#1588,#1595),.PCURVE_S1.);
#1583 = CIRCLE('',#1584,3.2);
#1584 = AXIS2_PLACEMENT_3D('',#1585,#1586,#1587);
#1585 = CARTESIAN_POINT('',(-23.,47.,3.));
#1586 = DIRECTION('',(0.,0.,1.));
#1587 = DIRECTION('',(1.,0.,0.));
#1588 = PCURVE('',#467,#1589);
#1589 = DEFINITIONAL_REPRESENTATION('',(#1590),#1594);
#1590 = CIRCLE('',#1591,3.2);
#1591 = AXIS2_PLACEMENT_2D('',#1592,#1593);
#1592 = CARTESIAN_POINT('',(-53.,48.));
#1593 = DIRECTION('',(1.,0.));
#1594 = ( GEOMETRIC_REPRESENTATION_CONTEXT(2) 
PARAMETRIC_REPRESENTATION_CONTEXT() REPRESENTATION_CONTEXT('2D SPACE',''
  ) );
#1595 = PCURVE('',#1281,#1596);
#1596 = DEFINITIONAL_REPRESENTATION('',(#1597),#1601);
#1597 = LINE('',#1598,#1599);
#1598 = CARTESIAN_POINT('',(-0.,0.));
#1599 = VECTOR('',#1600,1.);
#1600 = DIRECTION('',(-1.,0.));
#1601 = ( GEOMETRIC_REPRESENTATION_CONTEXT(2) 
PARAMETRIC_REPRESENTATION_CONTEXT() REPRESENTATION_CONTEXT('2D SPACE',''
  ) );
#1602 = ORIENTED_EDGE('',*,*,#1603,.T.);
#1603 = EDGE_CURVE('',#1580,#1604,#1606,.T.);
#1604 = VERTEX_POINT('',#1605);
#1605 = CARTESIAN_POINT('',(-10.,-58.84991945101,3.));
#1606 = SURFACE_CURVE('',#1607,(#1612,#1619),.PCURVE_S1.);
#1607 = ELLIPSE('',#1608,61.,38.);
#1608 = AXIS2_PLACEMENT_3D('',#1609,#1610,#1611);
#1609 = CARTESIAN_POINT('',(0.,0.,3.));
#1610 = DIRECTION('',(0.,-0.,1.));
#1611 = DIRECTION('',(1.110223024625E-16,1.,0.));
#1612 = PCURVE('',#467,#1613);
#1613 = DEFINITIONAL_REPRESENTATION('',(#1614),#1618);
#1614 = ELLIPSE('',#1615,61.,38.);
#1615 = AXIS2_PLACEMENT_2D('',#1616,#1617);
#1616 = CARTESIAN_POINT('',(-30.,1.));
#1617 = DIRECTION('',(1.110223024625E-16,1.));
#1618 = ( GEOMETRIC_REPRESENTATION_CONTEXT(2) 
PARAMETRIC_REPRESENTATION_CONTEXT() REPRESENTATION_CONTEXT('2D SPACE',''
  ) );
#1619 = PCURVE('',#1620,#1628);
#1620 = SURFACE_OF_LINEAR_EXTRUSION('',#1621,#1626);
#1621 = ELLIPSE('',#1622,61.,38.);
#1622 = AXIS2_PLACEMENT_3D('',#1623,#1624,#1625);
#1623 = CARTESIAN_POINT('',(0.,0.,3.));
#1624 = DIRECTION('',(0.,-0.,1.));
#1625 = DIRECTION('',(1.110223024625E-16,1.,0.));
#1626 = VECTOR('',#1627,1.);
#1627 = DIRECTION('',(-0.,-0.,-1.));
#1628 = DEFINITIONAL_REPRESENTATION('',(#1629),#1632);
#1629 = B_SPLINE_CURVE_WITH_KNOTS('',1,(#1630,#1631),.UNSPECIFIED.,.F.,
  .F.,(2,2),(0.738501911008,6.28318530718),.PIECEWISE_BEZIER_KNOTS.);
#1630 = CARTESIAN_POINT('',(0.738501911008,0.));
#1631 = CARTESIAN_POINT('',(6.28318530718,0.));
#1632 = ( GEOMETRIC_REPRESENTATION_CONTEXT(2) 
PARAMETRIC_REPRESENTATION_CONTEXT() REPRESENTATION_CONTEXT('2D SPACE',''
  ) );
#1633 = ORIENTED_EDGE('',*,*,#1634,.T.);
#1634 = EDGE_CURVE('',#1604,#1635,#1637,.T.);
#1635 = VERTEX_POINT('',#1636);
#1636 = CARTESIAN_POINT('',(-10.,-50.,3.));
#1637 = SURFACE_CURVE('',#1638,(#1642,#1649),.PCURVE_S1.);
#1638 = LINE('',#1639,#1640);
#1639 = CARTESIAN_POINT('',(-10.,-32.17417616557,3.));
#1640 = VECTOR('',#1641,1.);
#1641 = DIRECTION('',(0.,1.,0.));
#1642 = PCURVE('',#467,#1643);
#1643 = DEFINITIONAL_REPRESENTATION('',(#1644),#1648);
#1644 = LINE('',#1645,#1646);
#1645 = CARTESIAN_POINT('',(-40.,-31.17417616557));
#1646 = VECTOR('',#1647,1.);
#1647 = DIRECTION('',(0.,1.));
#1648 = ( GEOMETRIC_REPRESENTATION_CONTEXT(2) 
PARAMETRIC_REPRESENTATION_CONTEXT() REPRESENTATION_CONTEXT('2D SPACE',''
  ) );
#1649 = PCURVE('',#192,#1650);
#1650 = DEFINITIONAL_REPRESENTATION('',(#1651),#1654);
#1651 = B_SPLINE_CURVE_WITH_KNOTS('',1,(#1652,#1653),.UNSPECIFIED.,.F.,
  .F.,(2,2),(-28.82582383443,-17.82582383443),.PIECEWISE_BEZIER_KNOTS.);
#1652 = CARTESIAN_POINT('',(1.,-7.));
#1653 = CARTESIAN_POINT('',(1.,-18.));
#1654 = ( GEOMETRIC_REPRESENTATION_CONTEXT(2) 
PARAMETRIC_REPRESENTATION_CONTEXT() REPRESENTATION_CONTEXT('2D SPACE',''
  ) );
#1655 = ORIENTED_EDGE('',*,*,#1656,.F.);
#1656 = EDGE_CURVE('',#1657,#1635,#1659,.T.);
#1657 = VERTEX_POINT('',#1658);
#1658 = CARTESIAN_POINT('',(-4.,-50.,3.));
#1659 = SURFACE_CURVE('',#1660,(#1664,#1671),.PCURVE_S1.);
#1660 = LINE('',#1661,#1662);
#1661 = CARTESIAN_POINT('',(-5.,-50.,3.));
#1662 = VECTOR('',#1663,1.);
#1663 = DIRECTION('',(-1.,0.,0.));
#1664 = PCURVE('',#467,#1665);
#1665 = DEFINITIONAL_REPRESENTATION('',(#1666),#1670);
#1666 = LINE('',#1667,#1668);
#1667 = CARTESIAN_POINT('',(-35.,-49.));
#1668 = VECTOR('',#1669,1.);
#1669 = DIRECTION('',(-1.,0.));
#1670 = ( GEOMETRIC_REPRESENTATION_CONTEXT(2) 
PARAMETRIC_REPRESENTATION_CONTEXT() REPRESENTATION_CONTEXT('2D SPACE',''
  ) );
#1671 = PCURVE('',#1672,#1677);
#1672 = PLANE('',#1673);
#1673 = AXIS2_PLACEMENT_3D('',#1674,#1675,#1676);
#1674 = CARTESIAN_POINT('',(-10.,-50.,2.));
#1675 = DIRECTION('',(0.,1.,0.));
#1676 = DIRECTION('',(0.,0.,1.));
#1677 = DEFINITIONAL_REPRESENTATION('',(#1678),#1681);
#1678 = B_SPLINE_CURVE_WITH_KNOTS('',1,(#1679,#1680),.UNSPECIFIED.,.F.,
  .F.,(2,2),(-1.,5.),.PIECEWISE_BEZIER_KNOTS.);
#1679 = CARTESIAN_POINT('',(1.,6.));
#1680 = CARTESIAN_POINT('',(1.,0.));
#1681 = ( GEOMETRIC_REPRESENTATION_CONTEXT(2) 
PARAMETRIC_REPRESENTATION_CONTEXT() REPRESENTATION_CONTEXT('2D SPACE',''
  ) );
#1682 = ORIENTED_EDGE('',*,*,#1683,.F.);
#1683 = EDGE_CURVE('',#1684,#1657,#1686,.T.);
#1684 = VERTEX_POINT('',#1685);
#1685 = CARTESIAN_POINT('',(-4.,-60.6611084889,3.));
#1686 = SURFACE_CURVE('',#1687,(#1691,#1698),.PCURVE_S1.);
#1687 = LINE('',#1688,#1689);
#1688 = CARTESIAN_POINT('',(-4.,-32.17417616557,3.));
#1689 = VECTOR('',#1690,1.);
#1690 = DIRECTION('',(0.,1.,0.));
#1691 = PCURVE('',#467,#1692);
#1692 = DEFINITIONAL_REPRESENTATION('',(#1693),#1697);
#1693 = LINE('',#1694,#1695);
#1694 = CARTESIAN_POINT('',(-34.,-31.17417616557));
#1695 = VECTOR('',#1696,1.);
#1696 = DIRECTION('',(0.,1.));
#1697 = ( GEOMETRIC_REPRESENTATION_CONTEXT(2) 
PARAMETRIC_REPRESENTATION_CONTEXT() REPRESENTATION_CONTEXT('2D SPACE',''
  ) );
#1698 = PCURVE('',#266,#1699);
#1699 = DEFINITIONAL_REPRESENTATION('',(#1700),#1703);
#1700 = B_SPLINE_CURVE_WITH_KNOTS('',1,(#1701,#1702),.UNSPECIFIED.,.F.,
  .F.,(2,2),(-28.82582383443,-17.82582383443),.PIECEWISE_BEZIER_KNOTS.);
#1701 = CARTESIAN_POINT('',(1.,-7.));
#1702 = CARTESIAN_POINT('',(1.,-18.));
#1703 = ( GEOMETRIC_REPRESENTATION_CONTEXT(2) 
PARAMETRIC_REPRESENTATION_CONTEXT() REPRESENTATION_CONTEXT('2D SPACE',''
  ) );
#1704 = ORIENTED_EDGE('',*,*,#1705,.T.);
#1705 = EDGE_CURVE('',#1684,#1706,#1708,.T.);
#1706 = VERTEX_POINT('',#1707);
#1707 = CARTESIAN_POINT('',(4.,-60.6611084889,3.));
#1708 = SURFACE_CURVE('',#1709,(#1714,#1721),.PCURVE_S1.);
#1709 = ELLIPSE('',#1710,61.,38.);
#1710 = AXIS2_PLACEMENT_3D('',#1711,#1712,#1713);
#1711 = CARTESIAN_POINT('',(0.,0.,3.));
#1712 = DIRECTION('',(0.,-0.,1.));
#1713 = DIRECTION('',(1.110223024625E-16,1.,0.));
#1714 = PCURVE('',#467,#1715);
#1715 = DEFINITIONAL_REPRESENTATION('',(#1716),#1720);
#1716 = ELLIPSE('',#1717,61.,38.);
#1717 = AXIS2_PLACEMENT_2D('',#1718,#1719);
#1718 = CARTESIAN_POINT('',(-30.,1.));
#1719 = DIRECTION('',(1.110223024625E-16,1.));
#1720 = ( GEOMETRIC_REPRESENTATION_CONTEXT(2) 
PARAMETRIC_REPRESENTATION_CONTEXT() REPRESENTATION_CONTEXT('2D SPACE',''
  ) );
#1721 = PCURVE('',#1722,#1730);
#1722 = SURFACE_OF_LINEAR_EXTRUSION('',#1723,#1728);
#1723 = ELLIPSE('',#1724,61.,38.);
#1724 = AXIS2_PLACEMENT_3D('',#1725,#1726,#1727);
#1725 = CARTESIAN_POINT('',(0.,0.,3.));
#1726 = DIRECTION('',(0.,-0.,1.));
#1727 = DIRECTION('',(1.110223024625E-16,1.,0.));
#1728 = VECTOR('',#1729,1.);
#1729 = DIRECTION('',(-0.,-0.,-1.));
#1730 = DEFINITIONAL_REPRESENTATION('',(#1731),#1734);
#1731 = B_SPLINE_CURVE_WITH_KNOTS('',1,(#1732,#1733),.UNSPECIFIED.,.F.,
  .F.,(2,2),(0.738501911008,6.28318530718),.PIECEWISE_BEZIER_KNOTS.);
#1732 = CARTESIAN_POINT('',(0.738501911008,0.));
#1733 = CARTESIAN_POINT('',(6.28318530718,0.));
#1734 = ( GEOMETRIC_REPRESENTATION_CONTEXT(2) 
PARAMETRIC_REPRESENTATION_CONTEXT() REPRESENTATION_CONTEXT('2D SPACE',''
  ) );
#1735 = ORIENTED_EDGE('',*,*,#1736,.T.);
#1736 = EDGE_CURVE('',#1706,#1737,#1739,.T.);
#1737 = VERTEX_POINT('',#1738);
#1738 = CARTESIAN_POINT('',(4.,-50.,3.));
#1739 = SURFACE_CURVE('',#1740,(#1744,#1751),.PCURVE_S1.);
#1740 = LINE('',#1741,#1742);
#1741 = CARTESIAN_POINT('',(4.,-32.17417616557,3.));
#1742 = VECTOR('',#1743,1.);
#1743 = DIRECTION('',(0.,1.,0.));
#1744 = PCURVE('',#467,#1745);
#1745 = DEFINITIONAL_REPRESENTATION('',(#1746),#1750);
#1746 = LINE('',#1747,#1748);
#1747 = CARTESIAN_POINT('',(-26.,-31.17417616557));
#1748 = VECTOR('',#1749,1.);
#1749 = DIRECTION('',(0.,1.));
#1750 = ( GEOMETRIC_REPRESENTATION_CONTEXT(2) 
PARAMETRIC_REPRESENTATION_CONTEXT() REPRESENTATION_CONTEXT('2D SPACE',''
  ) );
#1751 = PCURVE('',#331,#1752);
#1752 = DEFINITIONAL_REPRESENTATION('',(#1753),#1756);
#1753 = B_SPLINE_CURVE_WITH_KNOTS('',1,(#1754,#1755),.UNSPECIFIED.,.F.,
  .F.,(2,2),(-28.82582383443,-17.82582383443),.PIECEWISE_BEZIER_KNOTS.);
#1754 = CARTESIAN_POINT('',(1.,-7.));
#1755 = CARTESIAN_POINT('',(1.,-18.));
#1756 = ( GEOMETRIC_REPRESENTATION_CONTEXT(2) 
PARAMETRIC_REPRESENTATION_CONTEXT() REPRESENTATION_CONTEXT('2D SPACE',''
  ) );
#1757 = ORIENTED_EDGE('',*,*,#1758,.F.);
#1758 = EDGE_CURVE('',#1759,#1737,#1761,.T.);
#1759 = VERTEX_POINT('',#1760);
#1760 = CARTESIAN_POINT('',(10.,-50.,3.));
#1761 = SURFACE_CURVE('',#1762,(#1766,#1773),.PCURVE_S1.);
#1762 = LINE('',#1763,#1764);
#1763 = CARTESIAN_POINT('',(2.,-50.,3.));
#1764 = VECTOR('',#1765,1.);
#1765 = DIRECTION('',(-1.,0.,0.));
#1766 = PCURVE('',#467,#1767);
#1767 = DEFINITIONAL_REPRESENTATION('',(#1768),#1772);
#1768 = LINE('',#1769,#1770);
#1769 = CARTESIAN_POINT('',(-28.,-49.));
#1770 = VECTOR('',#1771,1.);
#1771 = DIRECTION('',(-1.,0.));
#1772 = ( GEOMETRIC_REPRESENTATION_CONTEXT(2) 
PARAMETRIC_REPRESENTATION_CONTEXT() REPRESENTATION_CONTEXT('2D SPACE',''
  ) );
#1773 = PCURVE('',#1774,#1779);
#1774 = PLANE('',#1775);
#1775 = AXIS2_PLACEMENT_3D('',#1776,#1777,#1778);
#1776 = CARTESIAN_POINT('',(4.,-50.,2.));
#1777 = DIRECTION('',(0.,1.,0.));
#1778 = DIRECTION('',(0.,0.,1.));
#1779 = DEFINITIONAL_REPRESENTATION('',(#1780),#1783);
#1780 = B_SPLINE_CURVE_WITH_KNOTS('',1,(#1781,#1782),.UNSPECIFIED.,.F.,
  .F.,(2,2),(-8.,-2.),.PIECEWISE_BEZIER_KNOTS.);
#1781 = CARTESIAN_POINT('',(1.,6.));
#1782 = CARTESIAN_POINT('',(1.,0.));
#1783 = ( GEOMETRIC_REPRESENTATION_CONTEXT(2) 
PARAMETRIC_REPRESENTATION_CONTEXT() REPRESENTATION_CONTEXT('2D SPACE',''
  ) );
#1784 = ORIENTED_EDGE('',*,*,#1785,.F.);
#1785 = EDGE_CURVE('',#1786,#1759,#1788,.T.);
#1786 = VERTEX_POINT('',#1787);
#1787 = CARTESIAN_POINT('',(10.,-58.84991945101,3.));
#1788 = SURFACE_CURVE('',#1789,(#1793,#1800),.PCURVE_S1.);
#1789 = LINE('',#1790,#1791);
#1790 = CARTESIAN_POINT('',(10.,-32.17417616557,3.));
#1791 = VECTOR('',#1792,1.);
#1792 = DIRECTION('',(0.,1.,0.));
#1793 = PCURVE('',#467,#1794);
#1794 = DEFINITIONAL_REPRESENTATION('',(#1795),#1799);
#1795 = LINE('',#1796,#1797);
#1796 = CARTESIAN_POINT('',(-20.,-31.17417616557));
#1797 = VECTOR('',#1798,1.);
#1798 = DIRECTION('',(0.,1.));
#1799 = ( GEOMETRIC_REPRESENTATION_CONTEXT(2) 
PARAMETRIC_REPRESENTATION_CONTEXT() REPRESENTATION_CONTEXT('2D SPACE',''
  ) );
#1800 = PCURVE('',#405,#1801);
#1801 = DEFINITIONAL_REPRESENTATION('',(#1802),#1805);
#1802 = B_SPLINE_CURVE_WITH_KNOTS('',1,(#1803,#1804),.UNSPECIFIED.,.F.,
  .F.,(2,2),(-28.82582383443,-17.82582383443),.PIECEWISE_BEZIER_KNOTS.);
#1803 = CARTESIAN_POINT('',(1.,-7.));
#1804 = CARTESIAN_POINT('',(1.,-18.));
#1805 = ( GEOMETRIC_REPRESENTATION_CONTEXT(2) 
PARAMETRIC_REPRESENTATION_CONTEXT() REPRESENTATION_CONTEXT('2D SPACE',''
  ) );
#1806 = ORIENTED_EDGE('',*,*,#1807,.T.);
#1807 = EDGE_CURVE('',#1786,#1808,#1810,.T.);
#1808 = VERTEX_POINT('',#1809);
#1809 = CARTESIAN_POINT('',(37.994893502631,-1.000000000002,3.));
#1810 = SURFACE_CURVE('',#1811,(#1816,#1823),.PCURVE_S1.);
#1811 = ELLIPSE('',#1812,61.,38.);
#1812 = AXIS2_PLACEMENT_3D('',#1813,#1814,#1815);
#1813 = CARTESIAN_POINT('',(0.,0.,3.));
#1814 = DIRECTION('',(0.,-0.,1.));
#1815 = DIRECTION('',(1.110223024625E-16,1.,0.));
#1816 = PCURVE('',#467,#1817);
#1817 = DEFINITIONAL_REPRESENTATION('',(#1818),#1822);
#1818 = ELLIPSE('',#1819,61.,38.);
#1819 = AXIS2_PLACEMENT_2D('',#1820,#1821);
#1820 = CARTESIAN_POINT('',(-30.,1.));
#1821 = DIRECTION('',(1.110223024625E-16,1.));
#1822 = ( GEOMETRIC_REPRESENTATION_CONTEXT(2) 
PARAMETRIC_REPRESENTATION_CONTEXT() REPRESENTATION_CONTEXT('2D SPACE',''
  ) );
#1823 = PCURVE('',#1824,#1832);
#1824 = SURFACE_OF_LINEAR_EXTRUSION('',#1825,#1830);
#1825 = ELLIPSE('',#1826,61.,38.);
#1826 = AXIS2_PLACEMENT_3D('',#1827,#1828,#1829);
#1827 = CARTESIAN_POINT('',(0.,0.,3.));
#1828 = DIRECTION('',(0.,-0.,1.));
#1829 = DIRECTION('',(1.110223024625E-16,1.,0.));
#1830 = VECTOR('',#1831,1.);
#1831 = DIRECTION('',(-0.,-0.,-1.));
#1832 = DEFINITIONAL_REPRESENTATION('',(#1833),#1836);
#1833 = B_SPLINE_CURVE_WITH_KNOTS('',1,(#1834,#1835),.UNSPECIFIED.,.F.,
  .F.,(2,2),(0.738501911008,6.28318530718),.PIECEWISE_BEZIER_KNOTS.);
#1834 = CARTESIAN_POINT('',(0.738501911008,0.));
#1835 = CARTESIAN_POINT('',(6.28318530718,0.));
#1836 = ( GEOMETRIC_REPRESENTATION_CONTEXT(2) 
PARAMETRIC_REPRESENTATION_CONTEXT() REPRESENTATION_CONTEXT('2D SPACE',''
  ) );
#1837 = ORIENTED_EDGE('',*,*,#1838,.T.);
#1838 = EDGE_CURVE('',#1808,#420,#1839,.T.);
#1839 = SURFACE_CURVE('',#1840,(#1844,#1851),.PCURVE_S1.);
#1840 = LINE('',#1841,#1842);
#1841 = CARTESIAN_POINT('',(30.,-1.,3.));
#1842 = VECTOR('',#1843,1.);
#1843 = DIRECTION('',(1.,0.,0.));
#1844 = PCURVE('',#467,#1845);
#1845 = DEFINITIONAL_REPRESENTATION('',(#1846),#1850);
#1846 = LINE('',#1847,#1848);
#1847 = CARTESIAN_POINT('',(0.,0.));
#1848 = VECTOR('',#1849,1.);
#1849 = DIRECTION('',(1.,0.));
#1850 = ( GEOMETRIC_REPRESENTATION_CONTEXT(2) 
PARAMETRIC_REPRESENTATION_CONTEXT() REPRESENTATION_CONTEXT('2D SPACE',''
  ) );
#1851 = PCURVE('',#1852,#1857);
#1852 = PLANE('',#1853);
#1853 = AXIS2_PLACEMENT_3D('',#1854,#1855,#1856);
#1854 = CARTESIAN_POINT('',(30.,-1.,3.));
#1855 = DIRECTION('',(0.,1.,0.));
#1856 = DIRECTION('',(0.,0.,1.));
#1857 = DEFINITIONAL_REPRESENTATION('',(#1858),#1862);
#1858 = LINE('',#1859,#1860);
#1859 = CARTESIAN_POINT('',(0.,0.));
#1860 = VECTOR('',#1861,1.);
#1861 = DIRECTION('',(0.,1.));
#1862 = ( GEOMETRIC_REPRESENTATION_CONTEXT(2) 
PARAMETRIC_REPRESENTATION_CONTEXT() REPRESENTATION_CONTEXT('2D SPACE',''
  ) );
#1863 = ORIENTED_EDGE('',*,*,#450,.T.);
#1864 = ORIENTED_EDGE('',*,*,#479,.T.);
#1865 = FACE_BOUND('',#1866,.T.);
#1866 = EDGE_LOOP('',(#1867));
#1867 = ORIENTED_EDGE('',*,*,#1868,.F.);
#1868 = EDGE_CURVE('',#1869,#1869,#1871,.T.);
#1869 = VERTEX_POINT('',#1870);
#1870 = CARTESIAN_POINT('',(-22.,-31.,3.));
#1871 = SURFACE_CURVE('',#1872,(#1877,#1884),.PCURVE_S1.);
#1872 = CIRCLE('',#1873,3.);
#1873 = AXIS2_PLACEMENT_3D('',#1874,#1875,#1876);
#1874 = CARTESIAN_POINT('',(-25.,-31.,3.));
#1875 = DIRECTION('',(0.,0.,1.));
#1876 = DIRECTION('',(1.,0.,0.));
#1877 = PCURVE('',#467,#1878);
#1878 = DEFINITIONAL_REPRESENTATION('',(#1879),#1883);
#1879 = CIRCLE('',#1880,3.);
#1880 = AXIS2_PLACEMENT_2D('',#1881,#1882);
#1881 = CARTESIAN_POINT('',(-55.,-30.));
#1882 = DIRECTION('',(1.,0.));
#1883 = ( GEOMETRIC_REPRESENTATION_CONTEXT(2) 
PARAMETRIC_REPRESENTATION_CONTEXT() REPRESENTATION_CONTEXT('2D SPACE',''
  ) );
#1884 = PCURVE('',#1885,#1890);
#1885 = CYLINDRICAL_SURFACE('',#1886,3.);
#1886 = AXIS2_PLACEMENT_3D('',#1887,#1888,#1889);
#1887 = CARTESIAN_POINT('',(-25.,-31.,3.));
#1888 = DIRECTION('',(-0.,-0.,-1.));
#1889 = DIRECTION('',(1.,0.,0.));
#1890 = DEFINITIONAL_REPRESENTATION('',(#1891),#1895);
#1891 = LINE('',#1892,#1893);
#1892 = CARTESIAN_POINT('',(-0.,0.));
#1893 = VECTOR('',#1894,1.);
#1894 = DIRECTION('',(-1.,0.));
#1895 = ( GEOMETRIC_REPRESENTATION_CONTEXT(2) 
PARAMETRIC_REPRESENTATION_CONTEXT() REPRESENTATION_CONTEXT('2D SPACE',''
  ) );
#1896 = FACE_BOUND('',#1897,.T.);
#1897 = EDGE_LOOP('',(#1898));
#1898 = ORIENTED_EDGE('',*,*,#1899,.F.);
#1899 = EDGE_CURVE('',#1900,#1900,#1902,.T.);
#1900 = VERTEX_POINT('',#1901);
#1901 = CARTESIAN_POINT('',(-15.,-25.,3.));
#1902 = SURFACE_CURVE('',#1903,(#1908,#1915),.PCURVE_S1.);
#1903 = CIRCLE('',#1904,4.);
#1904 = AXIS2_PLACEMENT_3D('',#1905,#1906,#1907);
#1905 = CARTESIAN_POINT('',(-19.,-25.,3.));
#1906 = DIRECTION('',(0.,0.,1.));
#1907 = DIRECTION('',(1.,0.,0.));
#1908 = PCURVE('',#467,#1909);
#1909 = DEFINITIONAL_REPRESENTATION('',(#1910),#1914);
#1910 = CIRCLE('',#1911,4.);
#1911 = AXIS2_PLACEMENT_2D('',#1912,#1913);
#1912 = CARTESIAN_POINT('',(-49.,-24.));
#1913 = DIRECTION('',(1.,0.));
#1914 = ( GEOMETRIC_REPRESENTATION_CONTEXT(2) 
PARAMETRIC_REPRESENTATION_CONTEXT() REPRESENTATION_CONTEXT('2D SPACE',''
  ) );
#1915 = PCURVE('',#1916,#1921);
#1916 = CYLINDRICAL_SURFACE('',#1917,4.);
#1917 = AXIS2_PLACEMENT_3D('',#1918,#1919,#1920);
#1918 = CARTESIAN_POINT('',(-19.,-25.,3.));
#1919 = DIRECTION('',(-0.,-0.,-1.));
#1920 = DIRECTION('',(1.,0.,0.));
#1921 = DEFINITIONAL_REPRESENTATION('',(#1922),#1926);
#1922 = LINE('',#1923,#1924);
#1923 = CARTESIAN_POINT('',(-0.,0.));
#1924 = VECTOR('',#1925,1.);
#1925 = DIRECTION('',(-1.,0.));
#1926 = ( GEOMETRIC_REPRESENTATION_CONTEXT(2) 
PARAMETRIC_REPRESENTATION_CONTEXT() REPRESENTATION_CONTEXT('2D SPACE',''
  ) );
#1927 = FACE_BOUND('',#1928,.T.);
#1928 = EDGE_LOOP('',(#1929));
#1929 = ORIENTED_EDGE('',*,*,#1930,.F.);
#1930 = EDGE_CURVE('',#1931,#1931,#1933,.T.);
#1931 = VERTEX_POINT('',#1932);
#1932 = CARTESIAN_POINT('',(-30.8,-12.,3.));
#1933 = SURFACE_CURVE('',#1934,(#1939,#1946),.PCURVE_S1.);
#1934 = CIRCLE('',#1935,3.2);
#1935 = AXIS2_PLACEMENT_3D('',#1936,#1937,#1938);
#1936 = CARTESIAN_POINT('',(-34.,-12.,3.));
#1937 = DIRECTION('',(0.,0.,1.));
#1938 = DIRECTION('',(1.,0.,0.));
#1939 = PCURVE('',#467,#1940);
#1940 = DEFINITIONAL_REPRESENTATION('',(#1941),#1945);
#1941 = CIRCLE('',#1942,3.2);
#1942 = AXIS2_PLACEMENT_2D('',#1943,#1944);
#1943 = CARTESIAN_POINT('',(-64.,-11.));
#1944 = DIRECTION('',(1.,0.));
#1945 = ( GEOMETRIC_REPRESENTATION_CONTEXT(2) 
PARAMETRIC_REPRESENTATION_CONTEXT() REPRESENTATION_CONTEXT('2D SPACE',''
  ) );
#1946 = PCURVE('',#1947,#1952);
#1947 = CYLINDRICAL_SURFACE('',#1948,3.2);
#1948 = AXIS2_PLACEMENT_3D('',#1949,#1950,#1951);
#1949 = CARTESIAN_POINT('',(-34.,-12.,3.));
#1950 = DIRECTION('',(-0.,-0.,-1.));
#1951 = DIRECTION('',(1.,0.,0.));
#1952 = DEFINITIONAL_REPRESENTATION('',(#1953),#1957);
#1953 = LINE('',#1954,#1955);
#1954 = CARTESIAN_POINT('',(-0.,0.));
#1955 = VECTOR('',#1956,1.);
#1956 = DIRECTION('',(-1.,0.));
#1957 = ( GEOMETRIC_REPRESENTATION_CONTEXT(2) 
PARAMETRIC_REPRESENTATION_CONTEXT() REPRESENTATION_CONTEXT('2D SPACE',''
  ) );
#1958 = FACE_BOUND('',#1959,.T.);
#1959 = EDGE_LOOP('',(#1960));
#1960 = ORIENTED_EDGE('',*,*,#1961,.F.);
#1961 = EDGE_CURVE('',#1962,#1962,#1964,.T.);
#1962 = VERTEX_POINT('',#1963);
#1963 = CARTESIAN_POINT('',(8.,-31.,3.));
#1964 = SURFACE_CURVE('',#1965,(#1970,#1977),.PCURVE_S1.);
#1965 = CIRCLE('',#1966,3.);
#1966 = AXIS2_PLACEMENT_3D('',#1967,#1968,#1969);
#1967 = CARTESIAN_POINT('',(5.,-31.,3.));
#1968 = DIRECTION('',(0.,0.,1.));
#1969 = DIRECTION('',(1.,0.,0.));
#1970 = PCURVE('',#467,#1971);
#1971 = DEFINITIONAL_REPRESENTATION('',(#1972),#1976);
#1972 = CIRCLE('',#1973,3.);
#1973 = AXIS2_PLACEMENT_2D('',#1974,#1975);
#1974 = CARTESIAN_POINT('',(-25.,-30.));
#1975 = DIRECTION('',(1.,0.));
#1976 = ( GEOMETRIC_REPRESENTATION_CONTEXT(2) 
PARAMETRIC_REPRESENTATION_CONTEXT() REPRESENTATION_CONTEXT('2D SPACE',''
  ) );
#1977 = PCURVE('',#1978,#1983);
#1978 = CYLINDRICAL_SURFACE('',#1979,3.);
#1979 = AXIS2_PLACEMENT_3D('',#1980,#1981,#1982);
#1980 = CARTESIAN_POINT('',(5.,-31.,3.));
#1981 = DIRECTION('',(-0.,-0.,-1.));
#1982 = DIRECTION('',(1.,0.,0.));
#1983 = DEFINITIONAL_REPRESENTATION('',(#1984),#1988);
#1984 = LINE('',#1985,#1986);
#1985 = CARTESIAN_POINT('',(-0.,0.));
#1986 = VECTOR('',#1987,1.);
#1987 = DIRECTION('',(-1.,0.));
#1988 = ( GEOMETRIC_REPRESENTATION_CONTEXT(2) 
PARAMETRIC_REPRESENTATION_CONTEXT() REPRESENTATION_CONTEXT('2D SPACE',''
  ) );
#1989 = FACE_BOUND('',#1990,.T.);
#1990 = EDGE_LOOP('',(#1991));
#1991 = ORIENTED_EDGE('',*,*,#1992,.F.);
#1992 = EDGE_CURVE('',#1993,#1993,#1995,.T.);
#1993 = VERTEX_POINT('',#1994);
#1994 = CARTESIAN_POINT('',(23.,-25.,3.));
#1995 = SURFACE_CURVE('',#1996,(#2001,#2008),.PCURVE_S1.);
#1996 = CIRCLE('',#1997,4.);
#1997 = AXIS2_PLACEMENT_3D('',#1998,#1999,#2000);
#1998 = CARTESIAN_POINT('',(19.,-25.,3.));
#1999 = DIRECTION('',(0.,0.,1.));
#2000 = DIRECTION('',(1.,0.,0.));
#2001 = PCURVE('',#467,#2002);
#2002 = DEFINITIONAL_REPRESENTATION('',(#2003),#2007);
#2003 = CIRCLE('',#2004,4.);
#2004 = AXIS2_PLACEMENT_2D('',#2005,#2006);
#2005 = CARTESIAN_POINT('',(-11.,-24.));
#2006 = DIRECTION('',(1.,0.));
#2007 = ( GEOMETRIC_REPRESENTATION_CONTEXT(2) 
PARAMETRIC_REPRESENTATION_CONTEXT() REPRESENTATION_CONTEXT('2D SPACE',''
  ) );
#2008 = PCURVE('',#2009,#2014);
#2009 = CYLINDRICAL_SURFACE('',#2010,4.);
#2010 = AXIS2_PLACEMENT_3D('',#2011,#2012,#2013);
#2011 = CARTESIAN_POINT('',(19.,-25.,3.));
#2012 = DIRECTION('',(-0.,-0.,-1.));
#2013 = DIRECTION('',(1.,0.,0.));
#2014 = DEFINITIONAL_REPRESENTATION('',(#2015),#2019);
#2015 = LINE('',#2016,#2017);
#2016 = CARTESIAN_POINT('',(-0.,0.));
#2017 = VECTOR('',#2018,1.);
#2018 = DIRECTION('',(-1.,0.));
#2019 = ( GEOMETRIC_REPRESENTATION_CONTEXT(2) 
PARAMETRIC_REPRESENTATION_CONTEXT() REPRESENTATION_CONTEXT('2D SPACE',''
  ) );
#2020 = FACE_BOUND('',#2021,.T.);
#2021 = EDGE_LOOP('',(#2022));
#2022 = ORIENTED_EDGE('',*,*,#2023,.F.);
#2023 = EDGE_CURVE('',#2024,#2024,#2026,.T.);
#2024 = VERTEX_POINT('',#2025);
#2025 = CARTESIAN_POINT('',(31.,-16.,3.));
#2026 = SURFACE_CURVE('',#2027,(#2032,#2039),.PCURVE_S1.);
#2027 = CIRCLE('',#2028,2.);
#2028 = AXIS2_PLACEMENT_3D('',#2029,#2030,#2031);
#2029 = CARTESIAN_POINT('',(29.,-16.,3.));
#2030 = DIRECTION('',(0.,0.,1.));
#2031 = DIRECTION('',(1.,0.,0.));
#2032 = PCURVE('',#467,#2033);
#2033 = DEFINITIONAL_REPRESENTATION('',(#2034),#2038);
#2034 = CIRCLE('',#2035,2.);
#2035 = AXIS2_PLACEMENT_2D('',#2036,#2037);
#2036 = CARTESIAN_POINT('',(-1.,-15.));
#2037 = DIRECTION('',(1.,0.));
#2038 = ( GEOMETRIC_REPRESENTATION_CONTEXT(2) 
PARAMETRIC_REPRESENTATION_CONTEXT() REPRESENTATION_CONTEXT('2D SPACE',''
  ) );
#2039 = PCURVE('',#2040,#2045);
#2040 = CYLINDRICAL_SURFACE('',#2041,2.);
#2041 = AXIS2_PLACEMENT_3D('',#2042,#2043,#2044);
#2042 = CARTESIAN_POINT('',(29.,-16.,3.));
#2043 = DIRECTION('',(-0.,-0.,-1.));
#2044 = DIRECTION('',(1.,0.,0.));
#2045 = DEFINITIONAL_REPRESENTATION('',(#2046),#2050);
#2046 = LINE('',#2047,#2048);
#2047 = CARTESIAN_POINT('',(-0.,0.));
#2048 = VECTOR('',#2049,1.);
#2049 = DIRECTION('',(-1.,0.));
#2050 = ( GEOMETRIC_REPRESENTATION_CONTEXT(2) 
PARAMETRIC_REPRESENTATION_CONTEXT() REPRESENTATION_CONTEXT('2D SPACE',''
  ) );
#2051 = FACE_BOUND('',#2052,.T.);
#2052 = EDGE_LOOP('',(#2053,#2077,#2099,#2121));
#2053 = ORIENTED_EDGE('',*,*,#2054,.T.);
#2054 = EDGE_CURVE('',#2055,#2057,#2059,.T.);
#2055 = VERTEX_POINT('',#2056);
#2056 = CARTESIAN_POINT('',(7.,-19.,3.));
#2057 = VERTEX_POINT('',#2058);
#2058 = CARTESIAN_POINT('',(-7.,-19.,3.));
#2059 = SURFACE_CURVE('',#2060,(#2064,#2071),.PCURVE_S1.);
#2060 = LINE('',#2061,#2062);
#2061 = CARTESIAN_POINT('',(-3.5,-19.,3.));
#2062 = VECTOR('',#2063,1.);
#2063 = DIRECTION('',(-1.,0.,0.));
#2064 = PCURVE('',#467,#2065);
#2065 = DEFINITIONAL_REPRESENTATION('',(#2066),#2070);
#2066 = LINE('',#2067,#2068);
#2067 = CARTESIAN_POINT('',(-33.5,-18.));
#2068 = VECTOR('',#2069,1.);
#2069 = DIRECTION('',(-1.,0.));
#2070 = ( GEOMETRIC_REPRESENTATION_CONTEXT(2) 
PARAMETRIC_REPRESENTATION_CONTEXT() REPRESENTATION_CONTEXT('2D SPACE',''
  ) );
#2071 = PCURVE('',#848,#2072);
#2072 = DEFINITIONAL_REPRESENTATION('',(#2073),#2076);
#2073 = B_SPLINE_CURVE_WITH_KNOTS('',1,(#2074,#2075),.UNSPECIFIED.,.F.,
  .F.,(2,2),(-10.5,3.5),.PIECEWISE_BEZIER_KNOTS.);
#2074 = CARTESIAN_POINT('',(4.,14.));
#2075 = CARTESIAN_POINT('',(4.,0.));
#2076 = ( GEOMETRIC_REPRESENTATION_CONTEXT(2) 
PARAMETRIC_REPRESENTATION_CONTEXT() REPRESENTATION_CONTEXT('2D SPACE',''
  ) );
#2077 = ORIENTED_EDGE('',*,*,#2078,.T.);
#2078 = EDGE_CURVE('',#2057,#2079,#2081,.T.);
#2079 = VERTEX_POINT('',#2080);
#2080 = CARTESIAN_POINT('',(-7.,-1.,3.));
#2081 = SURFACE_CURVE('',#2082,(#2086,#2093),.PCURVE_S1.);
#2082 = LINE('',#2083,#2084);
#2083 = CARTESIAN_POINT('',(-7.,-7.67417616557,3.));
#2084 = VECTOR('',#2085,1.);
#2085 = DIRECTION('',(0.,1.,0.));
#2086 = PCURVE('',#467,#2087);
#2087 = DEFINITIONAL_REPRESENTATION('',(#2088),#2092);
#2088 = LINE('',#2089,#2090);
#2089 = CARTESIAN_POINT('',(-37.,-6.67417616557));
#2090 = VECTOR('',#2091,1.);
#2091 = DIRECTION('',(0.,1.));
#2092 = ( GEOMETRIC_REPRESENTATION_CONTEXT(2) 
PARAMETRIC_REPRESENTATION_CONTEXT() REPRESENTATION_CONTEXT('2D SPACE',''
  ) );
#2093 = PCURVE('',#874,#2094);
#2094 = DEFINITIONAL_REPRESENTATION('',(#2095),#2098);
#2095 = B_SPLINE_CURVE_WITH_KNOTS('',1,(#2096,#2097),.UNSPECIFIED.,.F.,
  .F.,(2,2),(-11.32582383443,6.67417616557),.PIECEWISE_BEZIER_KNOTS.);
#2096 = CARTESIAN_POINT('',(4.,0.));
#2097 = CARTESIAN_POINT('',(4.,-18.));
#2098 = ( GEOMETRIC_REPRESENTATION_CONTEXT(2) 
PARAMETRIC_REPRESENTATION_CONTEXT() REPRESENTATION_CONTEXT('2D SPACE',''
  ) );
#2099 = ORIENTED_EDGE('',*,*,#2100,.F.);
#2100 = EDGE_CURVE('',#2101,#2079,#2103,.T.);
#2101 = VERTEX_POINT('',#2102);
#2102 = CARTESIAN_POINT('',(7.,-1.,3.));
#2103 = SURFACE_CURVE('',#2104,(#2108,#2115),.PCURVE_S1.);
#2104 = LINE('',#2105,#2106);
#2105 = CARTESIAN_POINT('',(-3.5,-1.,3.));
#2106 = VECTOR('',#2107,1.);
#2107 = DIRECTION('',(-1.,0.,0.));
#2108 = PCURVE('',#467,#2109);
#2109 = DEFINITIONAL_REPRESENTATION('',(#2110),#2114);
#2110 = LINE('',#2111,#2112);
#2111 = CARTESIAN_POINT('',(-33.5,0.));
#2112 = VECTOR('',#2113,1.);
#2113 = DIRECTION('',(-1.,0.));
#2114 = ( GEOMETRIC_REPRESENTATION_CONTEXT(2) 
PARAMETRIC_REPRESENTATION_CONTEXT() REPRESENTATION_CONTEXT('2D SPACE',''
  ) );
#2115 = PCURVE('',#900,#2116);
#2116 = DEFINITIONAL_REPRESENTATION('',(#2117),#2120);
#2117 = B_SPLINE_CURVE_WITH_KNOTS('',1,(#2118,#2119),.UNSPECIFIED.,.F.,
  .F.,(2,2),(-10.5,3.5),.PIECEWISE_BEZIER_KNOTS.);
#2118 = CARTESIAN_POINT('',(4.,14.));
#2119 = CARTESIAN_POINT('',(4.,0.));
#2120 = ( GEOMETRIC_REPRESENTATION_CONTEXT(2) 
PARAMETRIC_REPRESENTATION_CONTEXT() REPRESENTATION_CONTEXT('2D SPACE',''
  ) );
#2121 = ORIENTED_EDGE('',*,*,#2122,.F.);
#2122 = EDGE_CURVE('',#2055,#2101,#2123,.T.);
#2123 = SURFACE_CURVE('',#2124,(#2128,#2135),.PCURVE_S1.);
#2124 = LINE('',#2125,#2126);
#2125 = CARTESIAN_POINT('',(7.,-7.67417616557,3.));
#2126 = VECTOR('',#2127,1.);
#2127 = DIRECTION('',(0.,1.,0.));
#2128 = PCURVE('',#467,#2129);
#2129 = DEFINITIONAL_REPRESENTATION('',(#2130),#2134);
#2130 = LINE('',#2131,#2132);
#2131 = CARTESIAN_POINT('',(-23.,-6.67417616557));
#2132 = VECTOR('',#2133,1.);
#2133 = DIRECTION('',(0.,1.));
#2134 = ( GEOMETRIC_REPRESENTATION_CONTEXT(2) 
PARAMETRIC_REPRESENTATION_CONTEXT() REPRESENTATION_CONTEXT('2D SPACE',''
  ) );
#2135 = PCURVE('',#924,#2136);
#2136 = DEFINITIONAL_REPRESENTATION('',(#2137),#2140);
#2137 = B_SPLINE_CURVE_WITH_KNOTS('',1,(#2138,#2139),.UNSPECIFIED.,.F.,
  .F.,(2,2),(-11.32582383443,6.67417616557),.PIECEWISE_BEZIER_KNOTS.);
#2138 = CARTESIAN_POINT('',(4.,0.));
#2139 = CARTESIAN_POINT('',(4.,-18.));
#2140 = ( GEOMETRIC_REPRESENTATION_CONTEXT(2) 
PARAMETRIC_REPRESENTATION_CONTEXT() REPRESENTATION_CONTEXT('2D SPACE',''
  ) );
#2141 = FACE_BOUND('',#2142,.T.);
#2142 = EDGE_LOOP('',(#2143));
#2143 = ORIENTED_EDGE('',*,*,#2144,.F.);
#2144 = EDGE_CURVE('',#2145,#2145,#2147,.T.);
#2145 = VERTEX_POINT('',#2146);
#2146 = CARTESIAN_POINT('',(37.2,-12.,3.));
#2147 = SURFACE_CURVE('',#2148,(#2153,#2160),.PCURVE_S1.);
#2148 = CIRCLE('',#2149,3.2);
#2149 = AXIS2_PLACEMENT_3D('',#2150,#2151,#2152);
#2150 = CARTESIAN_POINT('',(34.,-12.,3.));
#2151 = DIRECTION('',(0.,0.,1.));
#2152 = DIRECTION('',(1.,0.,0.));
#2153 = PCURVE('',#467,#2154);
#2154 = DEFINITIONAL_REPRESENTATION('',(#2155),#2159);
#2155 = CIRCLE('',#2156,3.2);
#2156 = AXIS2_PLACEMENT_2D('',#2157,#2158);
#2157 = CARTESIAN_POINT('',(4.,-11.));
#2158 = DIRECTION('',(1.,0.));
#2159 = ( GEOMETRIC_REPRESENTATION_CONTEXT(2) 
PARAMETRIC_REPRESENTATION_CONTEXT() REPRESENTATION_CONTEXT('2D SPACE',''
  ) );
#2160 = PCURVE('',#2161,#2166);
#2161 = CYLINDRICAL_SURFACE('',#2162,3.2);
#2162 = AXIS2_PLACEMENT_3D('',#2163,#2164,#2165);
#2163 = CARTESIAN_POINT('',(34.,-12.,3.));
#2164 = DIRECTION('',(-0.,-0.,-1.));
#2165 = DIRECTION('',(1.,0.,0.));
#2166 = DEFINITIONAL_REPRESENTATION('',(#2167),#2171);
#2167 = LINE('',#2168,#2169);
#2168 = CARTESIAN_POINT('',(-0.,0.));
#2169 = VECTOR('',#2170,1.);
#2170 = DIRECTION('',(-1.,0.));
#2171 = ( GEOMETRIC_REPRESENTATION_CONTEXT(2) 
PARAMETRIC_REPRESENTATION_CONTEXT() REPRESENTATION_CONTEXT('2D SPACE',''
  ) );
#2172 = FACE_BOUND('',#2173,.T.);
#2173 = EDGE_LOOP('',(#2174));
#2174 = ORIENTED_EDGE('',*,*,#2175,.F.);
#2175 = EDGE_CURVE('',#2176,#2176,#2178,.T.);
#2176 = VERTEX_POINT('',#2177);
#2177 = CARTESIAN_POINT('',(32.,0.,3.));
#2178 = SURFACE_CURVE('',#2179,(#2184,#2191),.PCURVE_S1.);
#2179 = CIRCLE('',#2180,2.);
#2180 = AXIS2_PLACEMENT_3D('',#2181,#2182,#2183);
#2181 = CARTESIAN_POINT('',(30.,0.,3.));
#2182 = DIRECTION('',(0.,0.,1.));
#2183 = DIRECTION('',(1.,0.,0.));
#2184 = PCURVE('',#467,#2185);
#2185 = DEFINITIONAL_REPRESENTATION('',(#2186),#2190);
#2186 = CIRCLE('',#2187,2.);
#2187 = AXIS2_PLACEMENT_2D('',#2188,#2189);
#2188 = CARTESIAN_POINT('',(0.,1.));
#2189 = DIRECTION('',(1.,0.));
#2190 = ( GEOMETRIC_REPRESENTATION_CONTEXT(2) 
PARAMETRIC_REPRESENTATION_CONTEXT() REPRESENTATION_CONTEXT('2D SPACE',''
  ) );
#2191 = PCURVE('',#2192,#2197);
#2192 = CYLINDRICAL_SURFACE('',#2193,2.);
#2193 = AXIS2_PLACEMENT_3D('',#2194,#2195,#2196);
#2194 = CARTESIAN_POINT('',(30.,0.,3.));
#2195 = DIRECTION('',(-0.,-0.,-1.));
#2196 = DIRECTION('',(1.,0.,0.));
#2197 = DEFINITIONAL_REPRESENTATION('',(#2198),#2202);
#2198 = LINE('',#2199,#2200);
#2199 = CARTESIAN_POINT('',(-0.,0.));
#2200 = VECTOR('',#2201,1.);
#2201 = DIRECTION('',(-1.,0.));
#2202 = ( GEOMETRIC_REPRESENTATION_CONTEXT(2) 
PARAMETRIC_REPRESENTATION_CONTEXT() REPRESENTATION_CONTEXT('2D SPACE',''
  ) );
#2203 = FACE_BOUND('',#2204,.T.);
#2204 = EDGE_LOOP('',(#2205));
#2205 = ORIENTED_EDGE('',*,*,#2206,.F.);
#2206 = EDGE_CURVE('',#2207,#2207,#2209,.T.);
#2207 = VERTEX_POINT('',#2208);
#2208 = CARTESIAN_POINT('',(-15.,20.,3.));
#2209 = SURFACE_CURVE('',#2210,(#2215,#2222),.PCURVE_S1.);
#2210 = CIRCLE('',#2211,4.);
#2211 = AXIS2_PLACEMENT_3D('',#2212,#2213,#2214);
#2212 = CARTESIAN_POINT('',(-19.,20.,3.));
#2213 = DIRECTION('',(0.,0.,1.));
#2214 = DIRECTION('',(1.,0.,0.));
#2215 = PCURVE('',#467,#2216);
#2216 = DEFINITIONAL_REPRESENTATION('',(#2217),#2221);
#2217 = CIRCLE('',#2218,4.);
#2218 = AXIS2_PLACEMENT_2D('',#2219,#2220);
#2219 = CARTESIAN_POINT('',(-49.,21.));
#2220 = DIRECTION('',(1.,0.));
#2221 = ( GEOMETRIC_REPRESENTATION_CONTEXT(2) 
PARAMETRIC_REPRESENTATION_CONTEXT() REPRESENTATION_CONTEXT('2D SPACE',''
  ) );
#2222 = PCURVE('',#2223,#2228);
#2223 = CYLINDRICAL_SURFACE('',#2224,4.);
#2224 = AXIS2_PLACEMENT_3D('',#2225,#2226,#2227);
#2225 = CARTESIAN_POINT('',(-19.,20.,3.));
#2226 = DIRECTION('',(-0.,-0.,-1.));
#2227 = DIRECTION('',(1.,0.,0.));
#2228 = DEFINITIONAL_REPRESENTATION('',(#2229),#2233);
#2229 = LINE('',#2230,#2231);
#2230 = CARTESIAN_POINT('',(-0.,0.));
#2231 = VECTOR('',#2232,1.);
#2232 = DIRECTION('',(-1.,0.));
#2233 = ( GEOMETRIC_REPRESENTATION_CONTEXT(2) 
PARAMETRIC_REPRESENTATION_CONTEXT() REPRESENTATION_CONTEXT('2D SPACE',''
  ) );
#2234 = FACE_BOUND('',#2235,.T.);
#2235 = EDGE_LOOP('',(#2236));
#2236 = ORIENTED_EDGE('',*,*,#2237,.F.);
#2237 = EDGE_CURVE('',#2238,#2238,#2240,.T.);
#2238 = VERTEX_POINT('',#2239);
#2239 = CARTESIAN_POINT('',(-22.,37.,3.));
#2240 = SURFACE_CURVE('',#2241,(#2246,#2253),.PCURVE_S1.);
#2241 = CIRCLE('',#2242,3.);
#2242 = AXIS2_PLACEMENT_3D('',#2243,#2244,#2245);
#2243 = CARTESIAN_POINT('',(-25.,37.,3.));
#2244 = DIRECTION('',(0.,0.,1.));
#2245 = DIRECTION('',(1.,0.,0.));
#2246 = PCURVE('',#467,#2247);
#2247 = DEFINITIONAL_REPRESENTATION('',(#2248),#2252);
#2248 = CIRCLE('',#2249,3.);
#2249 = AXIS2_PLACEMENT_2D('',#2250,#2251);
#2250 = CARTESIAN_POINT('',(-55.,38.));
#2251 = DIRECTION('',(1.,0.));
#2252 = ( GEOMETRIC_REPRESENTATION_CONTEXT(2) 
PARAMETRIC_REPRESENTATION_CONTEXT() REPRESENTATION_CONTEXT('2D SPACE',''
  ) );
#2253 = PCURVE('',#2254,#2259);
#2254 = CYLINDRICAL_SURFACE('',#2255,3.);
#2255 = AXIS2_PLACEMENT_3D('',#2256,#2257,#2258);
#2256 = CARTESIAN_POINT('',(-25.,37.,3.));
#2257 = DIRECTION('',(-0.,-0.,-1.));
#2258 = DIRECTION('',(1.,0.,0.));
#2259 = DEFINITIONAL_REPRESENTATION('',(#2260),#2264);
#2260 = LINE('',#2261,#2262);
#2261 = CARTESIAN_POINT('',(-0.,0.));
#2262 = VECTOR('',#2263,1.);
#2263 = DIRECTION('',(-1.,0.));
#2264 = ( GEOMETRIC_REPRESENTATION_CONTEXT(2) 
PARAMETRIC_REPRESENTATION_CONTEXT() REPRESENTATION_CONTEXT('2D SPACE',''
  ) );
#2265 = FACE_BOUND('',#2266,.T.);
#2266 = EDGE_LOOP('',(#2267));
#2267 = ORIENTED_EDGE('',*,*,#2268,.F.);
#2268 = EDGE_CURVE('',#2269,#2269,#2271,.T.);
#2269 = VERTEX_POINT('',#2270);
#2270 = CARTESIAN_POINT('',(23.,20.,3.));
#2271 = SURFACE_CURVE('',#2272,(#2277,#2284),.PCURVE_S1.);
#2272 = CIRCLE('',#2273,4.);
#2273 = AXIS2_PLACEMENT_3D('',#2274,#2275,#2276);
#2274 = CARTESIAN_POINT('',(19.,20.,3.));
#2275 = DIRECTION('',(0.,0.,1.));
#2276 = DIRECTION('',(1.,0.,0.));
#2277 = PCURVE('',#467,#2278);
#2278 = DEFINITIONAL_REPRESENTATION('',(#2279),#2283);
#2279 = CIRCLE('',#2280,4.);
#2280 = AXIS2_PLACEMENT_2D('',#2281,#2282);
#2281 = CARTESIAN_POINT('',(-11.,21.));
#2282 = DIRECTION('',(1.,0.));
#2283 = ( GEOMETRIC_REPRESENTATION_CONTEXT(2) 
PARAMETRIC_REPRESENTATION_CONTEXT() REPRESENTATION_CONTEXT('2D SPACE',''
  ) );
#2284 = PCURVE('',#2285,#2290);
#2285 = CYLINDRICAL_SURFACE('',#2286,4.);
#2286 = AXIS2_PLACEMENT_3D('',#2287,#2288,#2289);
#2287 = CARTESIAN_POINT('',(19.,20.,3.));
#2288 = DIRECTION('',(-0.,-0.,-1.));
#2289 = DIRECTION('',(1.,0.,0.));
#2290 = DEFINITIONAL_REPRESENTATION('',(#2291),#2295);
#2291 = LINE('',#2292,#2293);
#2292 = CARTESIAN_POINT('',(-0.,0.));
#2293 = VECTOR('',#2294,1.);
#2294 = DIRECTION('',(-1.,0.));
#2295 = ( GEOMETRIC_REPRESENTATION_CONTEXT(2) 
PARAMETRIC_REPRESENTATION_CONTEXT() REPRESENTATION_CONTEXT('2D SPACE',''
  ) );
#2296 = FACE_BOUND('',#2297,.T.);
#2297 = EDGE_LOOP('',(#2298));
#2298 = ORIENTED_EDGE('',*,*,#2299,.F.);
#2299 = EDGE_CURVE('',#2300,#2300,#2302,.T.);
#2300 = VERTEX_POINT('',#2301);
#2301 = CARTESIAN_POINT('',(14.,30.,3.));
#2302 = SURFACE_CURVE('',#2303,(#2308,#2315),.PCURVE_S1.);
#2303 = CIRCLE('',#2304,2.);
#2304 = AXIS2_PLACEMENT_3D('',#2305,#2306,#2307);
#2305 = CARTESIAN_POINT('',(12.,30.,3.));
#2306 = DIRECTION('',(0.,0.,1.));
#2307 = DIRECTION('',(1.,0.,0.));
#2308 = PCURVE('',#467,#2309);
#2309 = DEFINITIONAL_REPRESENTATION('',(#2310),#2314);
#2310 = CIRCLE('',#2311,2.);
#2311 = AXIS2_PLACEMENT_2D('',#2312,#2313);
#2312 = CARTESIAN_POINT('',(-18.,31.));
#2313 = DIRECTION('',(1.,0.));
#2314 = ( GEOMETRIC_REPRESENTATION_CONTEXT(2) 
PARAMETRIC_REPRESENTATION_CONTEXT() REPRESENTATION_CONTEXT('2D SPACE',''
  ) );
#2315 = PCURVE('',#2316,#2321);
#2316 = CYLINDRICAL_SURFACE('',#2317,2.);
#2317 = AXIS2_PLACEMENT_3D('',#2318,#2319,#2320);
#2318 = CARTESIAN_POINT('',(12.,30.,3.));
#2319 = DIRECTION('',(-0.,-0.,-1.));
#2320 = DIRECTION('',(1.,0.,0.));
#2321 = DEFINITIONAL_REPRESENTATION('',(#2322),#2326);
#2322 = LINE('',#2323,#2324);
#2323 = CARTESIAN_POINT('',(-0.,0.));
#2324 = VECTOR('',#2325,1.);
#2325 = DIRECTION('',(-1.,0.));
#2326 = ( GEOMETRIC_REPRESENTATION_CONTEXT(2) 
PARAMETRIC_REPRESENTATION_CONTEXT() REPRESENTATION_CONTEXT('2D SPACE',''
  ) );
#2327 = FACE_BOUND('',#2328,.T.);
#2328 = EDGE_LOOP('',(#2329));
#2329 = ORIENTED_EDGE('',*,*,#2330,.F.);
#2330 = EDGE_CURVE('',#2331,#2331,#2333,.T.);
#2331 = VERTEX_POINT('',#2332);
#2332 = CARTESIAN_POINT('',(8.,37.,3.));
#2333 = SURFACE_CURVE('',#2334,(#2339,#2346),.PCURVE_S1.);
#2334 = CIRCLE('',#2335,3.);
#2335 = AXIS2_PLACEMENT_3D('',#2336,#2337,#2338);
#2336 = CARTESIAN_POINT('',(5.,37.,3.));
#2337 = DIRECTION('',(0.,0.,1.));
#2338 = DIRECTION('',(1.,0.,0.));
#2339 = PCURVE('',#467,#2340);
#2340 = DEFINITIONAL_REPRESENTATION('',(#2341),#2345);
#2341 = CIRCLE('',#2342,3.);
#2342 = AXIS2_PLACEMENT_2D('',#2343,#2344);
#2343 = CARTESIAN_POINT('',(-25.,38.));
#2344 = DIRECTION('',(1.,0.));
#2345 = ( GEOMETRIC_REPRESENTATION_CONTEXT(2) 
PARAMETRIC_REPRESENTATION_CONTEXT() REPRESENTATION_CONTEXT('2D SPACE',''
  ) );
#2346 = PCURVE('',#2347,#2352);
#2347 = CYLINDRICAL_SURFACE('',#2348,3.);
#2348 = AXIS2_PLACEMENT_3D('',#2349,#2350,#2351);
#2349 = CARTESIAN_POINT('',(5.,37.,3.));
#2350 = DIRECTION('',(-0.,-0.,-1.));
#2351 = DIRECTION('',(1.,0.,0.));
#2352 = DEFINITIONAL_REPRESENTATION('',(#2353),#2357);
#2353 = LINE('',#2354,#2355);
#2354 = CARTESIAN_POINT('',(-0.,0.));
#2355 = VECTOR('',#2356,1.);
#2356 = DIRECTION('',(-1.,0.));
#2357 = ( GEOMETRIC_REPRESENTATION_CONTEXT(2) 
PARAMETRIC_REPRESENTATION_CONTEXT() REPRESENTATION_CONTEXT('2D SPACE',''
  ) );
#2358 = FACE_BOUND('',#2359,.T.);
#2359 = EDGE_LOOP('',(#2360));
#2360 = ORIENTED_EDGE('',*,*,#2361,.F.);
#2361 = EDGE_CURVE('',#2362,#2362,#2364,.T.);
#2362 = VERTEX_POINT('',#2363);
#2363 = CARTESIAN_POINT('',(26.,30.,3.));
#2364 = SURFACE_CURVE('',#2365,(#2370,#2377),.PCURVE_S1.);
#2365 = CIRCLE('',#2366,2.);
#2366 = AXIS2_PLACEMENT_3D('',#2367,#2368,#2369);
#2367 = CARTESIAN_POINT('',(24.,30.,3.));
#2368 = DIRECTION('',(0.,0.,1.));
#2369 = DIRECTION('',(1.,0.,0.));
#2370 = PCURVE('',#467,#2371);
#2371 = DEFINITIONAL_REPRESENTATION('',(#2372),#2376);
#2372 = CIRCLE('',#2373,2.);
#2373 = AXIS2_PLACEMENT_2D('',#2374,#2375);
#2374 = CARTESIAN_POINT('',(-6.,31.));
#2375 = DIRECTION('',(1.,0.));
#2376 = ( GEOMETRIC_REPRESENTATION_CONTEXT(2) 
PARAMETRIC_REPRESENTATION_CONTEXT() REPRESENTATION_CONTEXT('2D SPACE',''
  ) );
#2377 = PCURVE('',#2378,#2383);
#2378 = CYLINDRICAL_SURFACE('',#2379,2.);
#2379 = AXIS2_PLACEMENT_3D('',#2380,#2381,#2382);
#2380 = CARTESIAN_POINT('',(24.,30.,3.));
#2381 = DIRECTION('',(-0.,-0.,-1.));
#2382 = DIRECTION('',(1.,0.,0.));
#2383 = DEFINITIONAL_REPRESENTATION('',(#2384),#2388);
#2384 = LINE('',#2385,#2386);
#2385 = CARTESIAN_POINT('',(-0.,0.));
#2386 = VECTOR('',#2387,1.);
#2387 = DIRECTION('',(-1.,0.));
#2388 = ( GEOMETRIC_REPRESENTATION_CONTEXT(2) 
PARAMETRIC_REPRESENTATION_CONTEXT() REPRESENTATION_CONTEXT('2D SPACE',''
  ) );
#2389 = ADVANCED_FACE('',(#2390),#436,.F.);
#2390 = FACE_BOUND('',#2391,.F.);
#2391 = EDGE_LOOP('',(#2392,#2421,#2450,#2480));
#2392 = ORIENTED_EDGE('',*,*,#2393,.F.);
#2393 = EDGE_CURVE('',#2394,#386,#2396,.T.);
#2394 = VERTEX_POINT('',#2395);
#2395 = CARTESIAN_POINT('',(10.,-60.99948770276,6.));
#2396 = SURFACE_CURVE('',#2397,(#2403,#2412),.PCURVE_S1.);
#2397 = B_SPLINE_CURVE_WITH_KNOTS('',4,(#2398,#2399,#2400,#2401,#2402),
  .UNSPECIFIED.,.F.,.F.,(5,5),(0.,1.),.PIECEWISE_BEZIER_KNOTS.);
#2398 = CARTESIAN_POINT('',(10.,-60.99948770276,6.0000006));
#2399 = CARTESIAN_POINT('',(10.,-60.99948770276,5.25000015));
#2400 = CARTESIAN_POINT('',(10.,-60.99948770276,4.4999997));
#2401 = CARTESIAN_POINT('',(10.,-60.99948770276,3.74999925));
#2402 = CARTESIAN_POINT('',(10.,-60.99948770276,2.9999988));
#2403 = PCURVE('',#436,#2404);
#2404 = DEFINITIONAL_REPRESENTATION('',(#2405),#2411);
#2405 = B_SPLINE_CURVE_WITH_KNOTS('',4,(#2406,#2407,#2408,#2409,#2410),
  .UNSPECIFIED.,.F.,.F.,(5,5),(0.,1.),.PIECEWISE_BEZIER_KNOTS.);
#2406 = CARTESIAN_POINT('',(3.394272908732,-3.0000006));
#2407 = CARTESIAN_POINT('',(3.394272908732,-2.25000015));
#2408 = CARTESIAN_POINT('',(3.394272908732,-1.4999997));
#2409 = CARTESIAN_POINT('',(3.394272908732,-0.74999925));
#2410 = CARTESIAN_POINT('',(3.394272908732,1.199999999812E-06));
#2411 = ( GEOMETRIC_REPRESENTATION_CONTEXT(2) 
PARAMETRIC_REPRESENTATION_CONTEXT() REPRESENTATION_CONTEXT('2D SPACE',''
  ) );
#2412 = PCURVE('',#405,#2413);
#2413 = DEFINITIONAL_REPRESENTATION('',(#2414),#2420);
#2414 = B_SPLINE_CURVE_WITH_KNOTS('',4,(#2415,#2416,#2417,#2418,#2419),
  .UNSPECIFIED.,.F.,.F.,(5,5),(0.,1.),.PIECEWISE_BEZIER_KNOTS.);
#2415 = CARTESIAN_POINT('',(4.0000006,-7.000512297233));
#2416 = CARTESIAN_POINT('',(3.25000015,-7.000512297233));
#2417 = CARTESIAN_POINT('',(2.4999997,-7.000512297233));
#2418 = CARTESIAN_POINT('',(1.74999925,-7.000512297233));
#2419 = CARTESIAN_POINT('',(0.9999988,-7.000512297233));
#2420 = ( GEOMETRIC_REPRESENTATION_CONTEXT(2) 
PARAMETRIC_REPRESENTATION_CONTEXT() REPRESENTATION_CONTEXT('2D SPACE',''
  ) );
#2421 = ORIENTED_EDGE('',*,*,#2422,.T.);
#2422 = EDGE_CURVE('',#2394,#2423,#2425,.T.);
#2423 = VERTEX_POINT('',#2424);
#2424 = CARTESIAN_POINT('',(39.994960629901,-1.,6.));
#2425 = SURFACE_CURVE('',#2426,(#2431,#2438),.PCURVE_S1.);
#2426 = ELLIPSE('',#2427,63.,40.);
#2427 = AXIS2_PLACEMENT_3D('',#2428,#2429,#2430);
#2428 = CARTESIAN_POINT('',(0.,0.,6.));
#2429 = DIRECTION('',(0.,-0.,1.));
#2430 = DIRECTION('',(1.110223024625E-16,1.,0.));
#2431 = PCURVE('',#436,#2432);
#2432 = DEFINITIONAL_REPRESENTATION('',(#2433),#2437);
#2433 = LINE('',#2434,#2435);
#2434 = CARTESIAN_POINT('',(0.,-3.));
#2435 = VECTOR('',#2436,1.);
#2436 = DIRECTION('',(1.,0.));
#2437 = ( GEOMETRIC_REPRESENTATION_CONTEXT(2) 
PARAMETRIC_REPRESENTATION_CONTEXT() REPRESENTATION_CONTEXT('2D SPACE',''
  ) );
#2438 = PCURVE('',#2439,#2444);
#2439 = PLANE('',#2440);
#2440 = AXIS2_PLACEMENT_3D('',#2441,#2442,#2443);
#2441 = CARTESIAN_POINT('',(1.442387578196E-15,3.651647668861,6.));
#2442 = DIRECTION('',(0.,0.,1.));
#2443 = DIRECTION('',(1.,0.,-0.));
#2444 = DEFINITIONAL_REPRESENTATION('',(#2445),#2449);
#2445 = ELLIPSE('',#2446,63.,40.);
#2446 = AXIS2_PLACEMENT_2D('',#2447,#2448);
#2447 = CARTESIAN_POINT('',(-1.442387578196E-15,-3.651647668861));
#2448 = DIRECTION('',(1.110223024625E-16,1.));
#2449 = ( GEOMETRIC_REPRESENTATION_CONTEXT(2) 
PARAMETRIC_REPRESENTATION_CONTEXT() REPRESENTATION_CONTEXT('2D SPACE',''
  ) );
#2450 = ORIENTED_EDGE('',*,*,#2451,.T.);
#2451 = EDGE_CURVE('',#2423,#420,#2452,.T.);
#2452 = SURFACE_CURVE('',#2453,(#2460,#2470),.PCURVE_S1.);
#2453 = B_SPLINE_CURVE_WITH_KNOTS('',5,(#2454,#2455,#2456,#2457,#2458,
    #2459),.UNSPECIFIED.,.F.,.F.,(6,6),(0.,1.),
  .PIECEWISE_BEZIER_KNOTS.);
#2454 = CARTESIAN_POINT('',(39.994960629901,-1.,6.0000006));
#2455 = CARTESIAN_POINT('',(39.994960629901,-1.,5.394914073577));
#2456 = CARTESIAN_POINT('',(39.994960629901,-1.,4.794148041158));
#2457 = CARTESIAN_POINT('',(39.994960629901,-1.,4.187731584573));
#2458 = CARTESIAN_POINT('',(39.994960629901,-1.,3.582077239389));
#2459 = CARTESIAN_POINT('',(39.994960629901,-1.,3.));
#2460 = PCURVE('',#436,#2461);
#2461 = DEFINITIONAL_REPRESENTATION('',(#2462),#2469);
#2462 = B_SPLINE_CURVE_WITH_KNOTS('',5,(#2463,#2464,#2465,#2466,#2467,
    #2468),.UNSPECIFIED.,.F.,.F.,(6,6),(0.,1.),
  .PIECEWISE_BEZIER_KNOTS.);
#2463 = CARTESIAN_POINT('',(4.696515297895,-3.0000006));
#2464 = CARTESIAN_POINT('',(4.696515297895,-2.394914073577));
#2465 = CARTESIAN_POINT('',(4.696515297895,-1.794148041593));
#2466 = CARTESIAN_POINT('',(4.696515297895,-1.187731583809));
#2467 = CARTESIAN_POINT('',(4.696515297895,-0.582077239689));
#2468 = CARTESIAN_POINT('',(4.696515297895,-2.998201686921E-10));
#2469 = ( GEOMETRIC_REPRESENTATION_CONTEXT(2) 
PARAMETRIC_REPRESENTATION_CONTEXT() REPRESENTATION_CONTEXT('2D SPACE',''
  ) );
#2470 = PCURVE('',#1852,#2471);
#2471 = DEFINITIONAL_REPRESENTATION('',(#2472),#2479);
#2472 = B_SPLINE_CURVE_WITH_KNOTS('',5,(#2473,#2474,#2475,#2476,#2477,
    #2478),.UNSPECIFIED.,.F.,.F.,(6,6),(0.,1.),
  .PIECEWISE_BEZIER_KNOTS.);
#2473 = CARTESIAN_POINT('',(3.0000006,9.994960629901));
#2474 = CARTESIAN_POINT('',(2.394914073577,9.994960629901));
#2475 = CARTESIAN_POINT('',(1.794148041158,9.994960629901));
#2476 = CARTESIAN_POINT('',(1.187731584573,9.994960629901));
#2477 = CARTESIAN_POINT('',(0.582077239389,9.994960629901));
#2478 = CARTESIAN_POINT('',(0.,9.994960629901));
#2479 = ( GEOMETRIC_REPRESENTATION_CONTEXT(2) 
PARAMETRIC_REPRESENTATION_CONTEXT() REPRESENTATION_CONTEXT('2D SPACE',''
  ) );
#2480 = ORIENTED_EDGE('',*,*,#419,.F.);
#2481 = ADVANCED_FACE('',(#2482),#405,.F.);
#2482 = FACE_BOUND('',#2483,.F.);
#2483 = EDGE_LOOP('',(#2484,#2485,#2508,#2529,#2530,#2559,#2578));
#2484 = ORIENTED_EDGE('',*,*,#385,.T.);
#2485 = ORIENTED_EDGE('',*,*,#2486,.T.);
#2486 = EDGE_CURVE('',#346,#2487,#2489,.T.);
#2487 = VERTEX_POINT('',#2488);
#2488 = CARTESIAN_POINT('',(10.,-50.,2.));
#2489 = SURFACE_CURVE('',#2490,(#2494,#2501),.PCURVE_S1.);
#2490 = LINE('',#2491,#2492);
#2491 = CARTESIAN_POINT('',(10.,-68.,2.));
#2492 = VECTOR('',#2493,1.);
#2493 = DIRECTION('',(0.,1.,0.));
#2494 = PCURVE('',#405,#2495);
#2495 = DEFINITIONAL_REPRESENTATION('',(#2496),#2500);
#2496 = LINE('',#2497,#2498);
#2497 = CARTESIAN_POINT('',(0.,0.));
#2498 = VECTOR('',#2499,1.);
#2499 = DIRECTION('',(0.,-1.));
#2500 = ( GEOMETRIC_REPRESENTATION_CONTEXT(2) 
PARAMETRIC_REPRESENTATION_CONTEXT() REPRESENTATION_CONTEXT('2D SPACE',''
  ) );
#2501 = PCURVE('',#369,#2502);
#2502 = DEFINITIONAL_REPRESENTATION('',(#2503),#2507);
#2503 = LINE('',#2504,#2505);
#2504 = CARTESIAN_POINT('',(6.,0.));
#2505 = VECTOR('',#2506,1.);
#2506 = DIRECTION('',(0.,1.));
#2507 = ( GEOMETRIC_REPRESENTATION_CONTEXT(2) 
PARAMETRIC_REPRESENTATION_CONTEXT() REPRESENTATION_CONTEXT('2D SPACE',''
  ) );
#2508 = ORIENTED_EDGE('',*,*,#2509,.T.);
#2509 = EDGE_CURVE('',#2487,#1759,#2510,.T.);
#2510 = SURFACE_CURVE('',#2511,(#2515,#2522),.PCURVE_S1.);
#2511 = LINE('',#2512,#2513);
#2512 = CARTESIAN_POINT('',(10.,-50.,2.));
#2513 = VECTOR('',#2514,1.);
#2514 = DIRECTION('',(0.,0.,1.));
#2515 = PCURVE('',#405,#2516);
#2516 = DEFINITIONAL_REPRESENTATION('',(#2517),#2521);
#2517 = LINE('',#2518,#2519);
#2518 = CARTESIAN_POINT('',(0.,-18.));
#2519 = VECTOR('',#2520,1.);
#2520 = DIRECTION('',(1.,0.));
#2521 = ( GEOMETRIC_REPRESENTATION_CONTEXT(2) 
PARAMETRIC_REPRESENTATION_CONTEXT() REPRESENTATION_CONTEXT('2D SPACE',''
  ) );
#2522 = PCURVE('',#1774,#2523);
#2523 = DEFINITIONAL_REPRESENTATION('',(#2524),#2528);
#2524 = LINE('',#2525,#2526);
#2525 = CARTESIAN_POINT('',(0.,6.));
#2526 = VECTOR('',#2527,1.);
#2527 = DIRECTION('',(1.,0.));
#2528 = ( GEOMETRIC_REPRESENTATION_CONTEXT(2) 
PARAMETRIC_REPRESENTATION_CONTEXT() REPRESENTATION_CONTEXT('2D SPACE',''
  ) );
#2529 = ORIENTED_EDGE('',*,*,#1785,.F.);
#2530 = ORIENTED_EDGE('',*,*,#2531,.F.);
#2531 = EDGE_CURVE('',#2532,#1786,#2534,.T.);
#2532 = VERTEX_POINT('',#2533);
#2533 = CARTESIAN_POINT('',(10.,-58.84991945335,6.));
#2534 = SURFACE_CURVE('',#2535,(#2541,#2550),.PCURVE_S1.);
#2535 = B_SPLINE_CURVE_WITH_KNOTS('',4,(#2536,#2537,#2538,#2539,#2540),
  .UNSPECIFIED.,.F.,.F.,(5,5),(0.,1.),.PIECEWISE_BEZIER_KNOTS.);
#2536 = CARTESIAN_POINT('',(10.,-58.84991945101,6.0000024));
#2537 = CARTESIAN_POINT('',(10.,-58.84991945101,5.25000165));
#2538 = CARTESIAN_POINT('',(10.,-58.84991945101,4.5000009));
#2539 = CARTESIAN_POINT('',(10.,-58.84991945101,3.75000015));
#2540 = CARTESIAN_POINT('',(10.,-58.84991945101,2.9999994));
#2541 = PCURVE('',#405,#2542);
#2542 = DEFINITIONAL_REPRESENTATION('',(#2543),#2549);
#2543 = B_SPLINE_CURVE_WITH_KNOTS('',4,(#2544,#2545,#2546,#2547,#2548),
  .UNSPECIFIED.,.F.,.F.,(5,5),(0.,1.),.PIECEWISE_BEZIER_KNOTS.);
#2544 = CARTESIAN_POINT('',(4.0000024,-9.150080548988));
#2545 = CARTESIAN_POINT('',(3.25000165,-9.150080548988));
#2546 = CARTESIAN_POINT('',(2.5000009,-9.150080548988));
#2547 = CARTESIAN_POINT('',(1.75000015,-9.150080548988));
#2548 = CARTESIAN_POINT('',(0.9999994,-9.150080548988));
#2549 = ( GEOMETRIC_REPRESENTATION_CONTEXT(2) 
PARAMETRIC_REPRESENTATION_CONTEXT() REPRESENTATION_CONTEXT('2D SPACE',''
  ) );
#2550 = PCURVE('',#1824,#2551);
#2551 = DEFINITIONAL_REPRESENTATION('',(#2552),#2558);
#2552 = B_SPLINE_CURVE_WITH_KNOTS('',4,(#2553,#2554,#2555,#2556,#2557),
  .UNSPECIFIED.,.F.,.F.,(5,5),(0.,1.),.PIECEWISE_BEZIER_KNOTS.);
#2553 = CARTESIAN_POINT('',(3.407886670708,-3.0000024));
#2554 = CARTESIAN_POINT('',(3.407886670708,-2.25000165));
#2555 = CARTESIAN_POINT('',(3.407886670708,-1.5000009));
#2556 = CARTESIAN_POINT('',(3.407886670708,-0.75000015));
#2557 = CARTESIAN_POINT('',(3.407886670708,5.999999999062E-07));
#2558 = ( GEOMETRIC_REPRESENTATION_CONTEXT(2) 
PARAMETRIC_REPRESENTATION_CONTEXT() REPRESENTATION_CONTEXT('2D SPACE',''
  ) );
#2559 = ORIENTED_EDGE('',*,*,#2560,.F.);
#2560 = EDGE_CURVE('',#2394,#2532,#2561,.T.);
#2561 = SURFACE_CURVE('',#2562,(#2566,#2572),.PCURVE_S1.);
#2562 = LINE('',#2563,#2564);
#2563 = CARTESIAN_POINT('',(10.,-32.17417616557,6.));
#2564 = VECTOR('',#2565,1.);
#2565 = DIRECTION('',(0.,1.,0.));
#2566 = PCURVE('',#405,#2567);
#2567 = DEFINITIONAL_REPRESENTATION('',(#2568),#2571);
#2568 = B_SPLINE_CURVE_WITH_KNOTS('',1,(#2569,#2570),.UNSPECIFIED.,.F.,
  .F.,(2,2),(-30.82582383443,-17.82582383443),.PIECEWISE_BEZIER_KNOTS.);
#2569 = CARTESIAN_POINT('',(4.,-5.));
#2570 = CARTESIAN_POINT('',(4.,-18.));
#2571 = ( GEOMETRIC_REPRESENTATION_CONTEXT(2) 
PARAMETRIC_REPRESENTATION_CONTEXT() REPRESENTATION_CONTEXT('2D SPACE',''
  ) );
#2572 = PCURVE('',#2439,#2573);
#2573 = DEFINITIONAL_REPRESENTATION('',(#2574),#2577);
#2574 = B_SPLINE_CURVE_WITH_KNOTS('',1,(#2575,#2576),.UNSPECIFIED.,.F.,
  .F.,(2,2),(-30.82582383443,-17.82582383443),.PIECEWISE_BEZIER_KNOTS.);
#2575 = CARTESIAN_POINT('',(10.,-66.65164766886));
#2576 = CARTESIAN_POINT('',(10.,-53.65164766886));
#2577 = ( GEOMETRIC_REPRESENTATION_CONTEXT(2) 
PARAMETRIC_REPRESENTATION_CONTEXT() REPRESENTATION_CONTEXT('2D SPACE',''
  ) );
#2578 = ORIENTED_EDGE('',*,*,#2393,.T.);
#2579 = ADVANCED_FACE('',(#2580),#369,.T.);
#2580 = FACE_BOUND('',#2581,.T.);
#2581 = EDGE_LOOP('',(#2582,#2605,#2606,#2607));
#2582 = ORIENTED_EDGE('',*,*,#2583,.F.);
#2583 = EDGE_CURVE('',#312,#2584,#2586,.T.);
#2584 = VERTEX_POINT('',#2585);
#2585 = CARTESIAN_POINT('',(4.,-50.,2.));
#2586 = SURFACE_CURVE('',#2587,(#2591,#2598),.PCURVE_S1.);
#2587 = LINE('',#2588,#2589);
#2588 = CARTESIAN_POINT('',(4.,-68.,2.));
#2589 = VECTOR('',#2590,1.);
#2590 = DIRECTION('',(0.,1.,0.));
#2591 = PCURVE('',#369,#2592);
#2592 = DEFINITIONAL_REPRESENTATION('',(#2593),#2597);
#2593 = LINE('',#2594,#2595);
#2594 = CARTESIAN_POINT('',(0.,0.));
#2595 = VECTOR('',#2596,1.);
#2596 = DIRECTION('',(0.,1.));
#2597 = ( GEOMETRIC_REPRESENTATION_CONTEXT(2) 
PARAMETRIC_REPRESENTATION_CONTEXT() REPRESENTATION_CONTEXT('2D SPACE',''
  ) );
#2598 = PCURVE('',#331,#2599);
#2599 = DEFINITIONAL_REPRESENTATION('',(#2600),#2604);
#2600 = LINE('',#2601,#2602);
#2601 = CARTESIAN_POINT('',(0.,0.));
#2602 = VECTOR('',#2603,1.);
#2603 = DIRECTION('',(0.,-1.));
#2604 = ( GEOMETRIC_REPRESENTATION_CONTEXT(2) 
PARAMETRIC_REPRESENTATION_CONTEXT() REPRESENTATION_CONTEXT('2D SPACE',''
  ) );
#2605 = ORIENTED_EDGE('',*,*,#345,.F.);
#2606 = ORIENTED_EDGE('',*,*,#2486,.T.);
#2607 = ORIENTED_EDGE('',*,*,#2608,.F.);
#2608 = EDGE_CURVE('',#2584,#2487,#2609,.T.);
#2609 = SURFACE_CURVE('',#2610,(#2614,#2621),.PCURVE_S1.);
#2610 = LINE('',#2611,#2612);
#2611 = CARTESIAN_POINT('',(4.,-50.,2.));
#2612 = VECTOR('',#2613,1.);
#2613 = DIRECTION('',(1.,0.,0.));
#2614 = PCURVE('',#369,#2615);
#2615 = DEFINITIONAL_REPRESENTATION('',(#2616),#2620);
#2616 = LINE('',#2617,#2618);
#2617 = CARTESIAN_POINT('',(0.,18.));
#2618 = VECTOR('',#2619,1.);
#2619 = DIRECTION('',(1.,0.));
#2620 = ( GEOMETRIC_REPRESENTATION_CONTEXT(2) 
PARAMETRIC_REPRESENTATION_CONTEXT() REPRESENTATION_CONTEXT('2D SPACE',''
  ) );
#2621 = PCURVE('',#1774,#2622);
#2622 = DEFINITIONAL_REPRESENTATION('',(#2623),#2627);
#2623 = LINE('',#2624,#2625);
#2624 = CARTESIAN_POINT('',(0.,0.));
#2625 = VECTOR('',#2626,1.);
#2626 = DIRECTION('',(0.,1.));
#2627 = ( GEOMETRIC_REPRESENTATION_CONTEXT(2) 
PARAMETRIC_REPRESENTATION_CONTEXT() REPRESENTATION_CONTEXT('2D SPACE',''
  ) );
#2628 = ADVANCED_FACE('',(#2629),#331,.T.);
#2629 = FACE_BOUND('',#2630,.T.);
#2630 = EDGE_LOOP('',(#2631,#2632,#2633,#2654,#2655,#2684,#2710));
#2631 = ORIENTED_EDGE('',*,*,#311,.T.);
#2632 = ORIENTED_EDGE('',*,*,#2583,.T.);
#2633 = ORIENTED_EDGE('',*,*,#2634,.T.);
#2634 = EDGE_CURVE('',#2584,#1737,#2635,.T.);
#2635 = SURFACE_CURVE('',#2636,(#2640,#2647),.PCURVE_S1.);
#2636 = LINE('',#2637,#2638);
#2637 = CARTESIAN_POINT('',(4.,-50.,2.));
#2638 = VECTOR('',#2639,1.);
#2639 = DIRECTION('',(0.,0.,1.));
#2640 = PCURVE('',#331,#2641);
#2641 = DEFINITIONAL_REPRESENTATION('',(#2642),#2646);
#2642 = LINE('',#2643,#2644);
#2643 = CARTESIAN_POINT('',(0.,-18.));
#2644 = VECTOR('',#2645,1.);
#2645 = DIRECTION('',(1.,0.));
#2646 = ( GEOMETRIC_REPRESENTATION_CONTEXT(2) 
PARAMETRIC_REPRESENTATION_CONTEXT() REPRESENTATION_CONTEXT('2D SPACE',''
  ) );
#2647 = PCURVE('',#1774,#2648);
#2648 = DEFINITIONAL_REPRESENTATION('',(#2649),#2653);
#2649 = LINE('',#2650,#2651);
#2650 = CARTESIAN_POINT('',(0.,0.));
#2651 = VECTOR('',#2652,1.);
#2652 = DIRECTION('',(1.,0.));
#2653 = ( GEOMETRIC_REPRESENTATION_CONTEXT(2) 
PARAMETRIC_REPRESENTATION_CONTEXT() REPRESENTATION_CONTEXT('2D SPACE',''
  ) );
#2654 = ORIENTED_EDGE('',*,*,#1736,.F.);
#2655 = ORIENTED_EDGE('',*,*,#2656,.F.);
#2656 = EDGE_CURVE('',#2657,#1706,#2659,.T.);
#2657 = VERTEX_POINT('',#2658);
#2658 = CARTESIAN_POINT('',(4.,-60.66110847641,6.));
#2659 = SURFACE_CURVE('',#2660,(#2666,#2675),.PCURVE_S1.);
#2660 = B_SPLINE_CURVE_WITH_KNOTS('',4,(#2661,#2662,#2663,#2664,#2665),
  .UNSPECIFIED.,.F.,.F.,(5,5),(0.,1.),.PIECEWISE_BEZIER_KNOTS.);
#2661 = CARTESIAN_POINT('',(4.,-60.6611084889,6.0000024));
#2662 = CARTESIAN_POINT('',(4.,-60.6611084889,5.25000165));
#2663 = CARTESIAN_POINT('',(4.,-60.6611084889,4.5000009));
#2664 = CARTESIAN_POINT('',(4.,-60.6611084889,3.75000015));
#2665 = CARTESIAN_POINT('',(4.,-60.6611084889,2.9999994));
#2666 = PCURVE('',#331,#2667);
#2667 = DEFINITIONAL_REPRESENTATION('',(#2668),#2674);
#2668 = B_SPLINE_CURVE_WITH_KNOTS('',4,(#2669,#2670,#2671,#2672,#2673),
  .UNSPECIFIED.,.F.,.F.,(5,5),(0.,1.),.PIECEWISE_BEZIER_KNOTS.);
#2669 = CARTESIAN_POINT('',(4.0000024,-7.338891511097));
#2670 = CARTESIAN_POINT('',(3.25000165,-7.338891511097));
#2671 = CARTESIAN_POINT('',(2.5000009,-7.338891511097));
#2672 = CARTESIAN_POINT('',(1.75000015,-7.338891511097));
#2673 = CARTESIAN_POINT('',(0.9999994,-7.338891511097));
#2674 = ( GEOMETRIC_REPRESENTATION_CONTEXT(2) 
PARAMETRIC_REPRESENTATION_CONTEXT() REPRESENTATION_CONTEXT('2D SPACE',''
  ) );
#2675 = PCURVE('',#1722,#2676);
#2676 = DEFINITIONAL_REPRESENTATION('',(#2677),#2683);
#2677 = B_SPLINE_CURVE_WITH_KNOTS('',4,(#2678,#2679,#2680,#2681,#2682),
  .UNSPECIFIED.,.F.,.F.,(5,5),(0.,1.),.PIECEWISE_BEZIER_KNOTS.);
#2678 = CARTESIAN_POINT('',(3.247051178989,-3.0000024));
#2679 = CARTESIAN_POINT('',(3.247051178989,-2.25000165));
#2680 = CARTESIAN_POINT('',(3.247051178989,-1.5000009));
#2681 = CARTESIAN_POINT('',(3.247051178989,-0.75000015));
#2682 = CARTESIAN_POINT('',(3.247051178989,5.999999999062E-07));
#2683 = ( GEOMETRIC_REPRESENTATION_CONTEXT(2) 
PARAMETRIC_REPRESENTATION_CONTEXT() REPRESENTATION_CONTEXT('2D SPACE',''
  ) );
#2684 = ORIENTED_EDGE('',*,*,#2685,.F.);
#2685 = EDGE_CURVE('',#2686,#2657,#2688,.T.);
#2686 = VERTEX_POINT('',#2687);
#2687 = CARTESIAN_POINT('',(4.,-62.68420853771,6.));
#2688 = SURFACE_CURVE('',#2689,(#2693,#2699),.PCURVE_S1.);
#2689 = LINE('',#2690,#2691);
#2690 = CARTESIAN_POINT('',(4.,-32.17417616557,6.));
#2691 = VECTOR('',#2692,1.);
#2692 = DIRECTION('',(0.,1.,0.));
#2693 = PCURVE('',#331,#2694);
#2694 = DEFINITIONAL_REPRESENTATION('',(#2695),#2698);
#2695 = B_SPLINE_CURVE_WITH_KNOTS('',1,(#2696,#2697),.UNSPECIFIED.,.F.,
  .F.,(2,2),(-30.82582383443,-17.82582383443),.PIECEWISE_BEZIER_KNOTS.);
#2696 = CARTESIAN_POINT('',(4.,-5.));
#2697 = CARTESIAN_POINT('',(4.,-18.));
#2698 = ( GEOMETRIC_REPRESENTATION_CONTEXT(2) 
PARAMETRIC_REPRESENTATION_CONTEXT() REPRESENTATION_CONTEXT('2D SPACE',''
  ) );
#2699 = PCURVE('',#2700,#2705);
#2700 = PLANE('',#2701);
#2701 = AXIS2_PLACEMENT_3D('',#2702,#2703,#2704);
#2702 = CARTESIAN_POINT('',(1.442387578196E-15,3.651647668861,6.));
#2703 = DIRECTION('',(0.,0.,1.));
#2704 = DIRECTION('',(1.,0.,-0.));
#2705 = DEFINITIONAL_REPRESENTATION('',(#2706),#2709);
#2706 = B_SPLINE_CURVE_WITH_KNOTS('',1,(#2707,#2708),.UNSPECIFIED.,.F.,
  .F.,(2,2),(-30.82582383443,-17.82582383443),.PIECEWISE_BEZIER_KNOTS.);
#2707 = CARTESIAN_POINT('',(4.,-66.65164766886));
#2708 = CARTESIAN_POINT('',(4.,-53.65164766886));
#2709 = ( GEOMETRIC_REPRESENTATION_CONTEXT(2) 
PARAMETRIC_REPRESENTATION_CONTEXT() REPRESENTATION_CONTEXT('2D SPACE',''
  ) );
#2710 = ORIENTED_EDGE('',*,*,#2711,.T.);
#2711 = EDGE_CURVE('',#2686,#281,#2712,.T.);
#2712 = SURFACE_CURVE('',#2713,(#2719,#2728),.PCURVE_S1.);
#2713 = B_SPLINE_CURVE_WITH_KNOTS('',4,(#2714,#2715,#2716,#2717,#2718),
  .UNSPECIFIED.,.F.,.F.,(5,5),(0.,1.),.PIECEWISE_BEZIER_KNOTS.);
#2714 = CARTESIAN_POINT('',(4.,-62.68420853771,6.0000006));
#2715 = CARTESIAN_POINT('',(4.,-62.68420853771,5.25000015));
#2716 = CARTESIAN_POINT('',(4.,-62.68420853771,4.4999997));
#2717 = CARTESIAN_POINT('',(4.,-62.68420853771,3.74999925));
#2718 = CARTESIAN_POINT('',(4.,-62.68420853771,2.9999988));
#2719 = PCURVE('',#331,#2720);
#2720 = DEFINITIONAL_REPRESENTATION('',(#2721),#2727);
#2721 = B_SPLINE_CURVE_WITH_KNOTS('',4,(#2722,#2723,#2724,#2725,#2726),
  .UNSPECIFIED.,.F.,.F.,(5,5),(0.,1.),.PIECEWISE_BEZIER_KNOTS.);
#2722 = CARTESIAN_POINT('',(4.0000006,-5.315791462283));
#2723 = CARTESIAN_POINT('',(3.25000015,-5.315791462283));
#2724 = CARTESIAN_POINT('',(2.4999997,-5.315791462283));
#2725 = CARTESIAN_POINT('',(1.74999925,-5.315791462283));
#2726 = CARTESIAN_POINT('',(0.9999988,-5.315791462283));
#2727 = ( GEOMETRIC_REPRESENTATION_CONTEXT(2) 
PARAMETRIC_REPRESENTATION_CONTEXT() REPRESENTATION_CONTEXT('2D SPACE',''
  ) );
#2728 = PCURVE('',#297,#2729);
#2729 = DEFINITIONAL_REPRESENTATION('',(#2730),#2736);
#2730 = B_SPLINE_CURVE_WITH_KNOTS('',4,(#2731,#2732,#2733,#2734,#2735),
  .UNSPECIFIED.,.F.,.F.,(5,5),(0.,1.),.PIECEWISE_BEZIER_KNOTS.);
#2731 = CARTESIAN_POINT('',(3.241760074751,-3.0000006));
#2732 = CARTESIAN_POINT('',(3.241760074751,-2.25000015));
#2733 = CARTESIAN_POINT('',(3.241760074751,-1.4999997));
#2734 = CARTESIAN_POINT('',(3.241760074751,-0.74999925));
#2735 = CARTESIAN_POINT('',(3.241760074751,1.199999999812E-06));
#2736 = ( GEOMETRIC_REPRESENTATION_CONTEXT(2) 
PARAMETRIC_REPRESENTATION_CONTEXT() REPRESENTATION_CONTEXT('2D SPACE',''
  ) );
#2737 = ADVANCED_FACE('',(#2738),#297,.F.);
#2738 = FACE_BOUND('',#2739,.F.);
#2739 = EDGE_LOOP('',(#2740,#2769,#2791,#2792));
#2740 = ORIENTED_EDGE('',*,*,#2741,.F.);
#2741 = EDGE_CURVE('',#2742,#247,#2744,.T.);
#2742 = VERTEX_POINT('',#2743);
#2743 = CARTESIAN_POINT('',(-4.,-62.68420853771,6.));
#2744 = SURFACE_CURVE('',#2745,(#2751,#2760),.PCURVE_S1.);
#2745 = B_SPLINE_CURVE_WITH_KNOTS('',4,(#2746,#2747,#2748,#2749,#2750),
  .UNSPECIFIED.,.F.,.F.,(5,5),(0.,1.),.PIECEWISE_BEZIER_KNOTS.);
#2746 = CARTESIAN_POINT('',(-4.,-62.68420853771,6.0000006));
#2747 = CARTESIAN_POINT('',(-4.,-62.68420853771,5.2500003));
#2748 = CARTESIAN_POINT('',(-4.,-62.68420853771,4.5));
#2749 = CARTESIAN_POINT('',(-4.,-62.68420853771,3.7499997));
#2750 = CARTESIAN_POINT('',(-4.,-62.68420853771,2.9999994));
#2751 = PCURVE('',#297,#2752);
#2752 = DEFINITIONAL_REPRESENTATION('',(#2753),#2759);
#2753 = B_SPLINE_CURVE_WITH_KNOTS('',4,(#2754,#2755,#2756,#2757,#2758),
  .UNSPECIFIED.,.F.,.F.,(5,5),(0.,1.),.PIECEWISE_BEZIER_KNOTS.);
#2754 = CARTESIAN_POINT('',(3.041425232428,-3.0000006));
#2755 = CARTESIAN_POINT('',(3.041425232428,-2.2500003));
#2756 = CARTESIAN_POINT('',(3.041425232428,-1.5));
#2757 = CARTESIAN_POINT('',(3.041425232428,-0.7499997));
#2758 = CARTESIAN_POINT('',(3.041425232428,5.999999999062E-07));
#2759 = ( GEOMETRIC_REPRESENTATION_CONTEXT(2) 
PARAMETRIC_REPRESENTATION_CONTEXT() REPRESENTATION_CONTEXT('2D SPACE',''
  ) );
#2760 = PCURVE('',#266,#2761);
#2761 = DEFINITIONAL_REPRESENTATION('',(#2762),#2768);
#2762 = B_SPLINE_CURVE_WITH_KNOTS('',4,(#2763,#2764,#2765,#2766,#2767),
  .UNSPECIFIED.,.F.,.F.,(5,5),(0.,1.),.PIECEWISE_BEZIER_KNOTS.);
#2763 = CARTESIAN_POINT('',(4.0000006,-5.315791462283));
#2764 = CARTESIAN_POINT('',(3.2500003,-5.315791462283));
#2765 = CARTESIAN_POINT('',(2.5,-5.315791462283));
#2766 = CARTESIAN_POINT('',(1.7499997,-5.315791462283));
#2767 = CARTESIAN_POINT('',(0.9999994,-5.315791462283));
#2768 = ( GEOMETRIC_REPRESENTATION_CONTEXT(2) 
PARAMETRIC_REPRESENTATION_CONTEXT() REPRESENTATION_CONTEXT('2D SPACE',''
  ) );
#2769 = ORIENTED_EDGE('',*,*,#2770,.T.);
#2770 = EDGE_CURVE('',#2742,#2686,#2771,.T.);
#2771 = SURFACE_CURVE('',#2772,(#2777,#2784),.PCURVE_S1.);
#2772 = ELLIPSE('',#2773,63.,40.);
#2773 = AXIS2_PLACEMENT_3D('',#2774,#2775,#2776);
#2774 = CARTESIAN_POINT('',(0.,0.,6.));
#2775 = DIRECTION('',(0.,-0.,1.));
#2776 = DIRECTION('',(1.110223024625E-16,1.,0.));
#2777 = PCURVE('',#297,#2778);
#2778 = DEFINITIONAL_REPRESENTATION('',(#2779),#2783);
#2779 = LINE('',#2780,#2781);
#2780 = CARTESIAN_POINT('',(0.,-3.));
#2781 = VECTOR('',#2782,1.);
#2782 = DIRECTION('',(1.,0.));
#2783 = ( GEOMETRIC_REPRESENTATION_CONTEXT(2) 
PARAMETRIC_REPRESENTATION_CONTEXT() REPRESENTATION_CONTEXT('2D SPACE',''
  ) );
#2784 = PCURVE('',#2700,#2785);
#2785 = DEFINITIONAL_REPRESENTATION('',(#2786),#2790);
#2786 = ELLIPSE('',#2787,63.,40.);
#2787 = AXIS2_PLACEMENT_2D('',#2788,#2789);
#2788 = CARTESIAN_POINT('',(-1.442387578196E-15,-3.651647668861));
#2789 = DIRECTION('',(1.110223024625E-16,1.));
#2790 = ( GEOMETRIC_REPRESENTATION_CONTEXT(2) 
PARAMETRIC_REPRESENTATION_CONTEXT() REPRESENTATION_CONTEXT('2D SPACE',''
  ) );
#2791 = ORIENTED_EDGE('',*,*,#2711,.T.);
#2792 = ORIENTED_EDGE('',*,*,#280,.F.);
#2793 = ADVANCED_FACE('',(#2794),#266,.F.);
#2794 = FACE_BOUND('',#2795,.F.);
#2795 = EDGE_LOOP('',(#2796,#2797,#2820,#2841,#2842,#2871,#2890));
#2796 = ORIENTED_EDGE('',*,*,#246,.T.);
#2797 = ORIENTED_EDGE('',*,*,#2798,.T.);
#2798 = EDGE_CURVE('',#207,#2799,#2801,.T.);
#2799 = VERTEX_POINT('',#2800);
#2800 = CARTESIAN_POINT('',(-4.,-50.,2.));
#2801 = SURFACE_CURVE('',#2802,(#2806,#2813),.PCURVE_S1.);
#2802 = LINE('',#2803,#2804);
#2803 = CARTESIAN_POINT('',(-4.,-68.,2.));
#2804 = VECTOR('',#2805,1.);
#2805 = DIRECTION('',(0.,1.,0.));
#2806 = PCURVE('',#266,#2807);
#2807 = DEFINITIONAL_REPRESENTATION('',(#2808),#2812);
#2808 = LINE('',#2809,#2810);
#2809 = CARTESIAN_POINT('',(0.,0.));
#2810 = VECTOR('',#2811,1.);
#2811 = DIRECTION('',(0.,-1.));
#2812 = ( GEOMETRIC_REPRESENTATION_CONTEXT(2) 
PARAMETRIC_REPRESENTATION_CONTEXT() REPRESENTATION_CONTEXT('2D SPACE',''
  ) );
#2813 = PCURVE('',#230,#2814);
#2814 = DEFINITIONAL_REPRESENTATION('',(#2815),#2819);
#2815 = LINE('',#2816,#2817);
#2816 = CARTESIAN_POINT('',(6.,0.));
#2817 = VECTOR('',#2818,1.);
#2818 = DIRECTION('',(0.,1.));
#2819 = ( GEOMETRIC_REPRESENTATION_CONTEXT(2) 
PARAMETRIC_REPRESENTATION_CONTEXT() REPRESENTATION_CONTEXT('2D SPACE',''
  ) );
#2820 = ORIENTED_EDGE('',*,*,#2821,.T.);
#2821 = EDGE_CURVE('',#2799,#1657,#2822,.T.);
#2822 = SURFACE_CURVE('',#2823,(#2827,#2834),.PCURVE_S1.);
#2823 = LINE('',#2824,#2825);
#2824 = CARTESIAN_POINT('',(-4.,-50.,2.));
#2825 = VECTOR('',#2826,1.);
#2826 = DIRECTION('',(0.,0.,1.));
#2827 = PCURVE('',#266,#2828);
#2828 = DEFINITIONAL_REPRESENTATION('',(#2829),#2833);
#2829 = LINE('',#2830,#2831);
#2830 = CARTESIAN_POINT('',(0.,-18.));
#2831 = VECTOR('',#2832,1.);
#2832 = DIRECTION('',(1.,0.));
#2833 = ( GEOMETRIC_REPRESENTATION_CONTEXT(2) 
PARAMETRIC_REPRESENTATION_CONTEXT() REPRESENTATION_CONTEXT('2D SPACE',''
  ) );
#2834 = PCURVE('',#1672,#2835);
#2835 = DEFINITIONAL_REPRESENTATION('',(#2836),#2840);
#2836 = LINE('',#2837,#2838);
#2837 = CARTESIAN_POINT('',(0.,6.));
#2838 = VECTOR('',#2839,1.);
#2839 = DIRECTION('',(1.,0.));
#2840 = ( GEOMETRIC_REPRESENTATION_CONTEXT(2) 
PARAMETRIC_REPRESENTATION_CONTEXT() REPRESENTATION_CONTEXT('2D SPACE',''
  ) );
#2841 = ORIENTED_EDGE('',*,*,#1683,.F.);
#2842 = ORIENTED_EDGE('',*,*,#2843,.F.);
#2843 = EDGE_CURVE('',#2844,#1684,#2846,.T.);
#2844 = VERTEX_POINT('',#2845);
#2845 = CARTESIAN_POINT('',(-4.,-60.66110848901,6.));
#2846 = SURFACE_CURVE('',#2847,(#2853,#2862),.PCURVE_S1.);
#2847 = B_SPLINE_CURVE_WITH_KNOTS('',4,(#2848,#2849,#2850,#2851,#2852),
  .UNSPECIFIED.,.F.,.F.,(5,5),(0.,1.),.PIECEWISE_BEZIER_KNOTS.);
#2848 = CARTESIAN_POINT('',(-4.,-60.6611084889,6.0000018));
#2849 = CARTESIAN_POINT('',(-4.,-60.6611084889,5.2500012));
#2850 = CARTESIAN_POINT('',(-4.,-60.6611084889,4.5000006));
#2851 = CARTESIAN_POINT('',(-4.,-60.6611084889,3.75));
#2852 = CARTESIAN_POINT('',(-4.,-60.6611084889,2.9999994));
#2853 = PCURVE('',#266,#2854);
#2854 = DEFINITIONAL_REPRESENTATION('',(#2855),#2861);
#2855 = B_SPLINE_CURVE_WITH_KNOTS('',4,(#2856,#2857,#2858,#2859,#2860),
  .UNSPECIFIED.,.F.,.F.,(5,5),(0.,1.),.PIECEWISE_BEZIER_KNOTS.);
#2856 = CARTESIAN_POINT('',(4.0000018,-7.338891511097));
#2857 = CARTESIAN_POINT('',(3.2500012,-7.338891511097));
#2858 = CARTESIAN_POINT('',(2.5000006,-7.338891511097));
#2859 = CARTESIAN_POINT('',(1.75,-7.338891511097));
#2860 = CARTESIAN_POINT('',(0.9999994,-7.338891511097));
#2861 = ( GEOMETRIC_REPRESENTATION_CONTEXT(2) 
PARAMETRIC_REPRESENTATION_CONTEXT() REPRESENTATION_CONTEXT('2D SPACE',''
  ) );
#2862 = PCURVE('',#1722,#2863);
#2863 = DEFINITIONAL_REPRESENTATION('',(#2864),#2870);
#2864 = B_SPLINE_CURVE_WITH_KNOTS('',4,(#2865,#2866,#2867,#2868,#2869),
  .UNSPECIFIED.,.F.,.F.,(5,5),(0.,1.),.PIECEWISE_BEZIER_KNOTS.);
#2865 = CARTESIAN_POINT('',(3.03613412819,-3.0000018));
#2866 = CARTESIAN_POINT('',(3.03613412819,-2.2500012));
#2867 = CARTESIAN_POINT('',(3.03613412819,-1.5000006));
#2868 = CARTESIAN_POINT('',(3.03613412819,-0.75));
#2869 = CARTESIAN_POINT('',(3.03613412819,5.999999999062E-07));
#2870 = ( GEOMETRIC_REPRESENTATION_CONTEXT(2) 
PARAMETRIC_REPRESENTATION_CONTEXT() REPRESENTATION_CONTEXT('2D SPACE',''
  ) );
#2871 = ORIENTED_EDGE('',*,*,#2872,.F.);
#2872 = EDGE_CURVE('',#2742,#2844,#2873,.T.);
#2873 = SURFACE_CURVE('',#2874,(#2878,#2884),.PCURVE_S1.);
#2874 = LINE('',#2875,#2876);
#2875 = CARTESIAN_POINT('',(-4.,-32.17417616557,6.));
#2876 = VECTOR('',#2877,1.);
#2877 = DIRECTION('',(0.,1.,0.));
#2878 = PCURVE('',#266,#2879);
#2879 = DEFINITIONAL_REPRESENTATION('',(#2880),#2883);
#2880 = B_SPLINE_CURVE_WITH_KNOTS('',1,(#2881,#2882),.UNSPECIFIED.,.F.,
  .F.,(2,2),(-30.82582383443,-17.82582383443),.PIECEWISE_BEZIER_KNOTS.);
#2881 = CARTESIAN_POINT('',(4.,-5.));
#2882 = CARTESIAN_POINT('',(4.,-18.));
#2883 = ( GEOMETRIC_REPRESENTATION_CONTEXT(2) 
PARAMETRIC_REPRESENTATION_CONTEXT() REPRESENTATION_CONTEXT('2D SPACE',''
  ) );
#2884 = PCURVE('',#2700,#2885);
#2885 = DEFINITIONAL_REPRESENTATION('',(#2886),#2889);
#2886 = B_SPLINE_CURVE_WITH_KNOTS('',1,(#2887,#2888),.UNSPECIFIED.,.F.,
  .F.,(2,2),(-30.82582383443,-17.82582383443),.PIECEWISE_BEZIER_KNOTS.);
#2887 = CARTESIAN_POINT('',(-4.,-66.65164766886));
#2888 = CARTESIAN_POINT('',(-4.,-53.65164766886));
#2889 = ( GEOMETRIC_REPRESENTATION_CONTEXT(2) 
PARAMETRIC_REPRESENTATION_CONTEXT() REPRESENTATION_CONTEXT('2D SPACE',''
  ) );
#2890 = ORIENTED_EDGE('',*,*,#2741,.T.);
#2891 = ADVANCED_FACE('',(#2892),#230,.T.);
#2892 = FACE_BOUND('',#2893,.T.);
#2893 = EDGE_LOOP('',(#2894,#2917,#2918,#2919));
#2894 = ORIENTED_EDGE('',*,*,#2895,.F.);
#2895 = EDGE_CURVE('',#173,#2896,#2898,.T.);
#2896 = VERTEX_POINT('',#2897);
#2897 = CARTESIAN_POINT('',(-10.,-50.,2.));
#2898 = SURFACE_CURVE('',#2899,(#2903,#2910),.PCURVE_S1.);
#2899 = LINE('',#2900,#2901);
#2900 = CARTESIAN_POINT('',(-10.,-68.,2.));
#2901 = VECTOR('',#2902,1.);
#2902 = DIRECTION('',(0.,1.,0.));
#2903 = PCURVE('',#230,#2904);
#2904 = DEFINITIONAL_REPRESENTATION('',(#2905),#2909);
#2905 = LINE('',#2906,#2907);
#2906 = CARTESIAN_POINT('',(0.,0.));
#2907 = VECTOR('',#2908,1.);
#2908 = DIRECTION('',(0.,1.));
#2909 = ( GEOMETRIC_REPRESENTATION_CONTEXT(2) 
PARAMETRIC_REPRESENTATION_CONTEXT() REPRESENTATION_CONTEXT('2D SPACE',''
  ) );
#2910 = PCURVE('',#192,#2911);
#2911 = DEFINITIONAL_REPRESENTATION('',(#2912),#2916);
#2912 = LINE('',#2913,#2914);
#2913 = CARTESIAN_POINT('',(0.,0.));
#2914 = VECTOR('',#2915,1.);
#2915 = DIRECTION('',(0.,-1.));
#2916 = ( GEOMETRIC_REPRESENTATION_CONTEXT(2) 
PARAMETRIC_REPRESENTATION_CONTEXT() REPRESENTATION_CONTEXT('2D SPACE',''
  ) );
#2917 = ORIENTED_EDGE('',*,*,#206,.F.);
#2918 = ORIENTED_EDGE('',*,*,#2798,.T.);
#2919 = ORIENTED_EDGE('',*,*,#2920,.F.);
#2920 = EDGE_CURVE('',#2896,#2799,#2921,.T.);
#2921 = SURFACE_CURVE('',#2922,(#2926,#2933),.PCURVE_S1.);
#2922 = LINE('',#2923,#2924);
#2923 = CARTESIAN_POINT('',(-10.,-50.,2.));
#2924 = VECTOR('',#2925,1.);
#2925 = DIRECTION('',(1.,0.,0.));
#2926 = PCURVE('',#230,#2927);
#2927 = DEFINITIONAL_REPRESENTATION('',(#2928),#2932);
#2928 = LINE('',#2929,#2930);
#2929 = CARTESIAN_POINT('',(0.,18.));
#2930 = VECTOR('',#2931,1.);
#2931 = DIRECTION('',(1.,0.));
#2932 = ( GEOMETRIC_REPRESENTATION_CONTEXT(2) 
PARAMETRIC_REPRESENTATION_CONTEXT() REPRESENTATION_CONTEXT('2D SPACE',''
  ) );
#2933 = PCURVE('',#1672,#2934);
#2934 = DEFINITIONAL_REPRESENTATION('',(#2935),#2939);
#2935 = LINE('',#2936,#2937);
#2936 = CARTESIAN_POINT('',(0.,0.));
#2937 = VECTOR('',#2938,1.);
#2938 = DIRECTION('',(0.,1.));
#2939 = ( GEOMETRIC_REPRESENTATION_CONTEXT(2) 
PARAMETRIC_REPRESENTATION_CONTEXT() REPRESENTATION_CONTEXT('2D SPACE',''
  ) );
#2940 = ADVANCED_FACE('',(#2941),#192,.T.);
#2941 = FACE_BOUND('',#2942,.T.);
#2942 = EDGE_LOOP('',(#2943,#2944,#2945,#2966,#2967,#2996,#3022));
#2943 = ORIENTED_EDGE('',*,*,#172,.T.);
#2944 = ORIENTED_EDGE('',*,*,#2895,.T.);
#2945 = ORIENTED_EDGE('',*,*,#2946,.T.);
#2946 = EDGE_CURVE('',#2896,#1635,#2947,.T.);
#2947 = SURFACE_CURVE('',#2948,(#2952,#2959),.PCURVE_S1.);
#2948 = LINE('',#2949,#2950);
#2949 = CARTESIAN_POINT('',(-10.,-50.,2.));
#2950 = VECTOR('',#2951,1.);
#2951 = DIRECTION('',(0.,0.,1.));
#2952 = PCURVE('',#192,#2953);
#2953 = DEFINITIONAL_REPRESENTATION('',(#2954),#2958);
#2954 = LINE('',#2955,#2956);
#2955 = CARTESIAN_POINT('',(0.,-18.));
#2956 = VECTOR('',#2957,1.);
#2957 = DIRECTION('',(1.,0.));
#2958 = ( GEOMETRIC_REPRESENTATION_CONTEXT(2) 
PARAMETRIC_REPRESENTATION_CONTEXT() REPRESENTATION_CONTEXT('2D SPACE',''
  ) );
#2959 = PCURVE('',#1672,#2960);
#2960 = DEFINITIONAL_REPRESENTATION('',(#2961),#2965);
#2961 = LINE('',#2962,#2963);
#2962 = CARTESIAN_POINT('',(0.,0.));
#2963 = VECTOR('',#2964,1.);
#2964 = DIRECTION('',(1.,0.));
#2965 = ( GEOMETRIC_REPRESENTATION_CONTEXT(2) 
PARAMETRIC_REPRESENTATION_CONTEXT() REPRESENTATION_CONTEXT('2D SPACE',''
  ) );
#2966 = ORIENTED_EDGE('',*,*,#1634,.F.);
#2967 = ORIENTED_EDGE('',*,*,#2968,.F.);
#2968 = EDGE_CURVE('',#2969,#1604,#2971,.T.);
#2969 = VERTEX_POINT('',#2970);
#2970 = CARTESIAN_POINT('',(-10.,-58.84991945822,6.));
#2971 = SURFACE_CURVE('',#2972,(#2978,#2987),.PCURVE_S1.);
#2972 = B_SPLINE_CURVE_WITH_KNOTS('',4,(#2973,#2974,#2975,#2976,#2977),
  .UNSPECIFIED.,.F.,.F.,(5,5),(0.,1.),.PIECEWISE_BEZIER_KNOTS.);
#2973 = CARTESIAN_POINT('',(-10.,-58.84991945101,6.0000018));
#2974 = CARTESIAN_POINT('',(-10.,-58.84991945101,5.2500012));
#2975 = CARTESIAN_POINT('',(-10.,-58.84991945101,4.5000006));
#2976 = CARTESIAN_POINT('',(-10.,-58.84991945101,3.75));
#2977 = CARTESIAN_POINT('',(-10.,-58.84991945101,2.9999994));
#2978 = PCURVE('',#192,#2979);
#2979 = DEFINITIONAL_REPRESENTATION('',(#2980),#2986);
#2980 = B_SPLINE_CURVE_WITH_KNOTS('',4,(#2981,#2982,#2983,#2984,#2985),
  .UNSPECIFIED.,.F.,.F.,(5,5),(0.,1.),.PIECEWISE_BEZIER_KNOTS.);
#2981 = CARTESIAN_POINT('',(4.0000018,-9.150080548988));
#2982 = CARTESIAN_POINT('',(3.2500012,-9.150080548988));
#2983 = CARTESIAN_POINT('',(2.5000006,-9.150080548988));
#2984 = CARTESIAN_POINT('',(1.75,-9.150080548988));
#2985 = CARTESIAN_POINT('',(0.9999994,-9.150080548988));
#2986 = ( GEOMETRIC_REPRESENTATION_CONTEXT(2) 
PARAMETRIC_REPRESENTATION_CONTEXT() REPRESENTATION_CONTEXT('2D SPACE',''
  ) );
#2987 = PCURVE('',#1620,#2988);
#2988 = DEFINITIONAL_REPRESENTATION('',(#2989),#2995);
#2989 = B_SPLINE_CURVE_WITH_KNOTS('',4,(#2990,#2991,#2992,#2993,#2994),
  .UNSPECIFIED.,.F.,.F.,(5,5),(0.,1.),.PIECEWISE_BEZIER_KNOTS.);
#2990 = CARTESIAN_POINT('',(2.875298636472,-3.0000018));
#2991 = CARTESIAN_POINT('',(2.875298636472,-2.2500012));
#2992 = CARTESIAN_POINT('',(2.875298636472,-1.5000006));
#2993 = CARTESIAN_POINT('',(2.875298636472,-0.75));
#2994 = CARTESIAN_POINT('',(2.875298636472,5.999999999062E-07));
#2995 = ( GEOMETRIC_REPRESENTATION_CONTEXT(2) 
PARAMETRIC_REPRESENTATION_CONTEXT() REPRESENTATION_CONTEXT('2D SPACE',''
  ) );
#2996 = ORIENTED_EDGE('',*,*,#2997,.F.);
#2997 = EDGE_CURVE('',#2998,#2969,#3000,.T.);
#2998 = VERTEX_POINT('',#2999);
#2999 = CARTESIAN_POINT('',(-10.,-60.99948770276,6.));
#3000 = SURFACE_CURVE('',#3001,(#3005,#3011),.PCURVE_S1.);
#3001 = LINE('',#3002,#3003);
#3002 = CARTESIAN_POINT('',(-10.,-32.17417616557,6.));
#3003 = VECTOR('',#3004,1.);
#3004 = DIRECTION('',(0.,1.,0.));
#3005 = PCURVE('',#192,#3006);
#3006 = DEFINITIONAL_REPRESENTATION('',(#3007),#3010);
#3007 = B_SPLINE_CURVE_WITH_KNOTS('',1,(#3008,#3009),.UNSPECIFIED.,.F.,
  .F.,(2,2),(-30.82582383443,-17.82582383443),.PIECEWISE_BEZIER_KNOTS.);
#3008 = CARTESIAN_POINT('',(4.,-5.));
#3009 = CARTESIAN_POINT('',(4.,-18.));
#3010 = ( GEOMETRIC_REPRESENTATION_CONTEXT(2) 
PARAMETRIC_REPRESENTATION_CONTEXT() REPRESENTATION_CONTEXT('2D SPACE',''
  ) );
#3011 = PCURVE('',#3012,#3017);
#3012 = PLANE('',#3013);
#3013 = AXIS2_PLACEMENT_3D('',#3014,#3015,#3016);
#3014 = CARTESIAN_POINT('',(1.442387578196E-15,3.651647668861,6.));
#3015 = DIRECTION('',(0.,0.,1.));
#3016 = DIRECTION('',(1.,0.,-0.));
#3017 = DEFINITIONAL_REPRESENTATION('',(#3018),#3021);
#3018 = B_SPLINE_CURVE_WITH_KNOTS('',1,(#3019,#3020),.UNSPECIFIED.,.F.,
  .F.,(2,2),(-30.82582383443,-17.82582383443),.PIECEWISE_BEZIER_KNOTS.);
#3019 = CARTESIAN_POINT('',(-10.,-66.65164766886));
#3020 = CARTESIAN_POINT('',(-10.,-53.65164766886));
#3021 = ( GEOMETRIC_REPRESENTATION_CONTEXT(2) 
PARAMETRIC_REPRESENTATION_CONTEXT() REPRESENTATION_CONTEXT('2D SPACE',''
  ) );
#3022 = ORIENTED_EDGE('',*,*,#3023,.T.);
#3023 = EDGE_CURVE('',#2998,#142,#3024,.T.);
#3024 = SURFACE_CURVE('',#3025,(#3031,#3040),.PCURVE_S1.);
#3025 = B_SPLINE_CURVE_WITH_KNOTS('',4,(#3026,#3027,#3028,#3029,#3030),
  .UNSPECIFIED.,.F.,.F.,(5,5),(0.,1.),.PIECEWISE_BEZIER_KNOTS.);
#3026 = CARTESIAN_POINT('',(-10.,-60.99948770276,6.0000006));
#3027 = CARTESIAN_POINT('',(-10.,-60.99948770276,5.2500003));
#3028 = CARTESIAN_POINT('',(-10.,-60.99948770276,4.5));
#3029 = CARTESIAN_POINT('',(-10.,-60.99948770276,3.7499997));
#3030 = CARTESIAN_POINT('',(-10.,-60.99948770276,2.9999994));
#3031 = PCURVE('',#192,#3032);
#3032 = DEFINITIONAL_REPRESENTATION('',(#3033),#3039);
#3033 = B_SPLINE_CURVE_WITH_KNOTS('',4,(#3034,#3035,#3036,#3037,#3038),
  .UNSPECIFIED.,.F.,.F.,(5,5),(0.,1.),.PIECEWISE_BEZIER_KNOTS.);
#3034 = CARTESIAN_POINT('',(4.0000006,-7.000512297233));
#3035 = CARTESIAN_POINT('',(3.2500003,-7.000512297233));
#3036 = CARTESIAN_POINT('',(2.5,-7.000512297233));
#3037 = CARTESIAN_POINT('',(1.7499997,-7.000512297233));
#3038 = CARTESIAN_POINT('',(0.9999994,-7.000512297233));
#3039 = ( GEOMETRIC_REPRESENTATION_CONTEXT(2) 
PARAMETRIC_REPRESENTATION_CONTEXT() REPRESENTATION_CONTEXT('2D SPACE',''
  ) );
#3040 = PCURVE('',#158,#3041);
#3041 = DEFINITIONAL_REPRESENTATION('',(#3042),#3048);
#3042 = B_SPLINE_CURVE_WITH_KNOTS('',4,(#3043,#3044,#3045,#3046,#3047),
  .UNSPECIFIED.,.F.,.F.,(5,5),(0.,1.),.PIECEWISE_BEZIER_KNOTS.);
#3043 = CARTESIAN_POINT('',(2.888912398448,-3.0000006));
#3044 = CARTESIAN_POINT('',(2.888912398448,-2.2500003));
#3045 = CARTESIAN_POINT('',(2.888912398448,-1.5));
#3046 = CARTESIAN_POINT('',(2.888912398448,-0.7499997));
#3047 = CARTESIAN_POINT('',(2.888912398448,5.999999999062E-07));
#3048 = ( GEOMETRIC_REPRESENTATION_CONTEXT(2) 
PARAMETRIC_REPRESENTATION_CONTEXT() REPRESENTATION_CONTEXT('2D SPACE',''
  ) );
#3049 = ADVANCED_FACE('',(#3050),#158,.F.);
#3050 = FACE_BOUND('',#3051,.F.);
#3051 = EDGE_LOOP('',(#3052,#3081,#3103,#3104));
#3052 = ORIENTED_EDGE('',*,*,#3053,.F.);
#3053 = EDGE_CURVE('',#3054,#113,#3056,.T.);
#3054 = VERTEX_POINT('',#3055);
#3055 = CARTESIAN_POINT('',(-26.11917413811,47.714669641261,6.));
#3056 = SURFACE_CURVE('',#3057,(#3063,#3072),.PCURVE_S1.);
#3057 = B_SPLINE_CURVE_WITH_KNOTS('',4,(#3058,#3059,#3060,#3061,#3062),
  .UNSPECIFIED.,.F.,.F.,(5,5),(0.,1.),.PIECEWISE_BEZIER_KNOTS.);
#3058 = CARTESIAN_POINT('',(-26.11917413811,47.714669641261,6.0000006));
#3059 = CARTESIAN_POINT('',(-26.11917413811,47.714669641261,5.2500003));
#3060 = CARTESIAN_POINT('',(-26.11917413811,47.714669641261,4.5));
#3061 = CARTESIAN_POINT('',(-26.11917413811,47.714669641261,3.7499997));
#3062 = CARTESIAN_POINT('',(-26.11917413811,47.714669641261,2.9999994));
#3063 = PCURVE('',#158,#3064);
#3064 = DEFINITIONAL_REPRESENTATION('',(#3065),#3071);
#3065 = B_SPLINE_CURVE_WITH_KNOTS('',4,(#3066,#3067,#3068,#3069,#3070),
  .UNSPECIFIED.,.F.,.F.,(5,5),(0.,1.),.PIECEWISE_BEZIER_KNOTS.);
#3066 = CARTESIAN_POINT('',(0.711511583832,-3.0000006));
#3067 = CARTESIAN_POINT('',(0.711511583832,-2.2500003));
#3068 = CARTESIAN_POINT('',(0.711511583832,-1.5));
#3069 = CARTESIAN_POINT('',(0.711511583832,-0.7499997));
#3070 = CARTESIAN_POINT('',(0.711511583832,5.999999999062E-07));
#3071 = ( GEOMETRIC_REPRESENTATION_CONTEXT(2) 
PARAMETRIC_REPRESENTATION_CONTEXT() REPRESENTATION_CONTEXT('2D SPACE',''
  ) );
#3072 = PCURVE('',#1281,#3073);
#3073 = DEFINITIONAL_REPRESENTATION('',(#3074),#3080);
#3074 = B_SPLINE_CURVE_WITH_KNOTS('',4,(#3075,#3076,#3077,#3078,#3079),
  .UNSPECIFIED.,.F.,.F.,(5,5),(0.,1.),.PIECEWISE_BEZIER_KNOTS.);
#3075 = CARTESIAN_POINT('',(-2.91635885359,-3.0000006));
#3076 = CARTESIAN_POINT('',(-2.91635885359,-2.2500003));
#3077 = CARTESIAN_POINT('',(-2.91635885359,-1.5));
#3078 = CARTESIAN_POINT('',(-2.91635885359,-0.7499997));
#3079 = CARTESIAN_POINT('',(-2.91635885359,5.999999999062E-07));
#3080 = ( GEOMETRIC_REPRESENTATION_CONTEXT(2) 
PARAMETRIC_REPRESENTATION_CONTEXT() REPRESENTATION_CONTEXT('2D SPACE',''
  ) );
#3081 = ORIENTED_EDGE('',*,*,#3082,.T.);
#3082 = EDGE_CURVE('',#3054,#2998,#3083,.T.);
#3083 = SURFACE_CURVE('',#3084,(#3089,#3096),.PCURVE_S1.);
#3084 = ELLIPSE('',#3085,63.,40.);
#3085 = AXIS2_PLACEMENT_3D('',#3086,#3087,#3088);
#3086 = CARTESIAN_POINT('',(0.,0.,6.));
#3087 = DIRECTION('',(0.,-0.,1.));
#3088 = DIRECTION('',(1.110223024625E-16,1.,0.));
#3089 = PCURVE('',#158,#3090);
#3090 = DEFINITIONAL_REPRESENTATION('',(#3091),#3095);
#3091 = LINE('',#3092,#3093);
#3092 = CARTESIAN_POINT('',(0.,-3.));
#3093 = VECTOR('',#3094,1.);
#3094 = DIRECTION('',(1.,0.));
#3095 = ( GEOMETRIC_REPRESENTATION_CONTEXT(2) 
PARAMETRIC_REPRESENTATION_CONTEXT() REPRESENTATION_CONTEXT('2D SPACE',''
  ) );
#3096 = PCURVE('',#3012,#3097);
#3097 = DEFINITIONAL_REPRESENTATION('',(#3098),#3102);
#3098 = ELLIPSE('',#3099,63.,40.);
#3099 = AXIS2_PLACEMENT_2D('',#3100,#3101);
#3100 = CARTESIAN_POINT('',(-1.442387578196E-15,-3.651647668861));
#3101 = DIRECTION('',(1.110223024625E-16,1.));
#3102 = ( GEOMETRIC_REPRESENTATION_CONTEXT(2) 
PARAMETRIC_REPRESENTATION_CONTEXT() REPRESENTATION_CONTEXT('2D SPACE',''
  ) );
#3103 = ORIENTED_EDGE('',*,*,#3023,.T.);
#3104 = ORIENTED_EDGE('',*,*,#141,.F.);
#3105 = ADVANCED_FACE('',(#3106),#129,.F.);
#3106 = FACE_BOUND('',#3107,.F.);
#3107 = EDGE_LOOP('',(#3108,#3109));
#3108 = ORIENTED_EDGE('',*,*,#112,.F.);
#3109 = ORIENTED_EDGE('',*,*,#3110,.T.);
#3110 = EDGE_CURVE('',#82,#113,#3111,.T.);
#3111 = SURFACE_CURVE('',#3112,(#3117,#3124),.PCURVE_S1.);
#3112 = CIRCLE('',#3113,3.2);
#3113 = AXIS2_PLACEMENT_3D('',#3114,#3115,#3116);
#3114 = CARTESIAN_POINT('',(-23.,47.,3.));
#3115 = DIRECTION('',(0.,0.,1.));
#3116 = DIRECTION('',(1.,0.,0.));
#3117 = PCURVE('',#129,#3118);
#3118 = DEFINITIONAL_REPRESENTATION('',(#3119),#3123);
#3119 = CIRCLE('',#3120,3.2);
#3120 = AXIS2_PLACEMENT_2D('',#3121,#3122);
#3121 = CARTESIAN_POINT('',(0.,7.105427357601E-15));
#3122 = DIRECTION('',(1.,0.));
#3123 = ( GEOMETRIC_REPRESENTATION_CONTEXT(2) 
PARAMETRIC_REPRESENTATION_CONTEXT() REPRESENTATION_CONTEXT('2D SPACE',''
  ) );
#3124 = PCURVE('',#1281,#3125);
#3125 = DEFINITIONAL_REPRESENTATION('',(#3126),#3130);
#3126 = LINE('',#3127,#3128);
#3127 = CARTESIAN_POINT('',(-0.,0.));
#3128 = VECTOR('',#3129,1.);
#3129 = DIRECTION('',(-1.,0.));
#3130 = ( GEOMETRIC_REPRESENTATION_CONTEXT(2) 
PARAMETRIC_REPRESENTATION_CONTEXT() REPRESENTATION_CONTEXT('2D SPACE',''
  ) );
#3131 = ADVANCED_FACE('',(#3132),#608,.F.);
#3132 = FACE_BOUND('',#3133,.F.);
#3133 = EDGE_LOOP('',(#3134,#3135,#3158,#3184));
#3134 = ORIENTED_EDGE('',*,*,#591,.T.);
#3135 = ORIENTED_EDGE('',*,*,#3136,.T.);
#3136 = EDGE_CURVE('',#594,#3137,#3139,.T.);
#3137 = VERTEX_POINT('',#3138);
#3138 = CARTESIAN_POINT('',(-20.15,-27.35,6.));
#3139 = SURFACE_CURVE('',#3140,(#3144,#3151),.PCURVE_S1.);
#3140 = LINE('',#3141,#3142);
#3141 = CARTESIAN_POINT('',(-20.15,-27.35,-1.));
#3142 = VECTOR('',#3143,1.);
#3143 = DIRECTION('',(0.,0.,1.));
#3144 = PCURVE('',#608,#3145);
#3145 = DEFINITIONAL_REPRESENTATION('',(#3146),#3150);
#3146 = LINE('',#3147,#3148);
#3147 = CARTESIAN_POINT('',(0.,0.));
#3148 = VECTOR('',#3149,1.);
#3149 = DIRECTION('',(0.,-1.));
#3150 = ( GEOMETRIC_REPRESENTATION_CONTEXT(2) 
PARAMETRIC_REPRESENTATION_CONTEXT() REPRESENTATION_CONTEXT('2D SPACE',''
  ) );
#3151 = PCURVE('',#697,#3152);
#3152 = DEFINITIONAL_REPRESENTATION('',(#3153),#3157);
#3153 = LINE('',#3154,#3155);
#3154 = CARTESIAN_POINT('',(3.14159265359,0.));
#3155 = VECTOR('',#3156,1.);
#3156 = DIRECTION('',(0.,-1.));
#3157 = ( GEOMETRIC_REPRESENTATION_CONTEXT(2) 
PARAMETRIC_REPRESENTATION_CONTEXT() REPRESENTATION_CONTEXT('2D SPACE',''
  ) );
#3158 = ORIENTED_EDGE('',*,*,#3159,.F.);
#3159 = EDGE_CURVE('',#3160,#3137,#3162,.T.);
#3160 = VERTEX_POINT('',#3161);
#3161 = CARTESIAN_POINT('',(-20.15,-22.65,6.));
#3162 = SURFACE_CURVE('',#3163,(#3167,#3173),.PCURVE_S1.);
#3163 = LINE('',#3164,#3165);
#3164 = CARTESIAN_POINT('',(-20.15,-26.175,6.));
#3165 = VECTOR('',#3166,1.);
#3166 = DIRECTION('',(-1.110223024625E-16,-1.,0.));
#3167 = PCURVE('',#608,#3168);
#3168 = DEFINITIONAL_REPRESENTATION('',(#3169),#3172);
#3169 = B_SPLINE_CURVE_WITH_KNOTS('',1,(#3170,#3171),.UNSPECIFIED.,.F.,
  .F.,(2,2),(-3.525,1.175),.PIECEWISE_BEZIER_KNOTS.);
#3170 = CARTESIAN_POINT('',(4.7,-7.));
#3171 = CARTESIAN_POINT('',(0.,-7.));
#3172 = ( GEOMETRIC_REPRESENTATION_CONTEXT(2) 
PARAMETRIC_REPRESENTATION_CONTEXT() REPRESENTATION_CONTEXT('2D SPACE',''
  ) );
#3173 = PCURVE('',#3174,#3179);
#3174 = PLANE('',#3175);
#3175 = AXIS2_PLACEMENT_3D('',#3176,#3177,#3178);
#3176 = CARTESIAN_POINT('',(-19.,-25.,6.));
#3177 = DIRECTION('',(0.,0.,1.));
#3178 = DIRECTION('',(1.,0.,-0.));
#3179 = DEFINITIONAL_REPRESENTATION('',(#3180),#3183);
#3180 = B_SPLINE_CURVE_WITH_KNOTS('',1,(#3181,#3182),.UNSPECIFIED.,.F.,
  .F.,(2,2),(-3.525,1.175),.PIECEWISE_BEZIER_KNOTS.);
#3181 = CARTESIAN_POINT('',(-1.15,2.35));
#3182 = CARTESIAN_POINT('',(-1.15,-2.35));
#3183 = ( GEOMETRIC_REPRESENTATION_CONTEXT(2) 
PARAMETRIC_REPRESENTATION_CONTEXT() REPRESENTATION_CONTEXT('2D SPACE',''
  ) );
#3184 = ORIENTED_EDGE('',*,*,#3185,.F.);
#3185 = EDGE_CURVE('',#592,#3160,#3186,.T.);
#3186 = SURFACE_CURVE('',#3187,(#3191,#3198),.PCURVE_S1.);
#3187 = LINE('',#3188,#3189);
#3188 = CARTESIAN_POINT('',(-20.15,-22.65,-1.));
#3189 = VECTOR('',#3190,1.);
#3190 = DIRECTION('',(0.,0.,1.));
#3191 = PCURVE('',#608,#3192);
#3192 = DEFINITIONAL_REPRESENTATION('',(#3193),#3197);
#3193 = LINE('',#3194,#3195);
#3194 = CARTESIAN_POINT('',(4.7,0.));
#3195 = VECTOR('',#3196,1.);
#3196 = DIRECTION('',(0.,-1.));
#3197 = ( GEOMETRIC_REPRESENTATION_CONTEXT(2) 
PARAMETRIC_REPRESENTATION_CONTEXT() REPRESENTATION_CONTEXT('2D SPACE',''
  ) );
#3198 = PCURVE('',#640,#3199);
#3199 = DEFINITIONAL_REPRESENTATION('',(#3200),#3204);
#3200 = LINE('',#3201,#3202);
#3201 = CARTESIAN_POINT('',(0.,0.));
#3202 = VECTOR('',#3203,1.);
#3203 = DIRECTION('',(0.,-1.));
#3204 = ( GEOMETRIC_REPRESENTATION_CONTEXT(2) 
PARAMETRIC_REPRESENTATION_CONTEXT() REPRESENTATION_CONTEXT('2D SPACE',''
  ) );
#3205 = ADVANCED_FACE('',(#3206),#640,.F.);
#3206 = FACE_BOUND('',#3207,.F.);
#3207 = EDGE_LOOP('',(#3208,#3209,#3210,#3238));
#3208 = ORIENTED_EDGE('',*,*,#619,.F.);
#3209 = ORIENTED_EDGE('',*,*,#3185,.T.);
#3210 = ORIENTED_EDGE('',*,*,#3211,.T.);
#3211 = EDGE_CURVE('',#3160,#3212,#3214,.T.);
#3212 = VERTEX_POINT('',#3213);
#3213 = CARTESIAN_POINT('',(-17.85,-22.65,6.));
#3214 = SURFACE_CURVE('',#3215,(#3220,#3227),.PCURVE_S1.);
#3215 = CIRCLE('',#3216,1.15);
#3216 = AXIS2_PLACEMENT_3D('',#3217,#3218,#3219);
#3217 = CARTESIAN_POINT('',(-19.,-22.65,6.));
#3218 = DIRECTION('',(0.,0.,-1.));
#3219 = DIRECTION('',(-1.,4.971868327669E-16,0.));
#3220 = PCURVE('',#640,#3221);
#3221 = DEFINITIONAL_REPRESENTATION('',(#3222),#3226);
#3222 = LINE('',#3223,#3224);
#3223 = CARTESIAN_POINT('',(0.,-7.));
#3224 = VECTOR('',#3225,1.);
#3225 = DIRECTION('',(1.,0.));
#3226 = ( GEOMETRIC_REPRESENTATION_CONTEXT(2) 
PARAMETRIC_REPRESENTATION_CONTEXT() REPRESENTATION_CONTEXT('2D SPACE',''
  ) );
#3227 = PCURVE('',#3174,#3228);
#3228 = DEFINITIONAL_REPRESENTATION('',(#3229),#3237);
#3229 = ( BOUNDED_CURVE() B_SPLINE_CURVE(2,(#3230,#3231,#3232,#3233,
#3234,#3235,#3236),.UNSPECIFIED.,.T.,.F.) B_SPLINE_CURVE_WITH_KNOTS((1,2
    ,2,2,2,1),(-2.094395102393,0.,2.094395102393,4.188790204786,
6.28318530718,8.377580409573),.UNSPECIFIED.) CURVE() 
GEOMETRIC_REPRESENTATION_ITEM() RATIONAL_B_SPLINE_CURVE((1.,0.5,1.,0.5,
1.,0.5,1.)) REPRESENTATION_ITEM('') );
#3230 = CARTESIAN_POINT('',(-1.15,2.35));
#3231 = CARTESIAN_POINT('',(-1.15,4.341858428704));
#3232 = CARTESIAN_POINT('',(0.575,3.345929214352));
#3233 = CARTESIAN_POINT('',(2.3,2.35));
#3234 = CARTESIAN_POINT('',(0.575,1.354070785648));
#3235 = CARTESIAN_POINT('',(-1.15,0.358141571296));
#3236 = CARTESIAN_POINT('',(-1.15,2.35));
#3237 = ( GEOMETRIC_REPRESENTATION_CONTEXT(2) 
PARAMETRIC_REPRESENTATION_CONTEXT() REPRESENTATION_CONTEXT('2D SPACE',''
  ) );
#3238 = ORIENTED_EDGE('',*,*,#3239,.F.);
#3239 = EDGE_CURVE('',#620,#3212,#3240,.T.);
#3240 = SURFACE_CURVE('',#3241,(#3245,#3252),.PCURVE_S1.);
#3241 = LINE('',#3242,#3243);
#3242 = CARTESIAN_POINT('',(-17.85,-22.65,-1.));
#3243 = VECTOR('',#3244,1.);
#3244 = DIRECTION('',(0.,0.,1.));
#3245 = PCURVE('',#640,#3246);
#3246 = DEFINITIONAL_REPRESENTATION('',(#3247),#3251);
#3247 = LINE('',#3248,#3249);
#3248 = CARTESIAN_POINT('',(3.14159265359,0.));
#3249 = VECTOR('',#3250,1.);
#3250 = DIRECTION('',(0.,-1.));
#3251 = ( GEOMETRIC_REPRESENTATION_CONTEXT(2) 
PARAMETRIC_REPRESENTATION_CONTEXT() REPRESENTATION_CONTEXT('2D SPACE',''
  ) );
#3252 = PCURVE('',#667,#3253);
#3253 = DEFINITIONAL_REPRESENTATION('',(#3254),#3258);
#3254 = LINE('',#3255,#3256);
#3255 = CARTESIAN_POINT('',(0.,0.));
#3256 = VECTOR('',#3257,1.);
#3257 = DIRECTION('',(0.,-1.));
#3258 = ( GEOMETRIC_REPRESENTATION_CONTEXT(2) 
PARAMETRIC_REPRESENTATION_CONTEXT() REPRESENTATION_CONTEXT('2D SPACE',''
  ) );
#3259 = ADVANCED_FACE('',(#3260),#697,.F.);
#3260 = FACE_BOUND('',#3261,.F.);
#3261 = EDGE_LOOP('',(#3262,#3263,#3286,#3312));
#3262 = ORIENTED_EDGE('',*,*,#678,.F.);
#3263 = ORIENTED_EDGE('',*,*,#3264,.T.);
#3264 = EDGE_CURVE('',#653,#3265,#3267,.T.);
#3265 = VERTEX_POINT('',#3266);
#3266 = CARTESIAN_POINT('',(-17.85,-27.35,6.));
#3267 = SURFACE_CURVE('',#3268,(#3272,#3279),.PCURVE_S1.);
#3268 = LINE('',#3269,#3270);
#3269 = CARTESIAN_POINT('',(-17.85,-27.35,-1.));
#3270 = VECTOR('',#3271,1.);
#3271 = DIRECTION('',(0.,0.,1.));
#3272 = PCURVE('',#697,#3273);
#3273 = DEFINITIONAL_REPRESENTATION('',(#3274),#3278);
#3274 = LINE('',#3275,#3276);
#3275 = CARTESIAN_POINT('',(0.,0.));
#3276 = VECTOR('',#3277,1.);
#3277 = DIRECTION('',(0.,-1.));
#3278 = ( GEOMETRIC_REPRESENTATION_CONTEXT(2) 
PARAMETRIC_REPRESENTATION_CONTEXT() REPRESENTATION_CONTEXT('2D SPACE',''
  ) );
#3279 = PCURVE('',#667,#3280);
#3280 = DEFINITIONAL_REPRESENTATION('',(#3281),#3285);
#3281 = LINE('',#3282,#3283);
#3282 = CARTESIAN_POINT('',(4.7,0.));
#3283 = VECTOR('',#3284,1.);
#3284 = DIRECTION('',(0.,-1.));
#3285 = ( GEOMETRIC_REPRESENTATION_CONTEXT(2) 
PARAMETRIC_REPRESENTATION_CONTEXT() REPRESENTATION_CONTEXT('2D SPACE',''
  ) );
#3286 = ORIENTED_EDGE('',*,*,#3287,.T.);
#3287 = EDGE_CURVE('',#3265,#3137,#3288,.T.);
#3288 = SURFACE_CURVE('',#3289,(#3294,#3301),.PCURVE_S1.);
#3289 = CIRCLE('',#3290,1.15);
#3290 = AXIS2_PLACEMENT_3D('',#3291,#3292,#3293);
#3291 = CARTESIAN_POINT('',(-19.,-27.35,6.));
#3292 = DIRECTION('',(-0.,0.,-1.));
#3293 = DIRECTION('',(1.,-4.971868327669E-16,-0.));
#3294 = PCURVE('',#697,#3295);
#3295 = DEFINITIONAL_REPRESENTATION('',(#3296),#3300);
#3296 = LINE('',#3297,#3298);
#3297 = CARTESIAN_POINT('',(0.,-7.));
#3298 = VECTOR('',#3299,1.);
#3299 = DIRECTION('',(1.,0.));
#3300 = ( GEOMETRIC_REPRESENTATION_CONTEXT(2) 
PARAMETRIC_REPRESENTATION_CONTEXT() REPRESENTATION_CONTEXT('2D SPACE',''
  ) );
#3301 = PCURVE('',#3174,#3302);
#3302 = DEFINITIONAL_REPRESENTATION('',(#3303),#3311);
#3303 = ( BOUNDED_CURVE() B_SPLINE_CURVE(2,(#3304,#3305,#3306,#3307,
#3308,#3309,#3310),.UNSPECIFIED.,.T.,.F.) B_SPLINE_CURVE_WITH_KNOTS((1,2
    ,2,2,2,1),(-2.094395102393,0.,2.094395102393,4.188790204786,
6.28318530718,8.377580409573),.UNSPECIFIED.) CURVE() 
GEOMETRIC_REPRESENTATION_ITEM() RATIONAL_B_SPLINE_CURVE((1.,0.5,1.,0.5,
1.,0.5,1.)) REPRESENTATION_ITEM('') );
#3304 = CARTESIAN_POINT('',(1.15,-2.35));
#3305 = CARTESIAN_POINT('',(1.15,-4.341858428704));
#3306 = CARTESIAN_POINT('',(-0.575,-3.345929214352));
#3307 = CARTESIAN_POINT('',(-2.3,-2.35));
#3308 = CARTESIAN_POINT('',(-0.575,-1.354070785648));
#3309 = CARTESIAN_POINT('',(1.15,-0.358141571296));
#3310 = CARTESIAN_POINT('',(1.15,-2.35));
#3311 = ( GEOMETRIC_REPRESENTATION_CONTEXT(2) 
PARAMETRIC_REPRESENTATION_CONTEXT() REPRESENTATION_CONTEXT('2D SPACE',''
  ) );
#3312 = ORIENTED_EDGE('',*,*,#3136,.F.);
#3313 = ADVANCED_FACE('',(#3314),#667,.F.);
#3314 = FACE_BOUND('',#3315,.F.);
#3315 = EDGE_LOOP('',(#3316,#3317,#3318,#3337));
#3316 = ORIENTED_EDGE('',*,*,#652,.T.);
#3317 = ORIENTED_EDGE('',*,*,#3239,.T.);
#3318 = ORIENTED_EDGE('',*,*,#3319,.F.);
#3319 = EDGE_CURVE('',#3265,#3212,#3320,.T.);
#3320 = SURFACE_CURVE('',#3321,(#3325,#3331),.PCURVE_S1.);
#3321 = LINE('',#3322,#3323);
#3322 = CARTESIAN_POINT('',(-17.85,-23.825,6.));
#3323 = VECTOR('',#3324,1.);
#3324 = DIRECTION('',(1.110223024625E-16,1.,-0.));
#3325 = PCURVE('',#667,#3326);
#3326 = DEFINITIONAL_REPRESENTATION('',(#3327),#3330);
#3327 = B_SPLINE_CURVE_WITH_KNOTS('',1,(#3328,#3329),.UNSPECIFIED.,.F.,
  .F.,(2,2),(-3.525,1.175),.PIECEWISE_BEZIER_KNOTS.);
#3328 = CARTESIAN_POINT('',(4.7,-7.));
#3329 = CARTESIAN_POINT('',(0.,-7.));
#3330 = ( GEOMETRIC_REPRESENTATION_CONTEXT(2) 
PARAMETRIC_REPRESENTATION_CONTEXT() REPRESENTATION_CONTEXT('2D SPACE',''
  ) );
#3331 = PCURVE('',#3174,#3332);
#3332 = DEFINITIONAL_REPRESENTATION('',(#3333),#3336);
#3333 = B_SPLINE_CURVE_WITH_KNOTS('',1,(#3334,#3335),.UNSPECIFIED.,.F.,
  .F.,(2,2),(-3.525,1.175),.PIECEWISE_BEZIER_KNOTS.);
#3334 = CARTESIAN_POINT('',(1.15,-2.35));
#3335 = CARTESIAN_POINT('',(1.15,2.35));
#3336 = ( GEOMETRIC_REPRESENTATION_CONTEXT(2) 
PARAMETRIC_REPRESENTATION_CONTEXT() REPRESENTATION_CONTEXT('2D SPACE',''
  ) );
#3337 = ORIENTED_EDGE('',*,*,#3264,.F.);
#3338 = ADVANCED_FACE('',(#3339),#728,.F.);
#3339 = FACE_BOUND('',#3340,.F.);
#3340 = EDGE_LOOP('',(#3341,#3342,#3365,#3391));
#3341 = ORIENTED_EDGE('',*,*,#711,.T.);
#3342 = ORIENTED_EDGE('',*,*,#3343,.T.);
#3343 = EDGE_CURVE('',#714,#3344,#3346,.T.);
#3344 = VERTEX_POINT('',#3345);
#3345 = CARTESIAN_POINT('',(17.85,-27.35,6.));
#3346 = SURFACE_CURVE('',#3347,(#3351,#3358),.PCURVE_S1.);
#3347 = LINE('',#3348,#3349);
#3348 = CARTESIAN_POINT('',(17.85,-27.35,-1.));
#3349 = VECTOR('',#3350,1.);
#3350 = DIRECTION('',(0.,0.,1.));
#3351 = PCURVE('',#728,#3352);
#3352 = DEFINITIONAL_REPRESENTATION('',(#3353),#3357);
#3353 = LINE('',#3354,#3355);
#3354 = CARTESIAN_POINT('',(0.,0.));
#3355 = VECTOR('',#3356,1.);
#3356 = DIRECTION('',(0.,-1.));
#3357 = ( GEOMETRIC_REPRESENTATION_CONTEXT(2) 
PARAMETRIC_REPRESENTATION_CONTEXT() REPRESENTATION_CONTEXT('2D SPACE',''
  ) );
#3358 = PCURVE('',#817,#3359);
#3359 = DEFINITIONAL_REPRESENTATION('',(#3360),#3364);
#3360 = LINE('',#3361,#3362);
#3361 = CARTESIAN_POINT('',(3.14159265359,0.));
#3362 = VECTOR('',#3363,1.);
#3363 = DIRECTION('',(0.,-1.));
#3364 = ( GEOMETRIC_REPRESENTATION_CONTEXT(2) 
PARAMETRIC_REPRESENTATION_CONTEXT() REPRESENTATION_CONTEXT('2D SPACE',''
  ) );
#3365 = ORIENTED_EDGE('',*,*,#3366,.F.);
#3366 = EDGE_CURVE('',#3367,#3344,#3369,.T.);
#3367 = VERTEX_POINT('',#3368);
#3368 = CARTESIAN_POINT('',(17.85,-22.65,6.));
#3369 = SURFACE_CURVE('',#3370,(#3374,#3380),.PCURVE_S1.);
#3370 = LINE('',#3371,#3372);
#3371 = CARTESIAN_POINT('',(17.85,-26.175,6.));
#3372 = VECTOR('',#3373,1.);
#3373 = DIRECTION('',(-1.110223024625E-16,-1.,0.));
#3374 = PCURVE('',#728,#3375);
#3375 = DEFINITIONAL_REPRESENTATION('',(#3376),#3379);
#3376 = B_SPLINE_CURVE_WITH_KNOTS('',1,(#3377,#3378),.UNSPECIFIED.,.F.,
  .F.,(2,2),(-3.525,1.175),.PIECEWISE_BEZIER_KNOTS.);
#3377 = CARTESIAN_POINT('',(4.7,-7.));
#3378 = CARTESIAN_POINT('',(0.,-7.));
#3379 = ( GEOMETRIC_REPRESENTATION_CONTEXT(2) 
PARAMETRIC_REPRESENTATION_CONTEXT() REPRESENTATION_CONTEXT('2D SPACE',''
  ) );
#3380 = PCURVE('',#3381,#3386);
#3381 = PLANE('',#3382);
#3382 = AXIS2_PLACEMENT_3D('',#3383,#3384,#3385);
#3383 = CARTESIAN_POINT('',(19.,-25.,6.));
#3384 = DIRECTION('',(0.,0.,1.));
#3385 = DIRECTION('',(1.,0.,-0.));
#3386 = DEFINITIONAL_REPRESENTATION('',(#3387),#3390);
#3387 = B_SPLINE_CURVE_WITH_KNOTS('',1,(#3388,#3389),.UNSPECIFIED.,.F.,
  .F.,(2,2),(-3.525,1.175),.PIECEWISE_BEZIER_KNOTS.);
#3388 = CARTESIAN_POINT('',(-1.15,2.35));
#3389 = CARTESIAN_POINT('',(-1.15,-2.35));
#3390 = ( GEOMETRIC_REPRESENTATION_CONTEXT(2) 
PARAMETRIC_REPRESENTATION_CONTEXT() REPRESENTATION_CONTEXT('2D SPACE',''
  ) );
#3391 = ORIENTED_EDGE('',*,*,#3392,.F.);
#3392 = EDGE_CURVE('',#712,#3367,#3393,.T.);
#3393 = SURFACE_CURVE('',#3394,(#3398,#3405),.PCURVE_S1.);
#3394 = LINE('',#3395,#3396);
#3395 = CARTESIAN_POINT('',(17.85,-22.65,-1.));
#3396 = VECTOR('',#3397,1.);
#3397 = DIRECTION('',(0.,0.,1.));
#3398 = PCURVE('',#728,#3399);
#3399 = DEFINITIONAL_REPRESENTATION('',(#3400),#3404);
#3400 = LINE('',#3401,#3402);
#3401 = CARTESIAN_POINT('',(4.7,0.));
#3402 = VECTOR('',#3403,1.);
#3403 = DIRECTION('',(0.,-1.));
#3404 = ( GEOMETRIC_REPRESENTATION_CONTEXT(2) 
PARAMETRIC_REPRESENTATION_CONTEXT() REPRESENTATION_CONTEXT('2D SPACE',''
  ) );
#3405 = PCURVE('',#760,#3406);
#3406 = DEFINITIONAL_REPRESENTATION('',(#3407),#3411);
#3407 = LINE('',#3408,#3409);
#3408 = CARTESIAN_POINT('',(0.,0.));
#3409 = VECTOR('',#3410,1.);
#3410 = DIRECTION('',(0.,-1.));
#3411 = ( GEOMETRIC_REPRESENTATION_CONTEXT(2) 
PARAMETRIC_REPRESENTATION_CONTEXT() REPRESENTATION_CONTEXT('2D SPACE',''
  ) );
#3412 = ADVANCED_FACE('',(#3413),#760,.F.);
#3413 = FACE_BOUND('',#3414,.F.);
#3414 = EDGE_LOOP('',(#3415,#3416,#3417,#3445));
#3415 = ORIENTED_EDGE('',*,*,#739,.F.);
#3416 = ORIENTED_EDGE('',*,*,#3392,.T.);
#3417 = ORIENTED_EDGE('',*,*,#3418,.T.);
#3418 = EDGE_CURVE('',#3367,#3419,#3421,.T.);
#3419 = VERTEX_POINT('',#3420);
#3420 = CARTESIAN_POINT('',(20.15,-22.65,6.));
#3421 = SURFACE_CURVE('',#3422,(#3427,#3434),.PCURVE_S1.);
#3422 = CIRCLE('',#3423,1.15);
#3423 = AXIS2_PLACEMENT_3D('',#3424,#3425,#3426);
#3424 = CARTESIAN_POINT('',(19.,-22.65,6.));
#3425 = DIRECTION('',(0.,0.,-1.));
#3426 = DIRECTION('',(-1.,4.971868327669E-16,0.));
#3427 = PCURVE('',#760,#3428);
#3428 = DEFINITIONAL_REPRESENTATION('',(#3429),#3433);
#3429 = LINE('',#3430,#3431);
#3430 = CARTESIAN_POINT('',(0.,-7.));
#3431 = VECTOR('',#3432,1.);
#3432 = DIRECTION('',(1.,0.));
#3433 = ( GEOMETRIC_REPRESENTATION_CONTEXT(2) 
PARAMETRIC_REPRESENTATION_CONTEXT() REPRESENTATION_CONTEXT('2D SPACE',''
  ) );
#3434 = PCURVE('',#3381,#3435);
#3435 = DEFINITIONAL_REPRESENTATION('',(#3436),#3444);
#3436 = ( BOUNDED_CURVE() B_SPLINE_CURVE(2,(#3437,#3438,#3439,#3440,
#3441,#3442,#3443),.UNSPECIFIED.,.T.,.F.) B_SPLINE_CURVE_WITH_KNOTS((1,2
    ,2,2,2,1),(-2.094395102393,0.,2.094395102393,4.188790204786,
6.28318530718,8.377580409573),.UNSPECIFIED.) CURVE() 
GEOMETRIC_REPRESENTATION_ITEM() RATIONAL_B_SPLINE_CURVE((1.,0.5,1.,0.5,
1.,0.5,1.)) REPRESENTATION_ITEM('') );
#3437 = CARTESIAN_POINT('',(-1.15,2.35));
#3438 = CARTESIAN_POINT('',(-1.15,4.341858428704));
#3439 = CARTESIAN_POINT('',(0.575,3.345929214352));
#3440 = CARTESIAN_POINT('',(2.3,2.35));
#3441 = CARTESIAN_POINT('',(0.575,1.354070785648));
#3442 = CARTESIAN_POINT('',(-1.15,0.358141571296));
#3443 = CARTESIAN_POINT('',(-1.15,2.35));
#3444 = ( GEOMETRIC_REPRESENTATION_CONTEXT(2) 
PARAMETRIC_REPRESENTATION_CONTEXT() REPRESENTATION_CONTEXT('2D SPACE',''
  ) );
#3445 = ORIENTED_EDGE('',*,*,#3446,.F.);
#3446 = EDGE_CURVE('',#740,#3419,#3447,.T.);
#3447 = SURFACE_CURVE('',#3448,(#3452,#3459),.PCURVE_S1.);
#3448 = LINE('',#3449,#3450);
#3449 = CARTESIAN_POINT('',(20.15,-22.65,-1.));
#3450 = VECTOR('',#3451,1.);
#3451 = DIRECTION('',(0.,0.,1.));
#3452 = PCURVE('',#760,#3453);
#3453 = DEFINITIONAL_REPRESENTATION('',(#3454),#3458);
#3454 = LINE('',#3455,#3456);
#3455 = CARTESIAN_POINT('',(3.14159265359,0.));
#3456 = VECTOR('',#3457,1.);
#3457 = DIRECTION('',(0.,-1.));
#3458 = ( GEOMETRIC_REPRESENTATION_CONTEXT(2) 
PARAMETRIC_REPRESENTATION_CONTEXT() REPRESENTATION_CONTEXT('2D SPACE',''
  ) );
#3459 = PCURVE('',#787,#3460);
#3460 = DEFINITIONAL_REPRESENTATION('',(#3461),#3465);
#3461 = LINE('',#3462,#3463);
#3462 = CARTESIAN_POINT('',(0.,0.));
#3463 = VECTOR('',#3464,1.);
#3464 = DIRECTION('',(0.,-1.));
#3465 = ( GEOMETRIC_REPRESENTATION_CONTEXT(2) 
PARAMETRIC_REPRESENTATION_CONTEXT() REPRESENTATION_CONTEXT('2D SPACE',''
  ) );
#3466 = ADVANCED_FACE('',(#3467),#817,.F.);
#3467 = FACE_BOUND('',#3468,.F.);
#3468 = EDGE_LOOP('',(#3469,#3470,#3493,#3519));
#3469 = ORIENTED_EDGE('',*,*,#798,.F.);
#3470 = ORIENTED_EDGE('',*,*,#3471,.T.);
#3471 = EDGE_CURVE('',#773,#3472,#3474,.T.);
#3472 = VERTEX_POINT('',#3473);
#3473 = CARTESIAN_POINT('',(20.15,-27.35,6.));
#3474 = SURFACE_CURVE('',#3475,(#3479,#3486),.PCURVE_S1.);
#3475 = LINE('',#3476,#3477);
#3476 = CARTESIAN_POINT('',(20.15,-27.35,-1.));
#3477 = VECTOR('',#3478,1.);
#3478 = DIRECTION('',(0.,0.,1.));
#3479 = PCURVE('',#817,#3480);
#3480 = DEFINITIONAL_REPRESENTATION('',(#3481),#3485);
#3481 = LINE('',#3482,#3483);
#3482 = CARTESIAN_POINT('',(0.,0.));
#3483 = VECTOR('',#3484,1.);
#3484 = DIRECTION('',(0.,-1.));
#3485 = ( GEOMETRIC_REPRESENTATION_CONTEXT(2) 
PARAMETRIC_REPRESENTATION_CONTEXT() REPRESENTATION_CONTEXT('2D SPACE',''
  ) );
#3486 = PCURVE('',#787,#3487);
#3487 = DEFINITIONAL_REPRESENTATION('',(#3488),#3492);
#3488 = LINE('',#3489,#3490);
#3489 = CARTESIAN_POINT('',(4.7,0.));
#3490 = VECTOR('',#3491,1.);
#3491 = DIRECTION('',(0.,-1.));
#3492 = ( GEOMETRIC_REPRESENTATION_CONTEXT(2) 
PARAMETRIC_REPRESENTATION_CONTEXT() REPRESENTATION_CONTEXT('2D SPACE',''
  ) );
#3493 = ORIENTED_EDGE('',*,*,#3494,.T.);
#3494 = EDGE_CURVE('',#3472,#3344,#3495,.T.);
#3495 = SURFACE_CURVE('',#3496,(#3501,#3508),.PCURVE_S1.);
#3496 = CIRCLE('',#3497,1.15);
#3497 = AXIS2_PLACEMENT_3D('',#3498,#3499,#3500);
#3498 = CARTESIAN_POINT('',(19.,-27.35,6.));
#3499 = DIRECTION('',(-0.,0.,-1.));
#3500 = DIRECTION('',(1.,-4.971868327669E-16,-0.));
#3501 = PCURVE('',#817,#3502);
#3502 = DEFINITIONAL_REPRESENTATION('',(#3503),#3507);
#3503 = LINE('',#3504,#3505);
#3504 = CARTESIAN_POINT('',(0.,-7.));
#3505 = VECTOR('',#3506,1.);
#3506 = DIRECTION('',(1.,0.));
#3507 = ( GEOMETRIC_REPRESENTATION_CONTEXT(2) 
PARAMETRIC_REPRESENTATION_CONTEXT() REPRESENTATION_CONTEXT('2D SPACE',''
  ) );
#3508 = PCURVE('',#3381,#3509);
#3509 = DEFINITIONAL_REPRESENTATION('',(#3510),#3518);
#3510 = ( BOUNDED_CURVE() B_SPLINE_CURVE(2,(#3511,#3512,#3513,#3514,
#3515,#3516,#3517),.UNSPECIFIED.,.T.,.F.) B_SPLINE_CURVE_WITH_KNOTS((1,2
    ,2,2,2,1),(-2.094395102393,0.,2.094395102393,4.188790204786,
6.28318530718,8.377580409573),.UNSPECIFIED.) CURVE() 
GEOMETRIC_REPRESENTATION_ITEM() RATIONAL_B_SPLINE_CURVE((1.,0.5,1.,0.5,
1.,0.5,1.)) REPRESENTATION_ITEM('') );
#3511 = CARTESIAN_POINT('',(1.15,-2.35));
#3512 = CARTESIAN_POINT('',(1.15,-4.341858428704));
#3513 = CARTESIAN_POINT('',(-0.575,-3.345929214352));
#3514 = CARTESIAN_POINT('',(-2.3,-2.35));
#3515 = CARTESIAN_POINT('',(-0.575,-1.354070785648));
#3516 = CARTESIAN_POINT('',(1.15,-0.358141571296));
#3517 = CARTESIAN_POINT('',(1.15,-2.35));
#3518 = ( GEOMETRIC_REPRESENTATION_CONTEXT(2) 
PARAMETRIC_REPRESENTATION_CONTEXT() REPRESENTATION_CONTEXT('2D SPACE',''
  ) );
#3519 = ORIENTED_EDGE('',*,*,#3343,.F.);
#3520 = ADVANCED_FACE('',(#3521),#787,.F.);
#3521 = FACE_BOUND('',#3522,.F.);
#3522 = EDGE_LOOP('',(#3523,#3524,#3525,#3544));
#3523 = ORIENTED_EDGE('',*,*,#772,.T.);
#3524 = ORIENTED_EDGE('',*,*,#3446,.T.);
#3525 = ORIENTED_EDGE('',*,*,#3526,.F.);
#3526 = EDGE_CURVE('',#3472,#3419,#3527,.T.);
#3527 = SURFACE_CURVE('',#3528,(#3532,#3538),.PCURVE_S1.);
#3528 = LINE('',#3529,#3530);
#3529 = CARTESIAN_POINT('',(20.15,-23.825,6.));
#3530 = VECTOR('',#3531,1.);
#3531 = DIRECTION('',(1.110223024625E-16,1.,-0.));
#3532 = PCURVE('',#787,#3533);
#3533 = DEFINITIONAL_REPRESENTATION('',(#3534),#3537);
#3534 = B_SPLINE_CURVE_WITH_KNOTS('',1,(#3535,#3536),.UNSPECIFIED.,.F.,
  .F.,(2,2),(-3.525,1.175),.PIECEWISE_BEZIER_KNOTS.);
#3535 = CARTESIAN_POINT('',(4.7,-7.));
#3536 = CARTESIAN_POINT('',(0.,-7.));
#3537 = ( GEOMETRIC_REPRESENTATION_CONTEXT(2) 
PARAMETRIC_REPRESENTATION_CONTEXT() REPRESENTATION_CONTEXT('2D SPACE',''
  ) );
#3538 = PCURVE('',#3381,#3539);
#3539 = DEFINITIONAL_REPRESENTATION('',(#3540),#3543);
#3540 = B_SPLINE_CURVE_WITH_KNOTS('',1,(#3541,#3542),.UNSPECIFIED.,.F.,
  .F.,(2,2),(-3.525,1.175),.PIECEWISE_BEZIER_KNOTS.);
#3541 = CARTESIAN_POINT('',(1.15,-2.35));
#3542 = CARTESIAN_POINT('',(1.15,2.35));
#3543 = ( GEOMETRIC_REPRESENTATION_CONTEXT(2) 
PARAMETRIC_REPRESENTATION_CONTEXT() REPRESENTATION_CONTEXT('2D SPACE',''
  ) );
#3544 = ORIENTED_EDGE('',*,*,#3471,.F.);
#3545 = ADVANCED_FACE('',(#3546),#848,.T.);
#3546 = FACE_BOUND('',#3547,.T.);
#3547 = EDGE_LOOP('',(#3548,#3569,#3570,#3591));
#3548 = ORIENTED_EDGE('',*,*,#3549,.F.);
#3549 = EDGE_CURVE('',#832,#2055,#3550,.T.);
#3550 = SURFACE_CURVE('',#3551,(#3555,#3562),.PCURVE_S1.);
#3551 = LINE('',#3552,#3553);
#3552 = CARTESIAN_POINT('',(7.,-19.,-1.));
#3553 = VECTOR('',#3554,1.);
#3554 = DIRECTION('',(0.,0.,1.));
#3555 = PCURVE('',#848,#3556);
#3556 = DEFINITIONAL_REPRESENTATION('',(#3557),#3561);
#3557 = LINE('',#3558,#3559);
#3558 = CARTESIAN_POINT('',(0.,14.));
#3559 = VECTOR('',#3560,1.);
#3560 = DIRECTION('',(1.,0.));
#3561 = ( GEOMETRIC_REPRESENTATION_CONTEXT(2) 
PARAMETRIC_REPRESENTATION_CONTEXT() REPRESENTATION_CONTEXT('2D SPACE',''
  ) );
#3562 = PCURVE('',#924,#3563);
#3563 = DEFINITIONAL_REPRESENTATION('',(#3564),#3568);
#3564 = LINE('',#3565,#3566);
#3565 = CARTESIAN_POINT('',(0.,0.));
#3566 = VECTOR('',#3567,1.);
#3567 = DIRECTION('',(1.,0.));
#3568 = ( GEOMETRIC_REPRESENTATION_CONTEXT(2) 
PARAMETRIC_REPRESENTATION_CONTEXT() REPRESENTATION_CONTEXT('2D SPACE',''
  ) );
#3569 = ORIENTED_EDGE('',*,*,#831,.T.);
#3570 = ORIENTED_EDGE('',*,*,#3571,.T.);
#3571 = EDGE_CURVE('',#834,#2057,#3572,.T.);
#3572 = SURFACE_CURVE('',#3573,(#3577,#3584),.PCURVE_S1.);
#3573 = LINE('',#3574,#3575);
#3574 = CARTESIAN_POINT('',(-7.,-19.,-1.));
#3575 = VECTOR('',#3576,1.);
#3576 = DIRECTION('',(0.,0.,1.));
#3577 = PCURVE('',#848,#3578);
#3578 = DEFINITIONAL_REPRESENTATION('',(#3579),#3583);
#3579 = LINE('',#3580,#3581);
#3580 = CARTESIAN_POINT('',(0.,0.));
#3581 = VECTOR('',#3582,1.);
#3582 = DIRECTION('',(1.,0.));
#3583 = ( GEOMETRIC_REPRESENTATION_CONTEXT(2) 
PARAMETRIC_REPRESENTATION_CONTEXT() REPRESENTATION_CONTEXT('2D SPACE',''
  ) );
#3584 = PCURVE('',#874,#3585);
#3585 = DEFINITIONAL_REPRESENTATION('',(#3586),#3590);
#3586 = LINE('',#3587,#3588);
#3587 = CARTESIAN_POINT('',(0.,0.));
#3588 = VECTOR('',#3589,1.);
#3589 = DIRECTION('',(1.,0.));
#3590 = ( GEOMETRIC_REPRESENTATION_CONTEXT(2) 
PARAMETRIC_REPRESENTATION_CONTEXT() REPRESENTATION_CONTEXT('2D SPACE',''
  ) );
#3591 = ORIENTED_EDGE('',*,*,#2054,.F.);
#3592 = ADVANCED_FACE('',(#3593),#924,.F.);
#3593 = FACE_BOUND('',#3594,.F.);
#3594 = EDGE_LOOP('',(#3595,#3596,#3597,#3618));
#3595 = ORIENTED_EDGE('',*,*,#3549,.F.);
#3596 = ORIENTED_EDGE('',*,*,#911,.T.);
#3597 = ORIENTED_EDGE('',*,*,#3598,.T.);
#3598 = EDGE_CURVE('',#886,#2101,#3599,.T.);
#3599 = SURFACE_CURVE('',#3600,(#3604,#3611),.PCURVE_S1.);
#3600 = LINE('',#3601,#3602);
#3601 = CARTESIAN_POINT('',(7.,-1.,-1.));
#3602 = VECTOR('',#3603,1.);
#3603 = DIRECTION('',(0.,0.,1.));
#3604 = PCURVE('',#924,#3605);
#3605 = DEFINITIONAL_REPRESENTATION('',(#3606),#3610);
#3606 = LINE('',#3607,#3608);
#3607 = CARTESIAN_POINT('',(0.,-18.));
#3608 = VECTOR('',#3609,1.);
#3609 = DIRECTION('',(1.,0.));
#3610 = ( GEOMETRIC_REPRESENTATION_CONTEXT(2) 
PARAMETRIC_REPRESENTATION_CONTEXT() REPRESENTATION_CONTEXT('2D SPACE',''
  ) );
#3611 = PCURVE('',#900,#3612);
#3612 = DEFINITIONAL_REPRESENTATION('',(#3613),#3617);
#3613 = LINE('',#3614,#3615);
#3614 = CARTESIAN_POINT('',(0.,14.));
#3615 = VECTOR('',#3616,1.);
#3616 = DIRECTION('',(1.,0.));
#3617 = ( GEOMETRIC_REPRESENTATION_CONTEXT(2) 
PARAMETRIC_REPRESENTATION_CONTEXT() REPRESENTATION_CONTEXT('2D SPACE',''
  ) );
#3618 = ORIENTED_EDGE('',*,*,#2122,.F.);
#3619 = ADVANCED_FACE('',(#3620),#874,.T.);
#3620 = FACE_BOUND('',#3621,.T.);
#3621 = EDGE_LOOP('',(#3622,#3623,#3624,#3645));
#3622 = ORIENTED_EDGE('',*,*,#3571,.F.);
#3623 = ORIENTED_EDGE('',*,*,#859,.T.);
#3624 = ORIENTED_EDGE('',*,*,#3625,.T.);
#3625 = EDGE_CURVE('',#860,#2079,#3626,.T.);
#3626 = SURFACE_CURVE('',#3627,(#3631,#3638),.PCURVE_S1.);
#3627 = LINE('',#3628,#3629);
#3628 = CARTESIAN_POINT('',(-7.,-1.,-1.));
#3629 = VECTOR('',#3630,1.);
#3630 = DIRECTION('',(0.,0.,1.));
#3631 = PCURVE('',#874,#3632);
#3632 = DEFINITIONAL_REPRESENTATION('',(#3633),#3637);
#3633 = LINE('',#3634,#3635);
#3634 = CARTESIAN_POINT('',(0.,-18.));
#3635 = VECTOR('',#3636,1.);
#3636 = DIRECTION('',(1.,0.));
#3637 = ( GEOMETRIC_REPRESENTATION_CONTEXT(2) 
PARAMETRIC_REPRESENTATION_CONTEXT() REPRESENTATION_CONTEXT('2D SPACE',''
  ) );
#3638 = PCURVE('',#900,#3639);
#3639 = DEFINITIONAL_REPRESENTATION('',(#3640),#3644);
#3640 = LINE('',#3641,#3642);
#3641 = CARTESIAN_POINT('',(0.,0.));
#3642 = VECTOR('',#3643,1.);
#3643 = DIRECTION('',(1.,0.));
#3644 = ( GEOMETRIC_REPRESENTATION_CONTEXT(2) 
PARAMETRIC_REPRESENTATION_CONTEXT() REPRESENTATION_CONTEXT('2D SPACE',''
  ) );
#3645 = ORIENTED_EDGE('',*,*,#2078,.F.);
#3646 = ADVANCED_FACE('',(#3647),#900,.F.);
#3647 = FACE_BOUND('',#3648,.F.);
#3648 = EDGE_LOOP('',(#3649,#3650,#3651,#3652));
#3649 = ORIENTED_EDGE('',*,*,#3598,.F.);
#3650 = ORIENTED_EDGE('',*,*,#885,.T.);
#3651 = ORIENTED_EDGE('',*,*,#3625,.T.);
#3652 = ORIENTED_EDGE('',*,*,#2100,.F.);
#3653 = ADVANCED_FACE('',(#3654),#954,.F.);
#3654 = FACE_BOUND('',#3655,.F.);
#3655 = EDGE_LOOP('',(#3656,#3657,#3680,#3706));
#3656 = ORIENTED_EDGE('',*,*,#937,.T.);
#3657 = ORIENTED_EDGE('',*,*,#3658,.T.);
#3658 = EDGE_CURVE('',#940,#3659,#3661,.T.);
#3659 = VERTEX_POINT('',#3660);
#3660 = CARTESIAN_POINT('',(-20.15,17.65,6.));
#3661 = SURFACE_CURVE('',#3662,(#3666,#3673),.PCURVE_S1.);
#3662 = LINE('',#3663,#3664);
#3663 = CARTESIAN_POINT('',(-20.15,17.65,-1.));
#3664 = VECTOR('',#3665,1.);
#3665 = DIRECTION('',(0.,0.,1.));
#3666 = PCURVE('',#954,#3667);
#3667 = DEFINITIONAL_REPRESENTATION('',(#3668),#3672);
#3668 = LINE('',#3669,#3670);
#3669 = CARTESIAN_POINT('',(0.,0.));
#3670 = VECTOR('',#3671,1.);
#3671 = DIRECTION('',(0.,-1.));
#3672 = ( GEOMETRIC_REPRESENTATION_CONTEXT(2) 
PARAMETRIC_REPRESENTATION_CONTEXT() REPRESENTATION_CONTEXT('2D SPACE',''
  ) );
#3673 = PCURVE('',#1043,#3674);
#3674 = DEFINITIONAL_REPRESENTATION('',(#3675),#3679);
#3675 = LINE('',#3676,#3677);
#3676 = CARTESIAN_POINT('',(3.14159265359,0.));
#3677 = VECTOR('',#3678,1.);
#3678 = DIRECTION('',(0.,-1.));
#3679 = ( GEOMETRIC_REPRESENTATION_CONTEXT(2) 
PARAMETRIC_REPRESENTATION_CONTEXT() REPRESENTATION_CONTEXT('2D SPACE',''
  ) );
#3680 = ORIENTED_EDGE('',*,*,#3681,.F.);
#3681 = EDGE_CURVE('',#3682,#3659,#3684,.T.);
#3682 = VERTEX_POINT('',#3683);
#3683 = CARTESIAN_POINT('',(-20.15,22.35,6.));
#3684 = SURFACE_CURVE('',#3685,(#3689,#3695),.PCURVE_S1.);
#3685 = LINE('',#3686,#3687);
#3686 = CARTESIAN_POINT('',(-20.15,18.825,6.));
#3687 = VECTOR('',#3688,1.);
#3688 = DIRECTION('',(-1.110223024625E-16,-1.,0.));
#3689 = PCURVE('',#954,#3690);
#3690 = DEFINITIONAL_REPRESENTATION('',(#3691),#3694);
#3691 = B_SPLINE_CURVE_WITH_KNOTS('',1,(#3692,#3693),.UNSPECIFIED.,.F.,
  .F.,(2,2),(-3.525,1.175),.PIECEWISE_BEZIER_KNOTS.);
#3692 = CARTESIAN_POINT('',(4.7,-7.));
#3693 = CARTESIAN_POINT('',(0.,-7.));
#3694 = ( GEOMETRIC_REPRESENTATION_CONTEXT(2) 
PARAMETRIC_REPRESENTATION_CONTEXT() REPRESENTATION_CONTEXT('2D SPACE',''
  ) );
#3695 = PCURVE('',#3696,#3701);
#3696 = PLANE('',#3697);
#3697 = AXIS2_PLACEMENT_3D('',#3698,#3699,#3700);
#3698 = CARTESIAN_POINT('',(-19.,20.,6.));
#3699 = DIRECTION('',(0.,0.,1.));
#3700 = DIRECTION('',(1.,0.,-0.));
#3701 = DEFINITIONAL_REPRESENTATION('',(#3702),#3705);
#3702 = B_SPLINE_CURVE_WITH_KNOTS('',1,(#3703,#3704),.UNSPECIFIED.,.F.,
  .F.,(2,2),(-3.525,1.175),.PIECEWISE_BEZIER_KNOTS.);
#3703 = CARTESIAN_POINT('',(-1.15,2.35));
#3704 = CARTESIAN_POINT('',(-1.15,-2.35));
#3705 = ( GEOMETRIC_REPRESENTATION_CONTEXT(2) 
PARAMETRIC_REPRESENTATION_CONTEXT() REPRESENTATION_CONTEXT('2D SPACE',''
  ) );
#3706 = ORIENTED_EDGE('',*,*,#3707,.F.);
#3707 = EDGE_CURVE('',#938,#3682,#3708,.T.);
#3708 = SURFACE_CURVE('',#3709,(#3713,#3720),.PCURVE_S1.);
#3709 = LINE('',#3710,#3711);
#3710 = CARTESIAN_POINT('',(-20.15,22.35,-1.));
#3711 = VECTOR('',#3712,1.);
#3712 = DIRECTION('',(0.,0.,1.));
#3713 = PCURVE('',#954,#3714);
#3714 = DEFINITIONAL_REPRESENTATION('',(#3715),#3719);
#3715 = LINE('',#3716,#3717);
#3716 = CARTESIAN_POINT('',(4.7,0.));
#3717 = VECTOR('',#3718,1.);
#3718 = DIRECTION('',(0.,-1.));
#3719 = ( GEOMETRIC_REPRESENTATION_CONTEXT(2) 
PARAMETRIC_REPRESENTATION_CONTEXT() REPRESENTATION_CONTEXT('2D SPACE',''
  ) );
#3720 = PCURVE('',#986,#3721);
#3721 = DEFINITIONAL_REPRESENTATION('',(#3722),#3726);
#3722 = LINE('',#3723,#3724);
#3723 = CARTESIAN_POINT('',(0.,0.));
#3724 = VECTOR('',#3725,1.);
#3725 = DIRECTION('',(0.,-1.));
#3726 = ( GEOMETRIC_REPRESENTATION_CONTEXT(2) 
PARAMETRIC_REPRESENTATION_CONTEXT() REPRESENTATION_CONTEXT('2D SPACE',''
  ) );
#3727 = ADVANCED_FACE('',(#3728),#986,.F.);
#3728 = FACE_BOUND('',#3729,.F.);
#3729 = EDGE_LOOP('',(#3730,#3731,#3732,#3760));
#3730 = ORIENTED_EDGE('',*,*,#965,.F.);
#3731 = ORIENTED_EDGE('',*,*,#3707,.T.);
#3732 = ORIENTED_EDGE('',*,*,#3733,.T.);
#3733 = EDGE_CURVE('',#3682,#3734,#3736,.T.);
#3734 = VERTEX_POINT('',#3735);
#3735 = CARTESIAN_POINT('',(-17.85,22.35,6.));
#3736 = SURFACE_CURVE('',#3737,(#3742,#3749),.PCURVE_S1.);
#3737 = CIRCLE('',#3738,1.15);
#3738 = AXIS2_PLACEMENT_3D('',#3739,#3740,#3741);
#3739 = CARTESIAN_POINT('',(-19.,22.35,6.));
#3740 = DIRECTION('',(0.,0.,-1.));
#3741 = DIRECTION('',(-1.,4.971868327669E-16,0.));
#3742 = PCURVE('',#986,#3743);
#3743 = DEFINITIONAL_REPRESENTATION('',(#3744),#3748);
#3744 = LINE('',#3745,#3746);
#3745 = CARTESIAN_POINT('',(0.,-7.));
#3746 = VECTOR('',#3747,1.);
#3747 = DIRECTION('',(1.,0.));
#3748 = ( GEOMETRIC_REPRESENTATION_CONTEXT(2) 
PARAMETRIC_REPRESENTATION_CONTEXT() REPRESENTATION_CONTEXT('2D SPACE',''
  ) );
#3749 = PCURVE('',#3696,#3750);
#3750 = DEFINITIONAL_REPRESENTATION('',(#3751),#3759);
#3751 = ( BOUNDED_CURVE() B_SPLINE_CURVE(2,(#3752,#3753,#3754,#3755,
#3756,#3757,#3758),.UNSPECIFIED.,.T.,.F.) B_SPLINE_CURVE_WITH_KNOTS((1,2
    ,2,2,2,1),(-2.094395102393,0.,2.094395102393,4.188790204786,
6.28318530718,8.377580409573),.UNSPECIFIED.) CURVE() 
GEOMETRIC_REPRESENTATION_ITEM() RATIONAL_B_SPLINE_CURVE((1.,0.5,1.,0.5,
1.,0.5,1.)) REPRESENTATION_ITEM('') );
#3752 = CARTESIAN_POINT('',(-1.15,2.35));
#3753 = CARTESIAN_POINT('',(-1.15,4.341858428704));
#3754 = CARTESIAN_POINT('',(0.575,3.345929214352));
#3755 = CARTESIAN_POINT('',(2.3,2.35));
#3756 = CARTESIAN_POINT('',(0.575,1.354070785648));
#3757 = CARTESIAN_POINT('',(-1.15,0.358141571296));
#3758 = CARTESIAN_POINT('',(-1.15,2.35));
#3759 = ( GEOMETRIC_REPRESENTATION_CONTEXT(2) 
PARAMETRIC_REPRESENTATION_CONTEXT() REPRESENTATION_CONTEXT('2D SPACE',''
  ) );
#3760 = ORIENTED_EDGE('',*,*,#3761,.F.);
#3761 = EDGE_CURVE('',#966,#3734,#3762,.T.);
#3762 = SURFACE_CURVE('',#3763,(#3767,#3774),.PCURVE_S1.);
#3763 = LINE('',#3764,#3765);
#3764 = CARTESIAN_POINT('',(-17.85,22.35,-1.));
#3765 = VECTOR('',#3766,1.);
#3766 = DIRECTION('',(0.,0.,1.));
#3767 = PCURVE('',#986,#3768);
#3768 = DEFINITIONAL_REPRESENTATION('',(#3769),#3773);
#3769 = LINE('',#3770,#3771);
#3770 = CARTESIAN_POINT('',(3.14159265359,0.));
#3771 = VECTOR('',#3772,1.);
#3772 = DIRECTION('',(0.,-1.));
#3773 = ( GEOMETRIC_REPRESENTATION_CONTEXT(2) 
PARAMETRIC_REPRESENTATION_CONTEXT() REPRESENTATION_CONTEXT('2D SPACE',''
  ) );
#3774 = PCURVE('',#1013,#3775);
#3775 = DEFINITIONAL_REPRESENTATION('',(#3776),#3780);
#3776 = LINE('',#3777,#3778);
#3777 = CARTESIAN_POINT('',(0.,0.));
#3778 = VECTOR('',#3779,1.);
#3779 = DIRECTION('',(0.,-1.));
#3780 = ( GEOMETRIC_REPRESENTATION_CONTEXT(2) 
PARAMETRIC_REPRESENTATION_CONTEXT() REPRESENTATION_CONTEXT('2D SPACE',''
  ) );
#3781 = ADVANCED_FACE('',(#3782),#1043,.F.);
#3782 = FACE_BOUND('',#3783,.F.);
#3783 = EDGE_LOOP('',(#3784,#3785,#3808,#3834));
#3784 = ORIENTED_EDGE('',*,*,#1024,.F.);
#3785 = ORIENTED_EDGE('',*,*,#3786,.T.);
#3786 = EDGE_CURVE('',#999,#3787,#3789,.T.);
#3787 = VERTEX_POINT('',#3788);
#3788 = CARTESIAN_POINT('',(-17.85,17.65,6.));
#3789 = SURFACE_CURVE('',#3790,(#3794,#3801),.PCURVE_S1.);
#3790 = LINE('',#3791,#3792);
#3791 = CARTESIAN_POINT('',(-17.85,17.65,-1.));
#3792 = VECTOR('',#3793,1.);
#3793 = DIRECTION('',(0.,0.,1.));
#3794 = PCURVE('',#1043,#3795);
#3795 = DEFINITIONAL_REPRESENTATION('',(#3796),#3800);
#3796 = LINE('',#3797,#3798);
#3797 = CARTESIAN_POINT('',(0.,0.));
#3798 = VECTOR('',#3799,1.);
#3799 = DIRECTION('',(0.,-1.));
#3800 = ( GEOMETRIC_REPRESENTATION_CONTEXT(2) 
PARAMETRIC_REPRESENTATION_CONTEXT() REPRESENTATION_CONTEXT('2D SPACE',''
  ) );
#3801 = PCURVE('',#1013,#3802);
#3802 = DEFINITIONAL_REPRESENTATION('',(#3803),#3807);
#3803 = LINE('',#3804,#3805);
#3804 = CARTESIAN_POINT('',(4.7,0.));
#3805 = VECTOR('',#3806,1.);
#3806 = DIRECTION('',(0.,-1.));
#3807 = ( GEOMETRIC_REPRESENTATION_CONTEXT(2) 
PARAMETRIC_REPRESENTATION_CONTEXT() REPRESENTATION_CONTEXT('2D SPACE',''
  ) );
#3808 = ORIENTED_EDGE('',*,*,#3809,.T.);
#3809 = EDGE_CURVE('',#3787,#3659,#3810,.T.);
#3810 = SURFACE_CURVE('',#3811,(#3816,#3823),.PCURVE_S1.);
#3811 = CIRCLE('',#3812,1.15);
#3812 = AXIS2_PLACEMENT_3D('',#3813,#3814,#3815);
#3813 = CARTESIAN_POINT('',(-19.,17.65,6.));
#3814 = DIRECTION('',(-0.,0.,-1.));
#3815 = DIRECTION('',(1.,-4.971868327669E-16,-0.));
#3816 = PCURVE('',#1043,#3817);
#3817 = DEFINITIONAL_REPRESENTATION('',(#3818),#3822);
#3818 = LINE('',#3819,#3820);
#3819 = CARTESIAN_POINT('',(0.,-7.));
#3820 = VECTOR('',#3821,1.);
#3821 = DIRECTION('',(1.,0.));
#3822 = ( GEOMETRIC_REPRESENTATION_CONTEXT(2) 
PARAMETRIC_REPRESENTATION_CONTEXT() REPRESENTATION_CONTEXT('2D SPACE',''
  ) );
#3823 = PCURVE('',#3696,#3824);
#3824 = DEFINITIONAL_REPRESENTATION('',(#3825),#3833);
#3825 = ( BOUNDED_CURVE() B_SPLINE_CURVE(2,(#3826,#3827,#3828,#3829,
#3830,#3831,#3832),.UNSPECIFIED.,.T.,.F.) B_SPLINE_CURVE_WITH_KNOTS((1,2
    ,2,2,2,1),(-2.094395102393,0.,2.094395102393,4.188790204786,
6.28318530718,8.377580409573),.UNSPECIFIED.) CURVE() 
GEOMETRIC_REPRESENTATION_ITEM() RATIONAL_B_SPLINE_CURVE((1.,0.5,1.,0.5,
1.,0.5,1.)) REPRESENTATION_ITEM('') );
#3826 = CARTESIAN_POINT('',(1.15,-2.35));
#3827 = CARTESIAN_POINT('',(1.15,-4.341858428704));
#3828 = CARTESIAN_POINT('',(-0.575,-3.345929214352));
#3829 = CARTESIAN_POINT('',(-2.3,-2.35));
#3830 = CARTESIAN_POINT('',(-0.575,-1.354070785648));
#3831 = CARTESIAN_POINT('',(1.15,-0.358141571296));
#3832 = CARTESIAN_POINT('',(1.15,-2.35));
#3833 = ( GEOMETRIC_REPRESENTATION_CONTEXT(2) 
PARAMETRIC_REPRESENTATION_CONTEXT() REPRESENTATION_CONTEXT('2D SPACE',''
  ) );
#3834 = ORIENTED_EDGE('',*,*,#3658,.F.);
#3835 = ADVANCED_FACE('',(#3836),#1013,.F.);
#3836 = FACE_BOUND('',#3837,.F.);
#3837 = EDGE_LOOP('',(#3838,#3839,#3840,#3859));
#3838 = ORIENTED_EDGE('',*,*,#998,.T.);
#3839 = ORIENTED_EDGE('',*,*,#3761,.T.);
#3840 = ORIENTED_EDGE('',*,*,#3841,.F.);
#3841 = EDGE_CURVE('',#3787,#3734,#3842,.T.);
#3842 = SURFACE_CURVE('',#3843,(#3847,#3853),.PCURVE_S1.);
#3843 = LINE('',#3844,#3845);
#3844 = CARTESIAN_POINT('',(-17.85,21.175,6.));
#3845 = VECTOR('',#3846,1.);
#3846 = DIRECTION('',(1.110223024625E-16,1.,-0.));
#3847 = PCURVE('',#1013,#3848);
#3848 = DEFINITIONAL_REPRESENTATION('',(#3849),#3852);
#3849 = B_SPLINE_CURVE_WITH_KNOTS('',1,(#3850,#3851),.UNSPECIFIED.,.F.,
  .F.,(2,2),(-3.525,1.175),.PIECEWISE_BEZIER_KNOTS.);
#3850 = CARTESIAN_POINT('',(4.7,-7.));
#3851 = CARTESIAN_POINT('',(0.,-7.));
#3852 = ( GEOMETRIC_REPRESENTATION_CONTEXT(2) 
PARAMETRIC_REPRESENTATION_CONTEXT() REPRESENTATION_CONTEXT('2D SPACE',''
  ) );
#3853 = PCURVE('',#3696,#3854);
#3854 = DEFINITIONAL_REPRESENTATION('',(#3855),#3858);
#3855 = B_SPLINE_CURVE_WITH_KNOTS('',1,(#3856,#3857),.UNSPECIFIED.,.F.,
  .F.,(2,2),(-3.525,1.175),.PIECEWISE_BEZIER_KNOTS.);
#3856 = CARTESIAN_POINT('',(1.15,-2.35));
#3857 = CARTESIAN_POINT('',(1.15,2.35));
#3858 = ( GEOMETRIC_REPRESENTATION_CONTEXT(2) 
PARAMETRIC_REPRESENTATION_CONTEXT() REPRESENTATION_CONTEXT('2D SPACE',''
  ) );
#3859 = ORIENTED_EDGE('',*,*,#3786,.F.);
#3860 = ADVANCED_FACE('',(#3861),#1074,.F.);
#3861 = FACE_BOUND('',#3862,.F.);
#3862 = EDGE_LOOP('',(#3863,#3864,#3887,#3913));
#3863 = ORIENTED_EDGE('',*,*,#1057,.T.);
#3864 = ORIENTED_EDGE('',*,*,#3865,.T.);
#3865 = EDGE_CURVE('',#1060,#3866,#3868,.T.);
#3866 = VERTEX_POINT('',#3867);
#3867 = CARTESIAN_POINT('',(17.85,17.65,6.));
#3868 = SURFACE_CURVE('',#3869,(#3873,#3880),.PCURVE_S1.);
#3869 = LINE('',#3870,#3871);
#3870 = CARTESIAN_POINT('',(17.85,17.65,-1.));
#3871 = VECTOR('',#3872,1.);
#3872 = DIRECTION('',(0.,0.,1.));
#3873 = PCURVE('',#1074,#3874);
#3874 = DEFINITIONAL_REPRESENTATION('',(#3875),#3879);
#3875 = LINE('',#3876,#3877);
#3876 = CARTESIAN_POINT('',(0.,0.));
#3877 = VECTOR('',#3878,1.);
#3878 = DIRECTION('',(0.,-1.));
#3879 = ( GEOMETRIC_REPRESENTATION_CONTEXT(2) 
PARAMETRIC_REPRESENTATION_CONTEXT() REPRESENTATION_CONTEXT('2D SPACE',''
  ) );
#3880 = PCURVE('',#1163,#3881);
#3881 = DEFINITIONAL_REPRESENTATION('',(#3882),#3886);
#3882 = LINE('',#3883,#3884);
#3883 = CARTESIAN_POINT('',(3.14159265359,0.));
#3884 = VECTOR('',#3885,1.);
#3885 = DIRECTION('',(0.,-1.));
#3886 = ( GEOMETRIC_REPRESENTATION_CONTEXT(2) 
PARAMETRIC_REPRESENTATION_CONTEXT() REPRESENTATION_CONTEXT('2D SPACE',''
  ) );
#3887 = ORIENTED_EDGE('',*,*,#3888,.F.);
#3888 = EDGE_CURVE('',#3889,#3866,#3891,.T.);
#3889 = VERTEX_POINT('',#3890);
#3890 = CARTESIAN_POINT('',(17.85,22.35,6.));
#3891 = SURFACE_CURVE('',#3892,(#3896,#3902),.PCURVE_S1.);
#3892 = LINE('',#3893,#3894);
#3893 = CARTESIAN_POINT('',(17.85,18.825,6.));
#3894 = VECTOR('',#3895,1.);
#3895 = DIRECTION('',(-1.110223024625E-16,-1.,0.));
#3896 = PCURVE('',#1074,#3897);
#3897 = DEFINITIONAL_REPRESENTATION('',(#3898),#3901);
#3898 = B_SPLINE_CURVE_WITH_KNOTS('',1,(#3899,#3900),.UNSPECIFIED.,.F.,
  .F.,(2,2),(-3.525,1.175),.PIECEWISE_BEZIER_KNOTS.);
#3899 = CARTESIAN_POINT('',(4.7,-7.));
#3900 = CARTESIAN_POINT('',(0.,-7.));
#3901 = ( GEOMETRIC_REPRESENTATION_CONTEXT(2) 
PARAMETRIC_REPRESENTATION_CONTEXT() REPRESENTATION_CONTEXT('2D SPACE',''
  ) );
#3902 = PCURVE('',#3903,#3908);
#3903 = PLANE('',#3904);
#3904 = AXIS2_PLACEMENT_3D('',#3905,#3906,#3907);
#3905 = CARTESIAN_POINT('',(19.,20.,6.));
#3906 = DIRECTION('',(0.,0.,1.));
#3907 = DIRECTION('',(1.,0.,-0.));
#3908 = DEFINITIONAL_REPRESENTATION('',(#3909),#3912);
#3909 = B_SPLINE_CURVE_WITH_KNOTS('',1,(#3910,#3911),.UNSPECIFIED.,.F.,
  .F.,(2,2),(-3.525,1.175),.PIECEWISE_BEZIER_KNOTS.);
#3910 = CARTESIAN_POINT('',(-1.15,2.35));
#3911 = CARTESIAN_POINT('',(-1.15,-2.35));
#3912 = ( GEOMETRIC_REPRESENTATION_CONTEXT(2) 
PARAMETRIC_REPRESENTATION_CONTEXT() REPRESENTATION_CONTEXT('2D SPACE',''
  ) );
#3913 = ORIENTED_EDGE('',*,*,#3914,.F.);
#3914 = EDGE_CURVE('',#1058,#3889,#3915,.T.);
#3915 = SURFACE_CURVE('',#3916,(#3920,#3927),.PCURVE_S1.);
#3916 = LINE('',#3917,#3918);
#3917 = CARTESIAN_POINT('',(17.85,22.35,-1.));
#3918 = VECTOR('',#3919,1.);
#3919 = DIRECTION('',(0.,0.,1.));
#3920 = PCURVE('',#1074,#3921);
#3921 = DEFINITIONAL_REPRESENTATION('',(#3922),#3926);
#3922 = LINE('',#3923,#3924);
#3923 = CARTESIAN_POINT('',(4.7,0.));
#3924 = VECTOR('',#3925,1.);
#3925 = DIRECTION('',(0.,-1.));
#3926 = ( GEOMETRIC_REPRESENTATION_CONTEXT(2) 
PARAMETRIC_REPRESENTATION_CONTEXT() REPRESENTATION_CONTEXT('2D SPACE',''
  ) );
#3927 = PCURVE('',#1106,#3928);
#3928 = DEFINITIONAL_REPRESENTATION('',(#3929),#3933);
#3929 = LINE('',#3930,#3931);
#3930 = CARTESIAN_POINT('',(0.,0.));
#3931 = VECTOR('',#3932,1.);
#3932 = DIRECTION('',(0.,-1.));
#3933 = ( GEOMETRIC_REPRESENTATION_CONTEXT(2) 
PARAMETRIC_REPRESENTATION_CONTEXT() REPRESENTATION_CONTEXT('2D SPACE',''
  ) );
#3934 = ADVANCED_FACE('',(#3935),#1163,.F.);
#3935 = FACE_BOUND('',#3936,.F.);
#3936 = EDGE_LOOP('',(#3937,#3938,#3961,#3987));
#3937 = ORIENTED_EDGE('',*,*,#1144,.F.);
#3938 = ORIENTED_EDGE('',*,*,#3939,.T.);
#3939 = EDGE_CURVE('',#1119,#3940,#3942,.T.);
#3940 = VERTEX_POINT('',#3941);
#3941 = CARTESIAN_POINT('',(20.15,17.65,6.));
#3942 = SURFACE_CURVE('',#3943,(#3947,#3954),.PCURVE_S1.);
#3943 = LINE('',#3944,#3945);
#3944 = CARTESIAN_POINT('',(20.15,17.65,-1.));
#3945 = VECTOR('',#3946,1.);
#3946 = DIRECTION('',(0.,0.,1.));
#3947 = PCURVE('',#1163,#3948);
#3948 = DEFINITIONAL_REPRESENTATION('',(#3949),#3953);
#3949 = LINE('',#3950,#3951);
#3950 = CARTESIAN_POINT('',(0.,0.));
#3951 = VECTOR('',#3952,1.);
#3952 = DIRECTION('',(0.,-1.));
#3953 = ( GEOMETRIC_REPRESENTATION_CONTEXT(2) 
PARAMETRIC_REPRESENTATION_CONTEXT() REPRESENTATION_CONTEXT('2D SPACE',''
  ) );
#3954 = PCURVE('',#1133,#3955);
#3955 = DEFINITIONAL_REPRESENTATION('',(#3956),#3960);
#3956 = LINE('',#3957,#3958);
#3957 = CARTESIAN_POINT('',(4.7,0.));
#3958 = VECTOR('',#3959,1.);
#3959 = DIRECTION('',(0.,-1.));
#3960 = ( GEOMETRIC_REPRESENTATION_CONTEXT(2) 
PARAMETRIC_REPRESENTATION_CONTEXT() REPRESENTATION_CONTEXT('2D SPACE',''
  ) );
#3961 = ORIENTED_EDGE('',*,*,#3962,.T.);
#3962 = EDGE_CURVE('',#3940,#3866,#3963,.T.);
#3963 = SURFACE_CURVE('',#3964,(#3969,#3976),.PCURVE_S1.);
#3964 = CIRCLE('',#3965,1.15);
#3965 = AXIS2_PLACEMENT_3D('',#3966,#3967,#3968);
#3966 = CARTESIAN_POINT('',(19.,17.65,6.));
#3967 = DIRECTION('',(-0.,0.,-1.));
#3968 = DIRECTION('',(1.,-4.971868327669E-16,-0.));
#3969 = PCURVE('',#1163,#3970);
#3970 = DEFINITIONAL_REPRESENTATION('',(#3971),#3975);
#3971 = LINE('',#3972,#3973);
#3972 = CARTESIAN_POINT('',(0.,-7.));
#3973 = VECTOR('',#3974,1.);
#3974 = DIRECTION('',(1.,0.));
#3975 = ( GEOMETRIC_REPRESENTATION_CONTEXT(2) 
PARAMETRIC_REPRESENTATION_CONTEXT() REPRESENTATION_CONTEXT('2D SPACE',''
  ) );
#3976 = PCURVE('',#3903,#3977);
#3977 = DEFINITIONAL_REPRESENTATION('',(#3978),#3986);
#3978 = ( BOUNDED_CURVE() B_SPLINE_CURVE(2,(#3979,#3980,#3981,#3982,
#3983,#3984,#3985),.UNSPECIFIED.,.T.,.F.) B_SPLINE_CURVE_WITH_KNOTS((1,2
    ,2,2,2,1),(-2.094395102393,0.,2.094395102393,4.188790204786,
6.28318530718,8.377580409573),.UNSPECIFIED.) CURVE() 
GEOMETRIC_REPRESENTATION_ITEM() RATIONAL_B_SPLINE_CURVE((1.,0.5,1.,0.5,
1.,0.5,1.)) REPRESENTATION_ITEM('') );
#3979 = CARTESIAN_POINT('',(1.15,-2.35));
#3980 = CARTESIAN_POINT('',(1.15,-4.341858428704));
#3981 = CARTESIAN_POINT('',(-0.575,-3.345929214352));
#3982 = CARTESIAN_POINT('',(-2.3,-2.35));
#3983 = CARTESIAN_POINT('',(-0.575,-1.354070785648));
#3984 = CARTESIAN_POINT('',(1.15,-0.358141571296));
#3985 = CARTESIAN_POINT('',(1.15,-2.35));
#3986 = ( GEOMETRIC_REPRESENTATION_CONTEXT(2) 
PARAMETRIC_REPRESENTATION_CONTEXT() REPRESENTATION_CONTEXT('2D SPACE',''
  ) );
#3987 = ORIENTED_EDGE('',*,*,#3865,.F.);
#3988 = ADVANCED_FACE('',(#3989),#1133,.F.);
#3989 = FACE_BOUND('',#3990,.F.);
#3990 = EDGE_LOOP('',(#3991,#3992,#4015,#4034));
#3991 = ORIENTED_EDGE('',*,*,#1118,.T.);
#3992 = ORIENTED_EDGE('',*,*,#3993,.T.);
#3993 = EDGE_CURVE('',#1086,#3994,#3996,.T.);
#3994 = VERTEX_POINT('',#3995);
#3995 = CARTESIAN_POINT('',(20.15,22.35,6.));
#3996 = SURFACE_CURVE('',#3997,(#4001,#4008),.PCURVE_S1.);
#3997 = LINE('',#3998,#3999);
#3998 = CARTESIAN_POINT('',(20.15,22.35,-1.));
#3999 = VECTOR('',#4000,1.);
#4000 = DIRECTION('',(0.,0.,1.));
#4001 = PCURVE('',#1133,#4002);
#4002 = DEFINITIONAL_REPRESENTATION('',(#4003),#4007);
#4003 = LINE('',#4004,#4005);
#4004 = CARTESIAN_POINT('',(0.,0.));
#4005 = VECTOR('',#4006,1.);
#4006 = DIRECTION('',(0.,-1.));
#4007 = ( GEOMETRIC_REPRESENTATION_CONTEXT(2) 
PARAMETRIC_REPRESENTATION_CONTEXT() REPRESENTATION_CONTEXT('2D SPACE',''
  ) );
#4008 = PCURVE('',#1106,#4009);
#4009 = DEFINITIONAL_REPRESENTATION('',(#4010),#4014);
#4010 = LINE('',#4011,#4012);
#4011 = CARTESIAN_POINT('',(3.14159265359,0.));
#4012 = VECTOR('',#4013,1.);
#4013 = DIRECTION('',(0.,-1.));
#4014 = ( GEOMETRIC_REPRESENTATION_CONTEXT(2) 
PARAMETRIC_REPRESENTATION_CONTEXT() REPRESENTATION_CONTEXT('2D SPACE',''
  ) );
#4015 = ORIENTED_EDGE('',*,*,#4016,.F.);
#4016 = EDGE_CURVE('',#3940,#3994,#4017,.T.);
#4017 = SURFACE_CURVE('',#4018,(#4022,#4028),.PCURVE_S1.);
#4018 = LINE('',#4019,#4020);
#4019 = CARTESIAN_POINT('',(20.15,21.175,6.));
#4020 = VECTOR('',#4021,1.);
#4021 = DIRECTION('',(1.110223024625E-16,1.,-0.));
#4022 = PCURVE('',#1133,#4023);
#4023 = DEFINITIONAL_REPRESENTATION('',(#4024),#4027);
#4024 = B_SPLINE_CURVE_WITH_KNOTS('',1,(#4025,#4026),.UNSPECIFIED.,.F.,
  .F.,(2,2),(-3.525,1.175),.PIECEWISE_BEZIER_KNOTS.);
#4025 = CARTESIAN_POINT('',(4.7,-7.));
#4026 = CARTESIAN_POINT('',(0.,-7.));
#4027 = ( GEOMETRIC_REPRESENTATION_CONTEXT(2) 
PARAMETRIC_REPRESENTATION_CONTEXT() REPRESENTATION_CONTEXT('2D SPACE',''
  ) );
#4028 = PCURVE('',#3903,#4029);
#4029 = DEFINITIONAL_REPRESENTATION('',(#4030),#4033);
#4030 = B_SPLINE_CURVE_WITH_KNOTS('',1,(#4031,#4032),.UNSPECIFIED.,.F.,
  .F.,(2,2),(-3.525,1.175),.PIECEWISE_BEZIER_KNOTS.);
#4031 = CARTESIAN_POINT('',(1.15,-2.35));
#4032 = CARTESIAN_POINT('',(1.15,2.35));
#4033 = ( GEOMETRIC_REPRESENTATION_CONTEXT(2) 
PARAMETRIC_REPRESENTATION_CONTEXT() REPRESENTATION_CONTEXT('2D SPACE',''
  ) );
#4034 = ORIENTED_EDGE('',*,*,#3939,.F.);
#4035 = ADVANCED_FACE('',(#4036),#1106,.F.);
#4036 = FACE_BOUND('',#4037,.F.);
#4037 = EDGE_LOOP('',(#4038,#4039,#4040,#4066));
#4038 = ORIENTED_EDGE('',*,*,#1085,.F.);
#4039 = ORIENTED_EDGE('',*,*,#3914,.T.);
#4040 = ORIENTED_EDGE('',*,*,#4041,.T.);
#4041 = EDGE_CURVE('',#3889,#3994,#4042,.T.);
#4042 = SURFACE_CURVE('',#4043,(#4048,#4055),.PCURVE_S1.);
#4043 = CIRCLE('',#4044,1.15);
#4044 = AXIS2_PLACEMENT_3D('',#4045,#4046,#4047);
#4045 = CARTESIAN_POINT('',(19.,22.35,6.));
#4046 = DIRECTION('',(0.,0.,-1.));
#4047 = DIRECTION('',(-1.,4.971868327669E-16,0.));
#4048 = PCURVE('',#1106,#4049);
#4049 = DEFINITIONAL_REPRESENTATION('',(#4050),#4054);
#4050 = LINE('',#4051,#4052);
#4051 = CARTESIAN_POINT('',(0.,-7.));
#4052 = VECTOR('',#4053,1.);
#4053 = DIRECTION('',(1.,0.));
#4054 = ( GEOMETRIC_REPRESENTATION_CONTEXT(2) 
PARAMETRIC_REPRESENTATION_CONTEXT() REPRESENTATION_CONTEXT('2D SPACE',''
  ) );
#4055 = PCURVE('',#3903,#4056);
#4056 = DEFINITIONAL_REPRESENTATION('',(#4057),#4065);
#4057 = ( BOUNDED_CURVE() B_SPLINE_CURVE(2,(#4058,#4059,#4060,#4061,
#4062,#4063,#4064),.UNSPECIFIED.,.T.,.F.) B_SPLINE_CURVE_WITH_KNOTS((1,2
    ,2,2,2,1),(-2.094395102393,0.,2.094395102393,4.188790204786,
6.28318530718,8.377580409573),.UNSPECIFIED.) CURVE() 
GEOMETRIC_REPRESENTATION_ITEM() RATIONAL_B_SPLINE_CURVE((1.,0.5,1.,0.5,
1.,0.5,1.)) REPRESENTATION_ITEM('') );
#4058 = CARTESIAN_POINT('',(-1.15,2.35));
#4059 = CARTESIAN_POINT('',(-1.15,4.341858428704));
#4060 = CARTESIAN_POINT('',(0.575,3.345929214352));
#4061 = CARTESIAN_POINT('',(2.3,2.35));
#4062 = CARTESIAN_POINT('',(0.575,1.354070785648));
#4063 = CARTESIAN_POINT('',(-1.15,0.358141571296));
#4064 = CARTESIAN_POINT('',(-1.15,2.35));
#4065 = ( GEOMETRIC_REPRESENTATION_CONTEXT(2) 
PARAMETRIC_REPRESENTATION_CONTEXT() REPRESENTATION_CONTEXT('2D SPACE',''
  ) );
#4066 = ORIENTED_EDGE('',*,*,#3993,.F.);
#4067 = ADVANCED_FACE('',(#4068),#1198,.T.);
#4068 = FACE_BOUND('',#4069,.F.);
#4069 = EDGE_LOOP('',(#4070,#4098,#4121,#4148,#4149,#4177,#4204,#4205,
    #4234,#4260,#4261,#4262));
#4070 = ORIENTED_EDGE('',*,*,#4071,.T.);
#4071 = EDGE_CURVE('',#1364,#4072,#4074,.T.);
#4072 = VERTEX_POINT('',#4073);
#4073 = CARTESIAN_POINT('',(26.2,47.,6.));
#4074 = SURFACE_CURVE('',#4075,(#4080,#4087),.PCURVE_S1.);
#4075 = CIRCLE('',#4076,3.2);
#4076 = AXIS2_PLACEMENT_3D('',#4077,#4078,#4079);
#4077 = CARTESIAN_POINT('',(23.,47.,6.));
#4078 = DIRECTION('',(0.,0.,-1.));
#4079 = DIRECTION('',(1.,0.,0.));
#4080 = PCURVE('',#1198,#4081);
#4081 = DEFINITIONAL_REPRESENTATION('',(#4082),#4086);
#4082 = LINE('',#4083,#4084);
#4083 = CARTESIAN_POINT('',(-6.28318530718,-3.));
#4084 = VECTOR('',#4085,1.);
#4085 = DIRECTION('',(1.,-0.));
#4086 = ( GEOMETRIC_REPRESENTATION_CONTEXT(2) 
PARAMETRIC_REPRESENTATION_CONTEXT() REPRESENTATION_CONTEXT('2D SPACE',''
  ) );
#4087 = PCURVE('',#1380,#4088);
#4088 = DEFINITIONAL_REPRESENTATION('',(#4089),#4097);
#4089 = ( BOUNDED_CURVE() B_SPLINE_CURVE(2,(#4090,#4091,#4092,#4093,
#4094,#4095,#4096),.UNSPECIFIED.,.T.,.F.) B_SPLINE_CURVE_WITH_KNOTS((1,2
    ,2,2,2,1),(-2.094395102393,0.,2.094395102393,4.188790204786,
6.28318530718,8.377580409573),.UNSPECIFIED.) CURVE() 
GEOMETRIC_REPRESENTATION_ITEM() RATIONAL_B_SPLINE_CURVE((1.,0.5,1.,0.5,
1.,0.5,1.)) REPRESENTATION_ITEM('') );
#4090 = CARTESIAN_POINT('',(26.2,43.348352331139));
#4091 = CARTESIAN_POINT('',(26.2,37.805789746919));
#4092 = CARTESIAN_POINT('',(21.4,40.577071039029));
#4093 = CARTESIAN_POINT('',(16.6,43.348352331139));
#4094 = CARTESIAN_POINT('',(21.4,46.11963362325));
#4095 = CARTESIAN_POINT('',(26.2,48.89091491536));
#4096 = CARTESIAN_POINT('',(26.2,43.348352331139));
#4097 = ( GEOMETRIC_REPRESENTATION_CONTEXT(2) 
PARAMETRIC_REPRESENTATION_CONTEXT() REPRESENTATION_CONTEXT('2D SPACE',''
  ) );
#4098 = ORIENTED_EDGE('',*,*,#4099,.T.);
#4099 = EDGE_CURVE('',#4072,#4100,#4102,.T.);
#4100 = VERTEX_POINT('',#4101);
#4101 = CARTESIAN_POINT('',(26.2,47.,10.));
#4102 = SEAM_CURVE('',#4103,(#4107,#4114),.PCURVE_S1.);
#4103 = LINE('',#4104,#4105);
#4104 = CARTESIAN_POINT('',(26.2,47.,3.));
#4105 = VECTOR('',#4106,1.);
#4106 = DIRECTION('',(0.,0.,1.));
#4107 = PCURVE('',#1198,#4108);
#4108 = DEFINITIONAL_REPRESENTATION('',(#4109),#4113);
#4109 = LINE('',#4110,#4111);
#4110 = CARTESIAN_POINT('',(-6.28318530718,0.));
#4111 = VECTOR('',#4112,1.);
#4112 = DIRECTION('',(-0.,-1.));
#4113 = ( GEOMETRIC_REPRESENTATION_CONTEXT(2) 
PARAMETRIC_REPRESENTATION_CONTEXT() REPRESENTATION_CONTEXT('2D SPACE',''
  ) );
#4114 = PCURVE('',#1198,#4115);
#4115 = DEFINITIONAL_REPRESENTATION('',(#4116),#4120);
#4116 = LINE('',#4117,#4118);
#4117 = CARTESIAN_POINT('',(-0.,0.));
#4118 = VECTOR('',#4119,1.);
#4119 = DIRECTION('',(-0.,-1.));
#4120 = ( GEOMETRIC_REPRESENTATION_CONTEXT(2) 
PARAMETRIC_REPRESENTATION_CONTEXT() REPRESENTATION_CONTEXT('2D SPACE',''
  ) );
#4121 = ORIENTED_EDGE('',*,*,#4122,.T.);
#4122 = EDGE_CURVE('',#4100,#4100,#4123,.T.);
#4123 = SURFACE_CURVE('',#4124,(#4129,#4136),.PCURVE_S1.);
#4124 = CIRCLE('',#4125,3.2);
#4125 = AXIS2_PLACEMENT_3D('',#4126,#4127,#4128);
#4126 = CARTESIAN_POINT('',(23.,47.,10.));
#4127 = DIRECTION('',(0.,0.,1.));
#4128 = DIRECTION('',(1.,0.,0.));
#4129 = PCURVE('',#1198,#4130);
#4130 = DEFINITIONAL_REPRESENTATION('',(#4131),#4135);
#4131 = LINE('',#4132,#4133);
#4132 = CARTESIAN_POINT('',(-0.,-7.));
#4133 = VECTOR('',#4134,1.);
#4134 = DIRECTION('',(-1.,0.));
#4135 = ( GEOMETRIC_REPRESENTATION_CONTEXT(2) 
PARAMETRIC_REPRESENTATION_CONTEXT() REPRESENTATION_CONTEXT('2D SPACE',''
  ) );
#4136 = PCURVE('',#4137,#4142);
#4137 = PLANE('',#4138);
#4138 = AXIS2_PLACEMENT_3D('',#4139,#4140,#4141);
#4139 = CARTESIAN_POINT('',(23.,47.,10.));
#4140 = DIRECTION('',(0.,0.,1.));
#4141 = DIRECTION('',(1.,0.,-0.));
#4142 = DEFINITIONAL_REPRESENTATION('',(#4143),#4147);
#4143 = CIRCLE('',#4144,3.2);
#4144 = AXIS2_PLACEMENT_2D('',#4145,#4146);
#4145 = CARTESIAN_POINT('',(3.552713678801E-15,7.105427357601E-15));
#4146 = DIRECTION('',(1.,0.));
#4147 = ( GEOMETRIC_REPRESENTATION_CONTEXT(2) 
PARAMETRIC_REPRESENTATION_CONTEXT() REPRESENTATION_CONTEXT('2D SPACE',''
  ) );
#4148 = ORIENTED_EDGE('',*,*,#4099,.F.);
#4149 = ORIENTED_EDGE('',*,*,#4150,.T.);
#4150 = EDGE_CURVE('',#4072,#4151,#4153,.T.);
#4151 = VERTEX_POINT('',#4152);
#4152 = CARTESIAN_POINT('',(25.580872823219,45.10815025164,6.));
#4153 = SURFACE_CURVE('',#4154,(#4159,#4166),.PCURVE_S1.);
#4154 = CIRCLE('',#4155,3.2);
#4155 = AXIS2_PLACEMENT_3D('',#4156,#4157,#4158);
#4156 = CARTESIAN_POINT('',(23.,47.,6.));
#4157 = DIRECTION('',(0.,0.,-1.));
#4158 = DIRECTION('',(1.,0.,0.));
#4159 = PCURVE('',#1198,#4160);
#4160 = DEFINITIONAL_REPRESENTATION('',(#4161),#4165);
#4161 = LINE('',#4162,#4163);
#4162 = CARTESIAN_POINT('',(-6.28318530718,-3.));
#4163 = VECTOR('',#4164,1.);
#4164 = DIRECTION('',(1.,-0.));
#4165 = ( GEOMETRIC_REPRESENTATION_CONTEXT(2) 
PARAMETRIC_REPRESENTATION_CONTEXT() REPRESENTATION_CONTEXT('2D SPACE',''
  ) );
#4166 = PCURVE('',#1380,#4167);
#4167 = DEFINITIONAL_REPRESENTATION('',(#4168),#4176);
#4168 = ( BOUNDED_CURVE() B_SPLINE_CURVE(2,(#4169,#4170,#4171,#4172,
#4173,#4174,#4175),.UNSPECIFIED.,.T.,.F.) B_SPLINE_CURVE_WITH_KNOTS((1,2
    ,2,2,2,1),(-2.094395102393,0.,2.094395102393,4.188790204786,
6.28318530718,8.377580409573),.UNSPECIFIED.) CURVE() 
GEOMETRIC_REPRESENTATION_ITEM() RATIONAL_B_SPLINE_CURVE((1.,0.5,1.,0.5,
1.,0.5,1.)) REPRESENTATION_ITEM('') );
#4169 = CARTESIAN_POINT('',(26.2,43.348352331139));
#4170 = CARTESIAN_POINT('',(26.2,37.805789746919));
#4171 = CARTESIAN_POINT('',(21.4,40.577071039029));
#4172 = CARTESIAN_POINT('',(16.6,43.348352331139));
#4173 = CARTESIAN_POINT('',(21.4,46.11963362325));
#4174 = CARTESIAN_POINT('',(26.2,48.89091491536));
#4175 = CARTESIAN_POINT('',(26.2,43.348352331139));
#4176 = ( GEOMETRIC_REPRESENTATION_CONTEXT(2) 
PARAMETRIC_REPRESENTATION_CONTEXT() REPRESENTATION_CONTEXT('2D SPACE',''
  ) );
#4177 = ORIENTED_EDGE('',*,*,#4178,.T.);
#4178 = EDGE_CURVE('',#4151,#1447,#4179,.T.);
#4179 = SURFACE_CURVE('',#4180,(#4186,#4195),.PCURVE_S1.);
#4180 = B_SPLINE_CURVE_WITH_KNOTS('',4,(#4181,#4182,#4183,#4184,#4185),
  .UNSPECIFIED.,.F.,.F.,(5,5),(0.,1.),.PIECEWISE_BEZIER_KNOTS.);
#4181 = CARTESIAN_POINT('',(25.580872823682,45.108150252271,6.0000012));
#4182 = CARTESIAN_POINT('',(25.580872823682,45.108150252271,5.25000075)
  );
#4183 = CARTESIAN_POINT('',(25.580872823682,45.108150252271,4.5000003));
#4184 = CARTESIAN_POINT('',(25.580872823682,45.108150252271,3.74999985)
  );
#4185 = CARTESIAN_POINT('',(25.580872823682,45.108150252271,2.9999994));
#4186 = PCURVE('',#1198,#4187);
#4187 = DEFINITIONAL_REPRESENTATION('',(#4188),#4194);
#4188 = B_SPLINE_CURVE_WITH_KNOTS('',4,(#4189,#4190,#4191,#4192,#4193),
  .UNSPECIFIED.,.F.,.F.,(5,5),(0.,1.),.PIECEWISE_BEZIER_KNOTS.);
#4189 = CARTESIAN_POINT('',(-5.650635634801,-3.0000012));
#4190 = CARTESIAN_POINT('',(-5.650635634801,-2.25000075));
#4191 = CARTESIAN_POINT('',(-5.650635634801,-1.5000003));
#4192 = CARTESIAN_POINT('',(-5.650635634801,-0.74999985));
#4193 = CARTESIAN_POINT('',(-5.650635634801,5.999999999062E-07));
#4194 = ( GEOMETRIC_REPRESENTATION_CONTEXT(2) 
PARAMETRIC_REPRESENTATION_CONTEXT() REPRESENTATION_CONTEXT('2D SPACE',''
  ) );
#4195 = PCURVE('',#1463,#4196);
#4196 = DEFINITIONAL_REPRESENTATION('',(#4197),#4203);
#4197 = B_SPLINE_CURVE_WITH_KNOTS('',4,(#4198,#4199,#4200,#4201,#4202),
  .UNSPECIFIED.,.F.,.F.,(5,5),(0.,1.),.PIECEWISE_BEZIER_KNOTS.);
#4198 = CARTESIAN_POINT('',(5.544683396172,-3.0000012));
#4199 = CARTESIAN_POINT('',(5.544683396172,-2.25000075));
#4200 = CARTESIAN_POINT('',(5.544683396172,-1.5000003));
#4201 = CARTESIAN_POINT('',(5.544683396172,-0.74999985));
#4202 = CARTESIAN_POINT('',(5.544683396172,5.999999999062E-07));
#4203 = ( GEOMETRIC_REPRESENTATION_CONTEXT(2) 
PARAMETRIC_REPRESENTATION_CONTEXT() REPRESENTATION_CONTEXT('2D SPACE',''
  ) );
#4204 = ORIENTED_EDGE('',*,*,#1477,.F.);
#4205 = ORIENTED_EDGE('',*,*,#4206,.F.);
#4206 = EDGE_CURVE('',#4207,#1478,#4209,.T.);
#4207 = VERTEX_POINT('',#4208);
#4208 = CARTESIAN_POINT('',(21.798163238356,49.965735726319,6.));
#4209 = SURFACE_CURVE('',#4210,(#4216,#4225),.PCURVE_S1.);
#4210 = B_SPLINE_CURVE_WITH_KNOTS('',4,(#4211,#4212,#4213,#4214,#4215),
  .UNSPECIFIED.,.F.,.F.,(5,5),(0.,1.),.PIECEWISE_BEZIER_KNOTS.);
#4211 = CARTESIAN_POINT('',(21.798163244605,49.965735728851,6.0000012));
#4212 = CARTESIAN_POINT('',(21.798163244605,49.965735728851,5.25000075)
  );
#4213 = CARTESIAN_POINT('',(21.798163244605,49.965735728851,4.5000003));
#4214 = CARTESIAN_POINT('',(21.798163244605,49.965735728851,3.74999985)
  );
#4215 = CARTESIAN_POINT('',(21.798163244605,49.965735728851,2.9999994));
#4216 = PCURVE('',#1198,#4217);
#4217 = DEFINITIONAL_REPRESENTATION('',(#4218),#4224);
#4218 = B_SPLINE_CURVE_WITH_KNOTS('',4,(#4219,#4220,#4221,#4222,#4223),
  .UNSPECIFIED.,.F.,.F.,(5,5),(0.,1.),.PIECEWISE_BEZIER_KNOTS.);
#4219 = CARTESIAN_POINT('',(-1.955812349008,-3.0000012));
#4220 = CARTESIAN_POINT('',(-1.955812349008,-2.25000075));
#4221 = CARTESIAN_POINT('',(-1.955812349008,-1.5000003));
#4222 = CARTESIAN_POINT('',(-1.955812349008,-0.74999985));
#4223 = CARTESIAN_POINT('',(-1.955812349008,5.999999999062E-07));
#4224 = ( GEOMETRIC_REPRESENTATION_CONTEXT(2) 
PARAMETRIC_REPRESENTATION_CONTEXT() REPRESENTATION_CONTEXT('2D SPACE',''
  ) );
#4225 = PCURVE('',#1518,#4226);
#4226 = DEFINITIONAL_REPRESENTATION('',(#4227),#4233);
#4227 = B_SPLINE_CURVE_WITH_KNOTS('',4,(#4228,#4229,#4230,#4231,#4232),
  .UNSPECIFIED.,.F.,.F.,(5,5),(0.,1.),.PIECEWISE_BEZIER_KNOTS.);
#4228 = CARTESIAN_POINT('',(5.672247506119,-3.0000012));
#4229 = CARTESIAN_POINT('',(5.672247506119,-2.25000075));
#4230 = CARTESIAN_POINT('',(5.672247506119,-1.5000003));
#4231 = CARTESIAN_POINT('',(5.672247506119,-0.74999985));
#4232 = CARTESIAN_POINT('',(5.672247506119,5.999999999062E-07));
#4233 = ( GEOMETRIC_REPRESENTATION_CONTEXT(2) 
PARAMETRIC_REPRESENTATION_CONTEXT() REPRESENTATION_CONTEXT('2D SPACE',''
  ) );
#4234 = ORIENTED_EDGE('',*,*,#4235,.T.);
#4235 = EDGE_CURVE('',#4207,#1179,#4236,.T.);
#4236 = SURFACE_CURVE('',#4237,(#4242,#4249),.PCURVE_S1.);
#4237 = CIRCLE('',#4238,3.2);
#4238 = AXIS2_PLACEMENT_3D('',#4239,#4240,#4241);
#4239 = CARTESIAN_POINT('',(23.,47.,6.));
#4240 = DIRECTION('',(0.,0.,-1.));
#4241 = DIRECTION('',(1.,0.,0.));
#4242 = PCURVE('',#1198,#4243);
#4243 = DEFINITIONAL_REPRESENTATION('',(#4244),#4248);
#4244 = LINE('',#4245,#4246);
#4245 = CARTESIAN_POINT('',(-6.28318530718,-3.));
#4246 = VECTOR('',#4247,1.);
#4247 = DIRECTION('',(1.,-0.));
#4248 = ( GEOMETRIC_REPRESENTATION_CONTEXT(2) 
PARAMETRIC_REPRESENTATION_CONTEXT() REPRESENTATION_CONTEXT('2D SPACE',''
  ) );
#4249 = PCURVE('',#1228,#4250);
#4250 = DEFINITIONAL_REPRESENTATION('',(#4251),#4259);
#4251 = ( BOUNDED_CURVE() B_SPLINE_CURVE(2,(#4252,#4253,#4254,#4255,
#4256,#4257,#4258),.UNSPECIFIED.,.T.,.F.) B_SPLINE_CURVE_WITH_KNOTS((1,2
    ,2,2,2,1),(-2.094395102393,0.,2.094395102393,4.188790204786,
6.28318530718,8.377580409573),.UNSPECIFIED.) CURVE() 
GEOMETRIC_REPRESENTATION_ITEM() RATIONAL_B_SPLINE_CURVE((1.,0.5,1.,0.5,
1.,0.5,1.)) REPRESENTATION_ITEM('') );
#4252 = CARTESIAN_POINT('',(26.2,43.348352331139));
#4253 = CARTESIAN_POINT('',(26.2,37.805789746919));
#4254 = CARTESIAN_POINT('',(21.4,40.577071039029));
#4255 = CARTESIAN_POINT('',(16.6,43.348352331139));
#4256 = CARTESIAN_POINT('',(21.4,46.11963362325));
#4257 = CARTESIAN_POINT('',(26.2,48.89091491536));
#4258 = CARTESIAN_POINT('',(26.2,43.348352331139));
#4259 = ( GEOMETRIC_REPRESENTATION_CONTEXT(2) 
PARAMETRIC_REPRESENTATION_CONTEXT() REPRESENTATION_CONTEXT('2D SPACE',''
  ) );
#4260 = ORIENTED_EDGE('',*,*,#1178,.T.);
#4261 = ORIENTED_EDGE('',*,*,#1301,.F.);
#4262 = ORIENTED_EDGE('',*,*,#1392,.F.);
#4263 = ADVANCED_FACE('',(#4264),#1228,.T.);
#4264 = FACE_BOUND('',#4265,.T.);
#4265 = EDGE_LOOP('',(#4266,#4267,#4268,#4269,#4297,#4702));
#4266 = ORIENTED_EDGE('',*,*,#4235,.T.);
#4267 = ORIENTED_EDGE('',*,*,#1212,.T.);
#4268 = ORIENTED_EDGE('',*,*,#1240,.T.);
#4269 = ORIENTED_EDGE('',*,*,#4270,.T.);
#4270 = EDGE_CURVE('',#1241,#4271,#4273,.T.);
#4271 = VERTEX_POINT('',#4272);
#4272 = CARTESIAN_POINT('',(-21.79816323835,49.965735726319,6.));
#4273 = SURFACE_CURVE('',#4274,(#4279,#4290),.PCURVE_S1.);
#4274 = CIRCLE('',#4275,3.2);
#4275 = AXIS2_PLACEMENT_3D('',#4276,#4277,#4278);
#4276 = CARTESIAN_POINT('',(-23.,47.,6.));
#4277 = DIRECTION('',(0.,0.,-1.));
#4278 = DIRECTION('',(1.,0.,0.));
#4279 = PCURVE('',#1228,#4280);
#4280 = DEFINITIONAL_REPRESENTATION('',(#4281),#4289);
#4281 = ( BOUNDED_CURVE() B_SPLINE_CURVE(2,(#4282,#4283,#4284,#4285,
#4286,#4287,#4288),.UNSPECIFIED.,.T.,.F.) B_SPLINE_CURVE_WITH_KNOTS((1,2
    ,2,2,2,1),(-2.094395102393,0.,2.094395102393,4.188790204786,
6.28318530718,8.377580409573),.UNSPECIFIED.) CURVE() 
GEOMETRIC_REPRESENTATION_ITEM() RATIONAL_B_SPLINE_CURVE((1.,0.5,1.,0.5,
1.,0.5,1.)) REPRESENTATION_ITEM('') );
#4282 = CARTESIAN_POINT('',(-19.8,43.348352331139));
#4283 = CARTESIAN_POINT('',(-19.8,37.805789746919));
#4284 = CARTESIAN_POINT('',(-24.6,40.577071039029));
#4285 = CARTESIAN_POINT('',(-29.4,43.348352331139));
#4286 = CARTESIAN_POINT('',(-24.6,46.11963362325));
#4287 = CARTESIAN_POINT('',(-19.8,48.89091491536));
#4288 = CARTESIAN_POINT('',(-19.8,43.348352331139));
#4289 = ( GEOMETRIC_REPRESENTATION_CONTEXT(2) 
PARAMETRIC_REPRESENTATION_CONTEXT() REPRESENTATION_CONTEXT('2D SPACE',''
  ) );
#4290 = PCURVE('',#1281,#4291);
#4291 = DEFINITIONAL_REPRESENTATION('',(#4292),#4296);
#4292 = LINE('',#4293,#4294);
#4293 = CARTESIAN_POINT('',(-6.28318530718,-3.));
#4294 = VECTOR('',#4295,1.);
#4295 = DIRECTION('',(1.,-0.));
#4296 = ( GEOMETRIC_REPRESENTATION_CONTEXT(2) 
PARAMETRIC_REPRESENTATION_CONTEXT() REPRESENTATION_CONTEXT('2D SPACE',''
  ) );
#4297 = ORIENTED_EDGE('',*,*,#4298,.T.);
#4298 = EDGE_CURVE('',#4271,#4299,#4301,.T.);
#4299 = VERTEX_POINT('',#4300);
#4300 = CARTESIAN_POINT('',(6.772360450213E-15,61.,6.));
#4301 = SURFACE_CURVE('',#4302,(#4487,#4675),.PCURVE_S1.);
#4302 = B_SPLINE_CURVE_WITH_KNOTS('',8,(#4303,#4304,#4305,#4306,#4307,
    #4308,#4309,#4310,#4311,#4312,#4313,#4314,#4315,#4316,#4317,#4318,
    #4319,#4320,#4321,#4322,#4323,#4324,#4325,#4326,#4327,#4328,#4329,
    #4330,#4331,#4332,#4333,#4334,#4335,#4336,#4337,#4338,#4339,#4340,
    #4341,#4342,#4343,#4344,#4345,#4346,#4347,#4348,#4349,#4350,#4351,
    #4352,#4353,#4354,#4355,#4356,#4357,#4358,#4359,#4360,#4361,#4362,
    #4363,#4364,#4365,#4366,#4367,#4368,#4369,#4370,#4371,#4372,#4373,
    #4374,#4375,#4376,#4377,#4378,#4379,#4380,#4381,#4382,#4383,#4384,
    #4385,#4386,#4387,#4388,#4389,#4390,#4391,#4392,#4393,#4394,#4395,
    #4396,#4397,#4398,#4399,#4400,#4401,#4402,#4403,#4404,#4405,#4406,
    #4407,#4408,#4409,#4410,#4411,#4412,#4413,#4414,#4415,#4416,#4417,
    #4418,#4419,#4420,#4421,#4422,#4423,#4424,#4425,#4426,#4427,#4428,
    #4429,#4430,#4431,#4432,#4433,#4434,#4435,#4436,#4437,#4438,#4439,
    #4440,#4441,#4442,#4443,#4444,#4445,#4446,#4447,#4448,#4449,#4450,
    #4451,#4452,#4453,#4454,#4455,#4456,#4457,#4458,#4459,#4460,#4461,
    #4462,#4463,#4464,#4465,#4466,#4467,#4468,#4469,#4470,#4471,#4472,
    #4473,#4474,#4475,#4476,#4477,#4478,#4479,#4480,#4481,#4482,#4483,
    #4484,#4485,#4486),.UNSPECIFIED.,.T.,.F.,(9,7,7,7,7,7,7,7,7,7,7,7,7,
    7,7,7,7,7,7,7,7,7,7,7,7,7,9),(0.,3.880908226334E-02,
    6.511330033094E-02,0.10289263558,0.136344647509,0.165383771345,
    0.249996704594,0.334609637844,0.363648761682,0.397100773612,
    0.434880108863,0.461184326933,0.482483885033,0.500000967674,
    0.525274281717,0.538816548794,0.565120716915,0.602899980428,
    0.636351928837,0.665390997533,0.750003770115,0.834616542695,
    0.863655611391,0.897107559799,0.934886823311,0.961190991431,1.),
  .UNSPECIFIED.);
#4303 = CARTESIAN_POINT('',(1.56532422934E-14,61.,6.));
#4304 = CARTESIAN_POINT('',(1.528993746164,61.000000058389,6.));
#4305 = CARTESIAN_POINT('',(3.059046817505,60.88713300006,6.));
#4306 = CARTESIAN_POINT('',(4.578687516181,60.661126553482,6.));
#4307 = CARTESIAN_POINT('',(6.078399391358,60.325276841783,6.));
#4308 = CARTESIAN_POINT('',(7.55034379512,59.885194314333,6.));
#4309 = CARTESIAN_POINT('',(8.988168641543,59.347971260722,6.));
#4310 = CARTESIAN_POINT('',(10.386866579065,58.721597082004,6.));
#4311 = CARTESIAN_POINT('',(12.661572696207,57.535152237942,6.));
#4312 = CARTESIAN_POINT('',(13.561042509457,57.018613607614,6.));
#4313 = CARTESIAN_POINT('',(14.440131673176,56.467261290694,6.));
#4314 = CARTESIAN_POINT('',(15.298206185778,55.883510781873,6.));
#4315 = CARTESIAN_POINT('',(16.134876440709,55.26969808699,6.));
#4316 = CARTESIAN_POINT('',(16.949959982332,54.62802608235,6.));
#4317 = CARTESIAN_POINT('',(17.743452173893,53.960522529205,6.));
#4318 = CARTESIAN_POINT('',(19.624362488906,52.275826764841,6.));
#4319 = CARTESIAN_POINT('',(20.688766760933,51.23332049045,6.));
#4320 = CARTESIAN_POINT('',(21.709298896659,50.146828393793,6.));
#4321 = CARTESIAN_POINT('',(22.686731449087,49.021166446052,6.));
#4322 = CARTESIAN_POINT('',(23.622008493587,47.860613165699,6.));
#4323 = CARTESIAN_POINT('',(24.516219429925,46.668888210142,6.));
#4324 = CARTESIAN_POINT('',(25.370566313918,45.449125509343,6.));
#4325 = CARTESIAN_POINT('',(26.908644441622,43.101193852616,6.));
#4326 = CARTESIAN_POINT('',(27.600598508849,41.978706922064,6.));
#4327 = CARTESIAN_POINT('',(28.263026668922,40.838231373008,6.));
#4328 = CARTESIAN_POINT('',(28.896707606951,39.68143429941,6.));
#4329 = CARTESIAN_POINT('',(29.502376439193,38.509808262546,6.));
#4330 = CARTESIAN_POINT('',(30.080735237527,37.324677106816,6.));
#4331 = CARTESIAN_POINT('',(30.632456583845,36.127197994759,6.));
#4332 = CARTESIAN_POINT('',(31.614551775202,33.868987410709,6.));
#4333 = CARTESIAN_POINT('',(32.051315454172,32.811096426562,6.));
#4334 = CARTESIAN_POINT('',(32.468881935741,31.745355260298,6.));
#4335 = CARTESIAN_POINT('',(32.867630335279,30.672381877547,6.));
#4336 = CARTESIAN_POINT('',(33.247911211452,29.592744797326,6.));
#4337 = CARTESIAN_POINT('',(33.610049638607,28.506964231265,6.));
#4338 = CARTESIAN_POINT('',(33.954348279162,27.415513222828,6.));
#4339 = CARTESIAN_POINT('',(35.233137188152,23.123317380545,6.));
#4340 = CARTESIAN_POINT('',(36.035843816881,19.884240791833,6.));
#4341 = CARTESIAN_POINT('',(36.696639099759,16.611162671899,6.));
#4342 = CARTESIAN_POINT('',(37.220432259711,13.312540978952,6.));
#4343 = CARTESIAN_POINT('',(37.610828499304,9.995914275849,6.));
#4344 = CARTESIAN_POINT('',(37.870241573365,6.667923697793,6.));
#4345 = CARTESIAN_POINT('',(38.000000054523,3.334335564715,6.));
#4346 = CARTESIAN_POINT('',(38.000000054519,-3.334335564723,6.));
#4347 = CARTESIAN_POINT('',(37.870241573381,-6.667923697701,6.));
#4348 = CARTESIAN_POINT('',(37.610828499279,-9.995914275996,6.));
#4349 = CARTESIAN_POINT('',(37.220432259737,-13.31254097876,6.));
#4350 = CARTESIAN_POINT('',(36.696639099748,-16.611162672,6.));
#4351 = CARTESIAN_POINT('',(36.035843816887,-19.88424079177,6.));
#4352 = CARTESIAN_POINT('',(35.233137188154,-23.12331738054,6.));
#4353 = CARTESIAN_POINT('',(33.954348279165,-27.41551322281,6.));
#4354 = CARTESIAN_POINT('',(33.610049638611,-28.50696423125,6.));
#4355 = CARTESIAN_POINT('',(33.247911211455,-29.59274479731,6.));
#4356 = CARTESIAN_POINT('',(32.867630335283,-30.67238187753,6.));
#4357 = CARTESIAN_POINT('',(32.468881935745,-31.74535526028,6.));
#4358 = CARTESIAN_POINT('',(32.051315454176,-32.81109642655,6.));
#4359 = CARTESIAN_POINT('',(31.614551775206,-33.86898741069,6.));
#4360 = CARTESIAN_POINT('',(30.632456583852,-36.12719799475,6.));
#4361 = CARTESIAN_POINT('',(30.080735237526,-37.3246771068,6.));
#4362 = CARTESIAN_POINT('',(29.502376439198,-38.50980826253,6.));
#4363 = CARTESIAN_POINT('',(28.896707606961,-39.6814342994,6.));
#4364 = CARTESIAN_POINT('',(28.263026668927,-40.83823137299,6.));
#4365 = CARTESIAN_POINT('',(27.600598508849,-41.97870692205,6.));
#4366 = CARTESIAN_POINT('',(26.90864444163,-43.1011938526,6.));
#4367 = CARTESIAN_POINT('',(25.370566313925,-45.44912550933,6.));
#4368 = CARTESIAN_POINT('',(24.516219429928,-46.66888821013,6.));
#4369 = CARTESIAN_POINT('',(23.622008493592,-47.86061316569,6.));
#4370 = CARTESIAN_POINT('',(22.686731449094,-49.02116644604,6.));
#4371 = CARTESIAN_POINT('',(21.709298896665,-50.14682839378,6.));
#4372 = CARTESIAN_POINT('',(20.688766760936,-51.23332049044,6.));
#4373 = CARTESIAN_POINT('',(19.624362488912,-52.27582676483,6.));
#4374 = CARTESIAN_POINT('',(17.743452173899,-53.96052252919,6.));
#4375 = CARTESIAN_POINT('',(16.949959982336,-54.62802608234,6.));
#4376 = CARTESIAN_POINT('',(16.134876440714,-55.26969808698,6.));
#4377 = CARTESIAN_POINT('',(15.298206185785,-55.88351078186,6.));
#4378 = CARTESIAN_POINT('',(14.440131673182,-56.46726129069,6.));
#4379 = CARTESIAN_POINT('',(13.561042509461,-57.01861360761,6.));
#4380 = CARTESIAN_POINT('',(12.661572696214,-57.53515223793,6.));
#4381 = CARTESIAN_POINT('',(10.998554590658,-58.40255173626,6.));
#4382 = CARTESIAN_POINT('',(10.24171203389,-58.76623374975,6.));
#4383 = CARTESIAN_POINT('',(9.472646765261,-59.10418483401,6.));
#4384 = CARTESIAN_POINT('',(8.69201968995,-59.41509875176,6.));
#4385 = CARTESIAN_POINT('',(7.900634493421,-59.69769987225,6.));
#4386 = CARTESIAN_POINT('',(7.099451022587,-59.95077927833,6.));
#4387 = CARTESIAN_POINT('',(6.289601523701,-60.17323883718,6.));
#4388 = CARTESIAN_POINT('',(4.800338605936,-60.52114615639,6.));
#4389 = CARTESIAN_POINT('',(4.123259462076,-60.65681555472,6.));
#4390 = CARTESIAN_POINT('',(3.441919453669,-60.77062541669,6.));
#4391 = CARTESIAN_POINT('',(2.757101280656,-60.8621371732,6.));
#4392 = CARTESIAN_POINT('',(2.069624172334,-60.93100876512,6.));
#4393 = CARTESIAN_POINT('',(1.380344865033,-60.97700370943,6.));
#4394 = CARTESIAN_POINT('',(0.690158579786,-61.00000016527,6.));
#4395 = CARTESIAN_POINT('',(-0.995747777195,-61.00000006476,6.));
#4396 = CARTESIAN_POINT('',(-1.991653330474,-60.95213092198,6.));
#4397 = CARTESIAN_POINT('',(-2.984791373153,-60.85636701844,6.));
#4398 = CARTESIAN_POINT('',(-3.97247896593,-60.71325769359,6.));
#4399 = CARTESIAN_POINT('',(-4.952260643428,-60.523829239,6.));
#4400 = CARTESIAN_POINT('',(-5.921895820619,-60.28950287282,6.));
#4401 = CARTESIAN_POINT('',(-6.879348479103,-60.01202862938,6.));
#4402 = CARTESIAN_POINT('',(-8.328300086171,-59.52272240824,6.));
#4403 = CARTESIAN_POINT('',(-8.829832926805,-59.34019052549,6.));
#4404 = CARTESIAN_POINT('',(-9.327117826247,-59.14614070822,6.));
#4405 = CARTESIAN_POINT('',(-9.819923668769,-58.94088846548,6.));
#4406 = CARTESIAN_POINT('',(-10.30804638521,-58.72475971197,6.));
#4407 = CARTESIAN_POINT('',(-10.79130728638,-58.49808685738,6.));
#4408 = CARTESIAN_POINT('',(-11.26955139642,-58.26120489559,6.));
#4409 = CARTESIAN_POINT('',(-12.6615726962,-57.53515223794,6.));
#4410 = CARTESIAN_POINT('',(-13.56104250945,-57.01861360761,6.));
#4411 = CARTESIAN_POINT('',(-14.44013167317,-56.46726129069,6.));
#4412 = CARTESIAN_POINT('',(-15.29820618577,-55.88351078187,6.));
#4413 = CARTESIAN_POINT('',(-16.1348764407,-55.26969808699,6.));
#4414 = CARTESIAN_POINT('',(-16.94995998232,-54.62802608235,6.));
#4415 = CARTESIAN_POINT('',(-17.74345217389,-53.9605225292,6.));
#4416 = CARTESIAN_POINT('',(-19.6243624889,-52.27582676484,6.));
#4417 = CARTESIAN_POINT('',(-20.68876676093,-51.23332049045,6.));
#4418 = CARTESIAN_POINT('',(-21.70929889665,-50.14682839379,6.));
#4419 = CARTESIAN_POINT('',(-22.68673144908,-49.02116644605,6.));
#4420 = CARTESIAN_POINT('',(-23.62200849358,-47.8606131657,6.));
#4421 = CARTESIAN_POINT('',(-24.51621942992,-46.66888821014,6.));
#4422 = CARTESIAN_POINT('',(-25.37056631391,-45.44912550934,6.));
#4423 = CARTESIAN_POINT('',(-26.90864444162,-43.10119385262,6.));
#4424 = CARTESIAN_POINT('',(-27.60059850884,-41.97870692206,6.));
#4425 = CARTESIAN_POINT('',(-28.26302666892,-40.83823137301,6.));
#4426 = CARTESIAN_POINT('',(-28.89670760695,-39.68143429941,6.));
#4427 = CARTESIAN_POINT('',(-29.50237643919,-38.50980826255,6.));
#4428 = CARTESIAN_POINT('',(-30.08073523752,-37.32467710681,6.));
#4429 = CARTESIAN_POINT('',(-30.63245658384,-36.12719799476,6.));
#4430 = CARTESIAN_POINT('',(-31.6145517752,-33.86898741071,6.));
#4431 = CARTESIAN_POINT('',(-32.05131545417,-32.81109642656,6.));
#4432 = CARTESIAN_POINT('',(-32.46888193573,-31.7453552603,6.));
#4433 = CARTESIAN_POINT('',(-32.86763033527,-30.67238187755,6.));
#4434 = CARTESIAN_POINT('',(-33.24791121145,-29.59274479732,6.));
#4435 = CARTESIAN_POINT('',(-33.6100496386,-28.50696423126,6.));
#4436 = CARTESIAN_POINT('',(-33.95434827916,-27.41551322283,6.));
#4437 = CARTESIAN_POINT('',(-35.23313718814,-23.12331738052,6.));
#4438 = CARTESIAN_POINT('',(-36.03584381691,-19.88424079193,6.));
#4439 = CARTESIAN_POINT('',(-36.69663909967,-16.6111626717,6.));
#4440 = CARTESIAN_POINT('',(-37.22043225981,-13.31254097918,6.));
#4441 = CARTESIAN_POINT('',(-37.61082849922,-9.995914275685,6.));
#4442 = CARTESIAN_POINT('',(-37.8702415734,-6.667923697867,6.));
#4443 = CARTESIAN_POINT('',(-38.00000005451,-3.334335564701,6.));
#4444 = CARTESIAN_POINT('',(-38.00000005451,3.334335564653,6.));
#4445 = CARTESIAN_POINT('',(-37.87024157339,6.667923697976,6.));
#4446 = CARTESIAN_POINT('',(-37.61082849922,9.99591427547,6.));
#4447 = CARTESIAN_POINT('',(-37.22043225982,13.312540979336,6.));
#4448 = CARTESIAN_POINT('',(-36.69663909966,16.611162671629,6.));
#4449 = CARTESIAN_POINT('',(-36.03584381692,19.88424079192,6.));
#4450 = CARTESIAN_POINT('',(-35.23313718814,23.123317380516,6.));
#4451 = CARTESIAN_POINT('',(-33.95434827916,27.41551322282,6.));
#4452 = CARTESIAN_POINT('',(-33.61004963861,28.506964231254,6.));
#4453 = CARTESIAN_POINT('',(-33.24791121145,29.592744797315,6.));
#4454 = CARTESIAN_POINT('',(-32.86763033528,30.672381877537,6.));
#4455 = CARTESIAN_POINT('',(-32.46888193574,31.74535526029,6.));
#4456 = CARTESIAN_POINT('',(-32.05131545417,32.811096426554,6.));
#4457 = CARTESIAN_POINT('',(-31.6145517752,33.868987410699,6.));
#4458 = CARTESIAN_POINT('',(-30.63245658385,36.127197994746,6.));
#4459 = CARTESIAN_POINT('',(-30.08073523752,37.324677106814,6.));
#4460 = CARTESIAN_POINT('',(-29.50237643919,38.509808262538,6.));
#4461 = CARTESIAN_POINT('',(-28.89670760696,39.681434299396,6.));
#4462 = CARTESIAN_POINT('',(-28.26302666892,40.838231372999,6.));
#4463 = CARTESIAN_POINT('',(-27.60059850884,41.978706922063,6.));
#4464 = CARTESIAN_POINT('',(-26.90864444163,43.101193852606,6.));
#4465 = CARTESIAN_POINT('',(-25.37056631392,45.44912550934,6.));
#4466 = CARTESIAN_POINT('',(-24.51621942993,46.66888821013,6.));
#4467 = CARTESIAN_POINT('',(-23.62200849359,47.860613165693,6.));
#4468 = CARTESIAN_POINT('',(-22.68673144909,49.021166446052,6.));
#4469 = CARTESIAN_POINT('',(-21.70929889666,50.146828393788,6.));
#4470 = CARTESIAN_POINT('',(-20.68876676093,51.23332049044,6.));
#4471 = CARTESIAN_POINT('',(-19.62436248891,52.275826764839,6.));
#4472 = CARTESIAN_POINT('',(-17.7434521739,53.960522529197,6.));
#4473 = CARTESIAN_POINT('',(-16.94995998233,54.628026082353,6.));
#4474 = CARTESIAN_POINT('',(-16.13487644071,55.269698086986,6.));
#4475 = CARTESIAN_POINT('',(-15.29820618578,55.883510781863,6.));
#4476 = CARTESIAN_POINT('',(-14.44013167318,56.467261290691,6.));
#4477 = CARTESIAN_POINT('',(-13.56104250945,57.018613607617,6.));
#4478 = CARTESIAN_POINT('',(-12.66157269621,57.535152237935,6.));
#4479 = CARTESIAN_POINT('',(-10.38686657907,58.721597081981,6.));
#4480 = CARTESIAN_POINT('',(-8.988168641546,59.347971260782,6.));
#4481 = CARTESIAN_POINT('',(-7.550343795124,59.885194314265,6.));
#4482 = CARTESIAN_POINT('',(-6.078399391362,60.325276841781,6.));
#4483 = CARTESIAN_POINT('',(-4.578687516181,60.661126553547,6.));
#4484 = CARTESIAN_POINT('',(-3.059046817505,60.887133000002,6.));
#4485 = CARTESIAN_POINT('',(-1.528993746167,61.000000058407,6.));
#4486 = CARTESIAN_POINT('',(8.547814935797E-15,61.,6.));
#4487 = PCURVE('',#1228,#4488);
#4488 = DEFINITIONAL_REPRESENTATION('',(#4489),#4674);
#4489 = B_SPLINE_CURVE_WITH_KNOTS('',8,(#4490,#4491,#4492,#4493,#4494,
    #4495,#4496,#4497,#4498,#4499,#4500,#4501,#4502,#4503,#4504,#4505,
    #4506,#4507,#4508,#4509,#4510,#4511,#4512,#4513,#4514,#4515,#4516,
    #4517,#4518,#4519,#4520,#4521,#4522,#4523,#4524,#4525,#4526,#4527,
    #4528,#4529,#4530,#4531,#4532,#4533,#4534,#4535,#4536,#4537,#4538,
    #4539,#4540,#4541,#4542,#4543,#4544,#4545,#4546,#4547,#4548,#4549,
    #4550,#4551,#4552,#4553,#4554,#4555,#4556,#4557,#4558,#4559,#4560,
    #4561,#4562,#4563,#4564,#4565,#4566,#4567,#4568,#4569,#4570,#4571,
    #4572,#4573,#4574,#4575,#4576,#4577,#4578,#4579,#4580,#4581,#4582,
    #4583,#4584,#4585,#4586,#4587,#4588,#4589,#4590,#4591,#4592,#4593,
    #4594,#4595,#4596,#4597,#4598,#4599,#4600,#4601,#4602,#4603,#4604,
    #4605,#4606,#4607,#4608,#4609,#4610,#4611,#4612,#4613,#4614,#4615,
    #4616,#4617,#4618,#4619,#4620,#4621,#4622,#4623,#4624,#4625,#4626,
    #4627,#4628,#4629,#4630,#4631,#4632,#4633,#4634,#4635,#4636,#4637,
    #4638,#4639,#4640,#4641,#4642,#4643,#4644,#4645,#4646,#4647,#4648,
    #4649,#4650,#4651,#4652,#4653,#4654,#4655,#4656,#4657,#4658,#4659,
    #4660,#4661,#4662,#4663,#4664,#4665,#4666,#4667,#4668,#4669,#4670,
    #4671,#4672,#4673),.UNSPECIFIED.,.F.,.F.,(9,7,7,7,7,7,7,7,7,7,7,7,7,
    7,7,7,7,7,7,7,7,7,7,7,7,7,9),(0.,3.880908226334E-02,
    6.511330033094E-02,0.10289263558,0.136344647509,0.165383771345,
    0.249996704594,0.334609637844,0.363648761682,0.397100773612,
    0.434880108863,0.461184326933,0.482483885033,0.500000967674,
    0.525274281717,0.538816548794,0.565120716915,0.602899980428,
    0.636351928837,0.665390997533,0.750003770115,0.834616542695,
    0.863655611391,0.897107559799,0.934886823311,0.961190991431,1.),
  .UNSPECIFIED.);
#4490 = CARTESIAN_POINT('',(1.42108547152E-14,57.348352331139));
#4491 = CARTESIAN_POINT('',(1.528993746164,57.348352389528));
#4492 = CARTESIAN_POINT('',(3.059046817505,57.235485331199));
#4493 = CARTESIAN_POINT('',(4.578687516181,57.009478884621));
#4494 = CARTESIAN_POINT('',(6.078399391358,56.673629172923));
#4495 = CARTESIAN_POINT('',(7.55034379512,56.233546645472));
#4496 = CARTESIAN_POINT('',(8.988168641543,55.696323591861));
#4497 = CARTESIAN_POINT('',(10.386866579065,55.069949413143));
#4498 = CARTESIAN_POINT('',(12.661572696207,53.883504569081));
#4499 = CARTESIAN_POINT('',(13.561042509457,53.366965938753));
#4500 = CARTESIAN_POINT('',(14.440131673176,52.815613621834));
#4501 = CARTESIAN_POINT('',(15.298206185778,52.231863113012));
#4502 = CARTESIAN_POINT('',(16.134876440709,51.618050418129));
#4503 = CARTESIAN_POINT('',(16.949959982332,50.97637841349));
#4504 = CARTESIAN_POINT('',(17.743452173893,50.308874860344));
#4505 = CARTESIAN_POINT('',(19.624362488906,48.624179095981));
#4506 = CARTESIAN_POINT('',(20.688766760933,47.581672821589));
#4507 = CARTESIAN_POINT('',(21.709298896659,46.495180724932));
#4508 = CARTESIAN_POINT('',(22.686731449087,45.369518777191));
#4509 = CARTESIAN_POINT('',(23.622008493587,44.208965496838));
#4510 = CARTESIAN_POINT('',(24.516219429925,43.017240541281));
#4511 = CARTESIAN_POINT('',(25.370566313918,41.797477840483));
#4512 = CARTESIAN_POINT('',(26.908644441622,39.449546183755));
#4513 = CARTESIAN_POINT('',(27.600598508849,38.327059253203));
#4514 = CARTESIAN_POINT('',(28.263026668922,37.186583704147));
#4515 = CARTESIAN_POINT('',(28.896707606951,36.029786630549));
#4516 = CARTESIAN_POINT('',(29.502376439193,34.858160593685));
#4517 = CARTESIAN_POINT('',(30.080735237527,33.673029437955));
#4518 = CARTESIAN_POINT('',(30.632456583845,32.475550325898));
#4519 = CARTESIAN_POINT('',(31.614551775202,30.217339741848));
#4520 = CARTESIAN_POINT('',(32.051315454172,29.159448757701));
#4521 = CARTESIAN_POINT('',(32.468881935741,28.093707591438));
#4522 = CARTESIAN_POINT('',(32.867630335279,27.020734208687));
#4523 = CARTESIAN_POINT('',(33.247911211452,25.941097128466));
#4524 = CARTESIAN_POINT('',(33.610049638607,24.855316562404));
#4525 = CARTESIAN_POINT('',(33.954348279162,23.763865553968));
#4526 = CARTESIAN_POINT('',(35.233137188152,19.471669711684));
#4527 = CARTESIAN_POINT('',(36.035843816881,16.232593122973));
#4528 = CARTESIAN_POINT('',(36.696639099759,12.959515003038));
#4529 = CARTESIAN_POINT('',(37.220432259711,9.660893310091));
#4530 = CARTESIAN_POINT('',(37.610828499304,6.344266606989));
#4531 = CARTESIAN_POINT('',(37.870241573365,3.016276028933));
#4532 = CARTESIAN_POINT('',(38.000000054523,-0.317312104145));
#4533 = CARTESIAN_POINT('',(38.000000054519,-6.985983233584));
#4534 = CARTESIAN_POINT('',(37.870241573381,-10.31957136656));
#4535 = CARTESIAN_POINT('',(37.610828499279,-13.64756194485));
#4536 = CARTESIAN_POINT('',(37.220432259737,-16.96418864762));
#4537 = CARTESIAN_POINT('',(36.696639099748,-20.26281034086));
#4538 = CARTESIAN_POINT('',(36.035843816887,-23.53588846063));
#4539 = CARTESIAN_POINT('',(35.233137188154,-26.7749650494));
#4540 = CARTESIAN_POINT('',(33.954348279165,-31.06716089167));
#4541 = CARTESIAN_POINT('',(33.610049638611,-32.15861190011));
#4542 = CARTESIAN_POINT('',(33.247911211455,-33.24439246617));
#4543 = CARTESIAN_POINT('',(32.867630335283,-34.32402954639));
#4544 = CARTESIAN_POINT('',(32.468881935745,-35.39700292914));
#4545 = CARTESIAN_POINT('',(32.051315454176,-36.46274409541));
#4546 = CARTESIAN_POINT('',(31.614551775206,-37.52063507955));
#4547 = CARTESIAN_POINT('',(30.632456583852,-39.77884566361));
#4548 = CARTESIAN_POINT('',(30.080735237526,-40.97632477566));
#4549 = CARTESIAN_POINT('',(29.502376439198,-42.16145593139));
#4550 = CARTESIAN_POINT('',(28.896707606961,-43.33308196826));
#4551 = CARTESIAN_POINT('',(28.263026668927,-44.48987904185));
#4552 = CARTESIAN_POINT('',(27.600598508849,-45.63035459091));
#4553 = CARTESIAN_POINT('',(26.90864444163,-46.75284152147));
#4554 = CARTESIAN_POINT('',(25.370566313925,-49.10077317819));
#4555 = CARTESIAN_POINT('',(24.516219429928,-50.32053587899));
#4556 = CARTESIAN_POINT('',(23.622008493592,-51.51226083455));
#4557 = CARTESIAN_POINT('',(22.686731449094,-52.6728141149));
#4558 = CARTESIAN_POINT('',(21.709298896665,-53.79847606264));
#4559 = CARTESIAN_POINT('',(20.688766760936,-54.8849681593));
#4560 = CARTESIAN_POINT('',(19.624362488912,-55.92747443369));
#4561 = CARTESIAN_POINT('',(17.743452173899,-57.61217019806));
#4562 = CARTESIAN_POINT('',(16.949959982336,-58.2796737512));
#4563 = CARTESIAN_POINT('',(16.134876440714,-58.92134575584));
#4564 = CARTESIAN_POINT('',(15.298206185785,-59.53515845072));
#4565 = CARTESIAN_POINT('',(14.440131673182,-60.11890895955));
#4566 = CARTESIAN_POINT('',(13.561042509461,-60.67026127647));
#4567 = CARTESIAN_POINT('',(12.661572696214,-61.18679990679));
#4568 = CARTESIAN_POINT('',(10.998554590658,-62.05419940512));
#4569 = CARTESIAN_POINT('',(10.24171203389,-62.41788141861));
#4570 = CARTESIAN_POINT('',(9.472646765261,-62.75583250287));
#4571 = CARTESIAN_POINT('',(8.69201968995,-63.06674642062));
#4572 = CARTESIAN_POINT('',(7.900634493421,-63.34934754112));
#4573 = CARTESIAN_POINT('',(7.099451022587,-63.60242694719));
#4574 = CARTESIAN_POINT('',(6.289601523701,-63.82488650604));
#4575 = CARTESIAN_POINT('',(4.800338605936,-64.17279382526));
#4576 = CARTESIAN_POINT('',(4.123259462076,-64.30846322358));
#4577 = CARTESIAN_POINT('',(3.441919453669,-64.42227308555));
#4578 = CARTESIAN_POINT('',(2.757101280656,-64.51378484206));
#4579 = CARTESIAN_POINT('',(2.069624172334,-64.58265643398));
#4580 = CARTESIAN_POINT('',(1.380344865033,-64.62865137829));
#4581 = CARTESIAN_POINT('',(0.690158579786,-64.65164783413));
#4582 = CARTESIAN_POINT('',(-0.995747777195,-64.65164773362));
#4583 = CARTESIAN_POINT('',(-1.991653330474,-64.60377859084));
#4584 = CARTESIAN_POINT('',(-2.984791373153,-64.5080146873));
#4585 = CARTESIAN_POINT('',(-3.97247896593,-64.36490536245));
#4586 = CARTESIAN_POINT('',(-4.952260643428,-64.17547690786));
#4587 = CARTESIAN_POINT('',(-5.921895820619,-63.94115054168));
#4588 = CARTESIAN_POINT('',(-6.879348479103,-63.66367629824));
#4589 = CARTESIAN_POINT('',(-8.328300086171,-63.1743700771));
#4590 = CARTESIAN_POINT('',(-8.829832926805,-62.99183819435));
#4591 = CARTESIAN_POINT('',(-9.327117826247,-62.79778837708));
#4592 = CARTESIAN_POINT('',(-9.819923668769,-62.59253613434));
#4593 = CARTESIAN_POINT('',(-10.30804638521,-62.37640738083));
#4594 = CARTESIAN_POINT('',(-10.79130728638,-62.14973452624));
#4595 = CARTESIAN_POINT('',(-11.26955139642,-61.91285256445));
#4596 = CARTESIAN_POINT('',(-12.6615726962,-61.1867999068));
#4597 = CARTESIAN_POINT('',(-13.56104250945,-60.67026127647));
#4598 = CARTESIAN_POINT('',(-14.44013167317,-60.11890895955));
#4599 = CARTESIAN_POINT('',(-15.29820618577,-59.53515845073));
#4600 = CARTESIAN_POINT('',(-16.1348764407,-58.92134575585));
#4601 = CARTESIAN_POINT('',(-16.94995998232,-58.27967375121));
#4602 = CARTESIAN_POINT('',(-17.74345217389,-57.61217019806));
#4603 = CARTESIAN_POINT('',(-19.6243624889,-55.9274744337));
#4604 = CARTESIAN_POINT('',(-20.68876676093,-54.88496815931));
#4605 = CARTESIAN_POINT('',(-21.70929889665,-53.79847606265));
#4606 = CARTESIAN_POINT('',(-22.68673144908,-52.67281411491));
#4607 = CARTESIAN_POINT('',(-23.62200849358,-51.51226083456));
#4608 = CARTESIAN_POINT('',(-24.51621942992,-50.320535879));
#4609 = CARTESIAN_POINT('',(-25.37056631391,-49.1007731782));
#4610 = CARTESIAN_POINT('',(-26.90864444162,-46.75284152148));
#4611 = CARTESIAN_POINT('',(-27.60059850884,-45.63035459092));
#4612 = CARTESIAN_POINT('',(-28.26302666892,-44.48987904187));
#4613 = CARTESIAN_POINT('',(-28.89670760695,-43.33308196827));
#4614 = CARTESIAN_POINT('',(-29.50237643919,-42.16145593141));
#4615 = CARTESIAN_POINT('',(-30.08073523752,-40.97632477567));
#4616 = CARTESIAN_POINT('',(-30.63245658384,-39.77884566362));
#4617 = CARTESIAN_POINT('',(-31.6145517752,-37.52063507957));
#4618 = CARTESIAN_POINT('',(-32.05131545417,-36.46274409542));
#4619 = CARTESIAN_POINT('',(-32.46888193573,-35.39700292916));
#4620 = CARTESIAN_POINT('',(-32.86763033527,-34.32402954641));
#4621 = CARTESIAN_POINT('',(-33.24791121145,-33.24439246618));
#4622 = CARTESIAN_POINT('',(-33.6100496386,-32.15861190012));
#4623 = CARTESIAN_POINT('',(-33.95434827916,-31.06716089169));
#4624 = CARTESIAN_POINT('',(-35.23313718814,-26.77496504938));
#4625 = CARTESIAN_POINT('',(-36.03584381691,-23.53588846079));
#4626 = CARTESIAN_POINT('',(-36.69663909967,-20.26281034056));
#4627 = CARTESIAN_POINT('',(-37.22043225981,-16.96418864804));
#4628 = CARTESIAN_POINT('',(-37.61082849922,-13.64756194454));
#4629 = CARTESIAN_POINT('',(-37.8702415734,-10.31957136672));
#4630 = CARTESIAN_POINT('',(-38.00000005451,-6.985983233562));
#4631 = CARTESIAN_POINT('',(-38.00000005451,-0.317312104208));
#4632 = CARTESIAN_POINT('',(-37.87024157339,3.016276029116));
#4633 = CARTESIAN_POINT('',(-37.61082849922,6.34426660661));
#4634 = CARTESIAN_POINT('',(-37.22043225982,9.660893310475));
#4635 = CARTESIAN_POINT('',(-36.69663909966,12.959515002769));
#4636 = CARTESIAN_POINT('',(-36.03584381692,16.232593123059));
#4637 = CARTESIAN_POINT('',(-35.23313718814,19.471669711656));
#4638 = CARTESIAN_POINT('',(-33.95434827916,23.763865553959));
#4639 = CARTESIAN_POINT('',(-33.61004963861,24.855316562394));
#4640 = CARTESIAN_POINT('',(-33.24791121145,25.941097128455));
#4641 = CARTESIAN_POINT('',(-32.86763033528,27.020734208677));
#4642 = CARTESIAN_POINT('',(-32.46888193574,28.093707591429));
#4643 = CARTESIAN_POINT('',(-32.05131545417,29.159448757693));
#4644 = CARTESIAN_POINT('',(-31.6145517752,30.217339741838));
#4645 = CARTESIAN_POINT('',(-30.63245658385,32.475550325885));
#4646 = CARTESIAN_POINT('',(-30.08073523752,33.673029437954));
#4647 = CARTESIAN_POINT('',(-29.50237643919,34.858160593678));
#4648 = CARTESIAN_POINT('',(-28.89670760696,36.029786630535));
#4649 = CARTESIAN_POINT('',(-28.26302666892,37.186583704139));
#4650 = CARTESIAN_POINT('',(-27.60059850884,38.327059253202));
#4651 = CARTESIAN_POINT('',(-26.90864444163,39.449546183745));
#4652 = CARTESIAN_POINT('',(-25.37056631392,41.797477840479));
#4653 = CARTESIAN_POINT('',(-24.51621942993,43.01724054127));
#4654 = CARTESIAN_POINT('',(-23.62200849359,44.208965496832));
#4655 = CARTESIAN_POINT('',(-22.68673144909,45.369518777191));
#4656 = CARTESIAN_POINT('',(-21.70929889666,46.495180724928));
#4657 = CARTESIAN_POINT('',(-20.68876676093,47.581672821579));
#4658 = CARTESIAN_POINT('',(-19.62436248891,48.624179095979));
#4659 = CARTESIAN_POINT('',(-17.7434521739,50.308874860337));
#4660 = CARTESIAN_POINT('',(-16.94995998233,50.976378413492));
#4661 = CARTESIAN_POINT('',(-16.13487644071,51.618050418126));
#4662 = CARTESIAN_POINT('',(-15.29820618578,52.231863113003));
#4663 = CARTESIAN_POINT('',(-14.44013167318,52.815613621831));
#4664 = CARTESIAN_POINT('',(-13.56104250945,53.366965938756));
#4665 = CARTESIAN_POINT('',(-12.66157269621,53.883504569075));
#4666 = CARTESIAN_POINT('',(-10.38686657907,55.069949413121));
#4667 = CARTESIAN_POINT('',(-8.988168641546,55.696323591922));
#4668 = CARTESIAN_POINT('',(-7.550343795124,56.233546645405));
#4669 = CARTESIAN_POINT('',(-6.078399391362,56.67362917292));
#4670 = CARTESIAN_POINT('',(-4.578687516181,57.009478884687));
#4671 = CARTESIAN_POINT('',(-3.059046817505,57.235485331141));
#4672 = CARTESIAN_POINT('',(-1.528993746167,57.348352389547));
#4673 = CARTESIAN_POINT('',(7.105427357601E-15,57.348352331139));
#4674 = ( GEOMETRIC_REPRESENTATION_CONTEXT(2) 
PARAMETRIC_REPRESENTATION_CONTEXT() REPRESENTATION_CONTEXT('2D SPACE',''
  ) );
#4675 = PCURVE('',#1518,#4676);
#4676 = DEFINITIONAL_REPRESENTATION('',(#4677),#4701);
#4677 = B_SPLINE_CURVE_WITH_KNOTS('',8,(#4678,#4679,#4680,#4681,#4682,
    #4683,#4684,#4685,#4686,#4687,#4688,#4689,#4690,#4691,#4692,#4693,
    #4694,#4695,#4696,#4697,#4698,#4699,#4700),.UNSPECIFIED.,.F.,.F.,(9,
    7,7,9),(0.920104659771,0.934886823311,0.961190991431,1.),
  .UNSPECIFIED.);
#4678 = CARTESIAN_POINT('',(6.894123107971,-3.));
#4679 = CARTESIAN_POINT('',(6.881686253211,-3.));
#4680 = CARTESIAN_POINT('',(6.869163290411,-3.));
#4681 = CARTESIAN_POINT('',(6.856552514931,-3.));
#4682 = CARTESIAN_POINT('',(6.843852251158,-3.));
#4683 = CARTESIAN_POINT('',(6.831060843782,-3.));
#4684 = CARTESIAN_POINT('',(6.818176648674,-3.));
#4685 = CARTESIAN_POINT('',(6.805198023354,-3.));
#4686 = CARTESIAN_POINT('',(6.768857489194,-3.));
#4687 = CARTESIAN_POINT('',(6.745290752101,-3.));
#4688 = CARTESIAN_POINT('',(6.72141496465,-3.));
#4689 = CARTESIAN_POINT('',(6.697225178132,-3.));
#4690 = CARTESIAN_POINT('',(6.672719588869,-3.));
#4691 = CARTESIAN_POINT('',(6.647899791702,-3.));
#4692 = CARTESIAN_POINT('',(6.622771334332,-3.));
#4693 = CARTESIAN_POINT('',(6.559830083891,-3.));
#4694 = CARTESIAN_POINT('',(6.521650618539,-3.));
#4695 = CARTESIAN_POINT('',(6.482863103545,-3.));
#4696 = CARTESIAN_POINT('',(6.443540807883,-3.));
#4697 = CARTESIAN_POINT('',(6.403776362753,-3.));
#4698 = CARTESIAN_POINT('',(6.363686532925,-3.));
#4699 = CARTESIAN_POINT('',(6.323421986089,-3.));
#4700 = CARTESIAN_POINT('',(6.28318530718,-3.));
#4701 = ( GEOMETRIC_REPRESENTATION_CONTEXT(2) 
PARAMETRIC_REPRESENTATION_CONTEXT() REPRESENTATION_CONTEXT('2D SPACE',''
  ) );
#4702 = ORIENTED_EDGE('',*,*,#4703,.T.);
#4703 = EDGE_CURVE('',#4299,#4207,#4704,.T.);
#4704 = SURFACE_CURVE('',#4705,(#4890,#5078),.PCURVE_S1.);
#4705 = B_SPLINE_CURVE_WITH_KNOTS('',8,(#4706,#4707,#4708,#4709,#4710,
    #4711,#4712,#4713,#4714,#4715,#4716,#4717,#4718,#4719,#4720,#4721,
    #4722,#4723,#4724,#4725,#4726,#4727,#4728,#4729,#4730,#4731,#4732,
    #4733,#4734,#4735,#4736,#4737,#4738,#4739,#4740,#4741,#4742,#4743,
    #4744,#4745,#4746,#4747,#4748,#4749,#4750,#4751,#4752,#4753,#4754,
    #4755,#4756,#4757,#4758,#4759,#4760,#4761,#4762,#4763,#4764,#4765,
    #4766,#4767,#4768,#4769,#4770,#4771,#4772,#4773,#4774,#4775,#4776,
    #4777,#4778,#4779,#4780,#4781,#4782,#4783,#4784,#4785,#4786,#4787,
    #4788,#4789,#4790,#4791,#4792,#4793,#4794,#4795,#4796,#4797,#4798,
    #4799,#4800,#4801,#4802,#4803,#4804,#4805,#4806,#4807,#4808,#4809,
    #4810,#4811,#4812,#4813,#4814,#4815,#4816,#4817,#4818,#4819,#4820,
    #4821,#4822,#4823,#4824,#4825,#4826,#4827,#4828,#4829,#4830,#4831,
    #4832,#4833,#4834,#4835,#4836,#4837,#4838,#4839,#4840,#4841,#4842,
    #4843,#4844,#4845,#4846,#4847,#4848,#4849,#4850,#4851,#4852,#4853,
    #4854,#4855,#4856,#4857,#4858,#4859,#4860,#4861,#4862,#4863,#4864,
    #4865,#4866,#4867,#4868,#4869,#4870,#4871,#4872,#4873,#4874,#4875,
    #4876,#4877,#4878,#4879,#4880,#4881,#4882,#4883,#4884,#4885,#4886,
    #4887,#4888,#4889),.UNSPECIFIED.,.T.,.F.,(9,7,7,7,7,7,7,7,7,7,7,7,7,
    7,7,7,7,7,7,7,7,7,7,7,7,7,9),(0.,3.880908226334E-02,
    6.511330033094E-02,0.10289263558,0.136344647509,0.165383771345,
    0.249996704594,0.334609637844,0.363648761682,0.397100773612,
    0.434880108863,0.461184326933,0.482483885033,0.500000967674,
    0.525274281717,0.538816548794,0.565120716915,0.602899980428,
    0.636351928837,0.665390997533,0.750003770115,0.834616542695,
    0.863655611391,0.897107559799,0.934886823311,0.961190991431,1.),
  .UNSPECIFIED.);
#4706 = CARTESIAN_POINT('',(1.56532422934E-14,61.,6.));
#4707 = CARTESIAN_POINT('',(1.528993746164,61.000000058389,6.));
#4708 = CARTESIAN_POINT('',(3.059046817505,60.88713300006,6.));
#4709 = CARTESIAN_POINT('',(4.578687516181,60.661126553482,6.));
#4710 = CARTESIAN_POINT('',(6.078399391358,60.325276841783,6.));
#4711 = CARTESIAN_POINT('',(7.55034379512,59.885194314333,6.));
#4712 = CARTESIAN_POINT('',(8.988168641543,59.347971260722,6.));
#4713 = CARTESIAN_POINT('',(10.386866579065,58.721597082004,6.));
#4714 = CARTESIAN_POINT('',(12.661572696207,57.535152237942,6.));
#4715 = CARTESIAN_POINT('',(13.561042509457,57.018613607614,6.));
#4716 = CARTESIAN_POINT('',(14.440131673176,56.467261290694,6.));
#4717 = CARTESIAN_POINT('',(15.298206185778,55.883510781873,6.));
#4718 = CARTESIAN_POINT('',(16.134876440709,55.26969808699,6.));
#4719 = CARTESIAN_POINT('',(16.949959982332,54.62802608235,6.));
#4720 = CARTESIAN_POINT('',(17.743452173893,53.960522529205,6.));
#4721 = CARTESIAN_POINT('',(19.624362488906,52.275826764841,6.));
#4722 = CARTESIAN_POINT('',(20.688766760933,51.23332049045,6.));
#4723 = CARTESIAN_POINT('',(21.709298896659,50.146828393793,6.));
#4724 = CARTESIAN_POINT('',(22.686731449087,49.021166446052,6.));
#4725 = CARTESIAN_POINT('',(23.622008493587,47.860613165699,6.));
#4726 = CARTESIAN_POINT('',(24.516219429925,46.668888210142,6.));
#4727 = CARTESIAN_POINT('',(25.370566313918,45.449125509343,6.));
#4728 = CARTESIAN_POINT('',(26.908644441622,43.101193852616,6.));
#4729 = CARTESIAN_POINT('',(27.600598508849,41.978706922064,6.));
#4730 = CARTESIAN_POINT('',(28.263026668922,40.838231373008,6.));
#4731 = CARTESIAN_POINT('',(28.896707606951,39.68143429941,6.));
#4732 = CARTESIAN_POINT('',(29.502376439193,38.509808262546,6.));
#4733 = CARTESIAN_POINT('',(30.080735237527,37.324677106816,6.));
#4734 = CARTESIAN_POINT('',(30.632456583845,36.127197994759,6.));
#4735 = CARTESIAN_POINT('',(31.614551775202,33.868987410709,6.));
#4736 = CARTESIAN_POINT('',(32.051315454172,32.811096426562,6.));
#4737 = CARTESIAN_POINT('',(32.468881935741,31.745355260298,6.));
#4738 = CARTESIAN_POINT('',(32.867630335279,30.672381877547,6.));
#4739 = CARTESIAN_POINT('',(33.247911211452,29.592744797326,6.));
#4740 = CARTESIAN_POINT('',(33.610049638607,28.506964231265,6.));
#4741 = CARTESIAN_POINT('',(33.954348279162,27.415513222828,6.));
#4742 = CARTESIAN_POINT('',(35.233137188152,23.123317380545,6.));
#4743 = CARTESIAN_POINT('',(36.035843816881,19.884240791833,6.));
#4744 = CARTESIAN_POINT('',(36.696639099759,16.611162671899,6.));
#4745 = CARTESIAN_POINT('',(37.220432259711,13.312540978952,6.));
#4746 = CARTESIAN_POINT('',(37.610828499304,9.995914275849,6.));
#4747 = CARTESIAN_POINT('',(37.870241573365,6.667923697793,6.));
#4748 = CARTESIAN_POINT('',(38.000000054523,3.334335564715,6.));
#4749 = CARTESIAN_POINT('',(38.000000054519,-3.334335564723,6.));
#4750 = CARTESIAN_POINT('',(37.870241573381,-6.667923697701,6.));
#4751 = CARTESIAN_POINT('',(37.610828499279,-9.995914275996,6.));
#4752 = CARTESIAN_POINT('',(37.220432259737,-13.31254097876,6.));
#4753 = CARTESIAN_POINT('',(36.696639099748,-16.611162672,6.));
#4754 = CARTESIAN_POINT('',(36.035843816887,-19.88424079177,6.));
#4755 = CARTESIAN_POINT('',(35.233137188154,-23.12331738054,6.));
#4756 = CARTESIAN_POINT('',(33.954348279165,-27.41551322281,6.));
#4757 = CARTESIAN_POINT('',(33.610049638611,-28.50696423125,6.));
#4758 = CARTESIAN_POINT('',(33.247911211455,-29.59274479731,6.));
#4759 = CARTESIAN_POINT('',(32.867630335283,-30.67238187753,6.));
#4760 = CARTESIAN_POINT('',(32.468881935745,-31.74535526028,6.));
#4761 = CARTESIAN_POINT('',(32.051315454176,-32.81109642655,6.));
#4762 = CARTESIAN_POINT('',(31.614551775206,-33.86898741069,6.));
#4763 = CARTESIAN_POINT('',(30.632456583852,-36.12719799475,6.));
#4764 = CARTESIAN_POINT('',(30.080735237526,-37.3246771068,6.));
#4765 = CARTESIAN_POINT('',(29.502376439198,-38.50980826253,6.));
#4766 = CARTESIAN_POINT('',(28.896707606961,-39.6814342994,6.));
#4767 = CARTESIAN_POINT('',(28.263026668927,-40.83823137299,6.));
#4768 = CARTESIAN_POINT('',(27.600598508849,-41.97870692205,6.));
#4769 = CARTESIAN_POINT('',(26.90864444163,-43.1011938526,6.));
#4770 = CARTESIAN_POINT('',(25.370566313925,-45.44912550933,6.));
#4771 = CARTESIAN_POINT('',(24.516219429928,-46.66888821013,6.));
#4772 = CARTESIAN_POINT('',(23.622008493592,-47.86061316569,6.));
#4773 = CARTESIAN_POINT('',(22.686731449094,-49.02116644604,6.));
#4774 = CARTESIAN_POINT('',(21.709298896665,-50.14682839378,6.));
#4775 = CARTESIAN_POINT('',(20.688766760936,-51.23332049044,6.));
#4776 = CARTESIAN_POINT('',(19.624362488912,-52.27582676483,6.));
#4777 = CARTESIAN_POINT('',(17.743452173899,-53.96052252919,6.));
#4778 = CARTESIAN_POINT('',(16.949959982336,-54.62802608234,6.));
#4779 = CARTESIAN_POINT('',(16.134876440714,-55.26969808698,6.));
#4780 = CARTESIAN_POINT('',(15.298206185785,-55.88351078186,6.));
#4781 = CARTESIAN_POINT('',(14.440131673182,-56.46726129069,6.));
#4782 = CARTESIAN_POINT('',(13.561042509461,-57.01861360761,6.));
#4783 = CARTESIAN_POINT('',(12.661572696214,-57.53515223793,6.));
#4784 = CARTESIAN_POINT('',(10.998554590658,-58.40255173626,6.));
#4785 = CARTESIAN_POINT('',(10.24171203389,-58.76623374975,6.));
#4786 = CARTESIAN_POINT('',(9.472646765261,-59.10418483401,6.));
#4787 = CARTESIAN_POINT('',(8.69201968995,-59.41509875176,6.));
#4788 = CARTESIAN_POINT('',(7.900634493421,-59.69769987225,6.));
#4789 = CARTESIAN_POINT('',(7.099451022587,-59.95077927833,6.));
#4790 = CARTESIAN_POINT('',(6.289601523701,-60.17323883718,6.));
#4791 = CARTESIAN_POINT('',(4.800338605936,-60.52114615639,6.));
#4792 = CARTESIAN_POINT('',(4.123259462076,-60.65681555472,6.));
#4793 = CARTESIAN_POINT('',(3.441919453669,-60.77062541669,6.));
#4794 = CARTESIAN_POINT('',(2.757101280656,-60.8621371732,6.));
#4795 = CARTESIAN_POINT('',(2.069624172334,-60.93100876512,6.));
#4796 = CARTESIAN_POINT('',(1.380344865033,-60.97700370943,6.));
#4797 = CARTESIAN_POINT('',(0.690158579786,-61.00000016527,6.));
#4798 = CARTESIAN_POINT('',(-0.995747777195,-61.00000006476,6.));
#4799 = CARTESIAN_POINT('',(-1.991653330474,-60.95213092198,6.));
#4800 = CARTESIAN_POINT('',(-2.984791373153,-60.85636701844,6.));
#4801 = CARTESIAN_POINT('',(-3.97247896593,-60.71325769359,6.));
#4802 = CARTESIAN_POINT('',(-4.952260643428,-60.523829239,6.));
#4803 = CARTESIAN_POINT('',(-5.921895820619,-60.28950287282,6.));
#4804 = CARTESIAN_POINT('',(-6.879348479103,-60.01202862938,6.));
#4805 = CARTESIAN_POINT('',(-8.328300086171,-59.52272240824,6.));
#4806 = CARTESIAN_POINT('',(-8.829832926805,-59.34019052549,6.));
#4807 = CARTESIAN_POINT('',(-9.327117826247,-59.14614070822,6.));
#4808 = CARTESIAN_POINT('',(-9.819923668769,-58.94088846548,6.));
#4809 = CARTESIAN_POINT('',(-10.30804638521,-58.72475971197,6.));
#4810 = CARTESIAN_POINT('',(-10.79130728638,-58.49808685738,6.));
#4811 = CARTESIAN_POINT('',(-11.26955139642,-58.26120489559,6.));
#4812 = CARTESIAN_POINT('',(-12.6615726962,-57.53515223794,6.));
#4813 = CARTESIAN_POINT('',(-13.56104250945,-57.01861360761,6.));
#4814 = CARTESIAN_POINT('',(-14.44013167317,-56.46726129069,6.));
#4815 = CARTESIAN_POINT('',(-15.29820618577,-55.88351078187,6.));
#4816 = CARTESIAN_POINT('',(-16.1348764407,-55.26969808699,6.));
#4817 = CARTESIAN_POINT('',(-16.94995998232,-54.62802608235,6.));
#4818 = CARTESIAN_POINT('',(-17.74345217389,-53.9605225292,6.));
#4819 = CARTESIAN_POINT('',(-19.6243624889,-52.27582676484,6.));
#4820 = CARTESIAN_POINT('',(-20.68876676093,-51.23332049045,6.));
#4821 = CARTESIAN_POINT('',(-21.70929889665,-50.14682839379,6.));
#4822 = CARTESIAN_POINT('',(-22.68673144908,-49.02116644605,6.));
#4823 = CARTESIAN_POINT('',(-23.62200849358,-47.8606131657,6.));
#4824 = CARTESIAN_POINT('',(-24.51621942992,-46.66888821014,6.));
#4825 = CARTESIAN_POINT('',(-25.37056631391,-45.44912550934,6.));
#4826 = CARTESIAN_POINT('',(-26.90864444162,-43.10119385262,6.));
#4827 = CARTESIAN_POINT('',(-27.60059850884,-41.97870692206,6.));
#4828 = CARTESIAN_POINT('',(-28.26302666892,-40.83823137301,6.));
#4829 = CARTESIAN_POINT('',(-28.89670760695,-39.68143429941,6.));
#4830 = CARTESIAN_POINT('',(-29.50237643919,-38.50980826255,6.));
#4831 = CARTESIAN_POINT('',(-30.08073523752,-37.32467710681,6.));
#4832 = CARTESIAN_POINT('',(-30.63245658384,-36.12719799476,6.));
#4833 = CARTESIAN_POINT('',(-31.6145517752,-33.86898741071,6.));
#4834 = CARTESIAN_POINT('',(-32.05131545417,-32.81109642656,6.));
#4835 = CARTESIAN_POINT('',(-32.46888193573,-31.7453552603,6.));
#4836 = CARTESIAN_POINT('',(-32.86763033527,-30.67238187755,6.));
#4837 = CARTESIAN_POINT('',(-33.24791121145,-29.59274479732,6.));
#4838 = CARTESIAN_POINT('',(-33.6100496386,-28.50696423126,6.));
#4839 = CARTESIAN_POINT('',(-33.95434827916,-27.41551322283,6.));
#4840 = CARTESIAN_POINT('',(-35.23313718814,-23.12331738052,6.));
#4841 = CARTESIAN_POINT('',(-36.03584381691,-19.88424079193,6.));
#4842 = CARTESIAN_POINT('',(-36.69663909967,-16.6111626717,6.));
#4843 = CARTESIAN_POINT('',(-37.22043225981,-13.31254097918,6.));
#4844 = CARTESIAN_POINT('',(-37.61082849922,-9.995914275685,6.));
#4845 = CARTESIAN_POINT('',(-37.8702415734,-6.667923697867,6.));
#4846 = CARTESIAN_POINT('',(-38.00000005451,-3.334335564701,6.));
#4847 = CARTESIAN_POINT('',(-38.00000005451,3.334335564653,6.));
#4848 = CARTESIAN_POINT('',(-37.87024157339,6.667923697976,6.));
#4849 = CARTESIAN_POINT('',(-37.61082849922,9.99591427547,6.));
#4850 = CARTESIAN_POINT('',(-37.22043225982,13.312540979336,6.));
#4851 = CARTESIAN_POINT('',(-36.69663909966,16.611162671629,6.));
#4852 = CARTESIAN_POINT('',(-36.03584381692,19.88424079192,6.));
#4853 = CARTESIAN_POINT('',(-35.23313718814,23.123317380516,6.));
#4854 = CARTESIAN_POINT('',(-33.95434827916,27.41551322282,6.));
#4855 = CARTESIAN_POINT('',(-33.61004963861,28.506964231254,6.));
#4856 = CARTESIAN_POINT('',(-33.24791121145,29.592744797315,6.));
#4857 = CARTESIAN_POINT('',(-32.86763033528,30.672381877537,6.));
#4858 = CARTESIAN_POINT('',(-32.46888193574,31.74535526029,6.));
#4859 = CARTESIAN_POINT('',(-32.05131545417,32.811096426554,6.));
#4860 = CARTESIAN_POINT('',(-31.6145517752,33.868987410699,6.));
#4861 = CARTESIAN_POINT('',(-30.63245658385,36.127197994746,6.));
#4862 = CARTESIAN_POINT('',(-30.08073523752,37.324677106814,6.));
#4863 = CARTESIAN_POINT('',(-29.50237643919,38.509808262538,6.));
#4864 = CARTESIAN_POINT('',(-28.89670760696,39.681434299396,6.));
#4865 = CARTESIAN_POINT('',(-28.26302666892,40.838231372999,6.));
#4866 = CARTESIAN_POINT('',(-27.60059850884,41.978706922063,6.));
#4867 = CARTESIAN_POINT('',(-26.90864444163,43.101193852606,6.));
#4868 = CARTESIAN_POINT('',(-25.37056631392,45.44912550934,6.));
#4869 = CARTESIAN_POINT('',(-24.51621942993,46.66888821013,6.));
#4870 = CARTESIAN_POINT('',(-23.62200849359,47.860613165693,6.));
#4871 = CARTESIAN_POINT('',(-22.68673144909,49.021166446052,6.));
#4872 = CARTESIAN_POINT('',(-21.70929889666,50.146828393788,6.));
#4873 = CARTESIAN_POINT('',(-20.68876676093,51.23332049044,6.));
#4874 = CARTESIAN_POINT('',(-19.62436248891,52.275826764839,6.));
#4875 = CARTESIAN_POINT('',(-17.7434521739,53.960522529197,6.));
#4876 = CARTESIAN_POINT('',(-16.94995998233,54.628026082353,6.));
#4877 = CARTESIAN_POINT('',(-16.13487644071,55.269698086986,6.));
#4878 = CARTESIAN_POINT('',(-15.29820618578,55.883510781863,6.));
#4879 = CARTESIAN_POINT('',(-14.44013167318,56.467261290691,6.));
#4880 = CARTESIAN_POINT('',(-13.56104250945,57.018613607617,6.));
#4881 = CARTESIAN_POINT('',(-12.66157269621,57.535152237935,6.));
#4882 = CARTESIAN_POINT('',(-10.38686657907,58.721597081981,6.));
#4883 = CARTESIAN_POINT('',(-8.988168641546,59.347971260782,6.));
#4884 = CARTESIAN_POINT('',(-7.550343795124,59.885194314265,6.));
#4885 = CARTESIAN_POINT('',(-6.078399391362,60.325276841781,6.));
#4886 = CARTESIAN_POINT('',(-4.578687516181,60.661126553547,6.));
#4887 = CARTESIAN_POINT('',(-3.059046817505,60.887133000002,6.));
#4888 = CARTESIAN_POINT('',(-1.528993746167,61.000000058407,6.));
#4889 = CARTESIAN_POINT('',(8.547814935797E-15,61.,6.));
#4890 = PCURVE('',#1228,#4891);
#4891 = DEFINITIONAL_REPRESENTATION('',(#4892),#5077);
#4892 = B_SPLINE_CURVE_WITH_KNOTS('',8,(#4893,#4894,#4895,#4896,#4897,
    #4898,#4899,#4900,#4901,#4902,#4903,#4904,#4905,#4906,#4907,#4908,
    #4909,#4910,#4911,#4912,#4913,#4914,#4915,#4916,#4917,#4918,#4919,
    #4920,#4921,#4922,#4923,#4924,#4925,#4926,#4927,#4928,#4929,#4930,
    #4931,#4932,#4933,#4934,#4935,#4936,#4937,#4938,#4939,#4940,#4941,
    #4942,#4943,#4944,#4945,#4946,#4947,#4948,#4949,#4950,#4951,#4952,
    #4953,#4954,#4955,#4956,#4957,#4958,#4959,#4960,#4961,#4962,#4963,
    #4964,#4965,#4966,#4967,#4968,#4969,#4970,#4971,#4972,#4973,#4974,
    #4975,#4976,#4977,#4978,#4979,#4980,#4981,#4982,#4983,#4984,#4985,
    #4986,#4987,#4988,#4989,#4990,#4991,#4992,#4993,#4994,#4995,#4996,
    #4997,#4998,#4999,#5000,#5001,#5002,#5003,#5004,#5005,#5006,#5007,
    #5008,#5009,#5010,#5011,#5012,#5013,#5014,#5015,#5016,#5017,#5018,
    #5019,#5020,#5021,#5022,#5023,#5024,#5025,#5026,#5027,#5028,#5029,
    #5030,#5031,#5032,#5033,#5034,#5035,#5036,#5037,#5038,#5039,#5040,
    #5041,#5042,#5043,#5044,#5045,#5046,#5047,#5048,#5049,#5050,#5051,
    #5052,#5053,#5054,#5055,#5056,#5057,#5058,#5059,#5060,#5061,#5062,
    #5063,#5064,#5065,#5066,#5067,#5068,#5069,#5070,#5071,#5072,#5073,
    #5074,#5075,#5076),.UNSPECIFIED.,.F.,.F.,(9,7,7,7,7,7,7,7,7,7,7,7,7,
    7,7,7,7,7,7,7,7,7,7,7,7,7,9),(0.,3.880908226334E-02,
    6.511330033094E-02,0.10289263558,0.136344647509,0.165383771345,
    0.249996704594,0.334609637844,0.363648761682,0.397100773612,
    0.434880108863,0.461184326933,0.482483885033,0.500000967674,
    0.525274281717,0.538816548794,0.565120716915,0.602899980428,
    0.636351928837,0.665390997533,0.750003770115,0.834616542695,
    0.863655611391,0.897107559799,0.934886823311,0.961190991431,1.),
  .UNSPECIFIED.);
#4893 = CARTESIAN_POINT('',(1.42108547152E-14,57.348352331139));
#4894 = CARTESIAN_POINT('',(1.528993746164,57.348352389528));
#4895 = CARTESIAN_POINT('',(3.059046817505,57.235485331199));
#4896 = CARTESIAN_POINT('',(4.578687516181,57.009478884621));
#4897 = CARTESIAN_POINT('',(6.078399391358,56.673629172923));
#4898 = CARTESIAN_POINT('',(7.55034379512,56.233546645472));
#4899 = CARTESIAN_POINT('',(8.988168641543,55.696323591861));
#4900 = CARTESIAN_POINT('',(10.386866579065,55.069949413143));
#4901 = CARTESIAN_POINT('',(12.661572696207,53.883504569081));
#4902 = CARTESIAN_POINT('',(13.561042509457,53.366965938753));
#4903 = CARTESIAN_POINT('',(14.440131673176,52.815613621834));
#4904 = CARTESIAN_POINT('',(15.298206185778,52.231863113012));
#4905 = CARTESIAN_POINT('',(16.134876440709,51.618050418129));
#4906 = CARTESIAN_POINT('',(16.949959982332,50.97637841349));
#4907 = CARTESIAN_POINT('',(17.743452173893,50.308874860344));
#4908 = CARTESIAN_POINT('',(19.624362488906,48.624179095981));
#4909 = CARTESIAN_POINT('',(20.688766760933,47.581672821589));
#4910 = CARTESIAN_POINT('',(21.709298896659,46.495180724932));
#4911 = CARTESIAN_POINT('',(22.686731449087,45.369518777191));
#4912 = CARTESIAN_POINT('',(23.622008493587,44.208965496838));
#4913 = CARTESIAN_POINT('',(24.516219429925,43.017240541281));
#4914 = CARTESIAN_POINT('',(25.370566313918,41.797477840483));
#4915 = CARTESIAN_POINT('',(26.908644441622,39.449546183755));
#4916 = CARTESIAN_POINT('',(27.600598508849,38.327059253203));
#4917 = CARTESIAN_POINT('',(28.263026668922,37.186583704147));
#4918 = CARTESIAN_POINT('',(28.896707606951,36.029786630549));
#4919 = CARTESIAN_POINT('',(29.502376439193,34.858160593685));
#4920 = CARTESIAN_POINT('',(30.080735237527,33.673029437955));
#4921 = CARTESIAN_POINT('',(30.632456583845,32.475550325898));
#4922 = CARTESIAN_POINT('',(31.614551775202,30.217339741848));
#4923 = CARTESIAN_POINT('',(32.051315454172,29.159448757701));
#4924 = CARTESIAN_POINT('',(32.468881935741,28.093707591438));
#4925 = CARTESIAN_POINT('',(32.867630335279,27.020734208687));
#4926 = CARTESIAN_POINT('',(33.247911211452,25.941097128466));
#4927 = CARTESIAN_POINT('',(33.610049638607,24.855316562404));
#4928 = CARTESIAN_POINT('',(33.954348279162,23.763865553968));
#4929 = CARTESIAN_POINT('',(35.233137188152,19.471669711684));
#4930 = CARTESIAN_POINT('',(36.035843816881,16.232593122973));
#4931 = CARTESIAN_POINT('',(36.696639099759,12.959515003038));
#4932 = CARTESIAN_POINT('',(37.220432259711,9.660893310091));
#4933 = CARTESIAN_POINT('',(37.610828499304,6.344266606989));
#4934 = CARTESIAN_POINT('',(37.870241573365,3.016276028933));
#4935 = CARTESIAN_POINT('',(38.000000054523,-0.317312104145));
#4936 = CARTESIAN_POINT('',(38.000000054519,-6.985983233584));
#4937 = CARTESIAN_POINT('',(37.870241573381,-10.31957136656));
#4938 = CARTESIAN_POINT('',(37.610828499279,-13.64756194485));
#4939 = CARTESIAN_POINT('',(37.220432259737,-16.96418864762));
#4940 = CARTESIAN_POINT('',(36.696639099748,-20.26281034086));
#4941 = CARTESIAN_POINT('',(36.035843816887,-23.53588846063));
#4942 = CARTESIAN_POINT('',(35.233137188154,-26.7749650494));
#4943 = CARTESIAN_POINT('',(33.954348279165,-31.06716089167));
#4944 = CARTESIAN_POINT('',(33.610049638611,-32.15861190011));
#4945 = CARTESIAN_POINT('',(33.247911211455,-33.24439246617));
#4946 = CARTESIAN_POINT('',(32.867630335283,-34.32402954639));
#4947 = CARTESIAN_POINT('',(32.468881935745,-35.39700292914));
#4948 = CARTESIAN_POINT('',(32.051315454176,-36.46274409541));
#4949 = CARTESIAN_POINT('',(31.614551775206,-37.52063507955));
#4950 = CARTESIAN_POINT('',(30.632456583852,-39.77884566361));
#4951 = CARTESIAN_POINT('',(30.080735237526,-40.97632477566));
#4952 = CARTESIAN_POINT('',(29.502376439198,-42.16145593139));
#4953 = CARTESIAN_POINT('',(28.896707606961,-43.33308196826));
#4954 = CARTESIAN_POINT('',(28.263026668927,-44.48987904185));
#4955 = CARTESIAN_POINT('',(27.600598508849,-45.63035459091));
#4956 = CARTESIAN_POINT('',(26.90864444163,-46.75284152147));
#4957 = CARTESIAN_POINT('',(25.370566313925,-49.10077317819));
#4958 = CARTESIAN_POINT('',(24.516219429928,-50.32053587899));
#4959 = CARTESIAN_POINT('',(23.622008493592,-51.51226083455));
#4960 = CARTESIAN_POINT('',(22.686731449094,-52.6728141149));
#4961 = CARTESIAN_POINT('',(21.709298896665,-53.79847606264));
#4962 = CARTESIAN_POINT('',(20.688766760936,-54.8849681593));
#4963 = CARTESIAN_POINT('',(19.624362488912,-55.92747443369));
#4964 = CARTESIAN_POINT('',(17.743452173899,-57.61217019806));
#4965 = CARTESIAN_POINT('',(16.949959982336,-58.2796737512));
#4966 = CARTESIAN_POINT('',(16.134876440714,-58.92134575584));
#4967 = CARTESIAN_POINT('',(15.298206185785,-59.53515845072));
#4968 = CARTESIAN_POINT('',(14.440131673182,-60.11890895955));
#4969 = CARTESIAN_POINT('',(13.561042509461,-60.67026127647));
#4970 = CARTESIAN_POINT('',(12.661572696214,-61.18679990679));
#4971 = CARTESIAN_POINT('',(10.998554590658,-62.05419940512));
#4972 = CARTESIAN_POINT('',(10.24171203389,-62.41788141861));
#4973 = CARTESIAN_POINT('',(9.472646765261,-62.75583250287));
#4974 = CARTESIAN_POINT('',(8.69201968995,-63.06674642062));
#4975 = CARTESIAN_POINT('',(7.900634493421,-63.34934754112));
#4976 = CARTESIAN_POINT('',(7.099451022587,-63.60242694719));
#4977 = CARTESIAN_POINT('',(6.289601523701,-63.82488650604));
#4978 = CARTESIAN_POINT('',(4.800338605936,-64.17279382526));
#4979 = CARTESIAN_POINT('',(4.123259462076,-64.30846322358));
#4980 = CARTESIAN_POINT('',(3.441919453669,-64.42227308555));
#4981 = CARTESIAN_POINT('',(2.757101280656,-64.51378484206));
#4982 = CARTESIAN_POINT('',(2.069624172334,-64.58265643398));
#4983 = CARTESIAN_POINT('',(1.380344865033,-64.62865137829));
#4984 = CARTESIAN_POINT('',(0.690158579786,-64.65164783413));
#4985 = CARTESIAN_POINT('',(-0.995747777195,-64.65164773362));
#4986 = CARTESIAN_POINT('',(-1.991653330474,-64.60377859084));
#4987 = CARTESIAN_POINT('',(-2.984791373153,-64.5080146873));
#4988 = CARTESIAN_POINT('',(-3.97247896593,-64.36490536245));
#4989 = CARTESIAN_POINT('',(-4.952260643428,-64.17547690786));
#4990 = CARTESIAN_POINT('',(-5.921895820619,-63.94115054168));
#4991 = CARTESIAN_POINT('',(-6.879348479103,-63.66367629824));
#4992 = CARTESIAN_POINT('',(-8.328300086171,-63.1743700771));
#4993 = CARTESIAN_POINT('',(-8.829832926805,-62.99183819435));
#4994 = CARTESIAN_POINT('',(-9.327117826247,-62.79778837708));
#4995 = CARTESIAN_POINT('',(-9.819923668769,-62.59253613434));
#4996 = CARTESIAN_POINT('',(-10.30804638521,-62.37640738083));
#4997 = CARTESIAN_POINT('',(-10.79130728638,-62.14973452624));
#4998 = CARTESIAN_POINT('',(-11.26955139642,-61.91285256445));
#4999 = CARTESIAN_POINT('',(-12.6615726962,-61.1867999068));
#5000 = CARTESIAN_POINT('',(-13.56104250945,-60.67026127647));
#5001 = CARTESIAN_POINT('',(-14.44013167317,-60.11890895955));
#5002 = CARTESIAN_POINT('',(-15.29820618577,-59.53515845073));
#5003 = CARTESIAN_POINT('',(-16.1348764407,-58.92134575585));
#5004 = CARTESIAN_POINT('',(-16.94995998232,-58.27967375121));
#5005 = CARTESIAN_POINT('',(-17.74345217389,-57.61217019806));
#5006 = CARTESIAN_POINT('',(-19.6243624889,-55.9274744337));
#5007 = CARTESIAN_POINT('',(-20.68876676093,-54.88496815931));
#5008 = CARTESIAN_POINT('',(-21.70929889665,-53.79847606265));
#5009 = CARTESIAN_POINT('',(-22.68673144908,-52.67281411491));
#5010 = CARTESIAN_POINT('',(-23.62200849358,-51.51226083456));
#5011 = CARTESIAN_POINT('',(-24.51621942992,-50.320535879));
#5012 = CARTESIAN_POINT('',(-25.37056631391,-49.1007731782));
#5013 = CARTESIAN_POINT('',(-26.90864444162,-46.75284152148));
#5014 = CARTESIAN_POINT('',(-27.60059850884,-45.63035459092));
#5015 = CARTESIAN_POINT('',(-28.26302666892,-44.48987904187));
#5016 = CARTESIAN_POINT('',(-28.89670760695,-43.33308196827));
#5017 = CARTESIAN_POINT('',(-29.50237643919,-42.16145593141));
#5018 = CARTESIAN_POINT('',(-30.08073523752,-40.97632477567));
#5019 = CARTESIAN_POINT('',(-30.63245658384,-39.77884566362));
#5020 = CARTESIAN_POINT('',(-31.6145517752,-37.52063507957));
#5021 = CARTESIAN_POINT('',(-32.05131545417,-36.46274409542));
#5022 = CARTESIAN_POINT('',(-32.46888193573,-35.39700292916));
#5023 = CARTESIAN_POINT('',(-32.86763033527,-34.32402954641));
#5024 = CARTESIAN_POINT('',(-33.24791121145,-33.24439246618));
#5025 = CARTESIAN_POINT('',(-33.6100496386,-32.15861190012));
#5026 = CARTESIAN_POINT('',(-33.95434827916,-31.06716089169));
#5027 = CARTESIAN_POINT('',(-35.23313718814,-26.77496504938));
#5028 = CARTESIAN_POINT('',(-36.03584381691,-23.53588846079));
#5029 = CARTESIAN_POINT('',(-36.69663909967,-20.26281034056));
#5030 = CARTESIAN_POINT('',(-37.22043225981,-16.96418864804));
#5031 = CARTESIAN_POINT('',(-37.61082849922,-13.64756194454));
#5032 = CARTESIAN_POINT('',(-37.8702415734,-10.31957136672));
#5033 = CARTESIAN_POINT('',(-38.00000005451,-6.985983233562));
#5034 = CARTESIAN_POINT('',(-38.00000005451,-0.317312104208));
#5035 = CARTESIAN_POINT('',(-37.87024157339,3.016276029116));
#5036 = CARTESIAN_POINT('',(-37.61082849922,6.34426660661));
#5037 = CARTESIAN_POINT('',(-37.22043225982,9.660893310475));
#5038 = CARTESIAN_POINT('',(-36.69663909966,12.959515002769));
#5039 = CARTESIAN_POINT('',(-36.03584381692,16.232593123059));
#5040 = CARTESIAN_POINT('',(-35.23313718814,19.471669711656));
#5041 = CARTESIAN_POINT('',(-33.95434827916,23.763865553959));
#5042 = CARTESIAN_POINT('',(-33.61004963861,24.855316562394));
#5043 = CARTESIAN_POINT('',(-33.24791121145,25.941097128455));
#5044 = CARTESIAN_POINT('',(-32.86763033528,27.020734208677));
#5045 = CARTESIAN_POINT('',(-32.46888193574,28.093707591429));
#5046 = CARTESIAN_POINT('',(-32.05131545417,29.159448757693));
#5047 = CARTESIAN_POINT('',(-31.6145517752,30.217339741838));
#5048 = CARTESIAN_POINT('',(-30.63245658385,32.475550325885));
#5049 = CARTESIAN_POINT('',(-30.08073523752,33.673029437954));
#5050 = CARTESIAN_POINT('',(-29.50237643919,34.858160593678));
#5051 = CARTESIAN_POINT('',(-28.89670760696,36.029786630535));
#5052 = CARTESIAN_POINT('',(-28.26302666892,37.186583704139));
#5053 = CARTESIAN_POINT('',(-27.60059850884,38.327059253202));
#5054 = CARTESIAN_POINT('',(-26.90864444163,39.449546183745));
#5055 = CARTESIAN_POINT('',(-25.37056631392,41.797477840479));
#5056 = CARTESIAN_POINT('',(-24.51621942993,43.01724054127));
#5057 = CARTESIAN_POINT('',(-23.62200849359,44.208965496832));
#5058 = CARTESIAN_POINT('',(-22.68673144909,45.369518777191));
#5059 = CARTESIAN_POINT('',(-21.70929889666,46.495180724928));
#5060 = CARTESIAN_POINT('',(-20.68876676093,47.581672821579));
#5061 = CARTESIAN_POINT('',(-19.62436248891,48.624179095979));
#5062 = CARTESIAN_POINT('',(-17.7434521739,50.308874860337));
#5063 = CARTESIAN_POINT('',(-16.94995998233,50.976378413492));
#5064 = CARTESIAN_POINT('',(-16.13487644071,51.618050418126));
#5065 = CARTESIAN_POINT('',(-15.29820618578,52.231863113003));
#5066 = CARTESIAN_POINT('',(-14.44013167318,52.815613621831));
#5067 = CARTESIAN_POINT('',(-13.56104250945,53.366965938756));
#5068 = CARTESIAN_POINT('',(-12.66157269621,53.883504569075));
#5069 = CARTESIAN_POINT('',(-10.38686657907,55.069949413121));
#5070 = CARTESIAN_POINT('',(-8.988168641546,55.696323591922));
#5071 = CARTESIAN_POINT('',(-7.550343795124,56.233546645405));
#5072 = CARTESIAN_POINT('',(-6.078399391362,56.67362917292));
#5073 = CARTESIAN_POINT('',(-4.578687516181,57.009478884687));
#5074 = CARTESIAN_POINT('',(-3.059046817505,57.235485331141));
#5075 = CARTESIAN_POINT('',(-1.528993746167,57.348352389547));
#5076 = CARTESIAN_POINT('',(7.105427357601E-15,57.348352331139));
#5077 = ( GEOMETRIC_REPRESENTATION_CONTEXT(2) 
PARAMETRIC_REPRESENTATION_CONTEXT() REPRESENTATION_CONTEXT('2D SPACE',''
  ) );
#5078 = PCURVE('',#1518,#5079);
#5079 = DEFINITIONAL_REPRESENTATION('',(#5080),#5251);
#5080 = B_SPLINE_CURVE_WITH_KNOTS('',8,(#5081,#5082,#5083,#5084,#5085,
    #5086,#5087,#5088,#5089,#5090,#5091,#5092,#5093,#5094,#5095,#5096,
    #5097,#5098,#5099,#5100,#5101,#5102,#5103,#5104,#5105,#5106,#5107,
    #5108,#5109,#5110,#5111,#5112,#5113,#5114,#5115,#5116,#5117,#5118,
    #5119,#5120,#5121,#5122,#5123,#5124,#5125,#5126,#5127,#5128,#5129,
    #5130,#5131,#5132,#5133,#5134,#5135,#5136,#5137,#5138,#5139,#5140,
    #5141,#5142,#5143,#5144,#5145,#5146,#5147,#5148,#5149,#5150,#5151,
    #5152,#5153,#5154,#5155,#5156,#5157,#5158,#5159,#5160,#5161,#5162,
    #5163,#5164,#5165,#5166,#5167,#5168,#5169,#5170,#5171,#5172,#5173,
    #5174,#5175,#5176,#5177,#5178,#5179,#5180,#5181,#5182,#5183,#5184,
    #5185,#5186,#5187,#5188,#5189,#5190,#5191,#5192,#5193,#5194,#5195,
    #5196,#5197,#5198,#5199,#5200,#5201,#5202,#5203,#5204,#5205,#5206,
    #5207,#5208,#5209,#5210,#5211,#5212,#5213,#5214,#5215,#5216,#5217,
    #5218,#5219,#5220,#5221,#5222,#5223,#5224,#5225,#5226,#5227,#5228,
    #5229,#5230,#5231,#5232,#5233,#5234,#5235,#5236,#5237,#5238,#5239,
    #5240,#5241,#5242,#5243,#5244,#5245,#5246,#5247,#5248,#5249,#5250),
  .UNSPECIFIED.,.F.,.F.,(9,7,7,7,7,7,7,7,7,7,7,7,7,7,7,7,7,7,7,7,7,7,7,7
    ,9),(0.,3.880908226334E-02,6.511330033094E-02,0.10289263558,
    0.136344647509,0.165383771345,0.249996704594,0.334609637844,
    0.363648761682,0.397100773612,0.434880108863,0.461184326933,
    0.482483885033,0.500000967674,0.525274281717,0.538816548794,
    0.565120716915,0.602899980428,0.636351928837,0.665390997533,
    0.750003770115,0.834616542695,0.863655611391,0.897107559799,
    0.90055996044),.UNSPECIFIED.);
#5081 = CARTESIAN_POINT('',(6.28318530718,-3.));
#5082 = CARTESIAN_POINT('',(6.242948628269,-3.));
#5083 = CARTESIAN_POINT('',(6.202684081438,-3.));
#5084 = CARTESIAN_POINT('',(6.162594251602,-3.));
#5085 = CARTESIAN_POINT('',(6.122829806476,-3.));
#5086 = CARTESIAN_POINT('',(6.083507510818,-3.));
#5087 = CARTESIAN_POINT('',(6.044719995817,-3.));
#5088 = CARTESIAN_POINT('',(6.006540530469,-3.));
#5089 = CARTESIAN_POINT('',(5.943599280028,-3.));
#5090 = CARTESIAN_POINT('',(5.918470822657,-3.));
#5091 = CARTESIAN_POINT('',(5.89365102549,-3.));
#5092 = CARTESIAN_POINT('',(5.869145436227,-3.));
#5093 = CARTESIAN_POINT('',(5.844955649709,-3.));
#5094 = CARTESIAN_POINT('',(5.821079862259,-3.));
#5095 = CARTESIAN_POINT('',(5.797513125166,-3.));
#5096 = CARTESIAN_POINT('',(5.74083183866,-3.));
#5097 = CARTESIAN_POINT('',(5.708043958958,-3.));
#5098 = CARTESIAN_POINT('',(5.675856101285,-3.));
#5099 = CARTESIAN_POINT('',(5.64424106203,-3.));
#5100 = CARTESIAN_POINT('',(5.613170907957,-3.));
#5101 = CARTESIAN_POINT('',(5.58261600565,-3.));
#5102 = CARTESIAN_POINT('',(5.552544163326,-3.));
#5103 = CARTESIAN_POINT('',(5.496688832901,-3.));
#5104 = CARTESIAN_POINT('',(5.470812714091,-3.));
#5105 = CARTESIAN_POINT('',(5.445268939644,-3.));
#5106 = CARTESIAN_POINT('',(5.420037095767,-3.));
#5107 = CARTESIAN_POINT('',(5.395098166532,-3.));
#5108 = CARTESIAN_POINT('',(5.370433920985,-3.));
#5109 = CARTESIAN_POINT('',(5.346026464611,-3.));
#5110 = CARTESIAN_POINT('',(5.300877682313,-3.));
#5111 = CARTESIAN_POINT('',(5.280078266983,-3.));
#5112 = CARTESIAN_POINT('',(5.259448456968,-3.));
#5113 = CARTESIAN_POINT('',(5.238977780463,-3.));
#5114 = CARTESIAN_POINT('',(5.218656382676,-3.));
#5115 = CARTESIAN_POINT('',(5.198474862411,-3.));
#5116 = CARTESIAN_POINT('',(5.178424108661,-3.));
#5117 = CARTESIAN_POINT('',(5.100426968819,-3.));
#5118 = CARTESIAN_POINT('',(5.043409972726,-3.));
#5119 = CARTESIAN_POINT('',(4.987203100861,-3.));
#5120 = CARTESIAN_POINT('',(4.931622452601,-3.));
#5121 = CARTESIAN_POINT('',(4.876505254294,-3.));
#5122 = CARTESIAN_POINT('',(4.821699217746,-3.));
#5123 = CARTESIAN_POINT('',(4.767050217054,-3.));
#5124 = CARTESIAN_POINT('',(4.657727743714,-3.));
#5125 = CARTESIAN_POINT('',(4.603078743029,-3.));
#5126 = CARTESIAN_POINT('',(4.548272706464,-3.));
#5127 = CARTESIAN_POINT('',(4.493155508184,-3.));
#5128 = CARTESIAN_POINT('',(4.437574859896,-3.));
#5129 = CARTESIAN_POINT('',(4.38136798805,-3.));
#5130 = CARTESIAN_POINT('',(4.324350991949,-3.));
#5131 = CARTESIAN_POINT('',(4.246353852109,-3.));
#5132 = CARTESIAN_POINT('',(4.226303098359,-3.));
#5133 = CARTESIAN_POINT('',(4.206121578094,-3.));
#5134 = CARTESIAN_POINT('',(4.185800180306,-3.));
#5135 = CARTESIAN_POINT('',(4.165329503802,-3.));
#5136 = CARTESIAN_POINT('',(4.144699693786,-3.));
#5137 = CARTESIAN_POINT('',(4.123900278457,-3.));
#5138 = CARTESIAN_POINT('',(4.078751496159,-3.));
#5139 = CARTESIAN_POINT('',(4.054344039784,-3.));
#5140 = CARTESIAN_POINT('',(4.029679794237,-3.));
#5141 = CARTESIAN_POINT('',(4.004740865003,-3.));
#5142 = CARTESIAN_POINT('',(3.979509021125,-3.));
#5143 = CARTESIAN_POINT('',(3.953965246679,-3.));
#5144 = CARTESIAN_POINT('',(3.928089127869,-3.));
#5145 = CARTESIAN_POINT('',(3.872233797443,-3.));
#5146 = CARTESIAN_POINT('',(3.842161955119,-3.));
#5147 = CARTESIAN_POINT('',(3.811607052813,-3.));
#5148 = CARTESIAN_POINT('',(3.78053689874,-3.));
#5149 = CARTESIAN_POINT('',(3.748921859484,-3.));
#5150 = CARTESIAN_POINT('',(3.716734001811,-3.));
#5151 = CARTESIAN_POINT('',(3.68394612211,-3.));
#5152 = CARTESIAN_POINT('',(3.627264835604,-3.));
#5153 = CARTESIAN_POINT('',(3.603698098511,-3.));
#5154 = CARTESIAN_POINT('',(3.579822311061,-3.));
#5155 = CARTESIAN_POINT('',(3.555632524542,-3.));
#5156 = CARTESIAN_POINT('',(3.53112693528,-3.));
#5157 = CARTESIAN_POINT('',(3.506307138112,-3.));
#5158 = CARTESIAN_POINT('',(3.481178680742,-3.));
#5159 = CARTESIAN_POINT('',(3.435162871645,-3.));
#5160 = CARTESIAN_POINT('',(3.414378408208,-3.));
#5161 = CARTESIAN_POINT('',(3.393405080556,-3.));
#5162 = CARTESIAN_POINT('',(3.372251698152,-3.));
#5163 = CARTESIAN_POINT('',(3.3509294762,-3.));
#5164 = CARTESIAN_POINT('',(3.329452354999,-3.));
#5165 = CARTESIAN_POINT('',(3.30783749044,-3.));
#5166 = CARTESIAN_POINT('',(3.26823353588,-3.));
#5167 = CARTESIAN_POINT('',(3.250281095392,-3.));
#5168 = CARTESIAN_POINT('',(3.23226061429,-3.));
#5169 = CARTESIAN_POINT('',(3.214184473431,-3.));
#5170 = CARTESIAN_POINT('',(3.196065576884,-3.));
#5171 = CARTESIAN_POINT('',(3.177917514387,-3.));
#5172 = CARTESIAN_POINT('',(3.159754723806,-3.));
#5173 = CARTESIAN_POINT('',(3.115388763728,-3.));
#5174 = CARTESIAN_POINT('',(3.089180726895,-3.));
#5175 = CARTESIAN_POINT('',(3.063018091215,-3.));
#5176 = CARTESIAN_POINT('',(3.036944027212,-3.));
#5177 = CARTESIAN_POINT('',(3.010996799999,-3.));
#5178 = CARTESIAN_POINT('',(2.985210934797,-3.));
#5179 = CARTESIAN_POINT('',(2.959618075813,-3.));
#5180 = CARTESIAN_POINT('',(2.920653175947,-3.));
#5181 = CARTESIAN_POINT('',(2.907121631713,-3.));
#5182 = CARTESIAN_POINT('',(2.893656778272,-3.));
#5183 = CARTESIAN_POINT('',(2.880261956475,-3.));
#5184 = CARTESIAN_POINT('',(2.86694001468,-3.));
#5185 = CARTESIAN_POINT('',(2.853693347931,-3.));
#5186 = CARTESIAN_POINT('',(2.840523937133,-3.));
#5187 = CARTESIAN_POINT('',(2.802006626438,-3.));
#5188 = CARTESIAN_POINT('',(2.776878169068,-3.));
#5189 = CARTESIAN_POINT('',(2.7520583719,-3.));
#5190 = CARTESIAN_POINT('',(2.727552782638,-3.));
#5191 = CARTESIAN_POINT('',(2.703362996119,-3.));
#5192 = CARTESIAN_POINT('',(2.679487208669,-3.));
#5193 = CARTESIAN_POINT('',(2.655920471576,-3.));
#5194 = CARTESIAN_POINT('',(2.59923918507,-3.));
#5195 = CARTESIAN_POINT('',(2.566451305369,-3.));
#5196 = CARTESIAN_POINT('',(2.534263447696,-3.));
#5197 = CARTESIAN_POINT('',(2.50264840844,-3.));
#5198 = CARTESIAN_POINT('',(2.471578254367,-3.));
#5199 = CARTESIAN_POINT('',(2.441023352061,-3.));
#5200 = CARTESIAN_POINT('',(2.410951509737,-3.));
#5201 = CARTESIAN_POINT('',(2.355096179311,-3.));
#5202 = CARTESIAN_POINT('',(2.329220060501,-3.));
#5203 = CARTESIAN_POINT('',(2.303676286054,-3.));
#5204 = CARTESIAN_POINT('',(2.278444442177,-3.));
#5205 = CARTESIAN_POINT('',(2.253505512943,-3.));
#5206 = CARTESIAN_POINT('',(2.228841267396,-3.));
#5207 = CARTESIAN_POINT('',(2.204433811021,-3.));
#5208 = CARTESIAN_POINT('',(2.159285028723,-3.));
#5209 = CARTESIAN_POINT('',(2.138485613394,-3.));
#5210 = CARTESIAN_POINT('',(2.117855803378,-3.));
#5211 = CARTESIAN_POINT('',(2.097385126873,-3.));
#5212 = CARTESIAN_POINT('',(2.077063729086,-3.));
#5213 = CARTESIAN_POINT('',(2.056882208821,-3.));
#5214 = CARTESIAN_POINT('',(2.036831455071,-3.));
#5215 = CARTESIAN_POINT('',(1.95883431523,-3.));
#5216 = CARTESIAN_POINT('',(1.90181731913,-3.));
#5217 = CARTESIAN_POINT('',(1.845610447284,-3.));
#5218 = CARTESIAN_POINT('',(1.790029798996,-3.));
#5219 = CARTESIAN_POINT('',(1.734912600715,-3.));
#5220 = CARTESIAN_POINT('',(1.680106564151,-3.));
#5221 = CARTESIAN_POINT('',(1.625457563466,-3.));
#5222 = CARTESIAN_POINT('',(1.516135090125,-3.));
#5223 = CARTESIAN_POINT('',(1.461486089436,-3.));
#5224 = CARTESIAN_POINT('',(1.406680052881,-3.));
#5225 = CARTESIAN_POINT('',(1.351562854587,-3.));
#5226 = CARTESIAN_POINT('',(1.29598220631,-3.));
#5227 = CARTESIAN_POINT('',(1.239775334459,-3.));
#5228 = CARTESIAN_POINT('',(1.18275833836,-3.));
#5229 = CARTESIAN_POINT('',(1.104761198519,-3.));
#5230 = CARTESIAN_POINT('',(1.084710444769,-3.));
#5231 = CARTESIAN_POINT('',(1.064528924504,-3.));
#5232 = CARTESIAN_POINT('',(1.044207526717,-3.));
#5233 = CARTESIAN_POINT('',(1.023736850212,-3.));
#5234 = CARTESIAN_POINT('',(1.003107040196,-3.));
#5235 = CARTESIAN_POINT('',(0.982307624867,-3.));
#5236 = CARTESIAN_POINT('',(0.937158842569,-3.));
#5237 = CARTESIAN_POINT('',(0.912751386194,-3.));
#5238 = CARTESIAN_POINT('',(0.888087140647,-3.));
#5239 = CARTESIAN_POINT('',(0.863148211413,-3.));
#5240 = CARTESIAN_POINT('',(0.837916367536,-3.));
#5241 = CARTESIAN_POINT('',(0.812372593089,-3.));
#5242 = CARTESIAN_POINT('',(0.786496474279,-3.));
#5243 = CARTESIAN_POINT('',(0.75755825247,-3.));
#5244 = CARTESIAN_POINT('',(0.754847345191,-3.));
#5245 = CARTESIAN_POINT('',(0.752132673243,-3.));
#5246 = CARTESIAN_POINT('',(0.749414209768,-3.));
#5247 = CARTESIAN_POINT('',(0.746691928134,-3.));
#5248 = CARTESIAN_POINT('',(0.74396580193,-3.));
#5249 = CARTESIAN_POINT('',(0.74123580496,-3.));
#5250 = CARTESIAN_POINT('',(0.73850191124,-3.));
#5251 = ( GEOMETRIC_REPRESENTATION_CONTEXT(2) 
PARAMETRIC_REPRESENTATION_CONTEXT() REPRESENTATION_CONTEXT('2D SPACE',''
  ) );
#5252 = ADVANCED_FACE('',(#5253),#1281,.T.);
#5253 = FACE_BOUND('',#5254,.F.);
#5254 = EDGE_LOOP('',(#5255,#5256,#5279,#5306,#5307,#5308,#5337,#5363,
    #5364,#5365,#5366,#5367));
#5255 = ORIENTED_EDGE('',*,*,#1555,.F.);
#5256 = ORIENTED_EDGE('',*,*,#5257,.T.);
#5257 = EDGE_CURVE('',#1556,#5258,#5260,.T.);
#5258 = VERTEX_POINT('',#5259);
#5259 = CARTESIAN_POINT('',(-19.8,47.,10.));
#5260 = SEAM_CURVE('',#5261,(#5265,#5272),.PCURVE_S1.);
#5261 = LINE('',#5262,#5263);
#5262 = CARTESIAN_POINT('',(-19.8,47.,3.));
#5263 = VECTOR('',#5264,1.);
#5264 = DIRECTION('',(0.,0.,1.));
#5265 = PCURVE('',#1281,#5266);
#5266 = DEFINITIONAL_REPRESENTATION('',(#5267),#5271);
#5267 = LINE('',#5268,#5269);
#5268 = CARTESIAN_POINT('',(-6.28318530718,0.));
#5269 = VECTOR('',#5270,1.);
#5270 = DIRECTION('',(-0.,-1.));
#5271 = ( GEOMETRIC_REPRESENTATION_CONTEXT(2) 
PARAMETRIC_REPRESENTATION_CONTEXT() REPRESENTATION_CONTEXT('2D SPACE',''
  ) );
#5272 = PCURVE('',#1281,#5273);
#5273 = DEFINITIONAL_REPRESENTATION('',(#5274),#5278);
#5274 = LINE('',#5275,#5276);
#5275 = CARTESIAN_POINT('',(-0.,0.));
#5276 = VECTOR('',#5277,1.);
#5277 = DIRECTION('',(-0.,-1.));
#5278 = ( GEOMETRIC_REPRESENTATION_CONTEXT(2) 
PARAMETRIC_REPRESENTATION_CONTEXT() REPRESENTATION_CONTEXT('2D SPACE',''
  ) );
#5279 = ORIENTED_EDGE('',*,*,#5280,.T.);
#5280 = EDGE_CURVE('',#5258,#5258,#5281,.T.);
#5281 = SURFACE_CURVE('',#5282,(#5287,#5294),.PCURVE_S1.);
#5282 = CIRCLE('',#5283,3.2);
#5283 = AXIS2_PLACEMENT_3D('',#5284,#5285,#5286);
#5284 = CARTESIAN_POINT('',(-23.,47.,10.));
#5285 = DIRECTION('',(0.,0.,1.));
#5286 = DIRECTION('',(1.,0.,0.));
#5287 = PCURVE('',#1281,#5288);
#5288 = DEFINITIONAL_REPRESENTATION('',(#5289),#5293);
#5289 = LINE('',#5290,#5291);
#5290 = CARTESIAN_POINT('',(-0.,-7.));
#5291 = VECTOR('',#5292,1.);
#5292 = DIRECTION('',(-1.,0.));
#5293 = ( GEOMETRIC_REPRESENTATION_CONTEXT(2) 
PARAMETRIC_REPRESENTATION_CONTEXT() REPRESENTATION_CONTEXT('2D SPACE',''
  ) );
#5294 = PCURVE('',#5295,#5300);
#5295 = PLANE('',#5296);
#5296 = AXIS2_PLACEMENT_3D('',#5297,#5298,#5299);
#5297 = CARTESIAN_POINT('',(-23.,47.,10.));
#5298 = DIRECTION('',(0.,0.,1.));
#5299 = DIRECTION('',(1.,0.,-0.));
#5300 = DEFINITIONAL_REPRESENTATION('',(#5301),#5305);
#5301 = CIRCLE('',#5302,3.2);
#5302 = AXIS2_PLACEMENT_2D('',#5303,#5304);
#5303 = CARTESIAN_POINT('',(0.,7.105427357601E-15));
#5304 = DIRECTION('',(1.,0.));
#5305 = ( GEOMETRIC_REPRESENTATION_CONTEXT(2) 
PARAMETRIC_REPRESENTATION_CONTEXT() REPRESENTATION_CONTEXT('2D SPACE',''
  ) );
#5306 = ORIENTED_EDGE('',*,*,#5257,.F.);
#5307 = ORIENTED_EDGE('',*,*,#1579,.F.);
#5308 = ORIENTED_EDGE('',*,*,#5309,.F.);
#5309 = EDGE_CURVE('',#5310,#1580,#5312,.T.);
#5310 = VERTEX_POINT('',#5311);
#5311 = CARTESIAN_POINT('',(-25.58087282321,45.10815025164,6.));
#5312 = SURFACE_CURVE('',#5313,(#5319,#5328),.PCURVE_S1.);
#5313 = B_SPLINE_CURVE_WITH_KNOTS('',4,(#5314,#5315,#5316,#5317,#5318),
  .UNSPECIFIED.,.F.,.F.,(5,5),(0.,1.),.PIECEWISE_BEZIER_KNOTS.);
#5314 = CARTESIAN_POINT('',(-25.58087282368,45.108150252271,6.0000006));
#5315 = CARTESIAN_POINT('',(-25.58087282368,45.108150252271,5.2500003));
#5316 = CARTESIAN_POINT('',(-25.58087282368,45.108150252271,4.5));
#5317 = CARTESIAN_POINT('',(-25.58087282368,45.108150252271,3.7499997));
#5318 = CARTESIAN_POINT('',(-25.58087282368,45.108150252271,2.9999994));
#5319 = PCURVE('',#1281,#5320);
#5320 = DEFINITIONAL_REPRESENTATION('',(#5321),#5327);
#5321 = B_SPLINE_CURVE_WITH_KNOTS('',4,(#5322,#5323,#5324,#5325,#5326),
  .UNSPECIFIED.,.F.,.F.,(5,5),(0.,1.),.PIECEWISE_BEZIER_KNOTS.);
#5322 = CARTESIAN_POINT('',(-3.774142325968,-3.0000006));
#5323 = CARTESIAN_POINT('',(-3.774142325968,-2.2500003));
#5324 = CARTESIAN_POINT('',(-3.774142325968,-1.5));
#5325 = CARTESIAN_POINT('',(-3.774142325968,-0.7499997));
#5326 = CARTESIAN_POINT('',(-3.774142325968,5.999999999062E-07));
#5327 = ( GEOMETRIC_REPRESENTATION_CONTEXT(2) 
PARAMETRIC_REPRESENTATION_CONTEXT() REPRESENTATION_CONTEXT('2D SPACE',''
  ) );
#5328 = PCURVE('',#1620,#5329);
#5329 = DEFINITIONAL_REPRESENTATION('',(#5330),#5336);
#5330 = B_SPLINE_CURVE_WITH_KNOTS('',4,(#5331,#5332,#5333,#5334,#5335),
  .UNSPECIFIED.,.F.,.F.,(5,5),(0.,0.9999998),.PIECEWISE_BEZIER_KNOTS.);
#5331 = CARTESIAN_POINT('',(0.738501911008,-3.0000006));
#5332 = CARTESIAN_POINT('',(0.738501911008,-2.25000045));
#5333 = CARTESIAN_POINT('',(0.738501911008,-1.5000003));
#5334 = CARTESIAN_POINT('',(0.738501911008,-0.75000015));
#5335 = CARTESIAN_POINT('',(0.738501911008,3.032360657739E-17));
#5336 = ( GEOMETRIC_REPRESENTATION_CONTEXT(2) 
PARAMETRIC_REPRESENTATION_CONTEXT() REPRESENTATION_CONTEXT('2D SPACE',''
  ) );
#5337 = ORIENTED_EDGE('',*,*,#5338,.T.);
#5338 = EDGE_CURVE('',#5310,#3054,#5339,.T.);
#5339 = SURFACE_CURVE('',#5340,(#5345,#5352),.PCURVE_S1.);
#5340 = CIRCLE('',#5341,3.2);
#5341 = AXIS2_PLACEMENT_3D('',#5342,#5343,#5344);
#5342 = CARTESIAN_POINT('',(-23.,47.,6.));
#5343 = DIRECTION('',(0.,0.,-1.));
#5344 = DIRECTION('',(1.,0.,0.));
#5345 = PCURVE('',#1281,#5346);
#5346 = DEFINITIONAL_REPRESENTATION('',(#5347),#5351);
#5347 = LINE('',#5348,#5349);
#5348 = CARTESIAN_POINT('',(-6.28318530718,-3.));
#5349 = VECTOR('',#5350,1.);
#5350 = DIRECTION('',(1.,-0.));
#5351 = ( GEOMETRIC_REPRESENTATION_CONTEXT(2) 
PARAMETRIC_REPRESENTATION_CONTEXT() REPRESENTATION_CONTEXT('2D SPACE',''
  ) );
#5352 = PCURVE('',#3012,#5353);
#5353 = DEFINITIONAL_REPRESENTATION('',(#5354),#5362);
#5354 = ( BOUNDED_CURVE() B_SPLINE_CURVE(2,(#5355,#5356,#5357,#5358,
#5359,#5360,#5361),.UNSPECIFIED.,.T.,.F.) B_SPLINE_CURVE_WITH_KNOTS((1,2
    ,2,2,2,1),(-2.094395102393,0.,2.094395102393,4.188790204786,
6.28318530718,8.377580409573),.UNSPECIFIED.) CURVE() 
GEOMETRIC_REPRESENTATION_ITEM() RATIONAL_B_SPLINE_CURVE((1.,0.5,1.,0.5,
1.,0.5,1.)) REPRESENTATION_ITEM('') );
#5355 = CARTESIAN_POINT('',(-19.8,43.348352331139));
#5356 = CARTESIAN_POINT('',(-19.8,37.805789746919));
#5357 = CARTESIAN_POINT('',(-24.6,40.577071039029));
#5358 = CARTESIAN_POINT('',(-29.4,43.348352331139));
#5359 = CARTESIAN_POINT('',(-24.6,46.11963362325));
#5360 = CARTESIAN_POINT('',(-19.8,48.89091491536));
#5361 = CARTESIAN_POINT('',(-19.8,43.348352331139));
#5362 = ( GEOMETRIC_REPRESENTATION_CONTEXT(2) 
PARAMETRIC_REPRESENTATION_CONTEXT() REPRESENTATION_CONTEXT('2D SPACE',''
  ) );
#5363 = ORIENTED_EDGE('',*,*,#3053,.T.);
#5364 = ORIENTED_EDGE('',*,*,#3110,.F.);
#5365 = ORIENTED_EDGE('',*,*,#1263,.F.);
#5366 = ORIENTED_EDGE('',*,*,#4270,.T.);
#5367 = ORIENTED_EDGE('',*,*,#5368,.T.);
#5368 = EDGE_CURVE('',#4271,#1533,#5369,.T.);
#5369 = SURFACE_CURVE('',#5370,(#5376,#5385),.PCURVE_S1.);
#5370 = B_SPLINE_CURVE_WITH_KNOTS('',4,(#5371,#5372,#5373,#5374,#5375),
  .UNSPECIFIED.,.F.,.F.,(5,5),(0.,1.),.PIECEWISE_BEZIER_KNOTS.);
#5371 = CARTESIAN_POINT('',(-21.7981632446,49.965735728851,6.0000006));
#5372 = CARTESIAN_POINT('',(-21.7981632446,49.965735728851,5.2500003));
#5373 = CARTESIAN_POINT('',(-21.7981632446,49.965735728851,4.5));
#5374 = CARTESIAN_POINT('',(-21.7981632446,49.965735728851,3.7499997));
#5375 = CARTESIAN_POINT('',(-21.7981632446,49.965735728851,2.9999994));
#5376 = PCURVE('',#1281,#5377);
#5377 = DEFINITIONAL_REPRESENTATION('',(#5378),#5384);
#5378 = B_SPLINE_CURVE_WITH_KNOTS('',4,(#5379,#5380,#5381,#5382,#5383),
  .UNSPECIFIED.,.F.,.F.,(5,5),(0.,1.),.PIECEWISE_BEZIER_KNOTS.);
#5379 = CARTESIAN_POINT('',(-1.185780304582,-3.0000006));
#5380 = CARTESIAN_POINT('',(-1.185780304582,-2.2500003));
#5381 = CARTESIAN_POINT('',(-1.185780304582,-1.5));
#5382 = CARTESIAN_POINT('',(-1.185780304582,-0.7499997));
#5383 = CARTESIAN_POINT('',(-1.185780304582,5.999999999062E-07));
#5384 = ( GEOMETRIC_REPRESENTATION_CONTEXT(2) 
PARAMETRIC_REPRESENTATION_CONTEXT() REPRESENTATION_CONTEXT('2D SPACE',''
  ) );
#5385 = PCURVE('',#1518,#5386);
#5386 = DEFINITIONAL_REPRESENTATION('',(#5387),#5393);
#5387 = B_SPLINE_CURVE_WITH_KNOTS('',4,(#5388,#5389,#5390,#5391,#5392),
  .UNSPECIFIED.,.F.,.F.,(5,5),(0.,0.9999998),.PIECEWISE_BEZIER_KNOTS.);
#5388 = CARTESIAN_POINT('',(6.89412310824,-3.0000006));
#5389 = CARTESIAN_POINT('',(6.89412310824,-2.25000045));
#5390 = CARTESIAN_POINT('',(6.89412310824,-1.5000003));
#5391 = CARTESIAN_POINT('',(6.89412310824,-0.75000015));
#5392 = CARTESIAN_POINT('',(6.89412310824,3.032360657739E-17));
#5393 = ( GEOMETRIC_REPRESENTATION_CONTEXT(2) 
PARAMETRIC_REPRESENTATION_CONTEXT() REPRESENTATION_CONTEXT('2D SPACE',''
  ) );
#5394 = ADVANCED_FACE('',(#5395),#1348,.F.);
#5395 = FACE_BOUND('',#5396,.F.);
#5396 = EDGE_LOOP('',(#5397,#5398,#5430,#5449));
#5397 = ORIENTED_EDGE('',*,*,#1423,.F.);
#5398 = ORIENTED_EDGE('',*,*,#5399,.F.);
#5399 = EDGE_CURVE('',#5400,#1424,#5402,.T.);
#5400 = VERTEX_POINT('',#5401);
#5401 = CARTESIAN_POINT('',(37.584125831794,9.,6.));
#5402 = SURFACE_CURVE('',#5403,(#5410,#5420),.PCURVE_S1.);
#5403 = B_SPLINE_CURVE_WITH_KNOTS('',5,(#5404,#5405,#5406,#5407,#5408,
    #5409),.UNSPECIFIED.,.F.,.F.,(6,6),(0.,1.),
  .PIECEWISE_BEZIER_KNOTS.);
#5404 = CARTESIAN_POINT('',(37.584125829635,9.,6.000003));
#5405 = CARTESIAN_POINT('',(37.584125829635,9.,5.390390318294));
#5406 = CARTESIAN_POINT('',(37.584125829635,9.,4.790441578022));
#5407 = CARTESIAN_POINT('',(37.584125829635,9.,4.177413669849));
#5408 = CARTESIAN_POINT('',(37.584125829635,9.,3.564319628497));
#5409 = CARTESIAN_POINT('',(37.584125829635,9.,3.));
#5410 = PCURVE('',#1348,#5411);
#5411 = DEFINITIONAL_REPRESENTATION('',(#5412),#5419);
#5412 = B_SPLINE_CURVE_WITH_KNOTS('',5,(#5413,#5414,#5415,#5416,#5417,
    #5418),.UNSPECIFIED.,.F.,.F.,(6,6),(0.,1.),
  .PIECEWISE_BEZIER_KNOTS.);
#5413 = CARTESIAN_POINT('',(3.000003,7.584125829635));
#5414 = CARTESIAN_POINT('',(2.390390318294,7.584125829635));
#5415 = CARTESIAN_POINT('',(1.790441578022,7.584125829635));
#5416 = CARTESIAN_POINT('',(1.177413669849,7.584125829635));
#5417 = CARTESIAN_POINT('',(0.564319628497,7.584125829635));
#5418 = CARTESIAN_POINT('',(0.,7.584125829635));
#5419 = ( GEOMETRIC_REPRESENTATION_CONTEXT(2) 
PARAMETRIC_REPRESENTATION_CONTEXT() REPRESENTATION_CONTEXT('2D SPACE',''
  ) );
#5420 = PCURVE('',#1463,#5421);
#5421 = DEFINITIONAL_REPRESENTATION('',(#5422),#5429);
#5422 = B_SPLINE_CURVE_WITH_KNOTS('',5,(#5423,#5424,#5425,#5426,#5427,
    #5428),.UNSPECIFIED.,.F.,.F.,(6,6),(0.,1.),
  .PIECEWISE_BEZIER_KNOTS.);
#5423 = CARTESIAN_POINT('',(4.860470563592,-3.000003));
#5424 = CARTESIAN_POINT('',(4.860470563592,-2.390390318294));
#5425 = CARTESIAN_POINT('',(4.860470563592,-1.790441578458));
#5426 = CARTESIAN_POINT('',(4.860470563592,-1.177413669082));
#5427 = CARTESIAN_POINT('',(4.860470563592,-0.564319628797));
#5428 = CARTESIAN_POINT('',(4.860470563592,-2.999400727788E-10));
#5429 = ( GEOMETRIC_REPRESENTATION_CONTEXT(2) 
PARAMETRIC_REPRESENTATION_CONTEXT() REPRESENTATION_CONTEXT('2D SPACE',''
  ) );
#5430 = ORIENTED_EDGE('',*,*,#5431,.F.);
#5431 = EDGE_CURVE('',#1327,#5400,#5432,.T.);
#5432 = SURFACE_CURVE('',#5433,(#5437,#5443),.PCURVE_S1.);
#5433 = LINE('',#5434,#5435);
#5434 = CARTESIAN_POINT('',(15.,9.,6.));
#5435 = VECTOR('',#5436,1.);
#5436 = DIRECTION('',(-1.,0.,0.));
#5437 = PCURVE('',#1348,#5438);
#5438 = DEFINITIONAL_REPRESENTATION('',(#5439),#5442);
#5439 = B_SPLINE_CURVE_WITH_KNOTS('',1,(#5440,#5441),.UNSPECIFIED.,.F.,
  .F.,(2,2),(-25.,-15.),.PIECEWISE_BEZIER_KNOTS.);
#5440 = CARTESIAN_POINT('',(3.,10.));
#5441 = CARTESIAN_POINT('',(3.,0.));
#5442 = ( GEOMETRIC_REPRESENTATION_CONTEXT(2) 
PARAMETRIC_REPRESENTATION_CONTEXT() REPRESENTATION_CONTEXT('2D SPACE',''
  ) );
#5443 = PCURVE('',#1380,#5444);
#5444 = DEFINITIONAL_REPRESENTATION('',(#5445),#5448);
#5445 = B_SPLINE_CURVE_WITH_KNOTS('',1,(#5446,#5447),.UNSPECIFIED.,.F.,
  .F.,(2,2),(-25.,-15.),.PIECEWISE_BEZIER_KNOTS.);
#5446 = CARTESIAN_POINT('',(40.,5.348352331139));
#5447 = CARTESIAN_POINT('',(30.,5.348352331139));
#5448 = ( GEOMETRIC_REPRESENTATION_CONTEXT(2) 
PARAMETRIC_REPRESENTATION_CONTEXT() REPRESENTATION_CONTEXT('2D SPACE',''
  ) );
#5449 = ORIENTED_EDGE('',*,*,#1326,.T.);
#5450 = ADVANCED_FACE('',(#5451),#1380,.T.);
#5451 = FACE_BOUND('',#5452,.T.);
#5452 = EDGE_LOOP('',(#5453,#5454,#5455,#6005,#6006));
#5453 = ORIENTED_EDGE('',*,*,#4071,.T.);
#5454 = ORIENTED_EDGE('',*,*,#4150,.T.);
#5455 = ORIENTED_EDGE('',*,*,#5456,.T.);
#5456 = EDGE_CURVE('',#4151,#5400,#5457,.T.);
#5457 = SURFACE_CURVE('',#5458,(#5643,#5831),.PCURVE_S1.);
#5458 = B_SPLINE_CURVE_WITH_KNOTS('',8,(#5459,#5460,#5461,#5462,#5463,
    #5464,#5465,#5466,#5467,#5468,#5469,#5470,#5471,#5472,#5473,#5474,
    #5475,#5476,#5477,#5478,#5479,#5480,#5481,#5482,#5483,#5484,#5485,
    #5486,#5487,#5488,#5489,#5490,#5491,#5492,#5493,#5494,#5495,#5496,
    #5497,#5498,#5499,#5500,#5501,#5502,#5503,#5504,#5505,#5506,#5507,
    #5508,#5509,#5510,#5511,#5512,#5513,#5514,#5515,#5516,#5517,#5518,
    #5519,#5520,#5521,#5522,#5523,#5524,#5525,#5526,#5527,#5528,#5529,
    #5530,#5531,#5532,#5533,#5534,#5535,#5536,#5537,#5538,#5539,#5540,
    #5541,#5542,#5543,#5544,#5545,#5546,#5547,#5548,#5549,#5550,#5551,
    #5552,#5553,#5554,#5555,#5556,#5557,#5558,#5559,#5560,#5561,#5562,
    #5563,#5564,#5565,#5566,#5567,#5568,#5569,#5570,#5571,#5572,#5573,
    #5574,#5575,#5576,#5577,#5578,#5579,#5580,#5581,#5582,#5583,#5584,
    #5585,#5586,#5587,#5588,#5589,#5590,#5591,#5592,#5593,#5594,#5595,
    #5596,#5597,#5598,#5599,#5600,#5601,#5602,#5603,#5604,#5605,#5606,
    #5607,#5608,#5609,#5610,#5611,#5612,#5613,#5614,#5615,#5616,#5617,
    #5618,#5619,#5620,#5621,#5622,#5623,#5624,#5625,#5626,#5627,#5628,
    #5629,#5630,#5631,#5632,#5633,#5634,#5635,#5636,#5637,#5638,#5639,
    #5640,#5641,#5642),.UNSPECIFIED.,.T.,.F.,(9,7,7,7,7,7,7,7,7,7,7,7,7,
    7,7,7,7,7,7,7,7,7,7,7,7,7,9),(0.,3.880908226334E-02,
    6.511330033094E-02,0.10289263558,0.136344647509,0.165383771345,
    0.249996704594,0.334609637844,0.363648761682,0.397100773612,
    0.434880108863,0.461184326933,0.482483885033,0.500000967674,
    0.525274281717,0.538816548794,0.565120716915,0.602899980428,
    0.636351928837,0.665390997533,0.750003770115,0.834616542695,
    0.863655611391,0.897107559799,0.934886823311,0.961190991431,1.),
  .UNSPECIFIED.);
#5459 = CARTESIAN_POINT('',(1.56532422934E-14,61.,6.));
#5460 = CARTESIAN_POINT('',(1.528993746164,61.000000058389,6.));
#5461 = CARTESIAN_POINT('',(3.059046817505,60.88713300006,6.));
#5462 = CARTESIAN_POINT('',(4.578687516181,60.661126553482,6.));
#5463 = CARTESIAN_POINT('',(6.078399391358,60.325276841783,6.));
#5464 = CARTESIAN_POINT('',(7.55034379512,59.885194314333,6.));
#5465 = CARTESIAN_POINT('',(8.988168641543,59.347971260722,6.));
#5466 = CARTESIAN_POINT('',(10.386866579065,58.721597082004,6.));
#5467 = CARTESIAN_POINT('',(12.661572696207,57.535152237942,6.));
#5468 = CARTESIAN_POINT('',(13.561042509457,57.018613607614,6.));
#5469 = CARTESIAN_POINT('',(14.440131673176,56.467261290694,6.));
#5470 = CARTESIAN_POINT('',(15.298206185778,55.883510781873,6.));
#5471 = CARTESIAN_POINT('',(16.134876440709,55.26969808699,6.));
#5472 = CARTESIAN_POINT('',(16.949959982332,54.62802608235,6.));
#5473 = CARTESIAN_POINT('',(17.743452173893,53.960522529205,6.));
#5474 = CARTESIAN_POINT('',(19.624362488906,52.275826764841,6.));
#5475 = CARTESIAN_POINT('',(20.688766760933,51.23332049045,6.));
#5476 = CARTESIAN_POINT('',(21.709298896659,50.146828393793,6.));
#5477 = CARTESIAN_POINT('',(22.686731449087,49.021166446052,6.));
#5478 = CARTESIAN_POINT('',(23.622008493587,47.860613165699,6.));
#5479 = CARTESIAN_POINT('',(24.516219429925,46.668888210142,6.));
#5480 = CARTESIAN_POINT('',(25.370566313918,45.449125509343,6.));
#5481 = CARTESIAN_POINT('',(26.908644441622,43.101193852616,6.));
#5482 = CARTESIAN_POINT('',(27.600598508849,41.978706922064,6.));
#5483 = CARTESIAN_POINT('',(28.263026668922,40.838231373008,6.));
#5484 = CARTESIAN_POINT('',(28.896707606951,39.68143429941,6.));
#5485 = CARTESIAN_POINT('',(29.502376439193,38.509808262546,6.));
#5486 = CARTESIAN_POINT('',(30.080735237527,37.324677106816,6.));
#5487 = CARTESIAN_POINT('',(30.632456583845,36.127197994759,6.));
#5488 = CARTESIAN_POINT('',(31.614551775202,33.868987410709,6.));
#5489 = CARTESIAN_POINT('',(32.051315454172,32.811096426562,6.));
#5490 = CARTESIAN_POINT('',(32.468881935741,31.745355260298,6.));
#5491 = CARTESIAN_POINT('',(32.867630335279,30.672381877547,6.));
#5492 = CARTESIAN_POINT('',(33.247911211452,29.592744797326,6.));
#5493 = CARTESIAN_POINT('',(33.610049638607,28.506964231265,6.));
#5494 = CARTESIAN_POINT('',(33.954348279162,27.415513222828,6.));
#5495 = CARTESIAN_POINT('',(35.233137188152,23.123317380545,6.));
#5496 = CARTESIAN_POINT('',(36.035843816881,19.884240791833,6.));
#5497 = CARTESIAN_POINT('',(36.696639099759,16.611162671899,6.));
#5498 = CARTESIAN_POINT('',(37.220432259711,13.312540978952,6.));
#5499 = CARTESIAN_POINT('',(37.610828499304,9.995914275849,6.));
#5500 = CARTESIAN_POINT('',(37.870241573365,6.667923697793,6.));
#5501 = CARTESIAN_POINT('',(38.000000054523,3.334335564715,6.));
#5502 = CARTESIAN_POINT('',(38.000000054519,-3.334335564723,6.));
#5503 = CARTESIAN_POINT('',(37.870241573381,-6.667923697701,6.));
#5504 = CARTESIAN_POINT('',(37.610828499279,-9.995914275996,6.));
#5505 = CARTESIAN_POINT('',(37.220432259737,-13.31254097876,6.));
#5506 = CARTESIAN_POINT('',(36.696639099748,-16.611162672,6.));
#5507 = CARTESIAN_POINT('',(36.035843816887,-19.88424079177,6.));
#5508 = CARTESIAN_POINT('',(35.233137188154,-23.12331738054,6.));
#5509 = CARTESIAN_POINT('',(33.954348279165,-27.41551322281,6.));
#5510 = CARTESIAN_POINT('',(33.610049638611,-28.50696423125,6.));
#5511 = CARTESIAN_POINT('',(33.247911211455,-29.59274479731,6.));
#5512 = CARTESIAN_POINT('',(32.867630335283,-30.67238187753,6.));
#5513 = CARTESIAN_POINT('',(32.468881935745,-31.74535526028,6.));
#5514 = CARTESIAN_POINT('',(32.051315454176,-32.81109642655,6.));
#5515 = CARTESIAN_POINT('',(31.614551775206,-33.86898741069,6.));
#5516 = CARTESIAN_POINT('',(30.632456583852,-36.12719799475,6.));
#5517 = CARTESIAN_POINT('',(30.080735237526,-37.3246771068,6.));
#5518 = CARTESIAN_POINT('',(29.502376439198,-38.50980826253,6.));
#5519 = CARTESIAN_POINT('',(28.896707606961,-39.6814342994,6.));
#5520 = CARTESIAN_POINT('',(28.263026668927,-40.83823137299,6.));
#5521 = CARTESIAN_POINT('',(27.600598508849,-41.97870692205,6.));
#5522 = CARTESIAN_POINT('',(26.90864444163,-43.1011938526,6.));
#5523 = CARTESIAN_POINT('',(25.370566313925,-45.44912550933,6.));
#5524 = CARTESIAN_POINT('',(24.516219429928,-46.66888821013,6.));
#5525 = CARTESIAN_POINT('',(23.622008493592,-47.86061316569,6.));
#5526 = CARTESIAN_POINT('',(22.686731449094,-49.02116644604,6.));
#5527 = CARTESIAN_POINT('',(21.709298896665,-50.14682839378,6.));
#5528 = CARTESIAN_POINT('',(20.688766760936,-51.23332049044,6.));
#5529 = CARTESIAN_POINT('',(19.624362488912,-52.27582676483,6.));
#5530 = CARTESIAN_POINT('',(17.743452173899,-53.96052252919,6.));
#5531 = CARTESIAN_POINT('',(16.949959982336,-54.62802608234,6.));
#5532 = CARTESIAN_POINT('',(16.134876440714,-55.26969808698,6.));
#5533 = CARTESIAN_POINT('',(15.298206185785,-55.88351078186,6.));
#5534 = CARTESIAN_POINT('',(14.440131673182,-56.46726129069,6.));
#5535 = CARTESIAN_POINT('',(13.561042509461,-57.01861360761,6.));
#5536 = CARTESIAN_POINT('',(12.661572696214,-57.53515223793,6.));
#5537 = CARTESIAN_POINT('',(10.998554590658,-58.40255173626,6.));
#5538 = CARTESIAN_POINT('',(10.24171203389,-58.76623374975,6.));
#5539 = CARTESIAN_POINT('',(9.472646765261,-59.10418483401,6.));
#5540 = CARTESIAN_POINT('',(8.69201968995,-59.41509875176,6.));
#5541 = CARTESIAN_POINT('',(7.900634493421,-59.69769987225,6.));
#5542 = CARTESIAN_POINT('',(7.099451022587,-59.95077927833,6.));
#5543 = CARTESIAN_POINT('',(6.289601523701,-60.17323883718,6.));
#5544 = CARTESIAN_POINT('',(4.800338605936,-60.52114615639,6.));
#5545 = CARTESIAN_POINT('',(4.123259462076,-60.65681555472,6.));
#5546 = CARTESIAN_POINT('',(3.441919453669,-60.77062541669,6.));
#5547 = CARTESIAN_POINT('',(2.757101280656,-60.8621371732,6.));
#5548 = CARTESIAN_POINT('',(2.069624172334,-60.93100876512,6.));
#5549 = CARTESIAN_POINT('',(1.380344865033,-60.97700370943,6.));
#5550 = CARTESIAN_POINT('',(0.690158579786,-61.00000016527,6.));
#5551 = CARTESIAN_POINT('',(-0.995747777195,-61.00000006476,6.));
#5552 = CARTESIAN_POINT('',(-1.991653330474,-60.95213092198,6.));
#5553 = CARTESIAN_POINT('',(-2.984791373153,-60.85636701844,6.));
#5554 = CARTESIAN_POINT('',(-3.97247896593,-60.71325769359,6.));
#5555 = CARTESIAN_POINT('',(-4.952260643428,-60.523829239,6.));
#5556 = CARTESIAN_POINT('',(-5.921895820619,-60.28950287282,6.));
#5557 = CARTESIAN_POINT('',(-6.879348479103,-60.01202862938,6.));
#5558 = CARTESIAN_POINT('',(-8.328300086171,-59.52272240824,6.));
#5559 = CARTESIAN_POINT('',(-8.829832926805,-59.34019052549,6.));
#5560 = CARTESIAN_POINT('',(-9.327117826247,-59.14614070822,6.));
#5561 = CARTESIAN_POINT('',(-9.819923668769,-58.94088846548,6.));
#5562 = CARTESIAN_POINT('',(-10.30804638521,-58.72475971197,6.));
#5563 = CARTESIAN_POINT('',(-10.79130728638,-58.49808685738,6.));
#5564 = CARTESIAN_POINT('',(-11.26955139642,-58.26120489559,6.));
#5565 = CARTESIAN_POINT('',(-12.6615726962,-57.53515223794,6.));
#5566 = CARTESIAN_POINT('',(-13.56104250945,-57.01861360761,6.));
#5567 = CARTESIAN_POINT('',(-14.44013167317,-56.46726129069,6.));
#5568 = CARTESIAN_POINT('',(-15.29820618577,-55.88351078187,6.));
#5569 = CARTESIAN_POINT('',(-16.1348764407,-55.26969808699,6.));
#5570 = CARTESIAN_POINT('',(-16.94995998232,-54.62802608235,6.));
#5571 = CARTESIAN_POINT('',(-17.74345217389,-53.9605225292,6.));
#5572 = CARTESIAN_POINT('',(-19.6243624889,-52.27582676484,6.));
#5573 = CARTESIAN_POINT('',(-20.68876676093,-51.23332049045,6.));
#5574 = CARTESIAN_POINT('',(-21.70929889665,-50.14682839379,6.));
#5575 = CARTESIAN_POINT('',(-22.68673144908,-49.02116644605,6.));
#5576 = CARTESIAN_POINT('',(-23.62200849358,-47.8606131657,6.));
#5577 = CARTESIAN_POINT('',(-24.51621942992,-46.66888821014,6.));
#5578 = CARTESIAN_POINT('',(-25.37056631391,-45.44912550934,6.));
#5579 = CARTESIAN_POINT('',(-26.90864444162,-43.10119385262,6.));
#5580 = CARTESIAN_POINT('',(-27.60059850884,-41.97870692206,6.));
#5581 = CARTESIAN_POINT('',(-28.26302666892,-40.83823137301,6.));
#5582 = CARTESIAN_POINT('',(-28.89670760695,-39.68143429941,6.));
#5583 = CARTESIAN_POINT('',(-29.50237643919,-38.50980826255,6.));
#5584 = CARTESIAN_POINT('',(-30.08073523752,-37.32467710681,6.));
#5585 = CARTESIAN_POINT('',(-30.63245658384,-36.12719799476,6.));
#5586 = CARTESIAN_POINT('',(-31.6145517752,-33.86898741071,6.));
#5587 = CARTESIAN_POINT('',(-32.05131545417,-32.81109642656,6.));
#5588 = CARTESIAN_POINT('',(-32.46888193573,-31.7453552603,6.));
#5589 = CARTESIAN_POINT('',(-32.86763033527,-30.67238187755,6.));
#5590 = CARTESIAN_POINT('',(-33.24791121145,-29.59274479732,6.));
#5591 = CARTESIAN_POINT('',(-33.6100496386,-28.50696423126,6.));
#5592 = CARTESIAN_POINT('',(-33.95434827916,-27.41551322283,6.));
#5593 = CARTESIAN_POINT('',(-35.23313718814,-23.12331738052,6.));
#5594 = CARTESIAN_POINT('',(-36.03584381691,-19.88424079193,6.));
#5595 = CARTESIAN_POINT('',(-36.69663909967,-16.6111626717,6.));
#5596 = CARTESIAN_POINT('',(-37.22043225981,-13.31254097918,6.));
#5597 = CARTESIAN_POINT('',(-37.61082849922,-9.995914275685,6.));
#5598 = CARTESIAN_POINT('',(-37.8702415734,-6.667923697867,6.));
#5599 = CARTESIAN_POINT('',(-38.00000005451,-3.334335564701,6.));
#5600 = CARTESIAN_POINT('',(-38.00000005451,3.334335564653,6.));
#5601 = CARTESIAN_POINT('',(-37.87024157339,6.667923697976,6.));
#5602 = CARTESIAN_POINT('',(-37.61082849922,9.99591427547,6.));
#5603 = CARTESIAN_POINT('',(-37.22043225982,13.312540979336,6.));
#5604 = CARTESIAN_POINT('',(-36.69663909966,16.611162671629,6.));
#5605 = CARTESIAN_POINT('',(-36.03584381692,19.88424079192,6.));
#5606 = CARTESIAN_POINT('',(-35.23313718814,23.123317380516,6.));
#5607 = CARTESIAN_POINT('',(-33.95434827916,27.41551322282,6.));
#5608 = CARTESIAN_POINT('',(-33.61004963861,28.506964231254,6.));
#5609 = CARTESIAN_POINT('',(-33.24791121145,29.592744797315,6.));
#5610 = CARTESIAN_POINT('',(-32.86763033528,30.672381877537,6.));
#5611 = CARTESIAN_POINT('',(-32.46888193574,31.74535526029,6.));
#5612 = CARTESIAN_POINT('',(-32.05131545417,32.811096426554,6.));
#5613 = CARTESIAN_POINT('',(-31.6145517752,33.868987410699,6.));
#5614 = CARTESIAN_POINT('',(-30.63245658385,36.127197994746,6.));
#5615 = CARTESIAN_POINT('',(-30.08073523752,37.324677106814,6.));
#5616 = CARTESIAN_POINT('',(-29.50237643919,38.509808262538,6.));
#5617 = CARTESIAN_POINT('',(-28.89670760696,39.681434299396,6.));
#5618 = CARTESIAN_POINT('',(-28.26302666892,40.838231372999,6.));
#5619 = CARTESIAN_POINT('',(-27.60059850884,41.978706922063,6.));
#5620 = CARTESIAN_POINT('',(-26.90864444163,43.101193852606,6.));
#5621 = CARTESIAN_POINT('',(-25.37056631392,45.44912550934,6.));
#5622 = CARTESIAN_POINT('',(-24.51621942993,46.66888821013,6.));
#5623 = CARTESIAN_POINT('',(-23.62200849359,47.860613165693,6.));
#5624 = CARTESIAN_POINT('',(-22.68673144909,49.021166446052,6.));
#5625 = CARTESIAN_POINT('',(-21.70929889666,50.146828393788,6.));
#5626 = CARTESIAN_POINT('',(-20.68876676093,51.23332049044,6.));
#5627 = CARTESIAN_POINT('',(-19.62436248891,52.275826764839,6.));
#5628 = CARTESIAN_POINT('',(-17.7434521739,53.960522529197,6.));
#5629 = CARTESIAN_POINT('',(-16.94995998233,54.628026082353,6.));
#5630 = CARTESIAN_POINT('',(-16.13487644071,55.269698086986,6.));
#5631 = CARTESIAN_POINT('',(-15.29820618578,55.883510781863,6.));
#5632 = CARTESIAN_POINT('',(-14.44013167318,56.467261290691,6.));
#5633 = CARTESIAN_POINT('',(-13.56104250945,57.018613607617,6.));
#5634 = CARTESIAN_POINT('',(-12.66157269621,57.535152237935,6.));
#5635 = CARTESIAN_POINT('',(-10.38686657907,58.721597081981,6.));
#5636 = CARTESIAN_POINT('',(-8.988168641546,59.347971260782,6.));
#5637 = CARTESIAN_POINT('',(-7.550343795124,59.885194314265,6.));
#5638 = CARTESIAN_POINT('',(-6.078399391362,60.325276841781,6.));
#5639 = CARTESIAN_POINT('',(-4.578687516181,60.661126553547,6.));
#5640 = CARTESIAN_POINT('',(-3.059046817505,60.887133000002,6.));
#5641 = CARTESIAN_POINT('',(-1.528993746167,61.000000058407,6.));
#5642 = CARTESIAN_POINT('',(8.547814935797E-15,61.,6.));
#5643 = PCURVE('',#1380,#5644);
#5644 = DEFINITIONAL_REPRESENTATION('',(#5645),#5830);
#5645 = B_SPLINE_CURVE_WITH_KNOTS('',8,(#5646,#5647,#5648,#5649,#5650,
    #5651,#5652,#5653,#5654,#5655,#5656,#5657,#5658,#5659,#5660,#5661,
    #5662,#5663,#5664,#5665,#5666,#5667,#5668,#5669,#5670,#5671,#5672,
    #5673,#5674,#5675,#5676,#5677,#5678,#5679,#5680,#5681,#5682,#5683,
    #5684,#5685,#5686,#5687,#5688,#5689,#5690,#5691,#5692,#5693,#5694,
    #5695,#5696,#5697,#5698,#5699,#5700,#5701,#5702,#5703,#5704,#5705,
    #5706,#5707,#5708,#5709,#5710,#5711,#5712,#5713,#5714,#5715,#5716,
    #5717,#5718,#5719,#5720,#5721,#5722,#5723,#5724,#5725,#5726,#5727,
    #5728,#5729,#5730,#5731,#5732,#5733,#5734,#5735,#5736,#5737,#5738,
    #5739,#5740,#5741,#5742,#5743,#5744,#5745,#5746,#5747,#5748,#5749,
    #5750,#5751,#5752,#5753,#5754,#5755,#5756,#5757,#5758,#5759,#5760,
    #5761,#5762,#5763,#5764,#5765,#5766,#5767,#5768,#5769,#5770,#5771,
    #5772,#5773,#5774,#5775,#5776,#5777,#5778,#5779,#5780,#5781,#5782,
    #5783,#5784,#5785,#5786,#5787,#5788,#5789,#5790,#5791,#5792,#5793,
    #5794,#5795,#5796,#5797,#5798,#5799,#5800,#5801,#5802,#5803,#5804,
    #5805,#5806,#5807,#5808,#5809,#5810,#5811,#5812,#5813,#5814,#5815,
    #5816,#5817,#5818,#5819,#5820,#5821,#5822,#5823,#5824,#5825,#5826,
    #5827,#5828,#5829),.UNSPECIFIED.,.F.,.F.,(9,7,7,7,7,7,7,7,7,7,7,7,7,
    7,7,7,7,7,7,7,7,7,7,7,7,7,9),(0.,3.880908226334E-02,
    6.511330033094E-02,0.10289263558,0.136344647509,0.165383771345,
    0.249996704594,0.334609637844,0.363648761682,0.397100773612,
    0.434880108863,0.461184326933,0.482483885033,0.500000967674,
    0.525274281717,0.538816548794,0.565120716915,0.602899980428,
    0.636351928837,0.665390997533,0.750003770115,0.834616542695,
    0.863655611391,0.897107559799,0.934886823311,0.961190991431,1.),
  .UNSPECIFIED.);
#5646 = CARTESIAN_POINT('',(1.42108547152E-14,57.348352331139));
#5647 = CARTESIAN_POINT('',(1.528993746164,57.348352389528));
#5648 = CARTESIAN_POINT('',(3.059046817505,57.235485331199));
#5649 = CARTESIAN_POINT('',(4.578687516181,57.009478884621));
#5650 = CARTESIAN_POINT('',(6.078399391358,56.673629172923));
#5651 = CARTESIAN_POINT('',(7.55034379512,56.233546645472));
#5652 = CARTESIAN_POINT('',(8.988168641543,55.696323591861));
#5653 = CARTESIAN_POINT('',(10.386866579065,55.069949413143));
#5654 = CARTESIAN_POINT('',(12.661572696207,53.883504569081));
#5655 = CARTESIAN_POINT('',(13.561042509457,53.366965938753));
#5656 = CARTESIAN_POINT('',(14.440131673176,52.815613621834));
#5657 = CARTESIAN_POINT('',(15.298206185778,52.231863113012));
#5658 = CARTESIAN_POINT('',(16.134876440709,51.618050418129));
#5659 = CARTESIAN_POINT('',(16.949959982332,50.97637841349));
#5660 = CARTESIAN_POINT('',(17.743452173893,50.308874860344));
#5661 = CARTESIAN_POINT('',(19.624362488906,48.624179095981));
#5662 = CARTESIAN_POINT('',(20.688766760933,47.581672821589));
#5663 = CARTESIAN_POINT('',(21.709298896659,46.495180724932));
#5664 = CARTESIAN_POINT('',(22.686731449087,45.369518777191));
#5665 = CARTESIAN_POINT('',(23.622008493587,44.208965496838));
#5666 = CARTESIAN_POINT('',(24.516219429925,43.017240541281));
#5667 = CARTESIAN_POINT('',(25.370566313918,41.797477840483));
#5668 = CARTESIAN_POINT('',(26.908644441622,39.449546183755));
#5669 = CARTESIAN_POINT('',(27.600598508849,38.327059253203));
#5670 = CARTESIAN_POINT('',(28.263026668922,37.186583704147));
#5671 = CARTESIAN_POINT('',(28.896707606951,36.029786630549));
#5672 = CARTESIAN_POINT('',(29.502376439193,34.858160593685));
#5673 = CARTESIAN_POINT('',(30.080735237527,33.673029437955));
#5674 = CARTESIAN_POINT('',(30.632456583845,32.475550325898));
#5675 = CARTESIAN_POINT('',(31.614551775202,30.217339741848));
#5676 = CARTESIAN_POINT('',(32.051315454172,29.159448757701));
#5677 = CARTESIAN_POINT('',(32.468881935741,28.093707591438));
#5678 = CARTESIAN_POINT('',(32.867630335279,27.020734208687));
#5679 = CARTESIAN_POINT('',(33.247911211452,25.941097128466));
#5680 = CARTESIAN_POINT('',(33.610049638607,24.855316562404));
#5681 = CARTESIAN_POINT('',(33.954348279162,23.763865553968));
#5682 = CARTESIAN_POINT('',(35.233137188152,19.471669711684));
#5683 = CARTESIAN_POINT('',(36.035843816881,16.232593122973));
#5684 = CARTESIAN_POINT('',(36.696639099759,12.959515003038));
#5685 = CARTESIAN_POINT('',(37.220432259711,9.660893310091));
#5686 = CARTESIAN_POINT('',(37.610828499304,6.344266606989));
#5687 = CARTESIAN_POINT('',(37.870241573365,3.016276028933));
#5688 = CARTESIAN_POINT('',(38.000000054523,-0.317312104145));
#5689 = CARTESIAN_POINT('',(38.000000054519,-6.985983233584));
#5690 = CARTESIAN_POINT('',(37.870241573381,-10.31957136656));
#5691 = CARTESIAN_POINT('',(37.610828499279,-13.64756194485));
#5692 = CARTESIAN_POINT('',(37.220432259737,-16.96418864762));
#5693 = CARTESIAN_POINT('',(36.696639099748,-20.26281034086));
#5694 = CARTESIAN_POINT('',(36.035843816887,-23.53588846063));
#5695 = CARTESIAN_POINT('',(35.233137188154,-26.7749650494));
#5696 = CARTESIAN_POINT('',(33.954348279165,-31.06716089167));
#5697 = CARTESIAN_POINT('',(33.610049638611,-32.15861190011));
#5698 = CARTESIAN_POINT('',(33.247911211455,-33.24439246617));
#5699 = CARTESIAN_POINT('',(32.867630335283,-34.32402954639));
#5700 = CARTESIAN_POINT('',(32.468881935745,-35.39700292914));
#5701 = CARTESIAN_POINT('',(32.051315454176,-36.46274409541));
#5702 = CARTESIAN_POINT('',(31.614551775206,-37.52063507955));
#5703 = CARTESIAN_POINT('',(30.632456583852,-39.77884566361));
#5704 = CARTESIAN_POINT('',(30.080735237526,-40.97632477566));
#5705 = CARTESIAN_POINT('',(29.502376439198,-42.16145593139));
#5706 = CARTESIAN_POINT('',(28.896707606961,-43.33308196826));
#5707 = CARTESIAN_POINT('',(28.263026668927,-44.48987904185));
#5708 = CARTESIAN_POINT('',(27.600598508849,-45.63035459091));
#5709 = CARTESIAN_POINT('',(26.90864444163,-46.75284152147));
#5710 = CARTESIAN_POINT('',(25.370566313925,-49.10077317819));
#5711 = CARTESIAN_POINT('',(24.516219429928,-50.32053587899));
#5712 = CARTESIAN_POINT('',(23.622008493592,-51.51226083455));
#5713 = CARTESIAN_POINT('',(22.686731449094,-52.6728141149));
#5714 = CARTESIAN_POINT('',(21.709298896665,-53.79847606264));
#5715 = CARTESIAN_POINT('',(20.688766760936,-54.8849681593));
#5716 = CARTESIAN_POINT('',(19.624362488912,-55.92747443369));
#5717 = CARTESIAN_POINT('',(17.743452173899,-57.61217019806));
#5718 = CARTESIAN_POINT('',(16.949959982336,-58.2796737512));
#5719 = CARTESIAN_POINT('',(16.134876440714,-58.92134575584));
#5720 = CARTESIAN_POINT('',(15.298206185785,-59.53515845072));
#5721 = CARTESIAN_POINT('',(14.440131673182,-60.11890895955));
#5722 = CARTESIAN_POINT('',(13.561042509461,-60.67026127647));
#5723 = CARTESIAN_POINT('',(12.661572696214,-61.18679990679));
#5724 = CARTESIAN_POINT('',(10.998554590658,-62.05419940512));
#5725 = CARTESIAN_POINT('',(10.24171203389,-62.41788141861));
#5726 = CARTESIAN_POINT('',(9.472646765261,-62.75583250287));
#5727 = CARTESIAN_POINT('',(8.69201968995,-63.06674642062));
#5728 = CARTESIAN_POINT('',(7.900634493421,-63.34934754112));
#5729 = CARTESIAN_POINT('',(7.099451022587,-63.60242694719));
#5730 = CARTESIAN_POINT('',(6.289601523701,-63.82488650604));
#5731 = CARTESIAN_POINT('',(4.800338605936,-64.17279382526));
#5732 = CARTESIAN_POINT('',(4.123259462076,-64.30846322358));
#5733 = CARTESIAN_POINT('',(3.441919453669,-64.42227308555));
#5734 = CARTESIAN_POINT('',(2.757101280656,-64.51378484206));
#5735 = CARTESIAN_POINT('',(2.069624172334,-64.58265643398));
#5736 = CARTESIAN_POINT('',(1.380344865033,-64.62865137829));
#5737 = CARTESIAN_POINT('',(0.690158579786,-64.65164783413));
#5738 = CARTESIAN_POINT('',(-0.995747777195,-64.65164773362));
#5739 = CARTESIAN_POINT('',(-1.991653330474,-64.60377859084));
#5740 = CARTESIAN_POINT('',(-2.984791373153,-64.5080146873));
#5741 = CARTESIAN_POINT('',(-3.97247896593,-64.36490536245));
#5742 = CARTESIAN_POINT('',(-4.952260643428,-64.17547690786));
#5743 = CARTESIAN_POINT('',(-5.921895820619,-63.94115054168));
#5744 = CARTESIAN_POINT('',(-6.879348479103,-63.66367629824));
#5745 = CARTESIAN_POINT('',(-8.328300086171,-63.1743700771));
#5746 = CARTESIAN_POINT('',(-8.829832926805,-62.99183819435));
#5747 = CARTESIAN_POINT('',(-9.327117826247,-62.79778837708));
#5748 = CARTESIAN_POINT('',(-9.819923668769,-62.59253613434));
#5749 = CARTESIAN_POINT('',(-10.30804638521,-62.37640738083));
#5750 = CARTESIAN_POINT('',(-10.79130728638,-62.14973452624));
#5751 = CARTESIAN_POINT('',(-11.26955139642,-61.91285256445));
#5752 = CARTESIAN_POINT('',(-12.6615726962,-61.1867999068));
#5753 = CARTESIAN_POINT('',(-13.56104250945,-60.67026127647));
#5754 = CARTESIAN_POINT('',(-14.44013167317,-60.11890895955));
#5755 = CARTESIAN_POINT('',(-15.29820618577,-59.53515845073));
#5756 = CARTESIAN_POINT('',(-16.1348764407,-58.92134575585));
#5757 = CARTESIAN_POINT('',(-16.94995998232,-58.27967375121));
#5758 = CARTESIAN_POINT('',(-17.74345217389,-57.61217019806));
#5759 = CARTESIAN_POINT('',(-19.6243624889,-55.9274744337));
#5760 = CARTESIAN_POINT('',(-20.68876676093,-54.88496815931));
#5761 = CARTESIAN_POINT('',(-21.70929889665,-53.79847606265));
#5762 = CARTESIAN_POINT('',(-22.68673144908,-52.67281411491));
#5763 = CARTESIAN_POINT('',(-23.62200849358,-51.51226083456));
#5764 = CARTESIAN_POINT('',(-24.51621942992,-50.320535879));
#5765 = CARTESIAN_POINT('',(-25.37056631391,-49.1007731782));
#5766 = CARTESIAN_POINT('',(-26.90864444162,-46.75284152148));
#5767 = CARTESIAN_POINT('',(-27.60059850884,-45.63035459092));
#5768 = CARTESIAN_POINT('',(-28.26302666892,-44.48987904187));
#5769 = CARTESIAN_POINT('',(-28.89670760695,-43.33308196827));
#5770 = CARTESIAN_POINT('',(-29.50237643919,-42.16145593141));
#5771 = CARTESIAN_POINT('',(-30.08073523752,-40.97632477567));
#5772 = CARTESIAN_POINT('',(-30.63245658384,-39.77884566362));
#5773 = CARTESIAN_POINT('',(-31.6145517752,-37.52063507957));
#5774 = CARTESIAN_POINT('',(-32.05131545417,-36.46274409542));
#5775 = CARTESIAN_POINT('',(-32.46888193573,-35.39700292916));
#5776 = CARTESIAN_POINT('',(-32.86763033527,-34.32402954641));
#5777 = CARTESIAN_POINT('',(-33.24791121145,-33.24439246618));
#5778 = CARTESIAN_POINT('',(-33.6100496386,-32.15861190012));
#5779 = CARTESIAN_POINT('',(-33.95434827916,-31.06716089169));
#5780 = CARTESIAN_POINT('',(-35.23313718814,-26.77496504938));
#5781 = CARTESIAN_POINT('',(-36.03584381691,-23.53588846079));
#5782 = CARTESIAN_POINT('',(-36.69663909967,-20.26281034056));
#5783 = CARTESIAN_POINT('',(-37.22043225981,-16.96418864804));
#5784 = CARTESIAN_POINT('',(-37.61082849922,-13.64756194454));
#5785 = CARTESIAN_POINT('',(-37.8702415734,-10.31957136672));
#5786 = CARTESIAN_POINT('',(-38.00000005451,-6.985983233562));
#5787 = CARTESIAN_POINT('',(-38.00000005451,-0.317312104208));
#5788 = CARTESIAN_POINT('',(-37.87024157339,3.016276029116));
#5789 = CARTESIAN_POINT('',(-37.61082849922,6.34426660661));
#5790 = CARTESIAN_POINT('',(-37.22043225982,9.660893310475));
#5791 = CARTESIAN_POINT('',(-36.69663909966,12.959515002769));
#5792 = CARTESIAN_POINT('',(-36.03584381692,16.232593123059));
#5793 = CARTESIAN_POINT('',(-35.23313718814,19.471669711656));
#5794 = CARTESIAN_POINT('',(-33.95434827916,23.763865553959));
#5795 = CARTESIAN_POINT('',(-33.61004963861,24.855316562394));
#5796 = CARTESIAN_POINT('',(-33.24791121145,25.941097128455));
#5797 = CARTESIAN_POINT('',(-32.86763033528,27.020734208677));
#5798 = CARTESIAN_POINT('',(-32.46888193574,28.093707591429));
#5799 = CARTESIAN_POINT('',(-32.05131545417,29.159448757693));
#5800 = CARTESIAN_POINT('',(-31.6145517752,30.217339741838));
#5801 = CARTESIAN_POINT('',(-30.63245658385,32.475550325885));
#5802 = CARTESIAN_POINT('',(-30.08073523752,33.673029437954));
#5803 = CARTESIAN_POINT('',(-29.50237643919,34.858160593678));
#5804 = CARTESIAN_POINT('',(-28.89670760696,36.029786630535));
#5805 = CARTESIAN_POINT('',(-28.26302666892,37.186583704139));
#5806 = CARTESIAN_POINT('',(-27.60059850884,38.327059253202));
#5807 = CARTESIAN_POINT('',(-26.90864444163,39.449546183745));
#5808 = CARTESIAN_POINT('',(-25.37056631392,41.797477840479));
#5809 = CARTESIAN_POINT('',(-24.51621942993,43.01724054127));
#5810 = CARTESIAN_POINT('',(-23.62200849359,44.208965496832));
#5811 = CARTESIAN_POINT('',(-22.68673144909,45.369518777191));
#5812 = CARTESIAN_POINT('',(-21.70929889666,46.495180724928));
#5813 = CARTESIAN_POINT('',(-20.68876676093,47.581672821579));
#5814 = CARTESIAN_POINT('',(-19.62436248891,48.624179095979));
#5815 = CARTESIAN_POINT('',(-17.7434521739,50.308874860337));
#5816 = CARTESIAN_POINT('',(-16.94995998233,50.976378413492));
#5817 = CARTESIAN_POINT('',(-16.13487644071,51.618050418126));
#5818 = CARTESIAN_POINT('',(-15.29820618578,52.231863113003));
#5819 = CARTESIAN_POINT('',(-14.44013167318,52.815613621831));
#5820 = CARTESIAN_POINT('',(-13.56104250945,53.366965938756));
#5821 = CARTESIAN_POINT('',(-12.66157269621,53.883504569075));
#5822 = CARTESIAN_POINT('',(-10.38686657907,55.069949413121));
#5823 = CARTESIAN_POINT('',(-8.988168641546,55.696323591922));
#5824 = CARTESIAN_POINT('',(-7.550343795124,56.233546645405));
#5825 = CARTESIAN_POINT('',(-6.078399391362,56.67362917292));
#5826 = CARTESIAN_POINT('',(-4.578687516181,57.009478884687));
#5827 = CARTESIAN_POINT('',(-3.059046817505,57.235485331141));
#5828 = CARTESIAN_POINT('',(-1.528993746167,57.348352389547));
#5829 = CARTESIAN_POINT('',(7.105427357601E-15,57.348352331139));
#5830 = ( GEOMETRIC_REPRESENTATION_CONTEXT(2) 
PARAMETRIC_REPRESENTATION_CONTEXT() REPRESENTATION_CONTEXT('2D SPACE',''
  ) );
#5831 = PCURVE('',#1463,#5832);
#5832 = DEFINITIONAL_REPRESENTATION('',(#5833),#6004);
#5833 = B_SPLINE_CURVE_WITH_KNOTS('',8,(#5834,#5835,#5836,#5837,#5838,
    #5839,#5840,#5841,#5842,#5843,#5844,#5845,#5846,#5847,#5848,#5849,
    #5850,#5851,#5852,#5853,#5854,#5855,#5856,#5857,#5858,#5859,#5860,
    #5861,#5862,#5863,#5864,#5865,#5866,#5867,#5868,#5869,#5870,#5871,
    #5872,#5873,#5874,#5875,#5876,#5877,#5878,#5879,#5880,#5881,#5882,
    #5883,#5884,#5885,#5886,#5887,#5888,#5889,#5890,#5891,#5892,#5893,
    #5894,#5895,#5896,#5897,#5898,#5899,#5900,#5901,#5902,#5903,#5904,
    #5905,#5906,#5907,#5908,#5909,#5910,#5911,#5912,#5913,#5914,#5915,
    #5916,#5917,#5918,#5919,#5920,#5921,#5922,#5923,#5924,#5925,#5926,
    #5927,#5928,#5929,#5930,#5931,#5932,#5933,#5934,#5935,#5936,#5937,
    #5938,#5939,#5940,#5941,#5942,#5943,#5944,#5945,#5946,#5947,#5948,
    #5949,#5950,#5951,#5952,#5953,#5954,#5955,#5956,#5957,#5958,#5959,
    #5960,#5961,#5962,#5963,#5964,#5965,#5966,#5967,#5968,#5969,#5970,
    #5971,#5972,#5973,#5974,#5975,#5976,#5977,#5978,#5979,#5980,#5981,
    #5982,#5983,#5984,#5985,#5986,#5987,#5988,#5989,#5990,#5991,#5992,
    #5993,#5994,#5995,#5996,#5997,#5998,#5999,#6000,#6001,#6002,#6003),
  .UNSPECIFIED.,.F.,.F.,(9,7,7,7,7,7,7,7,7,7,7,7,7,7,7,7,7,7,7,7,7,7,7,7
    ,9),(0.,3.880908226334E-02,6.511330033094E-02,0.10289263558,
    0.136344647509,0.165383771345,0.249996704594,0.334609637844,
    0.363648761682,0.397100773612,0.434880108863,0.461184326933,
    0.482483885033,0.500000967674,0.525274281717,0.538816548794,
    0.565120716915,0.602899980428,0.636351928837,0.665390997533,
    0.750003770115,0.834616542695,0.863655611391,0.897107559799,
    0.90055996044),.UNSPECIFIED.);
#5834 = CARTESIAN_POINT('',(6.28318530718,-3.));
#5835 = CARTESIAN_POINT('',(6.242948628269,-3.));
#5836 = CARTESIAN_POINT('',(6.202684081438,-3.));
#5837 = CARTESIAN_POINT('',(6.162594251602,-3.));
#5838 = CARTESIAN_POINT('',(6.122829806476,-3.));
#5839 = CARTESIAN_POINT('',(6.083507510818,-3.));
#5840 = CARTESIAN_POINT('',(6.044719995817,-3.));
#5841 = CARTESIAN_POINT('',(6.006540530469,-3.));
#5842 = CARTESIAN_POINT('',(5.943599280028,-3.));
#5843 = CARTESIAN_POINT('',(5.918470822657,-3.));
#5844 = CARTESIAN_POINT('',(5.89365102549,-3.));
#5845 = CARTESIAN_POINT('',(5.869145436227,-3.));
#5846 = CARTESIAN_POINT('',(5.844955649709,-3.));
#5847 = CARTESIAN_POINT('',(5.821079862259,-3.));
#5848 = CARTESIAN_POINT('',(5.797513125166,-3.));
#5849 = CARTESIAN_POINT('',(5.74083183866,-3.));
#5850 = CARTESIAN_POINT('',(5.708043958958,-3.));
#5851 = CARTESIAN_POINT('',(5.675856101285,-3.));
#5852 = CARTESIAN_POINT('',(5.64424106203,-3.));
#5853 = CARTESIAN_POINT('',(5.613170907957,-3.));
#5854 = CARTESIAN_POINT('',(5.58261600565,-3.));
#5855 = CARTESIAN_POINT('',(5.552544163326,-3.));
#5856 = CARTESIAN_POINT('',(5.496688832901,-3.));
#5857 = CARTESIAN_POINT('',(5.470812714091,-3.));
#5858 = CARTESIAN_POINT('',(5.445268939644,-3.));
#5859 = CARTESIAN_POINT('',(5.420037095767,-3.));
#5860 = CARTESIAN_POINT('',(5.395098166532,-3.));
#5861 = CARTESIAN_POINT('',(5.370433920985,-3.));
#5862 = CARTESIAN_POINT('',(5.346026464611,-3.));
#5863 = CARTESIAN_POINT('',(5.300877682313,-3.));
#5864 = CARTESIAN_POINT('',(5.280078266983,-3.));
#5865 = CARTESIAN_POINT('',(5.259448456968,-3.));
#5866 = CARTESIAN_POINT('',(5.238977780463,-3.));
#5867 = CARTESIAN_POINT('',(5.218656382676,-3.));
#5868 = CARTESIAN_POINT('',(5.198474862411,-3.));
#5869 = CARTESIAN_POINT('',(5.178424108661,-3.));
#5870 = CARTESIAN_POINT('',(5.100426968819,-3.));
#5871 = CARTESIAN_POINT('',(5.043409972726,-3.));
#5872 = CARTESIAN_POINT('',(4.987203100861,-3.));
#5873 = CARTESIAN_POINT('',(4.931622452601,-3.));
#5874 = CARTESIAN_POINT('',(4.876505254294,-3.));
#5875 = CARTESIAN_POINT('',(4.821699217746,-3.));
#5876 = CARTESIAN_POINT('',(4.767050217054,-3.));
#5877 = CARTESIAN_POINT('',(4.657727743714,-3.));
#5878 = CARTESIAN_POINT('',(4.603078743029,-3.));
#5879 = CARTESIAN_POINT('',(4.548272706464,-3.));
#5880 = CARTESIAN_POINT('',(4.493155508184,-3.));
#5881 = CARTESIAN_POINT('',(4.437574859896,-3.));
#5882 = CARTESIAN_POINT('',(4.38136798805,-3.));
#5883 = CARTESIAN_POINT('',(4.324350991949,-3.));
#5884 = CARTESIAN_POINT('',(4.246353852109,-3.));
#5885 = CARTESIAN_POINT('',(4.226303098359,-3.));
#5886 = CARTESIAN_POINT('',(4.206121578094,-3.));
#5887 = CARTESIAN_POINT('',(4.185800180306,-3.));
#5888 = CARTESIAN_POINT('',(4.165329503802,-3.));
#5889 = CARTESIAN_POINT('',(4.144699693786,-3.));
#5890 = CARTESIAN_POINT('',(4.123900278457,-3.));
#5891 = CARTESIAN_POINT('',(4.078751496159,-3.));
#5892 = CARTESIAN_POINT('',(4.054344039784,-3.));
#5893 = CARTESIAN_POINT('',(4.029679794237,-3.));
#5894 = CARTESIAN_POINT('',(4.004740865003,-3.));
#5895 = CARTESIAN_POINT('',(3.979509021125,-3.));
#5896 = CARTESIAN_POINT('',(3.953965246679,-3.));
#5897 = CARTESIAN_POINT('',(3.928089127869,-3.));
#5898 = CARTESIAN_POINT('',(3.872233797443,-3.));
#5899 = CARTESIAN_POINT('',(3.842161955119,-3.));
#5900 = CARTESIAN_POINT('',(3.811607052813,-3.));
#5901 = CARTESIAN_POINT('',(3.78053689874,-3.));
#5902 = CARTESIAN_POINT('',(3.748921859484,-3.));
#5903 = CARTESIAN_POINT('',(3.716734001811,-3.));
#5904 = CARTESIAN_POINT('',(3.68394612211,-3.));
#5905 = CARTESIAN_POINT('',(3.627264835604,-3.));
#5906 = CARTESIAN_POINT('',(3.603698098511,-3.));
#5907 = CARTESIAN_POINT('',(3.579822311061,-3.));
#5908 = CARTESIAN_POINT('',(3.555632524542,-3.));
#5909 = CARTESIAN_POINT('',(3.53112693528,-3.));
#5910 = CARTESIAN_POINT('',(3.506307138112,-3.));
#5911 = CARTESIAN_POINT('',(3.481178680742,-3.));
#5912 = CARTESIAN_POINT('',(3.435162871645,-3.));
#5913 = CARTESIAN_POINT('',(3.414378408208,-3.));
#5914 = CARTESIAN_POINT('',(3.393405080556,-3.));
#5915 = CARTESIAN_POINT('',(3.372251698152,-3.));
#5916 = CARTESIAN_POINT('',(3.3509294762,-3.));
#5917 = CARTESIAN_POINT('',(3.329452354999,-3.));
#5918 = CARTESIAN_POINT('',(3.30783749044,-3.));
#5919 = CARTESIAN_POINT('',(3.26823353588,-3.));
#5920 = CARTESIAN_POINT('',(3.250281095392,-3.));
#5921 = CARTESIAN_POINT('',(3.23226061429,-3.));
#5922 = CARTESIAN_POINT('',(3.214184473431,-3.));
#5923 = CARTESIAN_POINT('',(3.196065576884,-3.));
#5924 = CARTESIAN_POINT('',(3.177917514387,-3.));
#5925 = CARTESIAN_POINT('',(3.159754723806,-3.));
#5926 = CARTESIAN_POINT('',(3.115388763728,-3.));
#5927 = CARTESIAN_POINT('',(3.089180726895,-3.));
#5928 = CARTESIAN_POINT('',(3.063018091215,-3.));
#5929 = CARTESIAN_POINT('',(3.036944027212,-3.));
#5930 = CARTESIAN_POINT('',(3.010996799999,-3.));
#5931 = CARTESIAN_POINT('',(2.985210934797,-3.));
#5932 = CARTESIAN_POINT('',(2.959618075813,-3.));
#5933 = CARTESIAN_POINT('',(2.920653175947,-3.));
#5934 = CARTESIAN_POINT('',(2.907121631713,-3.));
#5935 = CARTESIAN_POINT('',(2.893656778272,-3.));
#5936 = CARTESIAN_POINT('',(2.880261956475,-3.));
#5937 = CARTESIAN_POINT('',(2.86694001468,-3.));
#5938 = CARTESIAN_POINT('',(2.853693347931,-3.));
#5939 = CARTESIAN_POINT('',(2.840523937133,-3.));
#5940 = CARTESIAN_POINT('',(2.802006626438,-3.));
#5941 = CARTESIAN_POINT('',(2.776878169068,-3.));
#5942 = CARTESIAN_POINT('',(2.7520583719,-3.));
#5943 = CARTESIAN_POINT('',(2.727552782638,-3.));
#5944 = CARTESIAN_POINT('',(2.703362996119,-3.));
#5945 = CARTESIAN_POINT('',(2.679487208669,-3.));
#5946 = CARTESIAN_POINT('',(2.655920471576,-3.));
#5947 = CARTESIAN_POINT('',(2.59923918507,-3.));
#5948 = CARTESIAN_POINT('',(2.566451305369,-3.));
#5949 = CARTESIAN_POINT('',(2.534263447696,-3.));
#5950 = CARTESIAN_POINT('',(2.50264840844,-3.));
#5951 = CARTESIAN_POINT('',(2.471578254367,-3.));
#5952 = CARTESIAN_POINT('',(2.441023352061,-3.));
#5953 = CARTESIAN_POINT('',(2.410951509737,-3.));
#5954 = CARTESIAN_POINT('',(2.355096179311,-3.));
#5955 = CARTESIAN_POINT('',(2.329220060501,-3.));
#5956 = CARTESIAN_POINT('',(2.303676286054,-3.));
#5957 = CARTESIAN_POINT('',(2.278444442177,-3.));
#5958 = CARTESIAN_POINT('',(2.253505512943,-3.));
#5959 = CARTESIAN_POINT('',(2.228841267396,-3.));
#5960 = CARTESIAN_POINT('',(2.204433811021,-3.));
#5961 = CARTESIAN_POINT('',(2.159285028723,-3.));
#5962 = CARTESIAN_POINT('',(2.138485613394,-3.));
#5963 = CARTESIAN_POINT('',(2.117855803378,-3.));
#5964 = CARTESIAN_POINT('',(2.097385126873,-3.));
#5965 = CARTESIAN_POINT('',(2.077063729086,-3.));
#5966 = CARTESIAN_POINT('',(2.056882208821,-3.));
#5967 = CARTESIAN_POINT('',(2.036831455071,-3.));
#5968 = CARTESIAN_POINT('',(1.95883431523,-3.));
#5969 = CARTESIAN_POINT('',(1.90181731913,-3.));
#5970 = CARTESIAN_POINT('',(1.845610447284,-3.));
#5971 = CARTESIAN_POINT('',(1.790029798996,-3.));
#5972 = CARTESIAN_POINT('',(1.734912600715,-3.));
#5973 = CARTESIAN_POINT('',(1.680106564151,-3.));
#5974 = CARTESIAN_POINT('',(1.625457563466,-3.));
#5975 = CARTESIAN_POINT('',(1.516135090125,-3.));
#5976 = CARTESIAN_POINT('',(1.461486089436,-3.));
#5977 = CARTESIAN_POINT('',(1.406680052881,-3.));
#5978 = CARTESIAN_POINT('',(1.351562854587,-3.));
#5979 = CARTESIAN_POINT('',(1.29598220631,-3.));
#5980 = CARTESIAN_POINT('',(1.239775334459,-3.));
#5981 = CARTESIAN_POINT('',(1.18275833836,-3.));
#5982 = CARTESIAN_POINT('',(1.104761198519,-3.));
#5983 = CARTESIAN_POINT('',(1.084710444769,-3.));
#5984 = CARTESIAN_POINT('',(1.064528924504,-3.));
#5985 = CARTESIAN_POINT('',(1.044207526717,-3.));
#5986 = CARTESIAN_POINT('',(1.023736850212,-3.));
#5987 = CARTESIAN_POINT('',(1.003107040196,-3.));
#5988 = CARTESIAN_POINT('',(0.982307624867,-3.));
#5989 = CARTESIAN_POINT('',(0.937158842569,-3.));
#5990 = CARTESIAN_POINT('',(0.912751386194,-3.));
#5991 = CARTESIAN_POINT('',(0.888087140647,-3.));
#5992 = CARTESIAN_POINT('',(0.863148211413,-3.));
#5993 = CARTESIAN_POINT('',(0.837916367536,-3.));
#5994 = CARTESIAN_POINT('',(0.812372593089,-3.));
#5995 = CARTESIAN_POINT('',(0.786496474279,-3.));
#5996 = CARTESIAN_POINT('',(0.75755825247,-3.));
#5997 = CARTESIAN_POINT('',(0.754847345191,-3.));
#5998 = CARTESIAN_POINT('',(0.752132673243,-3.));
#5999 = CARTESIAN_POINT('',(0.749414209768,-3.));
#6000 = CARTESIAN_POINT('',(0.746691928134,-3.));
#6001 = CARTESIAN_POINT('',(0.74396580193,-3.));
#6002 = CARTESIAN_POINT('',(0.74123580496,-3.));
#6003 = CARTESIAN_POINT('',(0.73850191124,-3.));
#6004 = ( GEOMETRIC_REPRESENTATION_CONTEXT(2) 
PARAMETRIC_REPRESENTATION_CONTEXT() REPRESENTATION_CONTEXT('2D SPACE',''
  ) );
#6005 = ORIENTED_EDGE('',*,*,#5431,.F.);
#6006 = ORIENTED_EDGE('',*,*,#1363,.T.);
#6007 = ADVANCED_FACE('',(#6008),#1463,.T.);
#6008 = FACE_BOUND('',#6009,.T.);
#6009 = EDGE_LOOP('',(#6010,#6011,#6012,#6013));
#6010 = ORIENTED_EDGE('',*,*,#5456,.F.);
#6011 = ORIENTED_EDGE('',*,*,#4178,.T.);
#6012 = ORIENTED_EDGE('',*,*,#1446,.F.);
#6013 = ORIENTED_EDGE('',*,*,#5399,.F.);
#6014 = ADVANCED_FACE('',(#6015),#1518,.T.);
#6015 = FACE_BOUND('',#6016,.T.);
#6016 = EDGE_LOOP('',(#6017,#6018,#6019,#6020,#6021,#6022));
#6017 = ORIENTED_EDGE('',*,*,#4703,.F.);
#6018 = ORIENTED_EDGE('',*,*,#4298,.F.);
#6019 = ORIENTED_EDGE('',*,*,#5368,.T.);
#6020 = ORIENTED_EDGE('',*,*,#1532,.F.);
#6021 = ORIENTED_EDGE('',*,*,#1501,.F.);
#6022 = ORIENTED_EDGE('',*,*,#4206,.F.);
#6023 = ADVANCED_FACE('',(#6024),#1852,.T.);
#6024 = FACE_BOUND('',#6025,.T.);
#6025 = EDGE_LOOP('',(#6026,#6027,#6059,#6078));
#6026 = ORIENTED_EDGE('',*,*,#1838,.F.);
#6027 = ORIENTED_EDGE('',*,*,#6028,.F.);
#6028 = EDGE_CURVE('',#6029,#1808,#6031,.T.);
#6029 = VERTEX_POINT('',#6030);
#6030 = CARTESIAN_POINT('',(37.994893547343,-1.,6.));
#6031 = SURFACE_CURVE('',#6032,(#6039,#6049),.PCURVE_S1.);
#6032 = B_SPLINE_CURVE_WITH_KNOTS('',5,(#6033,#6034,#6035,#6036,#6037,
    #6038),.UNSPECIFIED.,.F.,.F.,(6,6),(0.,1.),
  .PIECEWISE_BEZIER_KNOTS.);
#6033 = CARTESIAN_POINT('',(37.994893502631,-1.,6.000003));
#6034 = CARTESIAN_POINT('',(37.994893502631,-1.,5.390390318294));
#6035 = CARTESIAN_POINT('',(37.994893502631,-1.,4.790441578022));
#6036 = CARTESIAN_POINT('',(37.994893502631,-1.,4.177413669849));
#6037 = CARTESIAN_POINT('',(37.994893502631,-1.,3.564319628497));
#6038 = CARTESIAN_POINT('',(37.994893502631,-1.,3.));
#6039 = PCURVE('',#1852,#6040);
#6040 = DEFINITIONAL_REPRESENTATION('',(#6041),#6048);
#6041 = B_SPLINE_CURVE_WITH_KNOTS('',5,(#6042,#6043,#6044,#6045,#6046,
    #6047),.UNSPECIFIED.,.F.,.F.,(6,6),(0.,1.),
  .PIECEWISE_BEZIER_KNOTS.);
#6042 = CARTESIAN_POINT('',(3.000003,7.994893502631));
#6043 = CARTESIAN_POINT('',(2.390390318294,7.994893502631));
#6044 = CARTESIAN_POINT('',(1.790441578022,7.994893502631));
#6045 = CARTESIAN_POINT('',(1.177413669849,7.994893502631));
#6046 = CARTESIAN_POINT('',(0.564319628497,7.994893502631));
#6047 = CARTESIAN_POINT('',(0.,7.994893502631));
#6048 = ( GEOMETRIC_REPRESENTATION_CONTEXT(2) 
PARAMETRIC_REPRESENTATION_CONTEXT() REPRESENTATION_CONTEXT('2D SPACE',''
  ) );
#6049 = PCURVE('',#1824,#6050);
#6050 = DEFINITIONAL_REPRESENTATION('',(#6051),#6058);
#6051 = B_SPLINE_CURVE_WITH_KNOTS('',5,(#6052,#6053,#6054,#6055,#6056,
    #6057),.UNSPECIFIED.,.F.,.F.,(6,6),(0.,1.),
  .PIECEWISE_BEZIER_KNOTS.);
#6052 = CARTESIAN_POINT('',(4.695994803397,-3.000003));
#6053 = CARTESIAN_POINT('',(4.695994803397,-2.390390318294));
#6054 = CARTESIAN_POINT('',(4.695994803397,-1.790441578458));
#6055 = CARTESIAN_POINT('',(4.695994803397,-1.177413669082));
#6056 = CARTESIAN_POINT('',(4.695994803397,-0.564319628797));
#6057 = CARTESIAN_POINT('',(4.695994803397,-2.999400727788E-10));
#6058 = ( GEOMETRIC_REPRESENTATION_CONTEXT(2) 
PARAMETRIC_REPRESENTATION_CONTEXT() REPRESENTATION_CONTEXT('2D SPACE',''
  ) );
#6059 = ORIENTED_EDGE('',*,*,#6060,.F.);
#6060 = EDGE_CURVE('',#2423,#6029,#6061,.T.);
#6061 = SURFACE_CURVE('',#6062,(#6066,#6072),.PCURVE_S1.);
#6062 = LINE('',#6063,#6064);
#6063 = CARTESIAN_POINT('',(15.,-1.,6.));
#6064 = VECTOR('',#6065,1.);
#6065 = DIRECTION('',(-1.,0.,0.));
#6066 = PCURVE('',#1852,#6067);
#6067 = DEFINITIONAL_REPRESENTATION('',(#6068),#6071);
#6068 = B_SPLINE_CURVE_WITH_KNOTS('',1,(#6069,#6070),.UNSPECIFIED.,.F.,
  .F.,(2,2),(-25.,-15.),.PIECEWISE_BEZIER_KNOTS.);
#6069 = CARTESIAN_POINT('',(3.,10.));
#6070 = CARTESIAN_POINT('',(3.,0.));
#6071 = ( GEOMETRIC_REPRESENTATION_CONTEXT(2) 
PARAMETRIC_REPRESENTATION_CONTEXT() REPRESENTATION_CONTEXT('2D SPACE',''
  ) );
#6072 = PCURVE('',#2439,#6073);
#6073 = DEFINITIONAL_REPRESENTATION('',(#6074),#6077);
#6074 = B_SPLINE_CURVE_WITH_KNOTS('',1,(#6075,#6076),.UNSPECIFIED.,.F.,
  .F.,(2,2),(-25.,-15.),.PIECEWISE_BEZIER_KNOTS.);
#6075 = CARTESIAN_POINT('',(40.,-4.651647668861));
#6076 = CARTESIAN_POINT('',(30.,-4.651647668861));
#6077 = ( GEOMETRIC_REPRESENTATION_CONTEXT(2) 
PARAMETRIC_REPRESENTATION_CONTEXT() REPRESENTATION_CONTEXT('2D SPACE',''
  ) );
#6078 = ORIENTED_EDGE('',*,*,#2451,.T.);
#6079 = ADVANCED_FACE('',(#6080),#1824,.T.);
#6080 = FACE_BOUND('',#6081,.T.);
#6081 = EDGE_LOOP('',(#6082,#6632,#6633,#6634));
#6082 = ORIENTED_EDGE('',*,*,#6083,.F.);
#6083 = EDGE_CURVE('',#6029,#2532,#6084,.T.);
#6084 = SURFACE_CURVE('',#6085,(#6270,#6444),.PCURVE_S1.);
#6085 = B_SPLINE_CURVE_WITH_KNOTS('',8,(#6086,#6087,#6088,#6089,#6090,
    #6091,#6092,#6093,#6094,#6095,#6096,#6097,#6098,#6099,#6100,#6101,
    #6102,#6103,#6104,#6105,#6106,#6107,#6108,#6109,#6110,#6111,#6112,
    #6113,#6114,#6115,#6116,#6117,#6118,#6119,#6120,#6121,#6122,#6123,
    #6124,#6125,#6126,#6127,#6128,#6129,#6130,#6131,#6132,#6133,#6134,
    #6135,#6136,#6137,#6138,#6139,#6140,#6141,#6142,#6143,#6144,#6145,
    #6146,#6147,#6148,#6149,#6150,#6151,#6152,#6153,#6154,#6155,#6156,
    #6157,#6158,#6159,#6160,#6161,#6162,#6163,#6164,#6165,#6166,#6167,
    #6168,#6169,#6170,#6171,#6172,#6173,#6174,#6175,#6176,#6177,#6178,
    #6179,#6180,#6181,#6182,#6183,#6184,#6185,#6186,#6187,#6188,#6189,
    #6190,#6191,#6192,#6193,#6194,#6195,#6196,#6197,#6198,#6199,#6200,
    #6201,#6202,#6203,#6204,#6205,#6206,#6207,#6208,#6209,#6210,#6211,
    #6212,#6213,#6214,#6215,#6216,#6217,#6218,#6219,#6220,#6221,#6222,
    #6223,#6224,#6225,#6226,#6227,#6228,#6229,#6230,#6231,#6232,#6233,
    #6234,#6235,#6236,#6237,#6238,#6239,#6240,#6241,#6242,#6243,#6244,
    #6245,#6246,#6247,#6248,#6249,#6250,#6251,#6252,#6253,#6254,#6255,
    #6256,#6257,#6258,#6259,#6260,#6261,#6262,#6263,#6264,#6265,#6266,
    #6267,#6268,#6269),.UNSPECIFIED.,.T.,.F.,(9,7,7,7,7,7,7,7,7,7,7,7,7,
    7,7,7,7,7,7,7,7,7,7,7,7,7,9),(0.,3.880908226334E-02,
    6.511330033094E-02,0.10289263558,0.136344647509,0.165383771345,
    0.249996704594,0.334609637844,0.363648761682,0.397100773612,
    0.434880108863,0.461184326933,0.482483885033,0.500000967674,
    0.525274281717,0.538816548794,0.565120716915,0.602899980428,
    0.636351928837,0.665390997533,0.750003770115,0.834616542695,
    0.863655611391,0.897107559799,0.934886823311,0.961190991431,1.),
  .UNSPECIFIED.);
#6086 = CARTESIAN_POINT('',(1.56532422934E-14,61.,6.));
#6087 = CARTESIAN_POINT('',(1.528993746164,61.000000058389,6.));
#6088 = CARTESIAN_POINT('',(3.059046817505,60.88713300006,6.));
#6089 = CARTESIAN_POINT('',(4.578687516181,60.661126553482,6.));
#6090 = CARTESIAN_POINT('',(6.078399391358,60.325276841783,6.));
#6091 = CARTESIAN_POINT('',(7.55034379512,59.885194314333,6.));
#6092 = CARTESIAN_POINT('',(8.988168641543,59.347971260722,6.));
#6093 = CARTESIAN_POINT('',(10.386866579065,58.721597082004,6.));
#6094 = CARTESIAN_POINT('',(12.661572696207,57.535152237942,6.));
#6095 = CARTESIAN_POINT('',(13.561042509457,57.018613607614,6.));
#6096 = CARTESIAN_POINT('',(14.440131673176,56.467261290694,6.));
#6097 = CARTESIAN_POINT('',(15.298206185778,55.883510781873,6.));
#6098 = CARTESIAN_POINT('',(16.134876440709,55.26969808699,6.));
#6099 = CARTESIAN_POINT('',(16.949959982332,54.62802608235,6.));
#6100 = CARTESIAN_POINT('',(17.743452173893,53.960522529205,6.));
#6101 = CARTESIAN_POINT('',(19.624362488906,52.275826764841,6.));
#6102 = CARTESIAN_POINT('',(20.688766760933,51.23332049045,6.));
#6103 = CARTESIAN_POINT('',(21.709298896659,50.146828393793,6.));
#6104 = CARTESIAN_POINT('',(22.686731449087,49.021166446052,6.));
#6105 = CARTESIAN_POINT('',(23.622008493587,47.860613165699,6.));
#6106 = CARTESIAN_POINT('',(24.516219429925,46.668888210142,6.));
#6107 = CARTESIAN_POINT('',(25.370566313918,45.449125509343,6.));
#6108 = CARTESIAN_POINT('',(26.908644441622,43.101193852616,6.));
#6109 = CARTESIAN_POINT('',(27.600598508849,41.978706922064,6.));
#6110 = CARTESIAN_POINT('',(28.263026668922,40.838231373008,6.));
#6111 = CARTESIAN_POINT('',(28.896707606951,39.68143429941,6.));
#6112 = CARTESIAN_POINT('',(29.502376439193,38.509808262546,6.));
#6113 = CARTESIAN_POINT('',(30.080735237527,37.324677106816,6.));
#6114 = CARTESIAN_POINT('',(30.632456583845,36.127197994759,6.));
#6115 = CARTESIAN_POINT('',(31.614551775202,33.868987410709,6.));
#6116 = CARTESIAN_POINT('',(32.051315454172,32.811096426562,6.));
#6117 = CARTESIAN_POINT('',(32.468881935741,31.745355260298,6.));
#6118 = CARTESIAN_POINT('',(32.867630335279,30.672381877547,6.));
#6119 = CARTESIAN_POINT('',(33.247911211452,29.592744797326,6.));
#6120 = CARTESIAN_POINT('',(33.610049638607,28.506964231265,6.));
#6121 = CARTESIAN_POINT('',(33.954348279162,27.415513222828,6.));
#6122 = CARTESIAN_POINT('',(35.233137188152,23.123317380545,6.));
#6123 = CARTESIAN_POINT('',(36.035843816881,19.884240791833,6.));
#6124 = CARTESIAN_POINT('',(36.696639099759,16.611162671899,6.));
#6125 = CARTESIAN_POINT('',(37.220432259711,13.312540978952,6.));
#6126 = CARTESIAN_POINT('',(37.610828499304,9.995914275849,6.));
#6127 = CARTESIAN_POINT('',(37.870241573365,6.667923697793,6.));
#6128 = CARTESIAN_POINT('',(38.000000054523,3.334335564715,6.));
#6129 = CARTESIAN_POINT('',(38.000000054519,-3.334335564723,6.));
#6130 = CARTESIAN_POINT('',(37.870241573381,-6.667923697701,6.));
#6131 = CARTESIAN_POINT('',(37.610828499279,-9.995914275996,6.));
#6132 = CARTESIAN_POINT('',(37.220432259737,-13.31254097876,6.));
#6133 = CARTESIAN_POINT('',(36.696639099748,-16.611162672,6.));
#6134 = CARTESIAN_POINT('',(36.035843816887,-19.88424079177,6.));
#6135 = CARTESIAN_POINT('',(35.233137188154,-23.12331738054,6.));
#6136 = CARTESIAN_POINT('',(33.954348279165,-27.41551322281,6.));
#6137 = CARTESIAN_POINT('',(33.610049638611,-28.50696423125,6.));
#6138 = CARTESIAN_POINT('',(33.247911211455,-29.59274479731,6.));
#6139 = CARTESIAN_POINT('',(32.867630335283,-30.67238187753,6.));
#6140 = CARTESIAN_POINT('',(32.468881935745,-31.74535526028,6.));
#6141 = CARTESIAN_POINT('',(32.051315454176,-32.81109642655,6.));
#6142 = CARTESIAN_POINT('',(31.614551775206,-33.86898741069,6.));
#6143 = CARTESIAN_POINT('',(30.632456583852,-36.12719799475,6.));
#6144 = CARTESIAN_POINT('',(30.080735237526,-37.3246771068,6.));
#6145 = CARTESIAN_POINT('',(29.502376439198,-38.50980826253,6.));
#6146 = CARTESIAN_POINT('',(28.896707606961,-39.6814342994,6.));
#6147 = CARTESIAN_POINT('',(28.263026668927,-40.83823137299,6.));
#6148 = CARTESIAN_POINT('',(27.600598508849,-41.97870692205,6.));
#6149 = CARTESIAN_POINT('',(26.90864444163,-43.1011938526,6.));
#6150 = CARTESIAN_POINT('',(25.370566313925,-45.44912550933,6.));
#6151 = CARTESIAN_POINT('',(24.516219429928,-46.66888821013,6.));
#6152 = CARTESIAN_POINT('',(23.622008493592,-47.86061316569,6.));
#6153 = CARTESIAN_POINT('',(22.686731449094,-49.02116644604,6.));
#6154 = CARTESIAN_POINT('',(21.709298896665,-50.14682839378,6.));
#6155 = CARTESIAN_POINT('',(20.688766760936,-51.23332049044,6.));
#6156 = CARTESIAN_POINT('',(19.624362488912,-52.27582676483,6.));
#6157 = CARTESIAN_POINT('',(17.743452173899,-53.96052252919,6.));
#6158 = CARTESIAN_POINT('',(16.949959982336,-54.62802608234,6.));
#6159 = CARTESIAN_POINT('',(16.134876440714,-55.26969808698,6.));
#6160 = CARTESIAN_POINT('',(15.298206185785,-55.88351078186,6.));
#6161 = CARTESIAN_POINT('',(14.440131673182,-56.46726129069,6.));
#6162 = CARTESIAN_POINT('',(13.561042509461,-57.01861360761,6.));
#6163 = CARTESIAN_POINT('',(12.661572696214,-57.53515223793,6.));
#6164 = CARTESIAN_POINT('',(10.998554590658,-58.40255173626,6.));
#6165 = CARTESIAN_POINT('',(10.24171203389,-58.76623374975,6.));
#6166 = CARTESIAN_POINT('',(9.472646765261,-59.10418483401,6.));
#6167 = CARTESIAN_POINT('',(8.69201968995,-59.41509875176,6.));
#6168 = CARTESIAN_POINT('',(7.900634493421,-59.69769987225,6.));
#6169 = CARTESIAN_POINT('',(7.099451022587,-59.95077927833,6.));
#6170 = CARTESIAN_POINT('',(6.289601523701,-60.17323883718,6.));
#6171 = CARTESIAN_POINT('',(4.800338605936,-60.52114615639,6.));
#6172 = CARTESIAN_POINT('',(4.123259462076,-60.65681555472,6.));
#6173 = CARTESIAN_POINT('',(3.441919453669,-60.77062541669,6.));
#6174 = CARTESIAN_POINT('',(2.757101280656,-60.8621371732,6.));
#6175 = CARTESIAN_POINT('',(2.069624172334,-60.93100876512,6.));
#6176 = CARTESIAN_POINT('',(1.380344865033,-60.97700370943,6.));
#6177 = CARTESIAN_POINT('',(0.690158579786,-61.00000016527,6.));
#6178 = CARTESIAN_POINT('',(-0.995747777195,-61.00000006476,6.));
#6179 = CARTESIAN_POINT('',(-1.991653330474,-60.95213092198,6.));
#6180 = CARTESIAN_POINT('',(-2.984791373153,-60.85636701844,6.));
#6181 = CARTESIAN_POINT('',(-3.97247896593,-60.71325769359,6.));
#6182 = CARTESIAN_POINT('',(-4.952260643428,-60.523829239,6.));
#6183 = CARTESIAN_POINT('',(-5.921895820619,-60.28950287282,6.));
#6184 = CARTESIAN_POINT('',(-6.879348479103,-60.01202862938,6.));
#6185 = CARTESIAN_POINT('',(-8.328300086171,-59.52272240824,6.));
#6186 = CARTESIAN_POINT('',(-8.829832926805,-59.34019052549,6.));
#6187 = CARTESIAN_POINT('',(-9.327117826247,-59.14614070822,6.));
#6188 = CARTESIAN_POINT('',(-9.819923668769,-58.94088846548,6.));
#6189 = CARTESIAN_POINT('',(-10.30804638521,-58.72475971197,6.));
#6190 = CARTESIAN_POINT('',(-10.79130728638,-58.49808685738,6.));
#6191 = CARTESIAN_POINT('',(-11.26955139642,-58.26120489559,6.));
#6192 = CARTESIAN_POINT('',(-12.6615726962,-57.53515223794,6.));
#6193 = CARTESIAN_POINT('',(-13.56104250945,-57.01861360761,6.));
#6194 = CARTESIAN_POINT('',(-14.44013167317,-56.46726129069,6.));
#6195 = CARTESIAN_POINT('',(-15.29820618577,-55.88351078187,6.));
#6196 = CARTESIAN_POINT('',(-16.1348764407,-55.26969808699,6.));
#6197 = CARTESIAN_POINT('',(-16.94995998232,-54.62802608235,6.));
#6198 = CARTESIAN_POINT('',(-17.74345217389,-53.9605225292,6.));
#6199 = CARTESIAN_POINT('',(-19.6243624889,-52.27582676484,6.));
#6200 = CARTESIAN_POINT('',(-20.68876676093,-51.23332049045,6.));
#6201 = CARTESIAN_POINT('',(-21.70929889665,-50.14682839379,6.));
#6202 = CARTESIAN_POINT('',(-22.68673144908,-49.02116644605,6.));
#6203 = CARTESIAN_POINT('',(-23.62200849358,-47.8606131657,6.));
#6204 = CARTESIAN_POINT('',(-24.51621942992,-46.66888821014,6.));
#6205 = CARTESIAN_POINT('',(-25.37056631391,-45.44912550934,6.));
#6206 = CARTESIAN_POINT('',(-26.90864444162,-43.10119385262,6.));
#6207 = CARTESIAN_POINT('',(-27.60059850884,-41.97870692206,6.));
#6208 = CARTESIAN_POINT('',(-28.26302666892,-40.83823137301,6.));
#6209 = CARTESIAN_POINT('',(-28.89670760695,-39.68143429941,6.));
#6210 = CARTESIAN_POINT('',(-29.50237643919,-38.50980826255,6.));
#6211 = CARTESIAN_POINT('',(-30.08073523752,-37.32467710681,6.));
#6212 = CARTESIAN_POINT('',(-30.63245658384,-36.12719799476,6.));
#6213 = CARTESIAN_POINT('',(-31.6145517752,-33.86898741071,6.));
#6214 = CARTESIAN_POINT('',(-32.05131545417,-32.81109642656,6.));
#6215 = CARTESIAN_POINT('',(-32.46888193573,-31.7453552603,6.));
#6216 = CARTESIAN_POINT('',(-32.86763033527,-30.67238187755,6.));
#6217 = CARTESIAN_POINT('',(-33.24791121145,-29.59274479732,6.));
#6218 = CARTESIAN_POINT('',(-33.6100496386,-28.50696423126,6.));
#6219 = CARTESIAN_POINT('',(-33.95434827916,-27.41551322283,6.));
#6220 = CARTESIAN_POINT('',(-35.23313718814,-23.12331738052,6.));
#6221 = CARTESIAN_POINT('',(-36.03584381691,-19.88424079193,6.));
#6222 = CARTESIAN_POINT('',(-36.69663909967,-16.6111626717,6.));
#6223 = CARTESIAN_POINT('',(-37.22043225981,-13.31254097918,6.));
#6224 = CARTESIAN_POINT('',(-37.61082849922,-9.995914275685,6.));
#6225 = CARTESIAN_POINT('',(-37.8702415734,-6.667923697867,6.));
#6226 = CARTESIAN_POINT('',(-38.00000005451,-3.334335564701,6.));
#6227 = CARTESIAN_POINT('',(-38.00000005451,3.334335564653,6.));
#6228 = CARTESIAN_POINT('',(-37.87024157339,6.667923697976,6.));
#6229 = CARTESIAN_POINT('',(-37.61082849922,9.99591427547,6.));
#6230 = CARTESIAN_POINT('',(-37.22043225982,13.312540979336,6.));
#6231 = CARTESIAN_POINT('',(-36.69663909966,16.611162671629,6.));
#6232 = CARTESIAN_POINT('',(-36.03584381692,19.88424079192,6.));
#6233 = CARTESIAN_POINT('',(-35.23313718814,23.123317380516,6.));
#6234 = CARTESIAN_POINT('',(-33.95434827916,27.41551322282,6.));
#6235 = CARTESIAN_POINT('',(-33.61004963861,28.506964231254,6.));
#6236 = CARTESIAN_POINT('',(-33.24791121145,29.592744797315,6.));
#6237 = CARTESIAN_POINT('',(-32.86763033528,30.672381877537,6.));
#6238 = CARTESIAN_POINT('',(-32.46888193574,31.74535526029,6.));
#6239 = CARTESIAN_POINT('',(-32.05131545417,32.811096426554,6.));
#6240 = CARTESIAN_POINT('',(-31.6145517752,33.868987410699,6.));
#6241 = CARTESIAN_POINT('',(-30.63245658385,36.127197994746,6.));
#6242 = CARTESIAN_POINT('',(-30.08073523752,37.324677106814,6.));
#6243 = CARTESIAN_POINT('',(-29.50237643919,38.509808262538,6.));
#6244 = CARTESIAN_POINT('',(-28.89670760696,39.681434299396,6.));
#6245 = CARTESIAN_POINT('',(-28.26302666892,40.838231372999,6.));
#6246 = CARTESIAN_POINT('',(-27.60059850884,41.978706922063,6.));
#6247 = CARTESIAN_POINT('',(-26.90864444163,43.101193852606,6.));
#6248 = CARTESIAN_POINT('',(-25.37056631392,45.44912550934,6.));
#6249 = CARTESIAN_POINT('',(-24.51621942993,46.66888821013,6.));
#6250 = CARTESIAN_POINT('',(-23.62200849359,47.860613165693,6.));
#6251 = CARTESIAN_POINT('',(-22.68673144909,49.021166446052,6.));
#6252 = CARTESIAN_POINT('',(-21.70929889666,50.146828393788,6.));
#6253 = CARTESIAN_POINT('',(-20.68876676093,51.23332049044,6.));
#6254 = CARTESIAN_POINT('',(-19.62436248891,52.275826764839,6.));
#6255 = CARTESIAN_POINT('',(-17.7434521739,53.960522529197,6.));
#6256 = CARTESIAN_POINT('',(-16.94995998233,54.628026082353,6.));
#6257 = CARTESIAN_POINT('',(-16.13487644071,55.269698086986,6.));
#6258 = CARTESIAN_POINT('',(-15.29820618578,55.883510781863,6.));
#6259 = CARTESIAN_POINT('',(-14.44013167318,56.467261290691,6.));
#6260 = CARTESIAN_POINT('',(-13.56104250945,57.018613607617,6.));
#6261 = CARTESIAN_POINT('',(-12.66157269621,57.535152237935,6.));
#6262 = CARTESIAN_POINT('',(-10.38686657907,58.721597081981,6.));
#6263 = CARTESIAN_POINT('',(-8.988168641546,59.347971260782,6.));
#6264 = CARTESIAN_POINT('',(-7.550343795124,59.885194314265,6.));
#6265 = CARTESIAN_POINT('',(-6.078399391362,60.325276841781,6.));
#6266 = CARTESIAN_POINT('',(-4.578687516181,60.661126553547,6.));
#6267 = CARTESIAN_POINT('',(-3.059046817505,60.887133000002,6.));
#6268 = CARTESIAN_POINT('',(-1.528993746167,61.000000058407,6.));
#6269 = CARTESIAN_POINT('',(8.547814935797E-15,61.,6.));
#6270 = PCURVE('',#1824,#6271);
#6271 = DEFINITIONAL_REPRESENTATION('',(#6272),#6443);
#6272 = B_SPLINE_CURVE_WITH_KNOTS('',8,(#6273,#6274,#6275,#6276,#6277,
    #6278,#6279,#6280,#6281,#6282,#6283,#6284,#6285,#6286,#6287,#6288,
    #6289,#6290,#6291,#6292,#6293,#6294,#6295,#6296,#6297,#6298,#6299,
    #6300,#6301,#6302,#6303,#6304,#6305,#6306,#6307,#6308,#6309,#6310,
    #6311,#6312,#6313,#6314,#6315,#6316,#6317,#6318,#6319,#6320,#6321,
    #6322,#6323,#6324,#6325,#6326,#6327,#6328,#6329,#6330,#6331,#6332,
    #6333,#6334,#6335,#6336,#6337,#6338,#6339,#6340,#6341,#6342,#6343,
    #6344,#6345,#6346,#6347,#6348,#6349,#6350,#6351,#6352,#6353,#6354,
    #6355,#6356,#6357,#6358,#6359,#6360,#6361,#6362,#6363,#6364,#6365,
    #6366,#6367,#6368,#6369,#6370,#6371,#6372,#6373,#6374,#6375,#6376,
    #6377,#6378,#6379,#6380,#6381,#6382,#6383,#6384,#6385,#6386,#6387,
    #6388,#6389,#6390,#6391,#6392,#6393,#6394,#6395,#6396,#6397,#6398,
    #6399,#6400,#6401,#6402,#6403,#6404,#6405,#6406,#6407,#6408,#6409,
    #6410,#6411,#6412,#6413,#6414,#6415,#6416,#6417,#6418,#6419,#6420,
    #6421,#6422,#6423,#6424,#6425,#6426,#6427,#6428,#6429,#6430,#6431,
    #6432,#6433,#6434,#6435,#6436,#6437,#6438,#6439,#6440,#6441,#6442),
  .UNSPECIFIED.,.F.,.F.,(9,7,7,7,7,7,7,7,7,7,7,7,7,7,7,7,7,7,7,7,7,7,7,7
    ,9),(0.,3.880908226334E-02,6.511330033094E-02,0.10289263558,
    0.136344647509,0.165383771345,0.249996704594,0.334609637844,
    0.363648761682,0.397100773612,0.434880108863,0.461184326933,
    0.482483885033,0.500000967674,0.525274281717,0.538816548794,
    0.565120716915,0.602899980428,0.636351928837,0.665390997533,
    0.750003770115,0.834616542695,0.863655611391,0.897107559799,
    0.90055996044),.UNSPECIFIED.);
#6273 = CARTESIAN_POINT('',(6.28318530718,-3.));
#6274 = CARTESIAN_POINT('',(6.242948628269,-3.));
#6275 = CARTESIAN_POINT('',(6.202684081438,-3.));
#6276 = CARTESIAN_POINT('',(6.162594251602,-3.));
#6277 = CARTESIAN_POINT('',(6.122829806476,-3.));
#6278 = CARTESIAN_POINT('',(6.083507510818,-3.));
#6279 = CARTESIAN_POINT('',(6.044719995817,-3.));
#6280 = CARTESIAN_POINT('',(6.006540530469,-3.));
#6281 = CARTESIAN_POINT('',(5.943599280028,-3.));
#6282 = CARTESIAN_POINT('',(5.918470822657,-3.));
#6283 = CARTESIAN_POINT('',(5.89365102549,-3.));
#6284 = CARTESIAN_POINT('',(5.869145436227,-3.));
#6285 = CARTESIAN_POINT('',(5.844955649709,-3.));
#6286 = CARTESIAN_POINT('',(5.821079862259,-3.));
#6287 = CARTESIAN_POINT('',(5.797513125166,-3.));
#6288 = CARTESIAN_POINT('',(5.74083183866,-3.));
#6289 = CARTESIAN_POINT('',(5.708043958958,-3.));
#6290 = CARTESIAN_POINT('',(5.675856101285,-3.));
#6291 = CARTESIAN_POINT('',(5.64424106203,-3.));
#6292 = CARTESIAN_POINT('',(5.613170907957,-3.));
#6293 = CARTESIAN_POINT('',(5.58261600565,-3.));
#6294 = CARTESIAN_POINT('',(5.552544163326,-3.));
#6295 = CARTESIAN_POINT('',(5.496688832901,-3.));
#6296 = CARTESIAN_POINT('',(5.470812714091,-3.));
#6297 = CARTESIAN_POINT('',(5.445268939644,-3.));
#6298 = CARTESIAN_POINT('',(5.420037095767,-3.));
#6299 = CARTESIAN_POINT('',(5.395098166532,-3.));
#6300 = CARTESIAN_POINT('',(5.370433920985,-3.));
#6301 = CARTESIAN_POINT('',(5.346026464611,-3.));
#6302 = CARTESIAN_POINT('',(5.300877682313,-3.));
#6303 = CARTESIAN_POINT('',(5.280078266983,-3.));
#6304 = CARTESIAN_POINT('',(5.259448456968,-3.));
#6305 = CARTESIAN_POINT('',(5.238977780463,-3.));
#6306 = CARTESIAN_POINT('',(5.218656382676,-3.));
#6307 = CARTESIAN_POINT('',(5.198474862411,-3.));
#6308 = CARTESIAN_POINT('',(5.178424108661,-3.));
#6309 = CARTESIAN_POINT('',(5.100426968819,-3.));
#6310 = CARTESIAN_POINT('',(5.043409972726,-3.));
#6311 = CARTESIAN_POINT('',(4.987203100861,-3.));
#6312 = CARTESIAN_POINT('',(4.931622452601,-3.));
#6313 = CARTESIAN_POINT('',(4.876505254294,-3.));
#6314 = CARTESIAN_POINT('',(4.821699217746,-3.));
#6315 = CARTESIAN_POINT('',(4.767050217054,-3.));
#6316 = CARTESIAN_POINT('',(4.657727743714,-3.));
#6317 = CARTESIAN_POINT('',(4.603078743029,-3.));
#6318 = CARTESIAN_POINT('',(4.548272706464,-3.));
#6319 = CARTESIAN_POINT('',(4.493155508184,-3.));
#6320 = CARTESIAN_POINT('',(4.437574859896,-3.));
#6321 = CARTESIAN_POINT('',(4.38136798805,-3.));
#6322 = CARTESIAN_POINT('',(4.324350991949,-3.));
#6323 = CARTESIAN_POINT('',(4.246353852109,-3.));
#6324 = CARTESIAN_POINT('',(4.226303098359,-3.));
#6325 = CARTESIAN_POINT('',(4.206121578094,-3.));
#6326 = CARTESIAN_POINT('',(4.185800180306,-3.));
#6327 = CARTESIAN_POINT('',(4.165329503802,-3.));
#6328 = CARTESIAN_POINT('',(4.144699693786,-3.));
#6329 = CARTESIAN_POINT('',(4.123900278457,-3.));
#6330 = CARTESIAN_POINT('',(4.078751496159,-3.));
#6331 = CARTESIAN_POINT('',(4.054344039784,-3.));
#6332 = CARTESIAN_POINT('',(4.029679794237,-3.));
#6333 = CARTESIAN_POINT('',(4.004740865003,-3.));
#6334 = CARTESIAN_POINT('',(3.979509021125,-3.));
#6335 = CARTESIAN_POINT('',(3.953965246679,-3.));
#6336 = CARTESIAN_POINT('',(3.928089127869,-3.));
#6337 = CARTESIAN_POINT('',(3.872233797443,-3.));
#6338 = CARTESIAN_POINT('',(3.842161955119,-3.));
#6339 = CARTESIAN_POINT('',(3.811607052813,-3.));
#6340 = CARTESIAN_POINT('',(3.78053689874,-3.));
#6341 = CARTESIAN_POINT('',(3.748921859484,-3.));
#6342 = CARTESIAN_POINT('',(3.716734001811,-3.));
#6343 = CARTESIAN_POINT('',(3.68394612211,-3.));
#6344 = CARTESIAN_POINT('',(3.627264835604,-3.));
#6345 = CARTESIAN_POINT('',(3.603698098511,-3.));
#6346 = CARTESIAN_POINT('',(3.579822311061,-3.));
#6347 = CARTESIAN_POINT('',(3.555632524542,-3.));
#6348 = CARTESIAN_POINT('',(3.53112693528,-3.));
#6349 = CARTESIAN_POINT('',(3.506307138112,-3.));
#6350 = CARTESIAN_POINT('',(3.481178680742,-3.));
#6351 = CARTESIAN_POINT('',(3.435162871645,-3.));
#6352 = CARTESIAN_POINT('',(3.414378408208,-3.));
#6353 = CARTESIAN_POINT('',(3.393405080556,-3.));
#6354 = CARTESIAN_POINT('',(3.372251698152,-3.));
#6355 = CARTESIAN_POINT('',(3.3509294762,-3.));
#6356 = CARTESIAN_POINT('',(3.329452354999,-3.));
#6357 = CARTESIAN_POINT('',(3.30783749044,-3.));
#6358 = CARTESIAN_POINT('',(3.26823353588,-3.));
#6359 = CARTESIAN_POINT('',(3.250281095392,-3.));
#6360 = CARTESIAN_POINT('',(3.23226061429,-3.));
#6361 = CARTESIAN_POINT('',(3.214184473431,-3.));
#6362 = CARTESIAN_POINT('',(3.196065576884,-3.));
#6363 = CARTESIAN_POINT('',(3.177917514387,-3.));
#6364 = CARTESIAN_POINT('',(3.159754723806,-3.));
#6365 = CARTESIAN_POINT('',(3.115388763728,-3.));
#6366 = CARTESIAN_POINT('',(3.089180726895,-3.));
#6367 = CARTESIAN_POINT('',(3.063018091215,-3.));
#6368 = CARTESIAN_POINT('',(3.036944027212,-3.));
#6369 = CARTESIAN_POINT('',(3.010996799999,-3.));
#6370 = CARTESIAN_POINT('',(2.985210934797,-3.));
#6371 = CARTESIAN_POINT('',(2.959618075813,-3.));
#6372 = CARTESIAN_POINT('',(2.920653175947,-3.));
#6373 = CARTESIAN_POINT('',(2.907121631713,-3.));
#6374 = CARTESIAN_POINT('',(2.893656778272,-3.));
#6375 = CARTESIAN_POINT('',(2.880261956475,-3.));
#6376 = CARTESIAN_POINT('',(2.86694001468,-3.));
#6377 = CARTESIAN_POINT('',(2.853693347931,-3.));
#6378 = CARTESIAN_POINT('',(2.840523937133,-3.));
#6379 = CARTESIAN_POINT('',(2.802006626438,-3.));
#6380 = CARTESIAN_POINT('',(2.776878169068,-3.));
#6381 = CARTESIAN_POINT('',(2.7520583719,-3.));
#6382 = CARTESIAN_POINT('',(2.727552782638,-3.));
#6383 = CARTESIAN_POINT('',(2.703362996119,-3.));
#6384 = CARTESIAN_POINT('',(2.679487208669,-3.));
#6385 = CARTESIAN_POINT('',(2.655920471576,-3.));
#6386 = CARTESIAN_POINT('',(2.59923918507,-3.));
#6387 = CARTESIAN_POINT('',(2.566451305369,-3.));
#6388 = CARTESIAN_POINT('',(2.534263447696,-3.));
#6389 = CARTESIAN_POINT('',(2.50264840844,-3.));
#6390 = CARTESIAN_POINT('',(2.471578254367,-3.));
#6391 = CARTESIAN_POINT('',(2.441023352061,-3.));
#6392 = CARTESIAN_POINT('',(2.410951509737,-3.));
#6393 = CARTESIAN_POINT('',(2.355096179311,-3.));
#6394 = CARTESIAN_POINT('',(2.329220060501,-3.));
#6395 = CARTESIAN_POINT('',(2.303676286054,-3.));
#6396 = CARTESIAN_POINT('',(2.278444442177,-3.));
#6397 = CARTESIAN_POINT('',(2.253505512943,-3.));
#6398 = CARTESIAN_POINT('',(2.228841267396,-3.));
#6399 = CARTESIAN_POINT('',(2.204433811021,-3.));
#6400 = CARTESIAN_POINT('',(2.159285028723,-3.));
#6401 = CARTESIAN_POINT('',(2.138485613394,-3.));
#6402 = CARTESIAN_POINT('',(2.117855803378,-3.));
#6403 = CARTESIAN_POINT('',(2.097385126873,-3.));
#6404 = CARTESIAN_POINT('',(2.077063729086,-3.));
#6405 = CARTESIAN_POINT('',(2.056882208821,-3.));
#6406 = CARTESIAN_POINT('',(2.036831455071,-3.));
#6407 = CARTESIAN_POINT('',(1.95883431523,-3.));
#6408 = CARTESIAN_POINT('',(1.90181731913,-3.));
#6409 = CARTESIAN_POINT('',(1.845610447284,-3.));
#6410 = CARTESIAN_POINT('',(1.790029798996,-3.));
#6411 = CARTESIAN_POINT('',(1.734912600715,-3.));
#6412 = CARTESIAN_POINT('',(1.680106564151,-3.));
#6413 = CARTESIAN_POINT('',(1.625457563466,-3.));
#6414 = CARTESIAN_POINT('',(1.516135090125,-3.));
#6415 = CARTESIAN_POINT('',(1.461486089436,-3.));
#6416 = CARTESIAN_POINT('',(1.406680052881,-3.));
#6417 = CARTESIAN_POINT('',(1.351562854587,-3.));
#6418 = CARTESIAN_POINT('',(1.29598220631,-3.));
#6419 = CARTESIAN_POINT('',(1.239775334459,-3.));
#6420 = CARTESIAN_POINT('',(1.18275833836,-3.));
#6421 = CARTESIAN_POINT('',(1.104761198519,-3.));
#6422 = CARTESIAN_POINT('',(1.084710444769,-3.));
#6423 = CARTESIAN_POINT('',(1.064528924504,-3.));
#6424 = CARTESIAN_POINT('',(1.044207526717,-3.));
#6425 = CARTESIAN_POINT('',(1.023736850212,-3.));
#6426 = CARTESIAN_POINT('',(1.003107040196,-3.));
#6427 = CARTESIAN_POINT('',(0.982307624867,-3.));
#6428 = CARTESIAN_POINT('',(0.937158842569,-3.));
#6429 = CARTESIAN_POINT('',(0.912751386194,-3.));
#6430 = CARTESIAN_POINT('',(0.888087140647,-3.));
#6431 = CARTESIAN_POINT('',(0.863148211413,-3.));
#6432 = CARTESIAN_POINT('',(0.837916367536,-3.));
#6433 = CARTESIAN_POINT('',(0.812372593089,-3.));
#6434 = CARTESIAN_POINT('',(0.786496474279,-3.));
#6435 = CARTESIAN_POINT('',(0.75755825247,-3.));
#6436 = CARTESIAN_POINT('',(0.754847345191,-3.));
#6437 = CARTESIAN_POINT('',(0.752132673243,-3.));
#6438 = CARTESIAN_POINT('',(0.749414209768,-3.));
#6439 = CARTESIAN_POINT('',(0.746691928134,-3.));
#6440 = CARTESIAN_POINT('',(0.74396580193,-3.));
#6441 = CARTESIAN_POINT('',(0.74123580496,-3.));
#6442 = CARTESIAN_POINT('',(0.73850191124,-3.));
#6443 = ( GEOMETRIC_REPRESENTATION_CONTEXT(2) 
PARAMETRIC_REPRESENTATION_CONTEXT() REPRESENTATION_CONTEXT('2D SPACE',''
  ) );
#6444 = PCURVE('',#2439,#6445);
#6445 = DEFINITIONAL_REPRESENTATION('',(#6446),#6631);
#6446 = B_SPLINE_CURVE_WITH_KNOTS('',8,(#6447,#6448,#6449,#6450,#6451,
    #6452,#6453,#6454,#6455,#6456,#6457,#6458,#6459,#6460,#6461,#6462,
    #6463,#6464,#6465,#6466,#6467,#6468,#6469,#6470,#6471,#6472,#6473,
    #6474,#6475,#6476,#6477,#6478,#6479,#6480,#6481,#6482,#6483,#6484,
    #6485,#6486,#6487,#6488,#6489,#6490,#6491,#6492,#6493,#6494,#6495,
    #6496,#6497,#6498,#6499,#6500,#6501,#6502,#6503,#6504,#6505,#6506,
    #6507,#6508,#6509,#6510,#6511,#6512,#6513,#6514,#6515,#6516,#6517,
    #6518,#6519,#6520,#6521,#6522,#6523,#6524,#6525,#6526,#6527,#6528,
    #6529,#6530,#6531,#6532,#6533,#6534,#6535,#6536,#6537,#6538,#6539,
    #6540,#6541,#6542,#6543,#6544,#6545,#6546,#6547,#6548,#6549,#6550,
    #6551,#6552,#6553,#6554,#6555,#6556,#6557,#6558,#6559,#6560,#6561,
    #6562,#6563,#6564,#6565,#6566,#6567,#6568,#6569,#6570,#6571,#6572,
    #6573,#6574,#6575,#6576,#6577,#6578,#6579,#6580,#6581,#6582,#6583,
    #6584,#6585,#6586,#6587,#6588,#6589,#6590,#6591,#6592,#6593,#6594,
    #6595,#6596,#6597,#6598,#6599,#6600,#6601,#6602,#6603,#6604,#6605,
    #6606,#6607,#6608,#6609,#6610,#6611,#6612,#6613,#6614,#6615,#6616,
    #6617,#6618,#6619,#6620,#6621,#6622,#6623,#6624,#6625,#6626,#6627,
    #6628,#6629,#6630),.UNSPECIFIED.,.F.,.F.,(9,7,7,7,7,7,7,7,7,7,7,7,7,
    7,7,7,7,7,7,7,7,7,7,7,7,7,9),(0.,3.880908226334E-02,
    6.511330033094E-02,0.10289263558,0.136344647509,0.165383771345,
    0.249996704594,0.334609637844,0.363648761682,0.397100773612,
    0.434880108863,0.461184326933,0.482483885033,0.500000967674,
    0.525274281717,0.538816548794,0.565120716915,0.602899980428,
    0.636351928837,0.665390997533,0.750003770115,0.834616542695,
    0.863655611391,0.897107559799,0.934886823311,0.961190991431,1.),
  .UNSPECIFIED.);
#6447 = CARTESIAN_POINT('',(1.42108547152E-14,57.348352331139));
#6448 = CARTESIAN_POINT('',(1.528993746164,57.348352389528));
#6449 = CARTESIAN_POINT('',(3.059046817505,57.235485331199));
#6450 = CARTESIAN_POINT('',(4.578687516181,57.009478884621));
#6451 = CARTESIAN_POINT('',(6.078399391358,56.673629172923));
#6452 = CARTESIAN_POINT('',(7.55034379512,56.233546645472));
#6453 = CARTESIAN_POINT('',(8.988168641543,55.696323591861));
#6454 = CARTESIAN_POINT('',(10.386866579065,55.069949413143));
#6455 = CARTESIAN_POINT('',(12.661572696207,53.883504569081));
#6456 = CARTESIAN_POINT('',(13.561042509457,53.366965938753));
#6457 = CARTESIAN_POINT('',(14.440131673176,52.815613621834));
#6458 = CARTESIAN_POINT('',(15.298206185778,52.231863113012));
#6459 = CARTESIAN_POINT('',(16.134876440709,51.618050418129));
#6460 = CARTESIAN_POINT('',(16.949959982332,50.97637841349));
#6461 = CARTESIAN_POINT('',(17.743452173893,50.308874860344));
#6462 = CARTESIAN_POINT('',(19.624362488906,48.624179095981));
#6463 = CARTESIAN_POINT('',(20.688766760933,47.581672821589));
#6464 = CARTESIAN_POINT('',(21.709298896659,46.495180724932));
#6465 = CARTESIAN_POINT('',(22.686731449087,45.369518777191));
#6466 = CARTESIAN_POINT('',(23.622008493587,44.208965496838));
#6467 = CARTESIAN_POINT('',(24.516219429925,43.017240541281));
#6468 = CARTESIAN_POINT('',(25.370566313918,41.797477840483));
#6469 = CARTESIAN_POINT('',(26.908644441622,39.449546183755));
#6470 = CARTESIAN_POINT('',(27.600598508849,38.327059253203));
#6471 = CARTESIAN_POINT('',(28.263026668922,37.186583704147));
#6472 = CARTESIAN_POINT('',(28.896707606951,36.029786630549));
#6473 = CARTESIAN_POINT('',(29.502376439193,34.858160593685));
#6474 = CARTESIAN_POINT('',(30.080735237527,33.673029437955));
#6475 = CARTESIAN_POINT('',(30.632456583845,32.475550325898));
#6476 = CARTESIAN_POINT('',(31.614551775202,30.217339741848));
#6477 = CARTESIAN_POINT('',(32.051315454172,29.159448757701));
#6478 = CARTESIAN_POINT('',(32.468881935741,28.093707591438));
#6479 = CARTESIAN_POINT('',(32.867630335279,27.020734208687));
#6480 = CARTESIAN_POINT('',(33.247911211452,25.941097128466));
#6481 = CARTESIAN_POINT('',(33.610049638607,24.855316562404));
#6482 = CARTESIAN_POINT('',(33.954348279162,23.763865553968));
#6483 = CARTESIAN_POINT('',(35.233137188152,19.471669711684));
#6484 = CARTESIAN_POINT('',(36.035843816881,16.232593122973));
#6485 = CARTESIAN_POINT('',(36.696639099759,12.959515003038));
#6486 = CARTESIAN_POINT('',(37.220432259711,9.660893310091));
#6487 = CARTESIAN_POINT('',(37.610828499304,6.344266606989));
#6488 = CARTESIAN_POINT('',(37.870241573365,3.016276028933));
#6489 = CARTESIAN_POINT('',(38.000000054523,-0.317312104145));
#6490 = CARTESIAN_POINT('',(38.000000054519,-6.985983233584));
#6491 = CARTESIAN_POINT('',(37.870241573381,-10.31957136656));
#6492 = CARTESIAN_POINT('',(37.610828499279,-13.64756194485));
#6493 = CARTESIAN_POINT('',(37.220432259737,-16.96418864762));
#6494 = CARTESIAN_POINT('',(36.696639099748,-20.26281034086));
#6495 = CARTESIAN_POINT('',(36.035843816887,-23.53588846063));
#6496 = CARTESIAN_POINT('',(35.233137188154,-26.7749650494));
#6497 = CARTESIAN_POINT('',(33.954348279165,-31.06716089167));
#6498 = CARTESIAN_POINT('',(33.610049638611,-32.15861190011));
#6499 = CARTESIAN_POINT('',(33.247911211455,-33.24439246617));
#6500 = CARTESIAN_POINT('',(32.867630335283,-34.32402954639));
#6501 = CARTESIAN_POINT('',(32.468881935745,-35.39700292914));
#6502 = CARTESIAN_POINT('',(32.051315454176,-36.46274409541));
#6503 = CARTESIAN_POINT('',(31.614551775206,-37.52063507955));
#6504 = CARTESIAN_POINT('',(30.632456583852,-39.77884566361));
#6505 = CARTESIAN_POINT('',(30.080735237526,-40.97632477566));
#6506 = CARTESIAN_POINT('',(29.502376439198,-42.16145593139));
#6507 = CARTESIAN_POINT('',(28.896707606961,-43.33308196826));
#6508 = CARTESIAN_POINT('',(28.263026668927,-44.48987904185));
#6509 = CARTESIAN_POINT('',(27.600598508849,-45.63035459091));
#6510 = CARTESIAN_POINT('',(26.90864444163,-46.75284152147));
#6511 = CARTESIAN_POINT('',(25.370566313925,-49.10077317819));
#6512 = CARTESIAN_POINT('',(24.516219429928,-50.32053587899));
#6513 = CARTESIAN_POINT('',(23.622008493592,-51.51226083455));
#6514 = CARTESIAN_POINT('',(22.686731449094,-52.6728141149));
#6515 = CARTESIAN_POINT('',(21.709298896665,-53.79847606264));
#6516 = CARTESIAN_POINT('',(20.688766760936,-54.8849681593));
#6517 = CARTESIAN_POINT('',(19.624362488912,-55.92747443369));
#6518 = CARTESIAN_POINT('',(17.743452173899,-57.61217019806));
#6519 = CARTESIAN_POINT('',(16.949959982336,-58.2796737512));
#6520 = CARTESIAN_POINT('',(16.134876440714,-58.92134575584));
#6521 = CARTESIAN_POINT('',(15.298206185785,-59.53515845072));
#6522 = CARTESIAN_POINT('',(14.440131673182,-60.11890895955));
#6523 = CARTESIAN_POINT('',(13.561042509461,-60.67026127647));
#6524 = CARTESIAN_POINT('',(12.661572696214,-61.18679990679));
#6525 = CARTESIAN_POINT('',(10.998554590658,-62.05419940512));
#6526 = CARTESIAN_POINT('',(10.24171203389,-62.41788141861));
#6527 = CARTESIAN_POINT('',(9.472646765261,-62.75583250287));
#6528 = CARTESIAN_POINT('',(8.69201968995,-63.06674642062));
#6529 = CARTESIAN_POINT('',(7.900634493421,-63.34934754112));
#6530 = CARTESIAN_POINT('',(7.099451022587,-63.60242694719));
#6531 = CARTESIAN_POINT('',(6.289601523701,-63.82488650604));
#6532 = CARTESIAN_POINT('',(4.800338605936,-64.17279382526));
#6533 = CARTESIAN_POINT('',(4.123259462076,-64.30846322358));
#6534 = CARTESIAN_POINT('',(3.441919453669,-64.42227308555));
#6535 = CARTESIAN_POINT('',(2.757101280656,-64.51378484206));
#6536 = CARTESIAN_POINT('',(2.069624172334,-64.58265643398));
#6537 = CARTESIAN_POINT('',(1.380344865033,-64.62865137829));
#6538 = CARTESIAN_POINT('',(0.690158579786,-64.65164783413));
#6539 = CARTESIAN_POINT('',(-0.995747777195,-64.65164773362));
#6540 = CARTESIAN_POINT('',(-1.991653330474,-64.60377859084));
#6541 = CARTESIAN_POINT('',(-2.984791373153,-64.5080146873));
#6542 = CARTESIAN_POINT('',(-3.97247896593,-64.36490536245));
#6543 = CARTESIAN_POINT('',(-4.952260643428,-64.17547690786));
#6544 = CARTESIAN_POINT('',(-5.921895820619,-63.94115054168));
#6545 = CARTESIAN_POINT('',(-6.879348479103,-63.66367629824));
#6546 = CARTESIAN_POINT('',(-8.328300086171,-63.1743700771));
#6547 = CARTESIAN_POINT('',(-8.829832926805,-62.99183819435));
#6548 = CARTESIAN_POINT('',(-9.327117826247,-62.79778837708));
#6549 = CARTESIAN_POINT('',(-9.819923668769,-62.59253613434));
#6550 = CARTESIAN_POINT('',(-10.30804638521,-62.37640738083));
#6551 = CARTESIAN_POINT('',(-10.79130728638,-62.14973452624));
#6552 = CARTESIAN_POINT('',(-11.26955139642,-61.91285256445));
#6553 = CARTESIAN_POINT('',(-12.6615726962,-61.1867999068));
#6554 = CARTESIAN_POINT('',(-13.56104250945,-60.67026127647));
#6555 = CARTESIAN_POINT('',(-14.44013167317,-60.11890895955));
#6556 = CARTESIAN_POINT('',(-15.29820618577,-59.53515845073));
#6557 = CARTESIAN_POINT('',(-16.1348764407,-58.92134575585));
#6558 = CARTESIAN_POINT('',(-16.94995998232,-58.27967375121));
#6559 = CARTESIAN_POINT('',(-17.74345217389,-57.61217019806));
#6560 = CARTESIAN_POINT('',(-19.6243624889,-55.9274744337));
#6561 = CARTESIAN_POINT('',(-20.68876676093,-54.88496815931));
#6562 = CARTESIAN_POINT('',(-21.70929889665,-53.79847606265));
#6563 = CARTESIAN_POINT('',(-22.68673144908,-52.67281411491));
#6564 = CARTESIAN_POINT('',(-23.62200849358,-51.51226083456));
#6565 = CARTESIAN_POINT('',(-24.51621942992,-50.320535879));
#6566 = CARTESIAN_POINT('',(-25.37056631391,-49.1007731782));
#6567 = CARTESIAN_POINT('',(-26.90864444162,-46.75284152148));
#6568 = CARTESIAN_POINT('',(-27.60059850884,-45.63035459092));
#6569 = CARTESIAN_POINT('',(-28.26302666892,-44.48987904187));
#6570 = CARTESIAN_POINT('',(-28.89670760695,-43.33308196827));
#6571 = CARTESIAN_POINT('',(-29.50237643919,-42.16145593141));
#6572 = CARTESIAN_POINT('',(-30.08073523752,-40.97632477567));
#6573 = CARTESIAN_POINT('',(-30.63245658384,-39.77884566362));
#6574 = CARTESIAN_POINT('',(-31.6145517752,-37.52063507957));
#6575 = CARTESIAN_POINT('',(-32.05131545417,-36.46274409542));
#6576 = CARTESIAN_POINT('',(-32.46888193573,-35.39700292916));
#6577 = CARTESIAN_POINT('',(-32.86763033527,-34.32402954641));
#6578 = CARTESIAN_POINT('',(-33.24791121145,-33.24439246618));
#6579 = CARTESIAN_POINT('',(-33.6100496386,-32.15861190012));
#6580 = CARTESIAN_POINT('',(-33.95434827916,-31.06716089169));
#6581 = CARTESIAN_POINT('',(-35.23313718814,-26.77496504938));
#6582 = CARTESIAN_POINT('',(-36.03584381691,-23.53588846079));
#6583 = CARTESIAN_POINT('',(-36.69663909967,-20.26281034056));
#6584 = CARTESIAN_POINT('',(-37.22043225981,-16.96418864804));
#6585 = CARTESIAN_POINT('',(-37.61082849922,-13.64756194454));
#6586 = CARTESIAN_POINT('',(-37.8702415734,-10.31957136672));
#6587 = CARTESIAN_POINT('',(-38.00000005451,-6.985983233562));
#6588 = CARTESIAN_POINT('',(-38.00000005451,-0.317312104208));
#6589 = CARTESIAN_POINT('',(-37.87024157339,3.016276029116));
#6590 = CARTESIAN_POINT('',(-37.61082849922,6.34426660661));
#6591 = CARTESIAN_POINT('',(-37.22043225982,9.660893310475));
#6592 = CARTESIAN_POINT('',(-36.69663909966,12.959515002769));
#6593 = CARTESIAN_POINT('',(-36.03584381692,16.232593123059));
#6594 = CARTESIAN_POINT('',(-35.23313718814,19.471669711656));
#6595 = CARTESIAN_POINT('',(-33.95434827916,23.763865553959));
#6596 = CARTESIAN_POINT('',(-33.61004963861,24.855316562394));
#6597 = CARTESIAN_POINT('',(-33.24791121145,25.941097128455));
#6598 = CARTESIAN_POINT('',(-32.86763033528,27.020734208677));
#6599 = CARTESIAN_POINT('',(-32.46888193574,28.093707591429));
#6600 = CARTESIAN_POINT('',(-32.05131545417,29.159448757693));
#6601 = CARTESIAN_POINT('',(-31.6145517752,30.217339741838));
#6602 = CARTESIAN_POINT('',(-30.63245658385,32.475550325885));
#6603 = CARTESIAN_POINT('',(-30.08073523752,33.673029437954));
#6604 = CARTESIAN_POINT('',(-29.50237643919,34.858160593678));
#6605 = CARTESIAN_POINT('',(-28.89670760696,36.029786630535));
#6606 = CARTESIAN_POINT('',(-28.26302666892,37.186583704139));
#6607 = CARTESIAN_POINT('',(-27.60059850884,38.327059253202));
#6608 = CARTESIAN_POINT('',(-26.90864444163,39.449546183745));
#6609 = CARTESIAN_POINT('',(-25.37056631392,41.797477840479));
#6610 = CARTESIAN_POINT('',(-24.51621942993,43.01724054127));
#6611 = CARTESIAN_POINT('',(-23.62200849359,44.208965496832));
#6612 = CARTESIAN_POINT('',(-22.68673144909,45.369518777191));
#6613 = CARTESIAN_POINT('',(-21.70929889666,46.495180724928));
#6614 = CARTESIAN_POINT('',(-20.68876676093,47.581672821579));
#6615 = CARTESIAN_POINT('',(-19.62436248891,48.624179095979));
#6616 = CARTESIAN_POINT('',(-17.7434521739,50.308874860337));
#6617 = CARTESIAN_POINT('',(-16.94995998233,50.976378413492));
#6618 = CARTESIAN_POINT('',(-16.13487644071,51.618050418126));
#6619 = CARTESIAN_POINT('',(-15.29820618578,52.231863113003));
#6620 = CARTESIAN_POINT('',(-14.44013167318,52.815613621831));
#6621 = CARTESIAN_POINT('',(-13.56104250945,53.366965938756));
#6622 = CARTESIAN_POINT('',(-12.66157269621,53.883504569075));
#6623 = CARTESIAN_POINT('',(-10.38686657907,55.069949413121));
#6624 = CARTESIAN_POINT('',(-8.988168641546,55.696323591922));
#6625 = CARTESIAN_POINT('',(-7.550343795124,56.233546645405));
#6626 = CARTESIAN_POINT('',(-6.078399391362,56.67362917292));
#6627 = CARTESIAN_POINT('',(-4.578687516181,57.009478884687));
#6628 = CARTESIAN_POINT('',(-3.059046817505,57.235485331141));
#6629 = CARTESIAN_POINT('',(-1.528993746167,57.348352389547));
#6630 = CARTESIAN_POINT('',(7.105427357601E-15,57.348352331139));
#6631 = ( GEOMETRIC_REPRESENTATION_CONTEXT(2) 
PARAMETRIC_REPRESENTATION_CONTEXT() REPRESENTATION_CONTEXT('2D SPACE',''
  ) );
#6632 = ORIENTED_EDGE('',*,*,#6028,.T.);
#6633 = ORIENTED_EDGE('',*,*,#1807,.F.);
#6634 = ORIENTED_EDGE('',*,*,#2531,.F.);
#6635 = ADVANCED_FACE('',(#6636),#1774,.F.);
#6636 = FACE_BOUND('',#6637,.F.);
#6637 = EDGE_LOOP('',(#6638,#6639,#6640,#6641));
#6638 = ORIENTED_EDGE('',*,*,#2509,.F.);
#6639 = ORIENTED_EDGE('',*,*,#2608,.F.);
#6640 = ORIENTED_EDGE('',*,*,#2634,.T.);
#6641 = ORIENTED_EDGE('',*,*,#1758,.F.);
#6642 = ADVANCED_FACE('',(#6643),#1620,.T.);
#6643 = FACE_BOUND('',#6644,.T.);
#6644 = EDGE_LOOP('',(#6645,#7195,#7196,#7197));
#6645 = ORIENTED_EDGE('',*,*,#6646,.F.);
#6646 = EDGE_CURVE('',#2969,#5310,#6647,.T.);
#6647 = SURFACE_CURVE('',#6648,(#6833,#7007),.PCURVE_S1.);
#6648 = B_SPLINE_CURVE_WITH_KNOTS('',8,(#6649,#6650,#6651,#6652,#6653,
    #6654,#6655,#6656,#6657,#6658,#6659,#6660,#6661,#6662,#6663,#6664,
    #6665,#6666,#6667,#6668,#6669,#6670,#6671,#6672,#6673,#6674,#6675,
    #6676,#6677,#6678,#6679,#6680,#6681,#6682,#6683,#6684,#6685,#6686,
    #6687,#6688,#6689,#6690,#6691,#6692,#6693,#6694,#6695,#6696,#6697,
    #6698,#6699,#6700,#6701,#6702,#6703,#6704,#6705,#6706,#6707,#6708,
    #6709,#6710,#6711,#6712,#6713,#6714,#6715,#6716,#6717,#6718,#6719,
    #6720,#6721,#6722,#6723,#6724,#6725,#6726,#6727,#6728,#6729,#6730,
    #6731,#6732,#6733,#6734,#6735,#6736,#6737,#6738,#6739,#6740,#6741,
    #6742,#6743,#6744,#6745,#6746,#6747,#6748,#6749,#6750,#6751,#6752,
    #6753,#6754,#6755,#6756,#6757,#6758,#6759,#6760,#6761,#6762,#6763,
    #6764,#6765,#6766,#6767,#6768,#6769,#6770,#6771,#6772,#6773,#6774,
    #6775,#6776,#6777,#6778,#6779,#6780,#6781,#6782,#6783,#6784,#6785,
    #6786,#6787,#6788,#6789,#6790,#6791,#6792,#6793,#6794,#6795,#6796,
    #6797,#6798,#6799,#6800,#6801,#6802,#6803,#6804,#6805,#6806,#6807,
    #6808,#6809,#6810,#6811,#6812,#6813,#6814,#6815,#6816,#6817,#6818,
    #6819,#6820,#6821,#6822,#6823,#6824,#6825,#6826,#6827,#6828,#6829,
    #6830,#6831,#6832),.UNSPECIFIED.,.T.,.F.,(9,7,7,7,7,7,7,7,7,7,7,7,7,
    7,7,7,7,7,7,7,7,7,7,7,7,7,9),(0.,3.880908226334E-02,
    6.511330033094E-02,0.10289263558,0.136344647509,0.165383771345,
    0.249996704594,0.334609637844,0.363648761682,0.397100773612,
    0.434880108863,0.461184326933,0.482483885033,0.500000967674,
    0.525274281717,0.538816548794,0.565120716915,0.602899980428,
    0.636351928837,0.665390997533,0.750003770115,0.834616542695,
    0.863655611391,0.897107559799,0.934886823311,0.961190991431,1.),
  .UNSPECIFIED.);
#6649 = CARTESIAN_POINT('',(1.56532422934E-14,61.,6.));
#6650 = CARTESIAN_POINT('',(1.528993746164,61.000000058389,6.));
#6651 = CARTESIAN_POINT('',(3.059046817505,60.88713300006,6.));
#6652 = CARTESIAN_POINT('',(4.578687516181,60.661126553482,6.));
#6653 = CARTESIAN_POINT('',(6.078399391358,60.325276841783,6.));
#6654 = CARTESIAN_POINT('',(7.55034379512,59.885194314333,6.));
#6655 = CARTESIAN_POINT('',(8.988168641543,59.347971260722,6.));
#6656 = CARTESIAN_POINT('',(10.386866579065,58.721597082004,6.));
#6657 = CARTESIAN_POINT('',(12.661572696207,57.535152237942,6.));
#6658 = CARTESIAN_POINT('',(13.561042509457,57.018613607614,6.));
#6659 = CARTESIAN_POINT('',(14.440131673176,56.467261290694,6.));
#6660 = CARTESIAN_POINT('',(15.298206185778,55.883510781873,6.));
#6661 = CARTESIAN_POINT('',(16.134876440709,55.26969808699,6.));
#6662 = CARTESIAN_POINT('',(16.949959982332,54.62802608235,6.));
#6663 = CARTESIAN_POINT('',(17.743452173893,53.960522529205,6.));
#6664 = CARTESIAN_POINT('',(19.624362488906,52.275826764841,6.));
#6665 = CARTESIAN_POINT('',(20.688766760933,51.23332049045,6.));
#6666 = CARTESIAN_POINT('',(21.709298896659,50.146828393793,6.));
#6667 = CARTESIAN_POINT('',(22.686731449087,49.021166446052,6.));
#6668 = CARTESIAN_POINT('',(23.622008493587,47.860613165699,6.));
#6669 = CARTESIAN_POINT('',(24.516219429925,46.668888210142,6.));
#6670 = CARTESIAN_POINT('',(25.370566313918,45.449125509343,6.));
#6671 = CARTESIAN_POINT('',(26.908644441622,43.101193852616,6.));
#6672 = CARTESIAN_POINT('',(27.600598508849,41.978706922064,6.));
#6673 = CARTESIAN_POINT('',(28.263026668922,40.838231373008,6.));
#6674 = CARTESIAN_POINT('',(28.896707606951,39.68143429941,6.));
#6675 = CARTESIAN_POINT('',(29.502376439193,38.509808262546,6.));
#6676 = CARTESIAN_POINT('',(30.080735237527,37.324677106816,6.));
#6677 = CARTESIAN_POINT('',(30.632456583845,36.127197994759,6.));
#6678 = CARTESIAN_POINT('',(31.614551775202,33.868987410709,6.));
#6679 = CARTESIAN_POINT('',(32.051315454172,32.811096426562,6.));
#6680 = CARTESIAN_POINT('',(32.468881935741,31.745355260298,6.));
#6681 = CARTESIAN_POINT('',(32.867630335279,30.672381877547,6.));
#6682 = CARTESIAN_POINT('',(33.247911211452,29.592744797326,6.));
#6683 = CARTESIAN_POINT('',(33.610049638607,28.506964231265,6.));
#6684 = CARTESIAN_POINT('',(33.954348279162,27.415513222828,6.));
#6685 = CARTESIAN_POINT('',(35.233137188152,23.123317380545,6.));
#6686 = CARTESIAN_POINT('',(36.035843816881,19.884240791833,6.));
#6687 = CARTESIAN_POINT('',(36.696639099759,16.611162671899,6.));
#6688 = CARTESIAN_POINT('',(37.220432259711,13.312540978952,6.));
#6689 = CARTESIAN_POINT('',(37.610828499304,9.995914275849,6.));
#6690 = CARTESIAN_POINT('',(37.870241573365,6.667923697793,6.));
#6691 = CARTESIAN_POINT('',(38.000000054523,3.334335564715,6.));
#6692 = CARTESIAN_POINT('',(38.000000054519,-3.334335564723,6.));
#6693 = CARTESIAN_POINT('',(37.870241573381,-6.667923697701,6.));
#6694 = CARTESIAN_POINT('',(37.610828499279,-9.995914275996,6.));
#6695 = CARTESIAN_POINT('',(37.220432259737,-13.31254097876,6.));
#6696 = CARTESIAN_POINT('',(36.696639099748,-16.611162672,6.));
#6697 = CARTESIAN_POINT('',(36.035843816887,-19.88424079177,6.));
#6698 = CARTESIAN_POINT('',(35.233137188154,-23.12331738054,6.));
#6699 = CARTESIAN_POINT('',(33.954348279165,-27.41551322281,6.));
#6700 = CARTESIAN_POINT('',(33.610049638611,-28.50696423125,6.));
#6701 = CARTESIAN_POINT('',(33.247911211455,-29.59274479731,6.));
#6702 = CARTESIAN_POINT('',(32.867630335283,-30.67238187753,6.));
#6703 = CARTESIAN_POINT('',(32.468881935745,-31.74535526028,6.));
#6704 = CARTESIAN_POINT('',(32.051315454176,-32.81109642655,6.));
#6705 = CARTESIAN_POINT('',(31.614551775206,-33.86898741069,6.));
#6706 = CARTESIAN_POINT('',(30.632456583852,-36.12719799475,6.));
#6707 = CARTESIAN_POINT('',(30.080735237526,-37.3246771068,6.));
#6708 = CARTESIAN_POINT('',(29.502376439198,-38.50980826253,6.));
#6709 = CARTESIAN_POINT('',(28.896707606961,-39.6814342994,6.));
#6710 = CARTESIAN_POINT('',(28.263026668927,-40.83823137299,6.));
#6711 = CARTESIAN_POINT('',(27.600598508849,-41.97870692205,6.));
#6712 = CARTESIAN_POINT('',(26.90864444163,-43.1011938526,6.));
#6713 = CARTESIAN_POINT('',(25.370566313925,-45.44912550933,6.));
#6714 = CARTESIAN_POINT('',(24.516219429928,-46.66888821013,6.));
#6715 = CARTESIAN_POINT('',(23.622008493592,-47.86061316569,6.));
#6716 = CARTESIAN_POINT('',(22.686731449094,-49.02116644604,6.));
#6717 = CARTESIAN_POINT('',(21.709298896665,-50.14682839378,6.));
#6718 = CARTESIAN_POINT('',(20.688766760936,-51.23332049044,6.));
#6719 = CARTESIAN_POINT('',(19.624362488912,-52.27582676483,6.));
#6720 = CARTESIAN_POINT('',(17.743452173899,-53.96052252919,6.));
#6721 = CARTESIAN_POINT('',(16.949959982336,-54.62802608234,6.));
#6722 = CARTESIAN_POINT('',(16.134876440714,-55.26969808698,6.));
#6723 = CARTESIAN_POINT('',(15.298206185785,-55.88351078186,6.));
#6724 = CARTESIAN_POINT('',(14.440131673182,-56.46726129069,6.));
#6725 = CARTESIAN_POINT('',(13.561042509461,-57.01861360761,6.));
#6726 = CARTESIAN_POINT('',(12.661572696214,-57.53515223793,6.));
#6727 = CARTESIAN_POINT('',(10.998554590658,-58.40255173626,6.));
#6728 = CARTESIAN_POINT('',(10.24171203389,-58.76623374975,6.));
#6729 = CARTESIAN_POINT('',(9.472646765261,-59.10418483401,6.));
#6730 = CARTESIAN_POINT('',(8.69201968995,-59.41509875176,6.));
#6731 = CARTESIAN_POINT('',(7.900634493421,-59.69769987225,6.));
#6732 = CARTESIAN_POINT('',(7.099451022587,-59.95077927833,6.));
#6733 = CARTESIAN_POINT('',(6.289601523701,-60.17323883718,6.));
#6734 = CARTESIAN_POINT('',(4.800338605936,-60.52114615639,6.));
#6735 = CARTESIAN_POINT('',(4.123259462076,-60.65681555472,6.));
#6736 = CARTESIAN_POINT('',(3.441919453669,-60.77062541669,6.));
#6737 = CARTESIAN_POINT('',(2.757101280656,-60.8621371732,6.));
#6738 = CARTESIAN_POINT('',(2.069624172334,-60.93100876512,6.));
#6739 = CARTESIAN_POINT('',(1.380344865033,-60.97700370943,6.));
#6740 = CARTESIAN_POINT('',(0.690158579786,-61.00000016527,6.));
#6741 = CARTESIAN_POINT('',(-0.995747777195,-61.00000006476,6.));
#6742 = CARTESIAN_POINT('',(-1.991653330474,-60.95213092198,6.));
#6743 = CARTESIAN_POINT('',(-2.984791373153,-60.85636701844,6.));
#6744 = CARTESIAN_POINT('',(-3.97247896593,-60.71325769359,6.));
#6745 = CARTESIAN_POINT('',(-4.952260643428,-60.523829239,6.));
#6746 = CARTESIAN_POINT('',(-5.921895820619,-60.28950287282,6.));
#6747 = CARTESIAN_POINT('',(-6.879348479103,-60.01202862938,6.));
#6748 = CARTESIAN_POINT('',(-8.328300086171,-59.52272240824,6.));
#6749 = CARTESIAN_POINT('',(-8.829832926805,-59.34019052549,6.));
#6750 = CARTESIAN_POINT('',(-9.327117826247,-59.14614070822,6.));
#6751 = CARTESIAN_POINT('',(-9.819923668769,-58.94088846548,6.));
#6752 = CARTESIAN_POINT('',(-10.30804638521,-58.72475971197,6.));
#6753 = CARTESIAN_POINT('',(-10.79130728638,-58.49808685738,6.));
#6754 = CARTESIAN_POINT('',(-11.26955139642,-58.26120489559,6.));
#6755 = CARTESIAN_POINT('',(-12.6615726962,-57.53515223794,6.));
#6756 = CARTESIAN_POINT('',(-13.56104250945,-57.01861360761,6.));
#6757 = CARTESIAN_POINT('',(-14.44013167317,-56.46726129069,6.));
#6758 = CARTESIAN_POINT('',(-15.29820618577,-55.88351078187,6.));
#6759 = CARTESIAN_POINT('',(-16.1348764407,-55.26969808699,6.));
#6760 = CARTESIAN_POINT('',(-16.94995998232,-54.62802608235,6.));
#6761 = CARTESIAN_POINT('',(-17.74345217389,-53.9605225292,6.));
#6762 = CARTESIAN_POINT('',(-19.6243624889,-52.27582676484,6.));
#6763 = CARTESIAN_POINT('',(-20.68876676093,-51.23332049045,6.));
#6764 = CARTESIAN_POINT('',(-21.70929889665,-50.14682839379,6.));
#6765 = CARTESIAN_POINT('',(-22.68673144908,-49.02116644605,6.));
#6766 = CARTESIAN_POINT('',(-23.62200849358,-47.8606131657,6.));
#6767 = CARTESIAN_POINT('',(-24.51621942992,-46.66888821014,6.));
#6768 = CARTESIAN_POINT('',(-25.37056631391,-45.44912550934,6.));
#6769 = CARTESIAN_POINT('',(-26.90864444162,-43.10119385262,6.));
#6770 = CARTESIAN_POINT('',(-27.60059850884,-41.97870692206,6.));
#6771 = CARTESIAN_POINT('',(-28.26302666892,-40.83823137301,6.));
#6772 = CARTESIAN_POINT('',(-28.89670760695,-39.68143429941,6.));
#6773 = CARTESIAN_POINT('',(-29.50237643919,-38.50980826255,6.));
#6774 = CARTESIAN_POINT('',(-30.08073523752,-37.32467710681,6.));
#6775 = CARTESIAN_POINT('',(-30.63245658384,-36.12719799476,6.));
#6776 = CARTESIAN_POINT('',(-31.6145517752,-33.86898741071,6.));
#6777 = CARTESIAN_POINT('',(-32.05131545417,-32.81109642656,6.));
#6778 = CARTESIAN_POINT('',(-32.46888193573,-31.7453552603,6.));
#6779 = CARTESIAN_POINT('',(-32.86763033527,-30.67238187755,6.));
#6780 = CARTESIAN_POINT('',(-33.24791121145,-29.59274479732,6.));
#6781 = CARTESIAN_POINT('',(-33.6100496386,-28.50696423126,6.));
#6782 = CARTESIAN_POINT('',(-33.95434827916,-27.41551322283,6.));
#6783 = CARTESIAN_POINT('',(-35.23313718814,-23.12331738052,6.));
#6784 = CARTESIAN_POINT('',(-36.03584381691,-19.88424079193,6.));
#6785 = CARTESIAN_POINT('',(-36.69663909967,-16.6111626717,6.));
#6786 = CARTESIAN_POINT('',(-37.22043225981,-13.31254097918,6.));
#6787 = CARTESIAN_POINT('',(-37.61082849922,-9.995914275685,6.));
#6788 = CARTESIAN_POINT('',(-37.8702415734,-6.667923697867,6.));
#6789 = CARTESIAN_POINT('',(-38.00000005451,-3.334335564701,6.));
#6790 = CARTESIAN_POINT('',(-38.00000005451,3.334335564653,6.));
#6791 = CARTESIAN_POINT('',(-37.87024157339,6.667923697976,6.));
#6792 = CARTESIAN_POINT('',(-37.61082849922,9.99591427547,6.));
#6793 = CARTESIAN_POINT('',(-37.22043225982,13.312540979336,6.));
#6794 = CARTESIAN_POINT('',(-36.69663909966,16.611162671629,6.));
#6795 = CARTESIAN_POINT('',(-36.03584381692,19.88424079192,6.));
#6796 = CARTESIAN_POINT('',(-35.23313718814,23.123317380516,6.));
#6797 = CARTESIAN_POINT('',(-33.95434827916,27.41551322282,6.));
#6798 = CARTESIAN_POINT('',(-33.61004963861,28.506964231254,6.));
#6799 = CARTESIAN_POINT('',(-33.24791121145,29.592744797315,6.));
#6800 = CARTESIAN_POINT('',(-32.86763033528,30.672381877537,6.));
#6801 = CARTESIAN_POINT('',(-32.46888193574,31.74535526029,6.));
#6802 = CARTESIAN_POINT('',(-32.05131545417,32.811096426554,6.));
#6803 = CARTESIAN_POINT('',(-31.6145517752,33.868987410699,6.));
#6804 = CARTESIAN_POINT('',(-30.63245658385,36.127197994746,6.));
#6805 = CARTESIAN_POINT('',(-30.08073523752,37.324677106814,6.));
#6806 = CARTESIAN_POINT('',(-29.50237643919,38.509808262538,6.));
#6807 = CARTESIAN_POINT('',(-28.89670760696,39.681434299396,6.));
#6808 = CARTESIAN_POINT('',(-28.26302666892,40.838231372999,6.));
#6809 = CARTESIAN_POINT('',(-27.60059850884,41.978706922063,6.));
#6810 = CARTESIAN_POINT('',(-26.90864444163,43.101193852606,6.));
#6811 = CARTESIAN_POINT('',(-25.37056631392,45.44912550934,6.));
#6812 = CARTESIAN_POINT('',(-24.51621942993,46.66888821013,6.));
#6813 = CARTESIAN_POINT('',(-23.62200849359,47.860613165693,6.));
#6814 = CARTESIAN_POINT('',(-22.68673144909,49.021166446052,6.));
#6815 = CARTESIAN_POINT('',(-21.70929889666,50.146828393788,6.));
#6816 = CARTESIAN_POINT('',(-20.68876676093,51.23332049044,6.));
#6817 = CARTESIAN_POINT('',(-19.62436248891,52.275826764839,6.));
#6818 = CARTESIAN_POINT('',(-17.7434521739,53.960522529197,6.));
#6819 = CARTESIAN_POINT('',(-16.94995998233,54.628026082353,6.));
#6820 = CARTESIAN_POINT('',(-16.13487644071,55.269698086986,6.));
#6821 = CARTESIAN_POINT('',(-15.29820618578,55.883510781863,6.));
#6822 = CARTESIAN_POINT('',(-14.44013167318,56.467261290691,6.));
#6823 = CARTESIAN_POINT('',(-13.56104250945,57.018613607617,6.));
#6824 = CARTESIAN_POINT('',(-12.66157269621,57.535152237935,6.));
#6825 = CARTESIAN_POINT('',(-10.38686657907,58.721597081981,6.));
#6826 = CARTESIAN_POINT('',(-8.988168641546,59.347971260782,6.));
#6827 = CARTESIAN_POINT('',(-7.550343795124,59.885194314265,6.));
#6828 = CARTESIAN_POINT('',(-6.078399391362,60.325276841781,6.));
#6829 = CARTESIAN_POINT('',(-4.578687516181,60.661126553547,6.));
#6830 = CARTESIAN_POINT('',(-3.059046817505,60.887133000002,6.));
#6831 = CARTESIAN_POINT('',(-1.528993746167,61.000000058407,6.));
#6832 = CARTESIAN_POINT('',(8.547814935797E-15,61.,6.));
#6833 = PCURVE('',#1620,#6834);
#6834 = DEFINITIONAL_REPRESENTATION('',(#6835),#7006);
#6835 = B_SPLINE_CURVE_WITH_KNOTS('',8,(#6836,#6837,#6838,#6839,#6840,
    #6841,#6842,#6843,#6844,#6845,#6846,#6847,#6848,#6849,#6850,#6851,
    #6852,#6853,#6854,#6855,#6856,#6857,#6858,#6859,#6860,#6861,#6862,
    #6863,#6864,#6865,#6866,#6867,#6868,#6869,#6870,#6871,#6872,#6873,
    #6874,#6875,#6876,#6877,#6878,#6879,#6880,#6881,#6882,#6883,#6884,
    #6885,#6886,#6887,#6888,#6889,#6890,#6891,#6892,#6893,#6894,#6895,
    #6896,#6897,#6898,#6899,#6900,#6901,#6902,#6903,#6904,#6905,#6906,
    #6907,#6908,#6909,#6910,#6911,#6912,#6913,#6914,#6915,#6916,#6917,
    #6918,#6919,#6920,#6921,#6922,#6923,#6924,#6925,#6926,#6927,#6928,
    #6929,#6930,#6931,#6932,#6933,#6934,#6935,#6936,#6937,#6938,#6939,
    #6940,#6941,#6942,#6943,#6944,#6945,#6946,#6947,#6948,#6949,#6950,
    #6951,#6952,#6953,#6954,#6955,#6956,#6957,#6958,#6959,#6960,#6961,
    #6962,#6963,#6964,#6965,#6966,#6967,#6968,#6969,#6970,#6971,#6972,
    #6973,#6974,#6975,#6976,#6977,#6978,#6979,#6980,#6981,#6982,#6983,
    #6984,#6985,#6986,#6987,#6988,#6989,#6990,#6991,#6992,#6993,#6994,
    #6995,#6996,#6997,#6998,#6999,#7000,#7001,#7002,#7003,#7004,#7005),
  .UNSPECIFIED.,.F.,.F.,(9,7,7,7,7,7,7,7,7,7,7,7,7,7,7,7,7,7,7,7,7,7,7,7
    ,9),(0.,3.880908226334E-02,6.511330033094E-02,0.10289263558,
    0.136344647509,0.165383771345,0.249996704594,0.334609637844,
    0.363648761682,0.397100773612,0.434880108863,0.461184326933,
    0.482483885033,0.500000967674,0.525274281717,0.538816548794,
    0.565120716915,0.602899980428,0.636351928837,0.665390997533,
    0.750003770115,0.834616542695,0.863655611391,0.897107559799,
    0.90055996044),.UNSPECIFIED.);
#6836 = CARTESIAN_POINT('',(6.28318530718,-3.));
#6837 = CARTESIAN_POINT('',(6.242948628269,-3.));
#6838 = CARTESIAN_POINT('',(6.202684081438,-3.));
#6839 = CARTESIAN_POINT('',(6.162594251602,-3.));
#6840 = CARTESIAN_POINT('',(6.122829806476,-3.));
#6841 = CARTESIAN_POINT('',(6.083507510818,-3.));
#6842 = CARTESIAN_POINT('',(6.044719995817,-3.));
#6843 = CARTESIAN_POINT('',(6.006540530469,-3.));
#6844 = CARTESIAN_POINT('',(5.943599280028,-3.));
#6845 = CARTESIAN_POINT('',(5.918470822657,-3.));
#6846 = CARTESIAN_POINT('',(5.89365102549,-3.));
#6847 = CARTESIAN_POINT('',(5.869145436227,-3.));
#6848 = CARTESIAN_POINT('',(5.844955649709,-3.));
#6849 = CARTESIAN_POINT('',(5.821079862259,-3.));
#6850 = CARTESIAN_POINT('',(5.797513125166,-3.));
#6851 = CARTESIAN_POINT('',(5.74083183866,-3.));
#6852 = CARTESIAN_POINT('',(5.708043958958,-3.));
#6853 = CARTESIAN_POINT('',(5.675856101285,-3.));
#6854 = CARTESIAN_POINT('',(5.64424106203,-3.));
#6855 = CARTESIAN_POINT('',(5.613170907957,-3.));
#6856 = CARTESIAN_POINT('',(5.58261600565,-3.));
#6857 = CARTESIAN_POINT('',(5.552544163326,-3.));
#6858 = CARTESIAN_POINT('',(5.496688832901,-3.));
#6859 = CARTESIAN_POINT('',(5.470812714091,-3.));
#6860 = CARTESIAN_POINT('',(5.445268939644,-3.));
#6861 = CARTESIAN_POINT('',(5.420037095767,-3.));
#6862 = CARTESIAN_POINT('',(5.395098166532,-3.));
#6863 = CARTESIAN_POINT('',(5.370433920985,-3.));
#6864 = CARTESIAN_POINT('',(5.346026464611,-3.));
#6865 = CARTESIAN_POINT('',(5.300877682313,-3.));
#6866 = CARTESIAN_POINT('',(5.280078266983,-3.));
#6867 = CARTESIAN_POINT('',(5.259448456968,-3.));
#6868 = CARTESIAN_POINT('',(5.238977780463,-3.));
#6869 = CARTESIAN_POINT('',(5.218656382676,-3.));
#6870 = CARTESIAN_POINT('',(5.198474862411,-3.));
#6871 = CARTESIAN_POINT('',(5.178424108661,-3.));
#6872 = CARTESIAN_POINT('',(5.100426968819,-3.));
#6873 = CARTESIAN_POINT('',(5.043409972726,-3.));
#6874 = CARTESIAN_POINT('',(4.987203100861,-3.));
#6875 = CARTESIAN_POINT('',(4.931622452601,-3.));
#6876 = CARTESIAN_POINT('',(4.876505254294,-3.));
#6877 = CARTESIAN_POINT('',(4.821699217746,-3.));
#6878 = CARTESIAN_POINT('',(4.767050217054,-3.));
#6879 = CARTESIAN_POINT('',(4.657727743714,-3.));
#6880 = CARTESIAN_POINT('',(4.603078743029,-3.));
#6881 = CARTESIAN_POINT('',(4.548272706464,-3.));
#6882 = CARTESIAN_POINT('',(4.493155508184,-3.));
#6883 = CARTESIAN_POINT('',(4.437574859896,-3.));
#6884 = CARTESIAN_POINT('',(4.38136798805,-3.));
#6885 = CARTESIAN_POINT('',(4.324350991949,-3.));
#6886 = CARTESIAN_POINT('',(4.246353852109,-3.));
#6887 = CARTESIAN_POINT('',(4.226303098359,-3.));
#6888 = CARTESIAN_POINT('',(4.206121578094,-3.));
#6889 = CARTESIAN_POINT('',(4.185800180306,-3.));
#6890 = CARTESIAN_POINT('',(4.165329503802,-3.));
#6891 = CARTESIAN_POINT('',(4.144699693786,-3.));
#6892 = CARTESIAN_POINT('',(4.123900278457,-3.));
#6893 = CARTESIAN_POINT('',(4.078751496159,-3.));
#6894 = CARTESIAN_POINT('',(4.054344039784,-3.));
#6895 = CARTESIAN_POINT('',(4.029679794237,-3.));
#6896 = CARTESIAN_POINT('',(4.004740865003,-3.));
#6897 = CARTESIAN_POINT('',(3.979509021125,-3.));
#6898 = CARTESIAN_POINT('',(3.953965246679,-3.));
#6899 = CARTESIAN_POINT('',(3.928089127869,-3.));
#6900 = CARTESIAN_POINT('',(3.872233797443,-3.));
#6901 = CARTESIAN_POINT('',(3.842161955119,-3.));
#6902 = CARTESIAN_POINT('',(3.811607052813,-3.));
#6903 = CARTESIAN_POINT('',(3.78053689874,-3.));
#6904 = CARTESIAN_POINT('',(3.748921859484,-3.));
#6905 = CARTESIAN_POINT('',(3.716734001811,-3.));
#6906 = CARTESIAN_POINT('',(3.68394612211,-3.));
#6907 = CARTESIAN_POINT('',(3.627264835604,-3.));
#6908 = CARTESIAN_POINT('',(3.603698098511,-3.));
#6909 = CARTESIAN_POINT('',(3.579822311061,-3.));
#6910 = CARTESIAN_POINT('',(3.555632524542,-3.));
#6911 = CARTESIAN_POINT('',(3.53112693528,-3.));
#6912 = CARTESIAN_POINT('',(3.506307138112,-3.));
#6913 = CARTESIAN_POINT('',(3.481178680742,-3.));
#6914 = CARTESIAN_POINT('',(3.435162871645,-3.));
#6915 = CARTESIAN_POINT('',(3.414378408208,-3.));
#6916 = CARTESIAN_POINT('',(3.393405080556,-3.));
#6917 = CARTESIAN_POINT('',(3.372251698152,-3.));
#6918 = CARTESIAN_POINT('',(3.3509294762,-3.));
#6919 = CARTESIAN_POINT('',(3.329452354999,-3.));
#6920 = CARTESIAN_POINT('',(3.30783749044,-3.));
#6921 = CARTESIAN_POINT('',(3.26823353588,-3.));
#6922 = CARTESIAN_POINT('',(3.250281095392,-3.));
#6923 = CARTESIAN_POINT('',(3.23226061429,-3.));
#6924 = CARTESIAN_POINT('',(3.214184473431,-3.));
#6925 = CARTESIAN_POINT('',(3.196065576884,-3.));
#6926 = CARTESIAN_POINT('',(3.177917514387,-3.));
#6927 = CARTESIAN_POINT('',(3.159754723806,-3.));
#6928 = CARTESIAN_POINT('',(3.115388763728,-3.));
#6929 = CARTESIAN_POINT('',(3.089180726895,-3.));
#6930 = CARTESIAN_POINT('',(3.063018091215,-3.));
#6931 = CARTESIAN_POINT('',(3.036944027212,-3.));
#6932 = CARTESIAN_POINT('',(3.010996799999,-3.));
#6933 = CARTESIAN_POINT('',(2.985210934797,-3.));
#6934 = CARTESIAN_POINT('',(2.959618075813,-3.));
#6935 = CARTESIAN_POINT('',(2.920653175947,-3.));
#6936 = CARTESIAN_POINT('',(2.907121631713,-3.));
#6937 = CARTESIAN_POINT('',(2.893656778272,-3.));
#6938 = CARTESIAN_POINT('',(2.880261956475,-3.));
#6939 = CARTESIAN_POINT('',(2.86694001468,-3.));
#6940 = CARTESIAN_POINT('',(2.853693347931,-3.));
#6941 = CARTESIAN_POINT('',(2.840523937133,-3.));
#6942 = CARTESIAN_POINT('',(2.802006626438,-3.));
#6943 = CARTESIAN_POINT('',(2.776878169068,-3.));
#6944 = CARTESIAN_POINT('',(2.7520583719,-3.));
#6945 = CARTESIAN_POINT('',(2.727552782638,-3.));
#6946 = CARTESIAN_POINT('',(2.703362996119,-3.));
#6947 = CARTESIAN_POINT('',(2.679487208669,-3.));
#6948 = CARTESIAN_POINT('',(2.655920471576,-3.));
#6949 = CARTESIAN_POINT('',(2.59923918507,-3.));
#6950 = CARTESIAN_POINT('',(2.566451305369,-3.));
#6951 = CARTESIAN_POINT('',(2.534263447696,-3.));
#6952 = CARTESIAN_POINT('',(2.50264840844,-3.));
#6953 = CARTESIAN_POINT('',(2.471578254367,-3.));
#6954 = CARTESIAN_POINT('',(2.441023352061,-3.));
#6955 = CARTESIAN_POINT('',(2.410951509737,-3.));
#6956 = CARTESIAN_POINT('',(2.355096179311,-3.));
#6957 = CARTESIAN_POINT('',(2.329220060501,-3.));
#6958 = CARTESIAN_POINT('',(2.303676286054,-3.));
#6959 = CARTESIAN_POINT('',(2.278444442177,-3.));
#6960 = CARTESIAN_POINT('',(2.253505512943,-3.));
#6961 = CARTESIAN_POINT('',(2.228841267396,-3.));
#6962 = CARTESIAN_POINT('',(2.204433811021,-3.));
#6963 = CARTESIAN_POINT('',(2.159285028723,-3.));
#6964 = CARTESIAN_POINT('',(2.138485613394,-3.));
#6965 = CARTESIAN_POINT('',(2.117855803378,-3.));
#6966 = CARTESIAN_POINT('',(2.097385126873,-3.));
#6967 = CARTESIAN_POINT('',(2.077063729086,-3.));
#6968 = CARTESIAN_POINT('',(2.056882208821,-3.));
#6969 = CARTESIAN_POINT('',(2.036831455071,-3.));
#6970 = CARTESIAN_POINT('',(1.95883431523,-3.));
#6971 = CARTESIAN_POINT('',(1.90181731913,-3.));
#6972 = CARTESIAN_POINT('',(1.845610447284,-3.));
#6973 = CARTESIAN_POINT('',(1.790029798996,-3.));
#6974 = CARTESIAN_POINT('',(1.734912600715,-3.));
#6975 = CARTESIAN_POINT('',(1.680106564151,-3.));
#6976 = CARTESIAN_POINT('',(1.625457563466,-3.));
#6977 = CARTESIAN_POINT('',(1.516135090125,-3.));
#6978 = CARTESIAN_POINT('',(1.461486089436,-3.));
#6979 = CARTESIAN_POINT('',(1.406680052881,-3.));
#6980 = CARTESIAN_POINT('',(1.351562854587,-3.));
#6981 = CARTESIAN_POINT('',(1.29598220631,-3.));
#6982 = CARTESIAN_POINT('',(1.239775334459,-3.));
#6983 = CARTESIAN_POINT('',(1.18275833836,-3.));
#6984 = CARTESIAN_POINT('',(1.104761198519,-3.));
#6985 = CARTESIAN_POINT('',(1.084710444769,-3.));
#6986 = CARTESIAN_POINT('',(1.064528924504,-3.));
#6987 = CARTESIAN_POINT('',(1.044207526717,-3.));
#6988 = CARTESIAN_POINT('',(1.023736850212,-3.));
#6989 = CARTESIAN_POINT('',(1.003107040196,-3.));
#6990 = CARTESIAN_POINT('',(0.982307624867,-3.));
#6991 = CARTESIAN_POINT('',(0.937158842569,-3.));
#6992 = CARTESIAN_POINT('',(0.912751386194,-3.));
#6993 = CARTESIAN_POINT('',(0.888087140647,-3.));
#6994 = CARTESIAN_POINT('',(0.863148211413,-3.));
#6995 = CARTESIAN_POINT('',(0.837916367536,-3.));
#6996 = CARTESIAN_POINT('',(0.812372593089,-3.));
#6997 = CARTESIAN_POINT('',(0.786496474279,-3.));
#6998 = CARTESIAN_POINT('',(0.75755825247,-3.));
#6999 = CARTESIAN_POINT('',(0.754847345191,-3.));
#7000 = CARTESIAN_POINT('',(0.752132673243,-3.));
#7001 = CARTESIAN_POINT('',(0.749414209768,-3.));
#7002 = CARTESIAN_POINT('',(0.746691928134,-3.));
#7003 = CARTESIAN_POINT('',(0.74396580193,-3.));
#7004 = CARTESIAN_POINT('',(0.74123580496,-3.));
#7005 = CARTESIAN_POINT('',(0.73850191124,-3.));
#7006 = ( GEOMETRIC_REPRESENTATION_CONTEXT(2) 
PARAMETRIC_REPRESENTATION_CONTEXT() REPRESENTATION_CONTEXT('2D SPACE',''
  ) );
#7007 = PCURVE('',#3012,#7008);
#7008 = DEFINITIONAL_REPRESENTATION('',(#7009),#7194);
#7009 = B_SPLINE_CURVE_WITH_KNOTS('',8,(#7010,#7011,#7012,#7013,#7014,
    #7015,#7016,#7017,#7018,#7019,#7020,#7021,#7022,#7023,#7024,#7025,
    #7026,#7027,#7028,#7029,#7030,#7031,#7032,#7033,#7034,#7035,#7036,
    #7037,#7038,#7039,#7040,#7041,#7042,#7043,#7044,#7045,#7046,#7047,
    #7048,#7049,#7050,#7051,#7052,#7053,#7054,#7055,#7056,#7057,#7058,
    #7059,#7060,#7061,#7062,#7063,#7064,#7065,#7066,#7067,#7068,#7069,
    #7070,#7071,#7072,#7073,#7074,#7075,#7076,#7077,#7078,#7079,#7080,
    #7081,#7082,#7083,#7084,#7085,#7086,#7087,#7088,#7089,#7090,#7091,
    #7092,#7093,#7094,#7095,#7096,#7097,#7098,#7099,#7100,#7101,#7102,
    #7103,#7104,#7105,#7106,#7107,#7108,#7109,#7110,#7111,#7112,#7113,
    #7114,#7115,#7116,#7117,#7118,#7119,#7120,#7121,#7122,#7123,#7124,
    #7125,#7126,#7127,#7128,#7129,#7130,#7131,#7132,#7133,#7134,#7135,
    #7136,#7137,#7138,#7139,#7140,#7141,#7142,#7143,#7144,#7145,#7146,
    #7147,#7148,#7149,#7150,#7151,#7152,#7153,#7154,#7155,#7156,#7157,
    #7158,#7159,#7160,#7161,#7162,#7163,#7164,#7165,#7166,#7167,#7168,
    #7169,#7170,#7171,#7172,#7173,#7174,#7175,#7176,#7177,#7178,#7179,
    #7180,#7181,#7182,#7183,#7184,#7185,#7186,#7187,#7188,#7189,#7190,
    #7191,#7192,#7193),.UNSPECIFIED.,.F.,.F.,(9,7,7,7,7,7,7,7,7,7,7,7,7,
    7,7,7,7,7,7,7,7,7,7,7,7,7,9),(0.,3.880908226334E-02,
    6.511330033094E-02,0.10289263558,0.136344647509,0.165383771345,
    0.249996704594,0.334609637844,0.363648761682,0.397100773612,
    0.434880108863,0.461184326933,0.482483885033,0.500000967674,
    0.525274281717,0.538816548794,0.565120716915,0.602899980428,
    0.636351928837,0.665390997533,0.750003770115,0.834616542695,
    0.863655611391,0.897107559799,0.934886823311,0.961190991431,1.),
  .UNSPECIFIED.);
#7010 = CARTESIAN_POINT('',(1.42108547152E-14,57.348352331139));
#7011 = CARTESIAN_POINT('',(1.528993746164,57.348352389528));
#7012 = CARTESIAN_POINT('',(3.059046817505,57.235485331199));
#7013 = CARTESIAN_POINT('',(4.578687516181,57.009478884621));
#7014 = CARTESIAN_POINT('',(6.078399391358,56.673629172923));
#7015 = CARTESIAN_POINT('',(7.55034379512,56.233546645472));
#7016 = CARTESIAN_POINT('',(8.988168641543,55.696323591861));
#7017 = CARTESIAN_POINT('',(10.386866579065,55.069949413143));
#7018 = CARTESIAN_POINT('',(12.661572696207,53.883504569081));
#7019 = CARTESIAN_POINT('',(13.561042509457,53.366965938753));
#7020 = CARTESIAN_POINT('',(14.440131673176,52.815613621834));
#7021 = CARTESIAN_POINT('',(15.298206185778,52.231863113012));
#7022 = CARTESIAN_POINT('',(16.134876440709,51.618050418129));
#7023 = CARTESIAN_POINT('',(16.949959982332,50.97637841349));
#7024 = CARTESIAN_POINT('',(17.743452173893,50.308874860344));
#7025 = CARTESIAN_POINT('',(19.624362488906,48.624179095981));
#7026 = CARTESIAN_POINT('',(20.688766760933,47.581672821589));
#7027 = CARTESIAN_POINT('',(21.709298896659,46.495180724932));
#7028 = CARTESIAN_POINT('',(22.686731449087,45.369518777191));
#7029 = CARTESIAN_POINT('',(23.622008493587,44.208965496838));
#7030 = CARTESIAN_POINT('',(24.516219429925,43.017240541281));
#7031 = CARTESIAN_POINT('',(25.370566313918,41.797477840483));
#7032 = CARTESIAN_POINT('',(26.908644441622,39.449546183755));
#7033 = CARTESIAN_POINT('',(27.600598508849,38.327059253203));
#7034 = CARTESIAN_POINT('',(28.263026668922,37.186583704147));
#7035 = CARTESIAN_POINT('',(28.896707606951,36.029786630549));
#7036 = CARTESIAN_POINT('',(29.502376439193,34.858160593685));
#7037 = CARTESIAN_POINT('',(30.080735237527,33.673029437955));
#7038 = CARTESIAN_POINT('',(30.632456583845,32.475550325898));
#7039 = CARTESIAN_POINT('',(31.614551775202,30.217339741848));
#7040 = CARTESIAN_POINT('',(32.051315454172,29.159448757701));
#7041 = CARTESIAN_POINT('',(32.468881935741,28.093707591438));
#7042 = CARTESIAN_POINT('',(32.867630335279,27.020734208687));
#7043 = CARTESIAN_POINT('',(33.247911211452,25.941097128466));
#7044 = CARTESIAN_POINT('',(33.610049638607,24.855316562404));
#7045 = CARTESIAN_POINT('',(33.954348279162,23.763865553968));
#7046 = CARTESIAN_POINT('',(35.233137188152,19.471669711684));
#7047 = CARTESIAN_POINT('',(36.035843816881,16.232593122973));
#7048 = CARTESIAN_POINT('',(36.696639099759,12.959515003038));
#7049 = CARTESIAN_POINT('',(37.220432259711,9.660893310091));
#7050 = CARTESIAN_POINT('',(37.610828499304,6.344266606989));
#7051 = CARTESIAN_POINT('',(37.870241573365,3.016276028933));
#7052 = CARTESIAN_POINT('',(38.000000054523,-0.317312104145));
#7053 = CARTESIAN_POINT('',(38.000000054519,-6.985983233584));
#7054 = CARTESIAN_POINT('',(37.870241573381,-10.31957136656));
#7055 = CARTESIAN_POINT('',(37.610828499279,-13.64756194485));
#7056 = CARTESIAN_POINT('',(37.220432259737,-16.96418864762));
#7057 = CARTESIAN_POINT('',(36.696639099748,-20.26281034086));
#7058 = CARTESIAN_POINT('',(36.035843816887,-23.53588846063));
#7059 = CARTESIAN_POINT('',(35.233137188154,-26.7749650494));
#7060 = CARTESIAN_POINT('',(33.954348279165,-31.06716089167));
#7061 = CARTESIAN_POINT('',(33.610049638611,-32.15861190011));
#7062 = CARTESIAN_POINT('',(33.247911211455,-33.24439246617));
#7063 = CARTESIAN_POINT('',(32.867630335283,-34.32402954639));
#7064 = CARTESIAN_POINT('',(32.468881935745,-35.39700292914));
#7065 = CARTESIAN_POINT('',(32.051315454176,-36.46274409541));
#7066 = CARTESIAN_POINT('',(31.614551775206,-37.52063507955));
#7067 = CARTESIAN_POINT('',(30.632456583852,-39.77884566361));
#7068 = CARTESIAN_POINT('',(30.080735237526,-40.97632477566));
#7069 = CARTESIAN_POINT('',(29.502376439198,-42.16145593139));
#7070 = CARTESIAN_POINT('',(28.896707606961,-43.33308196826));
#7071 = CARTESIAN_POINT('',(28.263026668927,-44.48987904185));
#7072 = CARTESIAN_POINT('',(27.600598508849,-45.63035459091));
#7073 = CARTESIAN_POINT('',(26.90864444163,-46.75284152147));
#7074 = CARTESIAN_POINT('',(25.370566313925,-49.10077317819));
#7075 = CARTESIAN_POINT('',(24.516219429928,-50.32053587899));
#7076 = CARTESIAN_POINT('',(23.622008493592,-51.51226083455));
#7077 = CARTESIAN_POINT('',(22.686731449094,-52.6728141149));
#7078 = CARTESIAN_POINT('',(21.709298896665,-53.79847606264));
#7079 = CARTESIAN_POINT('',(20.688766760936,-54.8849681593));
#7080 = CARTESIAN_POINT('',(19.624362488912,-55.92747443369));
#7081 = CARTESIAN_POINT('',(17.743452173899,-57.61217019806));
#7082 = CARTESIAN_POINT('',(16.949959982336,-58.2796737512));
#7083 = CARTESIAN_POINT('',(16.134876440714,-58.92134575584));
#7084 = CARTESIAN_POINT('',(15.298206185785,-59.53515845072));
#7085 = CARTESIAN_POINT('',(14.440131673182,-60.11890895955));
#7086 = CARTESIAN_POINT('',(13.561042509461,-60.67026127647));
#7087 = CARTESIAN_POINT('',(12.661572696214,-61.18679990679));
#7088 = CARTESIAN_POINT('',(10.998554590658,-62.05419940512));
#7089 = CARTESIAN_POINT('',(10.24171203389,-62.41788141861));
#7090 = CARTESIAN_POINT('',(9.472646765261,-62.75583250287));
#7091 = CARTESIAN_POINT('',(8.69201968995,-63.06674642062));
#7092 = CARTESIAN_POINT('',(7.900634493421,-63.34934754112));
#7093 = CARTESIAN_POINT('',(7.099451022587,-63.60242694719));
#7094 = CARTESIAN_POINT('',(6.289601523701,-63.82488650604));
#7095 = CARTESIAN_POINT('',(4.800338605936,-64.17279382526));
#7096 = CARTESIAN_POINT('',(4.123259462076,-64.30846322358));
#7097 = CARTESIAN_POINT('',(3.441919453669,-64.42227308555));
#7098 = CARTESIAN_POINT('',(2.757101280656,-64.51378484206));
#7099 = CARTESIAN_POINT('',(2.069624172334,-64.58265643398));
#7100 = CARTESIAN_POINT('',(1.380344865033,-64.62865137829));
#7101 = CARTESIAN_POINT('',(0.690158579786,-64.65164783413));
#7102 = CARTESIAN_POINT('',(-0.995747777195,-64.65164773362));
#7103 = CARTESIAN_POINT('',(-1.991653330474,-64.60377859084));
#7104 = CARTESIAN_POINT('',(-2.984791373153,-64.5080146873));
#7105 = CARTESIAN_POINT('',(-3.97247896593,-64.36490536245));
#7106 = CARTESIAN_POINT('',(-4.952260643428,-64.17547690786));
#7107 = CARTESIAN_POINT('',(-5.921895820619,-63.94115054168));
#7108 = CARTESIAN_POINT('',(-6.879348479103,-63.66367629824));
#7109 = CARTESIAN_POINT('',(-8.328300086171,-63.1743700771));
#7110 = CARTESIAN_POINT('',(-8.829832926805,-62.99183819435));
#7111 = CARTESIAN_POINT('',(-9.327117826247,-62.79778837708));
#7112 = CARTESIAN_POINT('',(-9.819923668769,-62.59253613434));
#7113 = CARTESIAN_POINT('',(-10.30804638521,-62.37640738083));
#7114 = CARTESIAN_POINT('',(-10.79130728638,-62.14973452624));
#7115 = CARTESIAN_POINT('',(-11.26955139642,-61.91285256445));
#7116 = CARTESIAN_POINT('',(-12.6615726962,-61.1867999068));
#7117 = CARTESIAN_POINT('',(-13.56104250945,-60.67026127647));
#7118 = CARTESIAN_POINT('',(-14.44013167317,-60.11890895955));
#7119 = CARTESIAN_POINT('',(-15.29820618577,-59.53515845073));
#7120 = CARTESIAN_POINT('',(-16.1348764407,-58.92134575585));
#7121 = CARTESIAN_POINT('',(-16.94995998232,-58.27967375121));
#7122 = CARTESIAN_POINT('',(-17.74345217389,-57.61217019806));
#7123 = CARTESIAN_POINT('',(-19.6243624889,-55.9274744337));
#7124 = CARTESIAN_POINT('',(-20.68876676093,-54.88496815931));
#7125 = CARTESIAN_POINT('',(-21.70929889665,-53.79847606265));
#7126 = CARTESIAN_POINT('',(-22.68673144908,-52.67281411491));
#7127 = CARTESIAN_POINT('',(-23.62200849358,-51.51226083456));
#7128 = CARTESIAN_POINT('',(-24.51621942992,-50.320535879));
#7129 = CARTESIAN_POINT('',(-25.37056631391,-49.1007731782));
#7130 = CARTESIAN_POINT('',(-26.90864444162,-46.75284152148));
#7131 = CARTESIAN_POINT('',(-27.60059850884,-45.63035459092));
#7132 = CARTESIAN_POINT('',(-28.26302666892,-44.48987904187));
#7133 = CARTESIAN_POINT('',(-28.89670760695,-43.33308196827));
#7134 = CARTESIAN_POINT('',(-29.50237643919,-42.16145593141));
#7135 = CARTESIAN_POINT('',(-30.08073523752,-40.97632477567));
#7136 = CARTESIAN_POINT('',(-30.63245658384,-39.77884566362));
#7137 = CARTESIAN_POINT('',(-31.6145517752,-37.52063507957));
#7138 = CARTESIAN_POINT('',(-32.05131545417,-36.46274409542));
#7139 = CARTESIAN_POINT('',(-32.46888193573,-35.39700292916));
#7140 = CARTESIAN_POINT('',(-32.86763033527,-34.32402954641));
#7141 = CARTESIAN_POINT('',(-33.24791121145,-33.24439246618));
#7142 = CARTESIAN_POINT('',(-33.6100496386,-32.15861190012));
#7143 = CARTESIAN_POINT('',(-33.95434827916,-31.06716089169));
#7144 = CARTESIAN_POINT('',(-35.23313718814,-26.77496504938));
#7145 = CARTESIAN_POINT('',(-36.03584381691,-23.53588846079));
#7146 = CARTESIAN_POINT('',(-36.69663909967,-20.26281034056));
#7147 = CARTESIAN_POINT('',(-37.22043225981,-16.96418864804));
#7148 = CARTESIAN_POINT('',(-37.61082849922,-13.64756194454));
#7149 = CARTESIAN_POINT('',(-37.8702415734,-10.31957136672));
#7150 = CARTESIAN_POINT('',(-38.00000005451,-6.985983233562));
#7151 = CARTESIAN_POINT('',(-38.00000005451,-0.317312104208));
#7152 = CARTESIAN_POINT('',(-37.87024157339,3.016276029116));
#7153 = CARTESIAN_POINT('',(-37.61082849922,6.34426660661));
#7154 = CARTESIAN_POINT('',(-37.22043225982,9.660893310475));
#7155 = CARTESIAN_POINT('',(-36.69663909966,12.959515002769));
#7156 = CARTESIAN_POINT('',(-36.03584381692,16.232593123059));
#7157 = CARTESIAN_POINT('',(-35.23313718814,19.471669711656));
#7158 = CARTESIAN_POINT('',(-33.95434827916,23.763865553959));
#7159 = CARTESIAN_POINT('',(-33.61004963861,24.855316562394));
#7160 = CARTESIAN_POINT('',(-33.24791121145,25.941097128455));
#7161 = CARTESIAN_POINT('',(-32.86763033528,27.020734208677));
#7162 = CARTESIAN_POINT('',(-32.46888193574,28.093707591429));
#7163 = CARTESIAN_POINT('',(-32.05131545417,29.159448757693));
#7164 = CARTESIAN_POINT('',(-31.6145517752,30.217339741838));
#7165 = CARTESIAN_POINT('',(-30.63245658385,32.475550325885));
#7166 = CARTESIAN_POINT('',(-30.08073523752,33.673029437954));
#7167 = CARTESIAN_POINT('',(-29.50237643919,34.858160593678));
#7168 = CARTESIAN_POINT('',(-28.89670760696,36.029786630535));
#7169 = CARTESIAN_POINT('',(-28.26302666892,37.186583704139));
#7170 = CARTESIAN_POINT('',(-27.60059850884,38.327059253202));
#7171 = CARTESIAN_POINT('',(-26.90864444163,39.449546183745));
#7172 = CARTESIAN_POINT('',(-25.37056631392,41.797477840479));
#7173 = CARTESIAN_POINT('',(-24.51621942993,43.01724054127));
#7174 = CARTESIAN_POINT('',(-23.62200849359,44.208965496832));
#7175 = CARTESIAN_POINT('',(-22.68673144909,45.369518777191));
#7176 = CARTESIAN_POINT('',(-21.70929889666,46.495180724928));
#7177 = CARTESIAN_POINT('',(-20.68876676093,47.581672821579));
#7178 = CARTESIAN_POINT('',(-19.62436248891,48.624179095979));
#7179 = CARTESIAN_POINT('',(-17.7434521739,50.308874860337));
#7180 = CARTESIAN_POINT('',(-16.94995998233,50.976378413492));
#7181 = CARTESIAN_POINT('',(-16.13487644071,51.618050418126));
#7182 = CARTESIAN_POINT('',(-15.29820618578,52.231863113003));
#7183 = CARTESIAN_POINT('',(-14.44013167318,52.815613621831));
#7184 = CARTESIAN_POINT('',(-13.56104250945,53.366965938756));
#7185 = CARTESIAN_POINT('',(-12.66157269621,53.883504569075));
#7186 = CARTESIAN_POINT('',(-10.38686657907,55.069949413121));
#7187 = CARTESIAN_POINT('',(-8.988168641546,55.696323591922));
#7188 = CARTESIAN_POINT('',(-7.550343795124,56.233546645405));
#7189 = CARTESIAN_POINT('',(-6.078399391362,56.67362917292));
#7190 = CARTESIAN_POINT('',(-4.578687516181,57.009478884687));
#7191 = CARTESIAN_POINT('',(-3.059046817505,57.235485331141));
#7192 = CARTESIAN_POINT('',(-1.528993746167,57.348352389547));
#7193 = CARTESIAN_POINT('',(7.105427357601E-15,57.348352331139));
#7194 = ( GEOMETRIC_REPRESENTATION_CONTEXT(2) 
PARAMETRIC_REPRESENTATION_CONTEXT() REPRESENTATION_CONTEXT('2D SPACE',''
  ) );
#7195 = ORIENTED_EDGE('',*,*,#2968,.T.);
#7196 = ORIENTED_EDGE('',*,*,#1603,.F.);
#7197 = ORIENTED_EDGE('',*,*,#5309,.F.);
#7198 = ADVANCED_FACE('',(#7199),#1722,.T.);
#7199 = FACE_BOUND('',#7200,.T.);
#7200 = EDGE_LOOP('',(#7201,#7751,#7752,#7753));
#7201 = ORIENTED_EDGE('',*,*,#7202,.F.);
#7202 = EDGE_CURVE('',#2657,#2844,#7203,.T.);
#7203 = SURFACE_CURVE('',#7204,(#7389,#7563),.PCURVE_S1.);
#7204 = B_SPLINE_CURVE_WITH_KNOTS('',8,(#7205,#7206,#7207,#7208,#7209,
    #7210,#7211,#7212,#7213,#7214,#7215,#7216,#7217,#7218,#7219,#7220,
    #7221,#7222,#7223,#7224,#7225,#7226,#7227,#7228,#7229,#7230,#7231,
    #7232,#7233,#7234,#7235,#7236,#7237,#7238,#7239,#7240,#7241,#7242,
    #7243,#7244,#7245,#7246,#7247,#7248,#7249,#7250,#7251,#7252,#7253,
    #7254,#7255,#7256,#7257,#7258,#7259,#7260,#7261,#7262,#7263,#7264,
    #7265,#7266,#7267,#7268,#7269,#7270,#7271,#7272,#7273,#7274,#7275,
    #7276,#7277,#7278,#7279,#7280,#7281,#7282,#7283,#7284,#7285,#7286,
    #7287,#7288,#7289,#7290,#7291,#7292,#7293,#7294,#7295,#7296,#7297,
    #7298,#7299,#7300,#7301,#7302,#7303,#7304,#7305,#7306,#7307,#7308,
    #7309,#7310,#7311,#7312,#7313,#7314,#7315,#7316,#7317,#7318,#7319,
    #7320,#7321,#7322,#7323,#7324,#7325,#7326,#7327,#7328,#7329,#7330,
    #7331,#7332,#7333,#7334,#7335,#7336,#7337,#7338,#7339,#7340,#7341,
    #7342,#7343,#7344,#7345,#7346,#7347,#7348,#7349,#7350,#7351,#7352,
    #7353,#7354,#7355,#7356,#7357,#7358,#7359,#7360,#7361,#7362,#7363,
    #7364,#7365,#7366,#7367,#7368,#7369,#7370,#7371,#7372,#7373,#7374,
    #7375,#7376,#7377,#7378,#7379,#7380,#7381,#7382,#7383,#7384,#7385,
    #7386,#7387,#7388),.UNSPECIFIED.,.T.,.F.,(9,7,7,7,7,7,7,7,7,7,7,7,7,
    7,7,7,7,7,7,7,7,7,7,7,7,7,9),(0.,3.880908226334E-02,
    6.511330033094E-02,0.10289263558,0.136344647509,0.165383771345,
    0.249996704594,0.334609637844,0.363648761682,0.397100773612,
    0.434880108863,0.461184326933,0.482483885033,0.500000967674,
    0.525274281717,0.538816548794,0.565120716915,0.602899980428,
    0.636351928837,0.665390997533,0.750003770115,0.834616542695,
    0.863655611391,0.897107559799,0.934886823311,0.961190991431,1.),
  .UNSPECIFIED.);
#7205 = CARTESIAN_POINT('',(1.56532422934E-14,61.,6.));
#7206 = CARTESIAN_POINT('',(1.528993746164,61.000000058389,6.));
#7207 = CARTESIAN_POINT('',(3.059046817505,60.88713300006,6.));
#7208 = CARTESIAN_POINT('',(4.578687516181,60.661126553482,6.));
#7209 = CARTESIAN_POINT('',(6.078399391358,60.325276841783,6.));
#7210 = CARTESIAN_POINT('',(7.55034379512,59.885194314333,6.));
#7211 = CARTESIAN_POINT('',(8.988168641543,59.347971260722,6.));
#7212 = CARTESIAN_POINT('',(10.386866579065,58.721597082004,6.));
#7213 = CARTESIAN_POINT('',(12.661572696207,57.535152237942,6.));
#7214 = CARTESIAN_POINT('',(13.561042509457,57.018613607614,6.));
#7215 = CARTESIAN_POINT('',(14.440131673176,56.467261290694,6.));
#7216 = CARTESIAN_POINT('',(15.298206185778,55.883510781873,6.));
#7217 = CARTESIAN_POINT('',(16.134876440709,55.26969808699,6.));
#7218 = CARTESIAN_POINT('',(16.949959982332,54.62802608235,6.));
#7219 = CARTESIAN_POINT('',(17.743452173893,53.960522529205,6.));
#7220 = CARTESIAN_POINT('',(19.624362488906,52.275826764841,6.));
#7221 = CARTESIAN_POINT('',(20.688766760933,51.23332049045,6.));
#7222 = CARTESIAN_POINT('',(21.709298896659,50.146828393793,6.));
#7223 = CARTESIAN_POINT('',(22.686731449087,49.021166446052,6.));
#7224 = CARTESIAN_POINT('',(23.622008493587,47.860613165699,6.));
#7225 = CARTESIAN_POINT('',(24.516219429925,46.668888210142,6.));
#7226 = CARTESIAN_POINT('',(25.370566313918,45.449125509343,6.));
#7227 = CARTESIAN_POINT('',(26.908644441622,43.101193852616,6.));
#7228 = CARTESIAN_POINT('',(27.600598508849,41.978706922064,6.));
#7229 = CARTESIAN_POINT('',(28.263026668922,40.838231373008,6.));
#7230 = CARTESIAN_POINT('',(28.896707606951,39.68143429941,6.));
#7231 = CARTESIAN_POINT('',(29.502376439193,38.509808262546,6.));
#7232 = CARTESIAN_POINT('',(30.080735237527,37.324677106816,6.));
#7233 = CARTESIAN_POINT('',(30.632456583845,36.127197994759,6.));
#7234 = CARTESIAN_POINT('',(31.614551775202,33.868987410709,6.));
#7235 = CARTESIAN_POINT('',(32.051315454172,32.811096426562,6.));
#7236 = CARTESIAN_POINT('',(32.468881935741,31.745355260298,6.));
#7237 = CARTESIAN_POINT('',(32.867630335279,30.672381877547,6.));
#7238 = CARTESIAN_POINT('',(33.247911211452,29.592744797326,6.));
#7239 = CARTESIAN_POINT('',(33.610049638607,28.506964231265,6.));
#7240 = CARTESIAN_POINT('',(33.954348279162,27.415513222828,6.));
#7241 = CARTESIAN_POINT('',(35.233137188152,23.123317380545,6.));
#7242 = CARTESIAN_POINT('',(36.035843816881,19.884240791833,6.));
#7243 = CARTESIAN_POINT('',(36.696639099759,16.611162671899,6.));
#7244 = CARTESIAN_POINT('',(37.220432259711,13.312540978952,6.));
#7245 = CARTESIAN_POINT('',(37.610828499304,9.995914275849,6.));
#7246 = CARTESIAN_POINT('',(37.870241573365,6.667923697793,6.));
#7247 = CARTESIAN_POINT('',(38.000000054523,3.334335564715,6.));
#7248 = CARTESIAN_POINT('',(38.000000054519,-3.334335564723,6.));
#7249 = CARTESIAN_POINT('',(37.870241573381,-6.667923697701,6.));
#7250 = CARTESIAN_POINT('',(37.610828499279,-9.995914275996,6.));
#7251 = CARTESIAN_POINT('',(37.220432259737,-13.31254097876,6.));
#7252 = CARTESIAN_POINT('',(36.696639099748,-16.611162672,6.));
#7253 = CARTESIAN_POINT('',(36.035843816887,-19.88424079177,6.));
#7254 = CARTESIAN_POINT('',(35.233137188154,-23.12331738054,6.));
#7255 = CARTESIAN_POINT('',(33.954348279165,-27.41551322281,6.));
#7256 = CARTESIAN_POINT('',(33.610049638611,-28.50696423125,6.));
#7257 = CARTESIAN_POINT('',(33.247911211455,-29.59274479731,6.));
#7258 = CARTESIAN_POINT('',(32.867630335283,-30.67238187753,6.));
#7259 = CARTESIAN_POINT('',(32.468881935745,-31.74535526028,6.));
#7260 = CARTESIAN_POINT('',(32.051315454176,-32.81109642655,6.));
#7261 = CARTESIAN_POINT('',(31.614551775206,-33.86898741069,6.));
#7262 = CARTESIAN_POINT('',(30.632456583852,-36.12719799475,6.));
#7263 = CARTESIAN_POINT('',(30.080735237526,-37.3246771068,6.));
#7264 = CARTESIAN_POINT('',(29.502376439198,-38.50980826253,6.));
#7265 = CARTESIAN_POINT('',(28.896707606961,-39.6814342994,6.));
#7266 = CARTESIAN_POINT('',(28.263026668927,-40.83823137299,6.));
#7267 = CARTESIAN_POINT('',(27.600598508849,-41.97870692205,6.));
#7268 = CARTESIAN_POINT('',(26.90864444163,-43.1011938526,6.));
#7269 = CARTESIAN_POINT('',(25.370566313925,-45.44912550933,6.));
#7270 = CARTESIAN_POINT('',(24.516219429928,-46.66888821013,6.));
#7271 = CARTESIAN_POINT('',(23.622008493592,-47.86061316569,6.));
#7272 = CARTESIAN_POINT('',(22.686731449094,-49.02116644604,6.));
#7273 = CARTESIAN_POINT('',(21.709298896665,-50.14682839378,6.));
#7274 = CARTESIAN_POINT('',(20.688766760936,-51.23332049044,6.));
#7275 = CARTESIAN_POINT('',(19.624362488912,-52.27582676483,6.));
#7276 = CARTESIAN_POINT('',(17.743452173899,-53.96052252919,6.));
#7277 = CARTESIAN_POINT('',(16.949959982336,-54.62802608234,6.));
#7278 = CARTESIAN_POINT('',(16.134876440714,-55.26969808698,6.));
#7279 = CARTESIAN_POINT('',(15.298206185785,-55.88351078186,6.));
#7280 = CARTESIAN_POINT('',(14.440131673182,-56.46726129069,6.));
#7281 = CARTESIAN_POINT('',(13.561042509461,-57.01861360761,6.));
#7282 = CARTESIAN_POINT('',(12.661572696214,-57.53515223793,6.));
#7283 = CARTESIAN_POINT('',(10.998554590658,-58.40255173626,6.));
#7284 = CARTESIAN_POINT('',(10.24171203389,-58.76623374975,6.));
#7285 = CARTESIAN_POINT('',(9.472646765261,-59.10418483401,6.));
#7286 = CARTESIAN_POINT('',(8.69201968995,-59.41509875176,6.));
#7287 = CARTESIAN_POINT('',(7.900634493421,-59.69769987225,6.));
#7288 = CARTESIAN_POINT('',(7.099451022587,-59.95077927833,6.));
#7289 = CARTESIAN_POINT('',(6.289601523701,-60.17323883718,6.));
#7290 = CARTESIAN_POINT('',(4.800338605936,-60.52114615639,6.));
#7291 = CARTESIAN_POINT('',(4.123259462076,-60.65681555472,6.));
#7292 = CARTESIAN_POINT('',(3.441919453669,-60.77062541669,6.));
#7293 = CARTESIAN_POINT('',(2.757101280656,-60.8621371732,6.));
#7294 = CARTESIAN_POINT('',(2.069624172334,-60.93100876512,6.));
#7295 = CARTESIAN_POINT('',(1.380344865033,-60.97700370943,6.));
#7296 = CARTESIAN_POINT('',(0.690158579786,-61.00000016527,6.));
#7297 = CARTESIAN_POINT('',(-0.995747777195,-61.00000006476,6.));
#7298 = CARTESIAN_POINT('',(-1.991653330474,-60.95213092198,6.));
#7299 = CARTESIAN_POINT('',(-2.984791373153,-60.85636701844,6.));
#7300 = CARTESIAN_POINT('',(-3.97247896593,-60.71325769359,6.));
#7301 = CARTESIAN_POINT('',(-4.952260643428,-60.523829239,6.));
#7302 = CARTESIAN_POINT('',(-5.921895820619,-60.28950287282,6.));
#7303 = CARTESIAN_POINT('',(-6.879348479103,-60.01202862938,6.));
#7304 = CARTESIAN_POINT('',(-8.328300086171,-59.52272240824,6.));
#7305 = CARTESIAN_POINT('',(-8.829832926805,-59.34019052549,6.));
#7306 = CARTESIAN_POINT('',(-9.327117826247,-59.14614070822,6.));
#7307 = CARTESIAN_POINT('',(-9.819923668769,-58.94088846548,6.));
#7308 = CARTESIAN_POINT('',(-10.30804638521,-58.72475971197,6.));
#7309 = CARTESIAN_POINT('',(-10.79130728638,-58.49808685738,6.));
#7310 = CARTESIAN_POINT('',(-11.26955139642,-58.26120489559,6.));
#7311 = CARTESIAN_POINT('',(-12.6615726962,-57.53515223794,6.));
#7312 = CARTESIAN_POINT('',(-13.56104250945,-57.01861360761,6.));
#7313 = CARTESIAN_POINT('',(-14.44013167317,-56.46726129069,6.));
#7314 = CARTESIAN_POINT('',(-15.29820618577,-55.88351078187,6.));
#7315 = CARTESIAN_POINT('',(-16.1348764407,-55.26969808699,6.));
#7316 = CARTESIAN_POINT('',(-16.94995998232,-54.62802608235,6.));
#7317 = CARTESIAN_POINT('',(-17.74345217389,-53.9605225292,6.));
#7318 = CARTESIAN_POINT('',(-19.6243624889,-52.27582676484,6.));
#7319 = CARTESIAN_POINT('',(-20.68876676093,-51.23332049045,6.));
#7320 = CARTESIAN_POINT('',(-21.70929889665,-50.14682839379,6.));
#7321 = CARTESIAN_POINT('',(-22.68673144908,-49.02116644605,6.));
#7322 = CARTESIAN_POINT('',(-23.62200849358,-47.8606131657,6.));
#7323 = CARTESIAN_POINT('',(-24.51621942992,-46.66888821014,6.));
#7324 = CARTESIAN_POINT('',(-25.37056631391,-45.44912550934,6.));
#7325 = CARTESIAN_POINT('',(-26.90864444162,-43.10119385262,6.));
#7326 = CARTESIAN_POINT('',(-27.60059850884,-41.97870692206,6.));
#7327 = CARTESIAN_POINT('',(-28.26302666892,-40.83823137301,6.));
#7328 = CARTESIAN_POINT('',(-28.89670760695,-39.68143429941,6.));
#7329 = CARTESIAN_POINT('',(-29.50237643919,-38.50980826255,6.));
#7330 = CARTESIAN_POINT('',(-30.08073523752,-37.32467710681,6.));
#7331 = CARTESIAN_POINT('',(-30.63245658384,-36.12719799476,6.));
#7332 = CARTESIAN_POINT('',(-31.6145517752,-33.86898741071,6.));
#7333 = CARTESIAN_POINT('',(-32.05131545417,-32.81109642656,6.));
#7334 = CARTESIAN_POINT('',(-32.46888193573,-31.7453552603,6.));
#7335 = CARTESIAN_POINT('',(-32.86763033527,-30.67238187755,6.));
#7336 = CARTESIAN_POINT('',(-33.24791121145,-29.59274479732,6.));
#7337 = CARTESIAN_POINT('',(-33.6100496386,-28.50696423126,6.));
#7338 = CARTESIAN_POINT('',(-33.95434827916,-27.41551322283,6.));
#7339 = CARTESIAN_POINT('',(-35.23313718814,-23.12331738052,6.));
#7340 = CARTESIAN_POINT('',(-36.03584381691,-19.88424079193,6.));
#7341 = CARTESIAN_POINT('',(-36.69663909967,-16.6111626717,6.));
#7342 = CARTESIAN_POINT('',(-37.22043225981,-13.31254097918,6.));
#7343 = CARTESIAN_POINT('',(-37.61082849922,-9.995914275685,6.));
#7344 = CARTESIAN_POINT('',(-37.8702415734,-6.667923697867,6.));
#7345 = CARTESIAN_POINT('',(-38.00000005451,-3.334335564701,6.));
#7346 = CARTESIAN_POINT('',(-38.00000005451,3.334335564653,6.));
#7347 = CARTESIAN_POINT('',(-37.87024157339,6.667923697976,6.));
#7348 = CARTESIAN_POINT('',(-37.61082849922,9.99591427547,6.));
#7349 = CARTESIAN_POINT('',(-37.22043225982,13.312540979336,6.));
#7350 = CARTESIAN_POINT('',(-36.69663909966,16.611162671629,6.));
#7351 = CARTESIAN_POINT('',(-36.03584381692,19.88424079192,6.));
#7352 = CARTESIAN_POINT('',(-35.23313718814,23.123317380516,6.));
#7353 = CARTESIAN_POINT('',(-33.95434827916,27.41551322282,6.));
#7354 = CARTESIAN_POINT('',(-33.61004963861,28.506964231254,6.));
#7355 = CARTESIAN_POINT('',(-33.24791121145,29.592744797315,6.));
#7356 = CARTESIAN_POINT('',(-32.86763033528,30.672381877537,6.));
#7357 = CARTESIAN_POINT('',(-32.46888193574,31.74535526029,6.));
#7358 = CARTESIAN_POINT('',(-32.05131545417,32.811096426554,6.));
#7359 = CARTESIAN_POINT('',(-31.6145517752,33.868987410699,6.));
#7360 = CARTESIAN_POINT('',(-30.63245658385,36.127197994746,6.));
#7361 = CARTESIAN_POINT('',(-30.08073523752,37.324677106814,6.));
#7362 = CARTESIAN_POINT('',(-29.50237643919,38.509808262538,6.));
#7363 = CARTESIAN_POINT('',(-28.89670760696,39.681434299396,6.));
#7364 = CARTESIAN_POINT('',(-28.26302666892,40.838231372999,6.));
#7365 = CARTESIAN_POINT('',(-27.60059850884,41.978706922063,6.));
#7366 = CARTESIAN_POINT('',(-26.90864444163,43.101193852606,6.));
#7367 = CARTESIAN_POINT('',(-25.37056631392,45.44912550934,6.));
#7368 = CARTESIAN_POINT('',(-24.51621942993,46.66888821013,6.));
#7369 = CARTESIAN_POINT('',(-23.62200849359,47.860613165693,6.));
#7370 = CARTESIAN_POINT('',(-22.68673144909,49.021166446052,6.));
#7371 = CARTESIAN_POINT('',(-21.70929889666,50.146828393788,6.));
#7372 = CARTESIAN_POINT('',(-20.68876676093,51.23332049044,6.));
#7373 = CARTESIAN_POINT('',(-19.62436248891,52.275826764839,6.));
#7374 = CARTESIAN_POINT('',(-17.7434521739,53.960522529197,6.));
#7375 = CARTESIAN_POINT('',(-16.94995998233,54.628026082353,6.));
#7376 = CARTESIAN_POINT('',(-16.13487644071,55.269698086986,6.));
#7377 = CARTESIAN_POINT('',(-15.29820618578,55.883510781863,6.));
#7378 = CARTESIAN_POINT('',(-14.44013167318,56.467261290691,6.));
#7379 = CARTESIAN_POINT('',(-13.56104250945,57.018613607617,6.));
#7380 = CARTESIAN_POINT('',(-12.66157269621,57.535152237935,6.));
#7381 = CARTESIAN_POINT('',(-10.38686657907,58.721597081981,6.));
#7382 = CARTESIAN_POINT('',(-8.988168641546,59.347971260782,6.));
#7383 = CARTESIAN_POINT('',(-7.550343795124,59.885194314265,6.));
#7384 = CARTESIAN_POINT('',(-6.078399391362,60.325276841781,6.));
#7385 = CARTESIAN_POINT('',(-4.578687516181,60.661126553547,6.));
#7386 = CARTESIAN_POINT('',(-3.059046817505,60.887133000002,6.));
#7387 = CARTESIAN_POINT('',(-1.528993746167,61.000000058407,6.));
#7388 = CARTESIAN_POINT('',(8.547814935797E-15,61.,6.));
#7389 = PCURVE('',#1722,#7390);
#7390 = DEFINITIONAL_REPRESENTATION('',(#7391),#7562);
#7391 = B_SPLINE_CURVE_WITH_KNOTS('',8,(#7392,#7393,#7394,#7395,#7396,
    #7397,#7398,#7399,#7400,#7401,#7402,#7403,#7404,#7405,#7406,#7407,
    #7408,#7409,#7410,#7411,#7412,#7413,#7414,#7415,#7416,#7417,#7418,
    #7419,#7420,#7421,#7422,#7423,#7424,#7425,#7426,#7427,#7428,#7429,
    #7430,#7431,#7432,#7433,#7434,#7435,#7436,#7437,#7438,#7439,#7440,
    #7441,#7442,#7443,#7444,#7445,#7446,#7447,#7448,#7449,#7450,#7451,
    #7452,#7453,#7454,#7455,#7456,#7457,#7458,#7459,#7460,#7461,#7462,
    #7463,#7464,#7465,#7466,#7467,#7468,#7469,#7470,#7471,#7472,#7473,
    #7474,#7475,#7476,#7477,#7478,#7479,#7480,#7481,#7482,#7483,#7484,
    #7485,#7486,#7487,#7488,#7489,#7490,#7491,#7492,#7493,#7494,#7495,
    #7496,#7497,#7498,#7499,#7500,#7501,#7502,#7503,#7504,#7505,#7506,
    #7507,#7508,#7509,#7510,#7511,#7512,#7513,#7514,#7515,#7516,#7517,
    #7518,#7519,#7520,#7521,#7522,#7523,#7524,#7525,#7526,#7527,#7528,
    #7529,#7530,#7531,#7532,#7533,#7534,#7535,#7536,#7537,#7538,#7539,
    #7540,#7541,#7542,#7543,#7544,#7545,#7546,#7547,#7548,#7549,#7550,
    #7551,#7552,#7553,#7554,#7555,#7556,#7557,#7558,#7559,#7560,#7561),
  .UNSPECIFIED.,.F.,.F.,(9,7,7,7,7,7,7,7,7,7,7,7,7,7,7,7,7,7,7,7,7,7,7,7
    ,9),(0.,3.880908226334E-02,6.511330033094E-02,0.10289263558,
    0.136344647509,0.165383771345,0.249996704594,0.334609637844,
    0.363648761682,0.397100773612,0.434880108863,0.461184326933,
    0.482483885033,0.500000967674,0.525274281717,0.538816548794,
    0.565120716915,0.602899980428,0.636351928837,0.665390997533,
    0.750003770115,0.834616542695,0.863655611391,0.897107559799,
    0.90055996044),.UNSPECIFIED.);
#7392 = CARTESIAN_POINT('',(6.28318530718,-3.));
#7393 = CARTESIAN_POINT('',(6.242948628269,-3.));
#7394 = CARTESIAN_POINT('',(6.202684081438,-3.));
#7395 = CARTESIAN_POINT('',(6.162594251602,-3.));
#7396 = CARTESIAN_POINT('',(6.122829806476,-3.));
#7397 = CARTESIAN_POINT('',(6.083507510818,-3.));
#7398 = CARTESIAN_POINT('',(6.044719995817,-3.));
#7399 = CARTESIAN_POINT('',(6.006540530469,-3.));
#7400 = CARTESIAN_POINT('',(5.943599280028,-3.));
#7401 = CARTESIAN_POINT('',(5.918470822657,-3.));
#7402 = CARTESIAN_POINT('',(5.89365102549,-3.));
#7403 = CARTESIAN_POINT('',(5.869145436227,-3.));
#7404 = CARTESIAN_POINT('',(5.844955649709,-3.));
#7405 = CARTESIAN_POINT('',(5.821079862259,-3.));
#7406 = CARTESIAN_POINT('',(5.797513125166,-3.));
#7407 = CARTESIAN_POINT('',(5.74083183866,-3.));
#7408 = CARTESIAN_POINT('',(5.708043958958,-3.));
#7409 = CARTESIAN_POINT('',(5.675856101285,-3.));
#7410 = CARTESIAN_POINT('',(5.64424106203,-3.));
#7411 = CARTESIAN_POINT('',(5.613170907957,-3.));
#7412 = CARTESIAN_POINT('',(5.58261600565,-3.));
#7413 = CARTESIAN_POINT('',(5.552544163326,-3.));
#7414 = CARTESIAN_POINT('',(5.496688832901,-3.));
#7415 = CARTESIAN_POINT('',(5.470812714091,-3.));
#7416 = CARTESIAN_POINT('',(5.445268939644,-3.));
#7417 = CARTESIAN_POINT('',(5.420037095767,-3.));
#7418 = CARTESIAN_POINT('',(5.395098166532,-3.));
#7419 = CARTESIAN_POINT('',(5.370433920985,-3.));
#7420 = CARTESIAN_POINT('',(5.346026464611,-3.));
#7421 = CARTESIAN_POINT('',(5.300877682313,-3.));
#7422 = CARTESIAN_POINT('',(5.280078266983,-3.));
#7423 = CARTESIAN_POINT('',(5.259448456968,-3.));
#7424 = CARTESIAN_POINT('',(5.238977780463,-3.));
#7425 = CARTESIAN_POINT('',(5.218656382676,-3.));
#7426 = CARTESIAN_POINT('',(5.198474862411,-3.));
#7427 = CARTESIAN_POINT('',(5.178424108661,-3.));
#7428 = CARTESIAN_POINT('',(5.100426968819,-3.));
#7429 = CARTESIAN_POINT('',(5.043409972726,-3.));
#7430 = CARTESIAN_POINT('',(4.987203100861,-3.));
#7431 = CARTESIAN_POINT('',(4.931622452601,-3.));
#7432 = CARTESIAN_POINT('',(4.876505254294,-3.));
#7433 = CARTESIAN_POINT('',(4.821699217746,-3.));
#7434 = CARTESIAN_POINT('',(4.767050217054,-3.));
#7435 = CARTESIAN_POINT('',(4.657727743714,-3.));
#7436 = CARTESIAN_POINT('',(4.603078743029,-3.));
#7437 = CARTESIAN_POINT('',(4.548272706464,-3.));
#7438 = CARTESIAN_POINT('',(4.493155508184,-3.));
#7439 = CARTESIAN_POINT('',(4.437574859896,-3.));
#7440 = CARTESIAN_POINT('',(4.38136798805,-3.));
#7441 = CARTESIAN_POINT('',(4.324350991949,-3.));
#7442 = CARTESIAN_POINT('',(4.246353852109,-3.));
#7443 = CARTESIAN_POINT('',(4.226303098359,-3.));
#7444 = CARTESIAN_POINT('',(4.206121578094,-3.));
#7445 = CARTESIAN_POINT('',(4.185800180306,-3.));
#7446 = CARTESIAN_POINT('',(4.165329503802,-3.));
#7447 = CARTESIAN_POINT('',(4.144699693786,-3.));
#7448 = CARTESIAN_POINT('',(4.123900278457,-3.));
#7449 = CARTESIAN_POINT('',(4.078751496159,-3.));
#7450 = CARTESIAN_POINT('',(4.054344039784,-3.));
#7451 = CARTESIAN_POINT('',(4.029679794237,-3.));
#7452 = CARTESIAN_POINT('',(4.004740865003,-3.));
#7453 = CARTESIAN_POINT('',(3.979509021125,-3.));
#7454 = CARTESIAN_POINT('',(3.953965246679,-3.));
#7455 = CARTESIAN_POINT('',(3.928089127869,-3.));
#7456 = CARTESIAN_POINT('',(3.872233797443,-3.));
#7457 = CARTESIAN_POINT('',(3.842161955119,-3.));
#7458 = CARTESIAN_POINT('',(3.811607052813,-3.));
#7459 = CARTESIAN_POINT('',(3.78053689874,-3.));
#7460 = CARTESIAN_POINT('',(3.748921859484,-3.));
#7461 = CARTESIAN_POINT('',(3.716734001811,-3.));
#7462 = CARTESIAN_POINT('',(3.68394612211,-3.));
#7463 = CARTESIAN_POINT('',(3.627264835604,-3.));
#7464 = CARTESIAN_POINT('',(3.603698098511,-3.));
#7465 = CARTESIAN_POINT('',(3.579822311061,-3.));
#7466 = CARTESIAN_POINT('',(3.555632524542,-3.));
#7467 = CARTESIAN_POINT('',(3.53112693528,-3.));
#7468 = CARTESIAN_POINT('',(3.506307138112,-3.));
#7469 = CARTESIAN_POINT('',(3.481178680742,-3.));
#7470 = CARTESIAN_POINT('',(3.435162871645,-3.));
#7471 = CARTESIAN_POINT('',(3.414378408208,-3.));
#7472 = CARTESIAN_POINT('',(3.393405080556,-3.));
#7473 = CARTESIAN_POINT('',(3.372251698152,-3.));
#7474 = CARTESIAN_POINT('',(3.3509294762,-3.));
#7475 = CARTESIAN_POINT('',(3.329452354999,-3.));
#7476 = CARTESIAN_POINT('',(3.30783749044,-3.));
#7477 = CARTESIAN_POINT('',(3.26823353588,-3.));
#7478 = CARTESIAN_POINT('',(3.250281095392,-3.));
#7479 = CARTESIAN_POINT('',(3.23226061429,-3.));
#7480 = CARTESIAN_POINT('',(3.214184473431,-3.));
#7481 = CARTESIAN_POINT('',(3.196065576884,-3.));
#7482 = CARTESIAN_POINT('',(3.177917514387,-3.));
#7483 = CARTESIAN_POINT('',(3.159754723806,-3.));
#7484 = CARTESIAN_POINT('',(3.115388763728,-3.));
#7485 = CARTESIAN_POINT('',(3.089180726895,-3.));
#7486 = CARTESIAN_POINT('',(3.063018091215,-3.));
#7487 = CARTESIAN_POINT('',(3.036944027212,-3.));
#7488 = CARTESIAN_POINT('',(3.010996799999,-3.));
#7489 = CARTESIAN_POINT('',(2.985210934797,-3.));
#7490 = CARTESIAN_POINT('',(2.959618075813,-3.));
#7491 = CARTESIAN_POINT('',(2.920653175947,-3.));
#7492 = CARTESIAN_POINT('',(2.907121631713,-3.));
#7493 = CARTESIAN_POINT('',(2.893656778272,-3.));
#7494 = CARTESIAN_POINT('',(2.880261956475,-3.));
#7495 = CARTESIAN_POINT('',(2.86694001468,-3.));
#7496 = CARTESIAN_POINT('',(2.853693347931,-3.));
#7497 = CARTESIAN_POINT('',(2.840523937133,-3.));
#7498 = CARTESIAN_POINT('',(2.802006626438,-3.));
#7499 = CARTESIAN_POINT('',(2.776878169068,-3.));
#7500 = CARTESIAN_POINT('',(2.7520583719,-3.));
#7501 = CARTESIAN_POINT('',(2.727552782638,-3.));
#7502 = CARTESIAN_POINT('',(2.703362996119,-3.));
#7503 = CARTESIAN_POINT('',(2.679487208669,-3.));
#7504 = CARTESIAN_POINT('',(2.655920471576,-3.));
#7505 = CARTESIAN_POINT('',(2.59923918507,-3.));
#7506 = CARTESIAN_POINT('',(2.566451305369,-3.));
#7507 = CARTESIAN_POINT('',(2.534263447696,-3.));
#7508 = CARTESIAN_POINT('',(2.50264840844,-3.));
#7509 = CARTESIAN_POINT('',(2.471578254367,-3.));
#7510 = CARTESIAN_POINT('',(2.441023352061,-3.));
#7511 = CARTESIAN_POINT('',(2.410951509737,-3.));
#7512 = CARTESIAN_POINT('',(2.355096179311,-3.));
#7513 = CARTESIAN_POINT('',(2.329220060501,-3.));
#7514 = CARTESIAN_POINT('',(2.303676286054,-3.));
#7515 = CARTESIAN_POINT('',(2.278444442177,-3.));
#7516 = CARTESIAN_POINT('',(2.253505512943,-3.));
#7517 = CARTESIAN_POINT('',(2.228841267396,-3.));
#7518 = CARTESIAN_POINT('',(2.204433811021,-3.));
#7519 = CARTESIAN_POINT('',(2.159285028723,-3.));
#7520 = CARTESIAN_POINT('',(2.138485613394,-3.));
#7521 = CARTESIAN_POINT('',(2.117855803378,-3.));
#7522 = CARTESIAN_POINT('',(2.097385126873,-3.));
#7523 = CARTESIAN_POINT('',(2.077063729086,-3.));
#7524 = CARTESIAN_POINT('',(2.056882208821,-3.));
#7525 = CARTESIAN_POINT('',(2.036831455071,-3.));
#7526 = CARTESIAN_POINT('',(1.95883431523,-3.));
#7527 = CARTESIAN_POINT('',(1.90181731913,-3.));
#7528 = CARTESIAN_POINT('',(1.845610447284,-3.));
#7529 = CARTESIAN_POINT('',(1.790029798996,-3.));
#7530 = CARTESIAN_POINT('',(1.734912600715,-3.));
#7531 = CARTESIAN_POINT('',(1.680106564151,-3.));
#7532 = CARTESIAN_POINT('',(1.625457563466,-3.));
#7533 = CARTESIAN_POINT('',(1.516135090125,-3.));
#7534 = CARTESIAN_POINT('',(1.461486089436,-3.));
#7535 = CARTESIAN_POINT('',(1.406680052881,-3.));
#7536 = CARTESIAN_POINT('',(1.351562854587,-3.));
#7537 = CARTESIAN_POINT('',(1.29598220631,-3.));
#7538 = CARTESIAN_POINT('',(1.239775334459,-3.));
#7539 = CARTESIAN_POINT('',(1.18275833836,-3.));
#7540 = CARTESIAN_POINT('',(1.104761198519,-3.));
#7541 = CARTESIAN_POINT('',(1.084710444769,-3.));
#7542 = CARTESIAN_POINT('',(1.064528924504,-3.));
#7543 = CARTESIAN_POINT('',(1.044207526717,-3.));
#7544 = CARTESIAN_POINT('',(1.023736850212,-3.));
#7545 = CARTESIAN_POINT('',(1.003107040196,-3.));
#7546 = CARTESIAN_POINT('',(0.982307624867,-3.));
#7547 = CARTESIAN_POINT('',(0.937158842569,-3.));
#7548 = CARTESIAN_POINT('',(0.912751386194,-3.));
#7549 = CARTESIAN_POINT('',(0.888087140647,-3.));
#7550 = CARTESIAN_POINT('',(0.863148211413,-3.));
#7551 = CARTESIAN_POINT('',(0.837916367536,-3.));
#7552 = CARTESIAN_POINT('',(0.812372593089,-3.));
#7553 = CARTESIAN_POINT('',(0.786496474279,-3.));
#7554 = CARTESIAN_POINT('',(0.75755825247,-3.));
#7555 = CARTESIAN_POINT('',(0.754847345191,-3.));
#7556 = CARTESIAN_POINT('',(0.752132673243,-3.));
#7557 = CARTESIAN_POINT('',(0.749414209768,-3.));
#7558 = CARTESIAN_POINT('',(0.746691928134,-3.));
#7559 = CARTESIAN_POINT('',(0.74396580193,-3.));
#7560 = CARTESIAN_POINT('',(0.74123580496,-3.));
#7561 = CARTESIAN_POINT('',(0.73850191124,-3.));
#7562 = ( GEOMETRIC_REPRESENTATION_CONTEXT(2) 
PARAMETRIC_REPRESENTATION_CONTEXT() REPRESENTATION_CONTEXT('2D SPACE',''
  ) );
#7563 = PCURVE('',#2700,#7564);
#7564 = DEFINITIONAL_REPRESENTATION('',(#7565),#7750);
#7565 = B_SPLINE_CURVE_WITH_KNOTS('',8,(#7566,#7567,#7568,#7569,#7570,
    #7571,#7572,#7573,#7574,#7575,#7576,#7577,#7578,#7579,#7580,#7581,
    #7582,#7583,#7584,#7585,#7586,#7587,#7588,#7589,#7590,#7591,#7592,
    #7593,#7594,#7595,#7596,#7597,#7598,#7599,#7600,#7601,#7602,#7603,
    #7604,#7605,#7606,#7607,#7608,#7609,#7610,#7611,#7612,#7613,#7614,
    #7615,#7616,#7617,#7618,#7619,#7620,#7621,#7622,#7623,#7624,#7625,
    #7626,#7627,#7628,#7629,#7630,#7631,#7632,#7633,#7634,#7635,#7636,
    #7637,#7638,#7639,#7640,#7641,#7642,#7643,#7644,#7645,#7646,#7647,
    #7648,#7649,#7650,#7651,#7652,#7653,#7654,#7655,#7656,#7657,#7658,
    #7659,#7660,#7661,#7662,#7663,#7664,#7665,#7666,#7667,#7668,#7669,
    #7670,#7671,#7672,#7673,#7674,#7675,#7676,#7677,#7678,#7679,#7680,
    #7681,#7682,#7683,#7684,#7685,#7686,#7687,#7688,#7689,#7690,#7691,
    #7692,#7693,#7694,#7695,#7696,#7697,#7698,#7699,#7700,#7701,#7702,
    #7703,#7704,#7705,#7706,#7707,#7708,#7709,#7710,#7711,#7712,#7713,
    #7714,#7715,#7716,#7717,#7718,#7719,#7720,#7721,#7722,#7723,#7724,
    #7725,#7726,#7727,#7728,#7729,#7730,#7731,#7732,#7733,#7734,#7735,
    #7736,#7737,#7738,#7739,#7740,#7741,#7742,#7743,#7744,#7745,#7746,
    #7747,#7748,#7749),.UNSPECIFIED.,.F.,.F.,(9,7,7,7,7,7,7,7,7,7,7,7,7,
    7,7,7,7,7,7,7,7,7,7,7,7,7,9),(0.,3.880908226334E-02,
    6.511330033094E-02,0.10289263558,0.136344647509,0.165383771345,
    0.249996704594,0.334609637844,0.363648761682,0.397100773612,
    0.434880108863,0.461184326933,0.482483885033,0.500000967674,
    0.525274281717,0.538816548794,0.565120716915,0.602899980428,
    0.636351928837,0.665390997533,0.750003770115,0.834616542695,
    0.863655611391,0.897107559799,0.934886823311,0.961190991431,1.),
  .UNSPECIFIED.);
#7566 = CARTESIAN_POINT('',(1.42108547152E-14,57.348352331139));
#7567 = CARTESIAN_POINT('',(1.528993746164,57.348352389528));
#7568 = CARTESIAN_POINT('',(3.059046817505,57.235485331199));
#7569 = CARTESIAN_POINT('',(4.578687516181,57.009478884621));
#7570 = CARTESIAN_POINT('',(6.078399391358,56.673629172923));
#7571 = CARTESIAN_POINT('',(7.55034379512,56.233546645472));
#7572 = CARTESIAN_POINT('',(8.988168641543,55.696323591861));
#7573 = CARTESIAN_POINT('',(10.386866579065,55.069949413143));
#7574 = CARTESIAN_POINT('',(12.661572696207,53.883504569081));
#7575 = CARTESIAN_POINT('',(13.561042509457,53.366965938753));
#7576 = CARTESIAN_POINT('',(14.440131673176,52.815613621834));
#7577 = CARTESIAN_POINT('',(15.298206185778,52.231863113012));
#7578 = CARTESIAN_POINT('',(16.134876440709,51.618050418129));
#7579 = CARTESIAN_POINT('',(16.949959982332,50.97637841349));
#7580 = CARTESIAN_POINT('',(17.743452173893,50.308874860344));
#7581 = CARTESIAN_POINT('',(19.624362488906,48.624179095981));
#7582 = CARTESIAN_POINT('',(20.688766760933,47.581672821589));
#7583 = CARTESIAN_POINT('',(21.709298896659,46.495180724932));
#7584 = CARTESIAN_POINT('',(22.686731449087,45.369518777191));
#7585 = CARTESIAN_POINT('',(23.622008493587,44.208965496838));
#7586 = CARTESIAN_POINT('',(24.516219429925,43.017240541281));
#7587 = CARTESIAN_POINT('',(25.370566313918,41.797477840483));
#7588 = CARTESIAN_POINT('',(26.908644441622,39.449546183755));
#7589 = CARTESIAN_POINT('',(27.600598508849,38.327059253203));
#7590 = CARTESIAN_POINT('',(28.263026668922,37.186583704147));
#7591 = CARTESIAN_POINT('',(28.896707606951,36.029786630549));
#7592 = CARTESIAN_POINT('',(29.502376439193,34.858160593685));
#7593 = CARTESIAN_POINT('',(30.080735237527,33.673029437955));
#7594 = CARTESIAN_POINT('',(30.632456583845,32.475550325898));
#7595 = CARTESIAN_POINT('',(31.614551775202,30.217339741848));
#7596 = CARTESIAN_POINT('',(32.051315454172,29.159448757701));
#7597 = CARTESIAN_POINT('',(32.468881935741,28.093707591438));
#7598 = CARTESIAN_POINT('',(32.867630335279,27.020734208687));
#7599 = CARTESIAN_POINT('',(33.247911211452,25.941097128466));
#7600 = CARTESIAN_POINT('',(33.610049638607,24.855316562404));
#7601 = CARTESIAN_POINT('',(33.954348279162,23.763865553968));
#7602 = CARTESIAN_POINT('',(35.233137188152,19.471669711684));
#7603 = CARTESIAN_POINT('',(36.035843816881,16.232593122973));
#7604 = CARTESIAN_POINT('',(36.696639099759,12.959515003038));
#7605 = CARTESIAN_POINT('',(37.220432259711,9.660893310091));
#7606 = CARTESIAN_POINT('',(37.610828499304,6.344266606989));
#7607 = CARTESIAN_POINT('',(37.870241573365,3.016276028933));
#7608 = CARTESIAN_POINT('',(38.000000054523,-0.317312104145));
#7609 = CARTESIAN_POINT('',(38.000000054519,-6.985983233584));
#7610 = CARTESIAN_POINT('',(37.870241573381,-10.31957136656));
#7611 = CARTESIAN_POINT('',(37.610828499279,-13.64756194485));
#7612 = CARTESIAN_POINT('',(37.220432259737,-16.96418864762));
#7613 = CARTESIAN_POINT('',(36.696639099748,-20.26281034086));
#7614 = CARTESIAN_POINT('',(36.035843816887,-23.53588846063));
#7615 = CARTESIAN_POINT('',(35.233137188154,-26.7749650494));
#7616 = CARTESIAN_POINT('',(33.954348279165,-31.06716089167));
#7617 = CARTESIAN_POINT('',(33.610049638611,-32.15861190011));
#7618 = CARTESIAN_POINT('',(33.247911211455,-33.24439246617));
#7619 = CARTESIAN_POINT('',(32.867630335283,-34.32402954639));
#7620 = CARTESIAN_POINT('',(32.468881935745,-35.39700292914));
#7621 = CARTESIAN_POINT('',(32.051315454176,-36.46274409541));
#7622 = CARTESIAN_POINT('',(31.614551775206,-37.52063507955));
#7623 = CARTESIAN_POINT('',(30.632456583852,-39.77884566361));
#7624 = CARTESIAN_POINT('',(30.080735237526,-40.97632477566));
#7625 = CARTESIAN_POINT('',(29.502376439198,-42.16145593139));
#7626 = CARTESIAN_POINT('',(28.896707606961,-43.33308196826));
#7627 = CARTESIAN_POINT('',(28.263026668927,-44.48987904185));
#7628 = CARTESIAN_POINT('',(27.600598508849,-45.63035459091));
#7629 = CARTESIAN_POINT('',(26.90864444163,-46.75284152147));
#7630 = CARTESIAN_POINT('',(25.370566313925,-49.10077317819));
#7631 = CARTESIAN_POINT('',(24.516219429928,-50.32053587899));
#7632 = CARTESIAN_POINT('',(23.622008493592,-51.51226083455));
#7633 = CARTESIAN_POINT('',(22.686731449094,-52.6728141149));
#7634 = CARTESIAN_POINT('',(21.709298896665,-53.79847606264));
#7635 = CARTESIAN_POINT('',(20.688766760936,-54.8849681593));
#7636 = CARTESIAN_POINT('',(19.624362488912,-55.92747443369));
#7637 = CARTESIAN_POINT('',(17.743452173899,-57.61217019806));
#7638 = CARTESIAN_POINT('',(16.949959982336,-58.2796737512));
#7639 = CARTESIAN_POINT('',(16.134876440714,-58.92134575584));
#7640 = CARTESIAN_POINT('',(15.298206185785,-59.53515845072));
#7641 = CARTESIAN_POINT('',(14.440131673182,-60.11890895955));
#7642 = CARTESIAN_POINT('',(13.561042509461,-60.67026127647));
#7643 = CARTESIAN_POINT('',(12.661572696214,-61.18679990679));
#7644 = CARTESIAN_POINT('',(10.998554590658,-62.05419940512));
#7645 = CARTESIAN_POINT('',(10.24171203389,-62.41788141861));
#7646 = CARTESIAN_POINT('',(9.472646765261,-62.75583250287));
#7647 = CARTESIAN_POINT('',(8.69201968995,-63.06674642062));
#7648 = CARTESIAN_POINT('',(7.900634493421,-63.34934754112));
#7649 = CARTESIAN_POINT('',(7.099451022587,-63.60242694719));
#7650 = CARTESIAN_POINT('',(6.289601523701,-63.82488650604));
#7651 = CARTESIAN_POINT('',(4.800338605936,-64.17279382526));
#7652 = CARTESIAN_POINT('',(4.123259462076,-64.30846322358));
#7653 = CARTESIAN_POINT('',(3.441919453669,-64.42227308555));
#7654 = CARTESIAN_POINT('',(2.757101280656,-64.51378484206));
#7655 = CARTESIAN_POINT('',(2.069624172334,-64.58265643398));
#7656 = CARTESIAN_POINT('',(1.380344865033,-64.62865137829));
#7657 = CARTESIAN_POINT('',(0.690158579786,-64.65164783413));
#7658 = CARTESIAN_POINT('',(-0.995747777195,-64.65164773362));
#7659 = CARTESIAN_POINT('',(-1.991653330474,-64.60377859084));
#7660 = CARTESIAN_POINT('',(-2.984791373153,-64.5080146873));
#7661 = CARTESIAN_POINT('',(-3.97247896593,-64.36490536245));
#7662 = CARTESIAN_POINT('',(-4.952260643428,-64.17547690786));
#7663 = CARTESIAN_POINT('',(-5.921895820619,-63.94115054168));
#7664 = CARTESIAN_POINT('',(-6.879348479103,-63.66367629824));
#7665 = CARTESIAN_POINT('',(-8.328300086171,-63.1743700771));
#7666 = CARTESIAN_POINT('',(-8.829832926805,-62.99183819435));
#7667 = CARTESIAN_POINT('',(-9.327117826247,-62.79778837708));
#7668 = CARTESIAN_POINT('',(-9.819923668769,-62.59253613434));
#7669 = CARTESIAN_POINT('',(-10.30804638521,-62.37640738083));
#7670 = CARTESIAN_POINT('',(-10.79130728638,-62.14973452624));
#7671 = CARTESIAN_POINT('',(-11.26955139642,-61.91285256445));
#7672 = CARTESIAN_POINT('',(-12.6615726962,-61.1867999068));
#7673 = CARTESIAN_POINT('',(-13.56104250945,-60.67026127647));
#7674 = CARTESIAN_POINT('',(-14.44013167317,-60.11890895955));
#7675 = CARTESIAN_POINT('',(-15.29820618577,-59.53515845073));
#7676 = CARTESIAN_POINT('',(-16.1348764407,-58.92134575585));
#7677 = CARTESIAN_POINT('',(-16.94995998232,-58.27967375121));
#7678 = CARTESIAN_POINT('',(-17.74345217389,-57.61217019806));
#7679 = CARTESIAN_POINT('',(-19.6243624889,-55.9274744337));
#7680 = CARTESIAN_POINT('',(-20.68876676093,-54.88496815931));
#7681 = CARTESIAN_POINT('',(-21.70929889665,-53.79847606265));
#7682 = CARTESIAN_POINT('',(-22.68673144908,-52.67281411491));
#7683 = CARTESIAN_POINT('',(-23.62200849358,-51.51226083456));
#7684 = CARTESIAN_POINT('',(-24.51621942992,-50.320535879));
#7685 = CARTESIAN_POINT('',(-25.37056631391,-49.1007731782));
#7686 = CARTESIAN_POINT('',(-26.90864444162,-46.75284152148));
#7687 = CARTESIAN_POINT('',(-27.60059850884,-45.63035459092));
#7688 = CARTESIAN_POINT('',(-28.26302666892,-44.48987904187));
#7689 = CARTESIAN_POINT('',(-28.89670760695,-43.33308196827));
#7690 = CARTESIAN_POINT('',(-29.50237643919,-42.16145593141));
#7691 = CARTESIAN_POINT('',(-30.08073523752,-40.97632477567));
#7692 = CARTESIAN_POINT('',(-30.63245658384,-39.77884566362));
#7693 = CARTESIAN_POINT('',(-31.6145517752,-37.52063507957));
#7694 = CARTESIAN_POINT('',(-32.05131545417,-36.46274409542));
#7695 = CARTESIAN_POINT('',(-32.46888193573,-35.39700292916));
#7696 = CARTESIAN_POINT('',(-32.86763033527,-34.32402954641));
#7697 = CARTESIAN_POINT('',(-33.24791121145,-33.24439246618));
#7698 = CARTESIAN_POINT('',(-33.6100496386,-32.15861190012));
#7699 = CARTESIAN_POINT('',(-33.95434827916,-31.06716089169));
#7700 = CARTESIAN_POINT('',(-35.23313718814,-26.77496504938));
#7701 = CARTESIAN_POINT('',(-36.03584381691,-23.53588846079));
#7702 = CARTESIAN_POINT('',(-36.69663909967,-20.26281034056));
#7703 = CARTESIAN_POINT('',(-37.22043225981,-16.96418864804));
#7704 = CARTESIAN_POINT('',(-37.61082849922,-13.64756194454));
#7705 = CARTESIAN_POINT('',(-37.8702415734,-10.31957136672));
#7706 = CARTESIAN_POINT('',(-38.00000005451,-6.985983233562));
#7707 = CARTESIAN_POINT('',(-38.00000005451,-0.317312104208));
#7708 = CARTESIAN_POINT('',(-37.87024157339,3.016276029116));
#7709 = CARTESIAN_POINT('',(-37.61082849922,6.34426660661));
#7710 = CARTESIAN_POINT('',(-37.22043225982,9.660893310475));
#7711 = CARTESIAN_POINT('',(-36.69663909966,12.959515002769));
#7712 = CARTESIAN_POINT('',(-36.03584381692,16.232593123059));
#7713 = CARTESIAN_POINT('',(-35.23313718814,19.471669711656));
#7714 = CARTESIAN_POINT('',(-33.95434827916,23.763865553959));
#7715 = CARTESIAN_POINT('',(-33.61004963861,24.855316562394));
#7716 = CARTESIAN_POINT('',(-33.24791121145,25.941097128455));
#7717 = CARTESIAN_POINT('',(-32.86763033528,27.020734208677));
#7718 = CARTESIAN_POINT('',(-32.46888193574,28.093707591429));
#7719 = CARTESIAN_POINT('',(-32.05131545417,29.159448757693));
#7720 = CARTESIAN_POINT('',(-31.6145517752,30.217339741838));
#7721 = CARTESIAN_POINT('',(-30.63245658385,32.475550325885));
#7722 = CARTESIAN_POINT('',(-30.08073523752,33.673029437954));
#7723 = CARTESIAN_POINT('',(-29.50237643919,34.858160593678));
#7724 = CARTESIAN_POINT('',(-28.89670760696,36.029786630535));
#7725 = CARTESIAN_POINT('',(-28.26302666892,37.186583704139));
#7726 = CARTESIAN_POINT('',(-27.60059850884,38.327059253202));
#7727 = CARTESIAN_POINT('',(-26.90864444163,39.449546183745));
#7728 = CARTESIAN_POINT('',(-25.37056631392,41.797477840479));
#7729 = CARTESIAN_POINT('',(-24.51621942993,43.01724054127));
#7730 = CARTESIAN_POINT('',(-23.62200849359,44.208965496832));
#7731 = CARTESIAN_POINT('',(-22.68673144909,45.369518777191));
#7732 = CARTESIAN_POINT('',(-21.70929889666,46.495180724928));
#7733 = CARTESIAN_POINT('',(-20.68876676093,47.581672821579));
#7734 = CARTESIAN_POINT('',(-19.62436248891,48.624179095979));
#7735 = CARTESIAN_POINT('',(-17.7434521739,50.308874860337));
#7736 = CARTESIAN_POINT('',(-16.94995998233,50.976378413492));
#7737 = CARTESIAN_POINT('',(-16.13487644071,51.618050418126));
#7738 = CARTESIAN_POINT('',(-15.29820618578,52.231863113003));
#7739 = CARTESIAN_POINT('',(-14.44013167318,52.815613621831));
#7740 = CARTESIAN_POINT('',(-13.56104250945,53.366965938756));
#7741 = CARTESIAN_POINT('',(-12.66157269621,53.883504569075));
#7742 = CARTESIAN_POINT('',(-10.38686657907,55.069949413121));
#7743 = CARTESIAN_POINT('',(-8.988168641546,55.696323591922));
#7744 = CARTESIAN_POINT('',(-7.550343795124,56.233546645405));
#7745 = CARTESIAN_POINT('',(-6.078399391362,56.67362917292));
#7746 = CARTESIAN_POINT('',(-4.578687516181,57.009478884687));
#7747 = CARTESIAN_POINT('',(-3.059046817505,57.235485331141));
#7748 = CARTESIAN_POINT('',(-1.528993746167,57.348352389547));
#7749 = CARTESIAN_POINT('',(7.105427357601E-15,57.348352331139));
#7750 = ( GEOMETRIC_REPRESENTATION_CONTEXT(2) 
PARAMETRIC_REPRESENTATION_CONTEXT() REPRESENTATION_CONTEXT('2D SPACE',''
  ) );
#7751 = ORIENTED_EDGE('',*,*,#2656,.T.);
#7752 = ORIENTED_EDGE('',*,*,#1705,.F.);
#7753 = ORIENTED_EDGE('',*,*,#2843,.F.);
#7754 = ADVANCED_FACE('',(#7755),#1672,.F.);
#7755 = FACE_BOUND('',#7756,.F.);
#7756 = EDGE_LOOP('',(#7757,#7758,#7759,#7760));
#7757 = ORIENTED_EDGE('',*,*,#2821,.F.);
#7758 = ORIENTED_EDGE('',*,*,#2920,.F.);
#7759 = ORIENTED_EDGE('',*,*,#2946,.T.);
#7760 = ORIENTED_EDGE('',*,*,#1656,.F.);
#7761 = ADVANCED_FACE('',(#7762),#1885,.T.);
#7762 = FACE_BOUND('',#7763,.F.);
#7763 = EDGE_LOOP('',(#7764,#7787,#7814,#7815));
#7764 = ORIENTED_EDGE('',*,*,#7765,.T.);
#7765 = EDGE_CURVE('',#1869,#7766,#7768,.T.);
#7766 = VERTEX_POINT('',#7767);
#7767 = CARTESIAN_POINT('',(-22.,-31.,12.));
#7768 = SEAM_CURVE('',#7769,(#7773,#7780),.PCURVE_S1.);
#7769 = LINE('',#7770,#7771);
#7770 = CARTESIAN_POINT('',(-22.,-31.,3.));
#7771 = VECTOR('',#7772,1.);
#7772 = DIRECTION('',(0.,0.,1.));
#7773 = PCURVE('',#1885,#7774);
#7774 = DEFINITIONAL_REPRESENTATION('',(#7775),#7779);
#7775 = LINE('',#7776,#7777);
#7776 = CARTESIAN_POINT('',(-0.,0.));
#7777 = VECTOR('',#7778,1.);
#7778 = DIRECTION('',(-0.,-1.));
#7779 = ( GEOMETRIC_REPRESENTATION_CONTEXT(2) 
PARAMETRIC_REPRESENTATION_CONTEXT() REPRESENTATION_CONTEXT('2D SPACE',''
  ) );
#7780 = PCURVE('',#1885,#7781);
#7781 = DEFINITIONAL_REPRESENTATION('',(#7782),#7786);
#7782 = LINE('',#7783,#7784);
#7783 = CARTESIAN_POINT('',(-6.28318530718,0.));
#7784 = VECTOR('',#7785,1.);
#7785 = DIRECTION('',(-0.,-1.));
#7786 = ( GEOMETRIC_REPRESENTATION_CONTEXT(2) 
PARAMETRIC_REPRESENTATION_CONTEXT() REPRESENTATION_CONTEXT('2D SPACE',''
  ) );
#7787 = ORIENTED_EDGE('',*,*,#7788,.T.);
#7788 = EDGE_CURVE('',#7766,#7766,#7789,.T.);
#7789 = SURFACE_CURVE('',#7790,(#7795,#7802),.PCURVE_S1.);
#7790 = CIRCLE('',#7791,3.);
#7791 = AXIS2_PLACEMENT_3D('',#7792,#7793,#7794);
#7792 = CARTESIAN_POINT('',(-25.,-31.,12.));
#7793 = DIRECTION('',(0.,0.,1.));
#7794 = DIRECTION('',(1.,0.,0.));
#7795 = PCURVE('',#1885,#7796);
#7796 = DEFINITIONAL_REPRESENTATION('',(#7797),#7801);
#7797 = LINE('',#7798,#7799);
#7798 = CARTESIAN_POINT('',(-0.,-9.));
#7799 = VECTOR('',#7800,1.);
#7800 = DIRECTION('',(-1.,0.));
#7801 = ( GEOMETRIC_REPRESENTATION_CONTEXT(2) 
PARAMETRIC_REPRESENTATION_CONTEXT() REPRESENTATION_CONTEXT('2D SPACE',''
  ) );
#7802 = PCURVE('',#7803,#7808);
#7803 = PLANE('',#7804);
#7804 = AXIS2_PLACEMENT_3D('',#7805,#7806,#7807);
#7805 = CARTESIAN_POINT('',(-25.,-31.,12.));
#7806 = DIRECTION('',(0.,0.,1.));
#7807 = DIRECTION('',(1.,0.,-0.));
#7808 = DEFINITIONAL_REPRESENTATION('',(#7809),#7813);
#7809 = CIRCLE('',#7810,3.);
#7810 = AXIS2_PLACEMENT_2D('',#7811,#7812);
#7811 = CARTESIAN_POINT('',(0.,0.));
#7812 = DIRECTION('',(1.,0.));
#7813 = ( GEOMETRIC_REPRESENTATION_CONTEXT(2) 
PARAMETRIC_REPRESENTATION_CONTEXT() REPRESENTATION_CONTEXT('2D SPACE',''
  ) );
#7814 = ORIENTED_EDGE('',*,*,#7765,.F.);
#7815 = ORIENTED_EDGE('',*,*,#1868,.F.);
#7816 = ADVANCED_FACE('',(#7817),#1916,.T.);
#7817 = FACE_BOUND('',#7818,.F.);
#7818 = EDGE_LOOP('',(#7819,#7842,#7864,#7865));
#7819 = ORIENTED_EDGE('',*,*,#7820,.T.);
#7820 = EDGE_CURVE('',#1900,#7821,#7823,.T.);
#7821 = VERTEX_POINT('',#7822);
#7822 = CARTESIAN_POINT('',(-15.,-25.,6.));
#7823 = SEAM_CURVE('',#7824,(#7828,#7835),.PCURVE_S1.);
#7824 = LINE('',#7825,#7826);
#7825 = CARTESIAN_POINT('',(-15.,-25.,3.));
#7826 = VECTOR('',#7827,1.);
#7827 = DIRECTION('',(0.,0.,1.));
#7828 = PCURVE('',#1916,#7829);
#7829 = DEFINITIONAL_REPRESENTATION('',(#7830),#7834);
#7830 = LINE('',#7831,#7832);
#7831 = CARTESIAN_POINT('',(-0.,0.));
#7832 = VECTOR('',#7833,1.);
#7833 = DIRECTION('',(-0.,-1.));
#7834 = ( GEOMETRIC_REPRESENTATION_CONTEXT(2) 
PARAMETRIC_REPRESENTATION_CONTEXT() REPRESENTATION_CONTEXT('2D SPACE',''
  ) );
#7835 = PCURVE('',#1916,#7836);
#7836 = DEFINITIONAL_REPRESENTATION('',(#7837),#7841);
#7837 = LINE('',#7838,#7839);
#7838 = CARTESIAN_POINT('',(-6.28318530718,0.));
#7839 = VECTOR('',#7840,1.);
#7840 = DIRECTION('',(-0.,-1.));
#7841 = ( GEOMETRIC_REPRESENTATION_CONTEXT(2) 
PARAMETRIC_REPRESENTATION_CONTEXT() REPRESENTATION_CONTEXT('2D SPACE',''
  ) );
#7842 = ORIENTED_EDGE('',*,*,#7843,.T.);
#7843 = EDGE_CURVE('',#7821,#7821,#7844,.T.);
#7844 = SURFACE_CURVE('',#7845,(#7850,#7857),.PCURVE_S1.);
#7845 = CIRCLE('',#7846,4.);
#7846 = AXIS2_PLACEMENT_3D('',#7847,#7848,#7849);
#7847 = CARTESIAN_POINT('',(-19.,-25.,6.));
#7848 = DIRECTION('',(0.,0.,1.));
#7849 = DIRECTION('',(1.,0.,0.));
#7850 = PCURVE('',#1916,#7851);
#7851 = DEFINITIONAL_REPRESENTATION('',(#7852),#7856);
#7852 = LINE('',#7853,#7854);
#7853 = CARTESIAN_POINT('',(-0.,-3.));
#7854 = VECTOR('',#7855,1.);
#7855 = DIRECTION('',(-1.,0.));
#7856 = ( GEOMETRIC_REPRESENTATION_CONTEXT(2) 
PARAMETRIC_REPRESENTATION_CONTEXT() REPRESENTATION_CONTEXT('2D SPACE',''
  ) );
#7857 = PCURVE('',#3174,#7858);
#7858 = DEFINITIONAL_REPRESENTATION('',(#7859),#7863);
#7859 = CIRCLE('',#7860,4.);
#7860 = AXIS2_PLACEMENT_2D('',#7861,#7862);
#7861 = CARTESIAN_POINT('',(0.,0.));
#7862 = DIRECTION('',(1.,0.));
#7863 = ( GEOMETRIC_REPRESENTATION_CONTEXT(2) 
PARAMETRIC_REPRESENTATION_CONTEXT() REPRESENTATION_CONTEXT('2D SPACE',''
  ) );
#7864 = ORIENTED_EDGE('',*,*,#7820,.F.);
#7865 = ORIENTED_EDGE('',*,*,#1899,.F.);
#7866 = ADVANCED_FACE('',(#7867),#1947,.T.);
#7867 = FACE_BOUND('',#7868,.F.);
#7868 = EDGE_LOOP('',(#7869,#7892,#7919,#7920));
#7869 = ORIENTED_EDGE('',*,*,#7870,.T.);
#7870 = EDGE_CURVE('',#1931,#7871,#7873,.T.);
#7871 = VERTEX_POINT('',#7872);
#7872 = CARTESIAN_POINT('',(-30.8,-12.,10.));
#7873 = SEAM_CURVE('',#7874,(#7878,#7885),.PCURVE_S1.);
#7874 = LINE('',#7875,#7876);
#7875 = CARTESIAN_POINT('',(-30.8,-12.,3.));
#7876 = VECTOR('',#7877,1.);
#7877 = DIRECTION('',(0.,0.,1.));
#7878 = PCURVE('',#1947,#7879);
#7879 = DEFINITIONAL_REPRESENTATION('',(#7880),#7884);
#7880 = LINE('',#7881,#7882);
#7881 = CARTESIAN_POINT('',(-0.,0.));
#7882 = VECTOR('',#7883,1.);
#7883 = DIRECTION('',(-0.,-1.));
#7884 = ( GEOMETRIC_REPRESENTATION_CONTEXT(2) 
PARAMETRIC_REPRESENTATION_CONTEXT() REPRESENTATION_CONTEXT('2D SPACE',''
  ) );
#7885 = PCURVE('',#1947,#7886);
#7886 = DEFINITIONAL_REPRESENTATION('',(#7887),#7891);
#7887 = LINE('',#7888,#7889);
#7888 = CARTESIAN_POINT('',(-6.28318530718,0.));
#7889 = VECTOR('',#7890,1.);
#7890 = DIRECTION('',(-0.,-1.));
#7891 = ( GEOMETRIC_REPRESENTATION_CONTEXT(2) 
PARAMETRIC_REPRESENTATION_CONTEXT() REPRESENTATION_CONTEXT('2D SPACE',''
  ) );
#7892 = ORIENTED_EDGE('',*,*,#7893,.T.);
#7893 = EDGE_CURVE('',#7871,#7871,#7894,.T.);
#7894 = SURFACE_CURVE('',#7895,(#7900,#7907),.PCURVE_S1.);
#7895 = CIRCLE('',#7896,3.2);
#7896 = AXIS2_PLACEMENT_3D('',#7897,#7898,#7899);
#7897 = CARTESIAN_POINT('',(-34.,-12.,10.));
#7898 = DIRECTION('',(0.,0.,1.));
#7899 = DIRECTION('',(1.,0.,0.));
#7900 = PCURVE('',#1947,#7901);
#7901 = DEFINITIONAL_REPRESENTATION('',(#7902),#7906);
#7902 = LINE('',#7903,#7904);
#7903 = CARTESIAN_POINT('',(-0.,-7.));
#7904 = VECTOR('',#7905,1.);
#7905 = DIRECTION('',(-1.,0.));
#7906 = ( GEOMETRIC_REPRESENTATION_CONTEXT(2) 
PARAMETRIC_REPRESENTATION_CONTEXT() REPRESENTATION_CONTEXT('2D SPACE',''
  ) );
#7907 = PCURVE('',#7908,#7913);
#7908 = PLANE('',#7909);
#7909 = AXIS2_PLACEMENT_3D('',#7910,#7911,#7912);
#7910 = CARTESIAN_POINT('',(-34.,-12.,10.));
#7911 = DIRECTION('',(0.,0.,1.));
#7912 = DIRECTION('',(1.,0.,-0.));
#7913 = DEFINITIONAL_REPRESENTATION('',(#7914),#7918);
#7914 = CIRCLE('',#7915,3.2);
#7915 = AXIS2_PLACEMENT_2D('',#7916,#7917);
#7916 = CARTESIAN_POINT('',(0.,-1.7763568394E-15));
#7917 = DIRECTION('',(1.,0.));
#7918 = ( GEOMETRIC_REPRESENTATION_CONTEXT(2) 
PARAMETRIC_REPRESENTATION_CONTEXT() REPRESENTATION_CONTEXT('2D SPACE',''
  ) );
#7919 = ORIENTED_EDGE('',*,*,#7870,.F.);
#7920 = ORIENTED_EDGE('',*,*,#1930,.F.);
#7921 = ADVANCED_FACE('',(#7922),#1978,.T.);
#7922 = FACE_BOUND('',#7923,.F.);
#7923 = EDGE_LOOP('',(#7924,#7947,#7974,#7975));
#7924 = ORIENTED_EDGE('',*,*,#7925,.T.);
#7925 = EDGE_CURVE('',#1962,#7926,#7928,.T.);
#7926 = VERTEX_POINT('',#7927);
#7927 = CARTESIAN_POINT('',(8.,-31.,12.));
#7928 = SEAM_CURVE('',#7929,(#7933,#7940),.PCURVE_S1.);
#7929 = LINE('',#7930,#7931);
#7930 = CARTESIAN_POINT('',(8.,-31.,3.));
#7931 = VECTOR('',#7932,1.);
#7932 = DIRECTION('',(0.,0.,1.));
#7933 = PCURVE('',#1978,#7934);
#7934 = DEFINITIONAL_REPRESENTATION('',(#7935),#7939);
#7935 = LINE('',#7936,#7937);
#7936 = CARTESIAN_POINT('',(-0.,0.));
#7937 = VECTOR('',#7938,1.);
#7938 = DIRECTION('',(-0.,-1.));
#7939 = ( GEOMETRIC_REPRESENTATION_CONTEXT(2) 
PARAMETRIC_REPRESENTATION_CONTEXT() REPRESENTATION_CONTEXT('2D SPACE',''
  ) );
#7940 = PCURVE('',#1978,#7941);
#7941 = DEFINITIONAL_REPRESENTATION('',(#7942),#7946);
#7942 = LINE('',#7943,#7944);
#7943 = CARTESIAN_POINT('',(-6.28318530718,0.));
#7944 = VECTOR('',#7945,1.);
#7945 = DIRECTION('',(-0.,-1.));
#7946 = ( GEOMETRIC_REPRESENTATION_CONTEXT(2) 
PARAMETRIC_REPRESENTATION_CONTEXT() REPRESENTATION_CONTEXT('2D SPACE',''
  ) );
#7947 = ORIENTED_EDGE('',*,*,#7948,.T.);
#7948 = EDGE_CURVE('',#7926,#7926,#7949,.T.);
#7949 = SURFACE_CURVE('',#7950,(#7955,#7962),.PCURVE_S1.);
#7950 = CIRCLE('',#7951,3.);
#7951 = AXIS2_PLACEMENT_3D('',#7952,#7953,#7954);
#7952 = CARTESIAN_POINT('',(5.,-31.,12.));
#7953 = DIRECTION('',(0.,0.,1.));
#7954 = DIRECTION('',(1.,0.,0.));
#7955 = PCURVE('',#1978,#7956);
#7956 = DEFINITIONAL_REPRESENTATION('',(#7957),#7961);
#7957 = LINE('',#7958,#7959);
#7958 = CARTESIAN_POINT('',(-0.,-9.));
#7959 = VECTOR('',#7960,1.);
#7960 = DIRECTION('',(-1.,0.));
#7961 = ( GEOMETRIC_REPRESENTATION_CONTEXT(2) 
PARAMETRIC_REPRESENTATION_CONTEXT() REPRESENTATION_CONTEXT('2D SPACE',''
  ) );
#7962 = PCURVE('',#7963,#7968);
#7963 = PLANE('',#7964);
#7964 = AXIS2_PLACEMENT_3D('',#7965,#7966,#7967);
#7965 = CARTESIAN_POINT('',(5.,-31.,12.));
#7966 = DIRECTION('',(0.,0.,1.));
#7967 = DIRECTION('',(1.,0.,-0.));
#7968 = DEFINITIONAL_REPRESENTATION('',(#7969),#7973);
#7969 = CIRCLE('',#7970,3.);
#7970 = AXIS2_PLACEMENT_2D('',#7971,#7972);
#7971 = CARTESIAN_POINT('',(0.,7.105427357601E-15));
#7972 = DIRECTION('',(1.,0.));
#7973 = ( GEOMETRIC_REPRESENTATION_CONTEXT(2) 
PARAMETRIC_REPRESENTATION_CONTEXT() REPRESENTATION_CONTEXT('2D SPACE',''
  ) );
#7974 = ORIENTED_EDGE('',*,*,#7925,.F.);
#7975 = ORIENTED_EDGE('',*,*,#1961,.F.);
#7976 = ADVANCED_FACE('',(#7977),#2009,.T.);
#7977 = FACE_BOUND('',#7978,.F.);
#7978 = EDGE_LOOP('',(#7979,#8002,#8024,#8025));
#7979 = ORIENTED_EDGE('',*,*,#7980,.T.);
#7980 = EDGE_CURVE('',#1993,#7981,#7983,.T.);
#7981 = VERTEX_POINT('',#7982);
#7982 = CARTESIAN_POINT('',(23.,-25.,6.));
#7983 = SEAM_CURVE('',#7984,(#7988,#7995),.PCURVE_S1.);
#7984 = LINE('',#7985,#7986);
#7985 = CARTESIAN_POINT('',(23.,-25.,3.));
#7986 = VECTOR('',#7987,1.);
#7987 = DIRECTION('',(0.,0.,1.));
#7988 = PCURVE('',#2009,#7989);
#7989 = DEFINITIONAL_REPRESENTATION('',(#7990),#7994);
#7990 = LINE('',#7991,#7992);
#7991 = CARTESIAN_POINT('',(-0.,0.));
#7992 = VECTOR('',#7993,1.);
#7993 = DIRECTION('',(-0.,-1.));
#7994 = ( GEOMETRIC_REPRESENTATION_CONTEXT(2) 
PARAMETRIC_REPRESENTATION_CONTEXT() REPRESENTATION_CONTEXT('2D SPACE',''
  ) );
#7995 = PCURVE('',#2009,#7996);
#7996 = DEFINITIONAL_REPRESENTATION('',(#7997),#8001);
#7997 = LINE('',#7998,#7999);
#7998 = CARTESIAN_POINT('',(-6.28318530718,0.));
#7999 = VECTOR('',#8000,1.);
#8000 = DIRECTION('',(-0.,-1.));
#8001 = ( GEOMETRIC_REPRESENTATION_CONTEXT(2) 
PARAMETRIC_REPRESENTATION_CONTEXT() REPRESENTATION_CONTEXT('2D SPACE',''
  ) );
#8002 = ORIENTED_EDGE('',*,*,#8003,.T.);
#8003 = EDGE_CURVE('',#7981,#7981,#8004,.T.);
#8004 = SURFACE_CURVE('',#8005,(#8010,#8017),.PCURVE_S1.);
#8005 = CIRCLE('',#8006,4.);
#8006 = AXIS2_PLACEMENT_3D('',#8007,#8008,#8009);
#8007 = CARTESIAN_POINT('',(19.,-25.,6.));
#8008 = DIRECTION('',(0.,0.,1.));
#8009 = DIRECTION('',(1.,0.,0.));
#8010 = PCURVE('',#2009,#8011);
#8011 = DEFINITIONAL_REPRESENTATION('',(#8012),#8016);
#8012 = LINE('',#8013,#8014);
#8013 = CARTESIAN_POINT('',(-0.,-3.));
#8014 = VECTOR('',#8015,1.);
#8015 = DIRECTION('',(-1.,0.));
#8016 = ( GEOMETRIC_REPRESENTATION_CONTEXT(2) 
PARAMETRIC_REPRESENTATION_CONTEXT() REPRESENTATION_CONTEXT('2D SPACE',''
  ) );
#8017 = PCURVE('',#3381,#8018);
#8018 = DEFINITIONAL_REPRESENTATION('',(#8019),#8023);
#8019 = CIRCLE('',#8020,4.);
#8020 = AXIS2_PLACEMENT_2D('',#8021,#8022);
#8021 = CARTESIAN_POINT('',(3.552713678801E-15,0.));
#8022 = DIRECTION('',(1.,0.));
#8023 = ( GEOMETRIC_REPRESENTATION_CONTEXT(2) 
PARAMETRIC_REPRESENTATION_CONTEXT() REPRESENTATION_CONTEXT('2D SPACE',''
  ) );
#8024 = ORIENTED_EDGE('',*,*,#7980,.F.);
#8025 = ORIENTED_EDGE('',*,*,#1992,.F.);
#8026 = ADVANCED_FACE('',(#8027),#2040,.T.);
#8027 = FACE_BOUND('',#8028,.F.);
#8028 = EDGE_LOOP('',(#8029,#8052,#8079,#8080));
#8029 = ORIENTED_EDGE('',*,*,#8030,.T.);
#8030 = EDGE_CURVE('',#2024,#8031,#8033,.T.);
#8031 = VERTEX_POINT('',#8032);
#8032 = CARTESIAN_POINT('',(31.,-16.,14.));
#8033 = SEAM_CURVE('',#8034,(#8038,#8045),.PCURVE_S1.);
#8034 = LINE('',#8035,#8036);
#8035 = CARTESIAN_POINT('',(31.,-16.,3.));
#8036 = VECTOR('',#8037,1.);
#8037 = DIRECTION('',(0.,0.,1.));
#8038 = PCURVE('',#2040,#8039);
#8039 = DEFINITIONAL_REPRESENTATION('',(#8040),#8044);
#8040 = LINE('',#8041,#8042);
#8041 = CARTESIAN_POINT('',(-0.,0.));
#8042 = VECTOR('',#8043,1.);
#8043 = DIRECTION('',(-0.,-1.));
#8044 = ( GEOMETRIC_REPRESENTATION_CONTEXT(2) 
PARAMETRIC_REPRESENTATION_CONTEXT() REPRESENTATION_CONTEXT('2D SPACE',''
  ) );
#8045 = PCURVE('',#2040,#8046);
#8046 = DEFINITIONAL_REPRESENTATION('',(#8047),#8051);
#8047 = LINE('',#8048,#8049);
#8048 = CARTESIAN_POINT('',(-6.28318530718,0.));
#8049 = VECTOR('',#8050,1.);
#8050 = DIRECTION('',(-0.,-1.));
#8051 = ( GEOMETRIC_REPRESENTATION_CONTEXT(2) 
PARAMETRIC_REPRESENTATION_CONTEXT() REPRESENTATION_CONTEXT('2D SPACE',''
  ) );
#8052 = ORIENTED_EDGE('',*,*,#8053,.T.);
#8053 = EDGE_CURVE('',#8031,#8031,#8054,.T.);
#8054 = SURFACE_CURVE('',#8055,(#8060,#8067),.PCURVE_S1.);
#8055 = CIRCLE('',#8056,2.);
#8056 = AXIS2_PLACEMENT_3D('',#8057,#8058,#8059);
#8057 = CARTESIAN_POINT('',(29.,-16.,14.));
#8058 = DIRECTION('',(0.,0.,1.));
#8059 = DIRECTION('',(1.,0.,0.));
#8060 = PCURVE('',#2040,#8061);
#8061 = DEFINITIONAL_REPRESENTATION('',(#8062),#8066);
#8062 = LINE('',#8063,#8064);
#8063 = CARTESIAN_POINT('',(-0.,-11.));
#8064 = VECTOR('',#8065,1.);
#8065 = DIRECTION('',(-1.,0.));
#8066 = ( GEOMETRIC_REPRESENTATION_CONTEXT(2) 
PARAMETRIC_REPRESENTATION_CONTEXT() REPRESENTATION_CONTEXT('2D SPACE',''
  ) );
#8067 = PCURVE('',#8068,#8073);
#8068 = PLANE('',#8069);
#8069 = AXIS2_PLACEMENT_3D('',#8070,#8071,#8072);
#8070 = CARTESIAN_POINT('',(29.,-16.,14.));
#8071 = DIRECTION('',(0.,0.,1.));
#8072 = DIRECTION('',(1.,0.,-0.));
#8073 = DEFINITIONAL_REPRESENTATION('',(#8074),#8078);
#8074 = CIRCLE('',#8075,2.);
#8075 = AXIS2_PLACEMENT_2D('',#8076,#8077);
#8076 = CARTESIAN_POINT('',(0.,0.));
#8077 = DIRECTION('',(1.,0.));
#8078 = ( GEOMETRIC_REPRESENTATION_CONTEXT(2) 
PARAMETRIC_REPRESENTATION_CONTEXT() REPRESENTATION_CONTEXT('2D SPACE',''
  ) );
#8079 = ORIENTED_EDGE('',*,*,#8030,.F.);
#8080 = ORIENTED_EDGE('',*,*,#2023,.F.);
#8081 = ADVANCED_FACE('',(#8082),#2161,.T.);
#8082 = FACE_BOUND('',#8083,.F.);
#8083 = EDGE_LOOP('',(#8084,#8107,#8134,#8135));
#8084 = ORIENTED_EDGE('',*,*,#8085,.T.);
#8085 = EDGE_CURVE('',#2145,#8086,#8088,.T.);
#8086 = VERTEX_POINT('',#8087);
#8087 = CARTESIAN_POINT('',(37.2,-12.,10.));
#8088 = SEAM_CURVE('',#8089,(#8093,#8100),.PCURVE_S1.);
#8089 = LINE('',#8090,#8091);
#8090 = CARTESIAN_POINT('',(37.2,-12.,3.));
#8091 = VECTOR('',#8092,1.);
#8092 = DIRECTION('',(0.,0.,1.));
#8093 = PCURVE('',#2161,#8094);
#8094 = DEFINITIONAL_REPRESENTATION('',(#8095),#8099);
#8095 = LINE('',#8096,#8097);
#8096 = CARTESIAN_POINT('',(-0.,0.));
#8097 = VECTOR('',#8098,1.);
#8098 = DIRECTION('',(-0.,-1.));
#8099 = ( GEOMETRIC_REPRESENTATION_CONTEXT(2) 
PARAMETRIC_REPRESENTATION_CONTEXT() REPRESENTATION_CONTEXT('2D SPACE',''
  ) );
#8100 = PCURVE('',#2161,#8101);
#8101 = DEFINITIONAL_REPRESENTATION('',(#8102),#8106);
#8102 = LINE('',#8103,#8104);
#8103 = CARTESIAN_POINT('',(-6.28318530718,0.));
#8104 = VECTOR('',#8105,1.);
#8105 = DIRECTION('',(-0.,-1.));
#8106 = ( GEOMETRIC_REPRESENTATION_CONTEXT(2) 
PARAMETRIC_REPRESENTATION_CONTEXT() REPRESENTATION_CONTEXT('2D SPACE',''
  ) );
#8107 = ORIENTED_EDGE('',*,*,#8108,.T.);
#8108 = EDGE_CURVE('',#8086,#8086,#8109,.T.);
#8109 = SURFACE_CURVE('',#8110,(#8115,#8122),.PCURVE_S1.);
#8110 = CIRCLE('',#8111,3.2);
#8111 = AXIS2_PLACEMENT_3D('',#8112,#8113,#8114);
#8112 = CARTESIAN_POINT('',(34.,-12.,10.));
#8113 = DIRECTION('',(0.,0.,1.));
#8114 = DIRECTION('',(1.,0.,0.));
#8115 = PCURVE('',#2161,#8116);
#8116 = DEFINITIONAL_REPRESENTATION('',(#8117),#8121);
#8117 = LINE('',#8118,#8119);
#8118 = CARTESIAN_POINT('',(-0.,-7.));
#8119 = VECTOR('',#8120,1.);
#8120 = DIRECTION('',(-1.,0.));
#8121 = ( GEOMETRIC_REPRESENTATION_CONTEXT(2) 
PARAMETRIC_REPRESENTATION_CONTEXT() REPRESENTATION_CONTEXT('2D SPACE',''
  ) );
#8122 = PCURVE('',#8123,#8128);
#8123 = PLANE('',#8124);
#8124 = AXIS2_PLACEMENT_3D('',#8125,#8126,#8127);
#8125 = CARTESIAN_POINT('',(34.,-12.,10.));
#8126 = DIRECTION('',(0.,0.,1.));
#8127 = DIRECTION('',(1.,0.,-0.));
#8128 = DEFINITIONAL_REPRESENTATION('',(#8129),#8133);
#8129 = CIRCLE('',#8130,3.2);
#8130 = AXIS2_PLACEMENT_2D('',#8131,#8132);
#8131 = CARTESIAN_POINT('',(7.105427357601E-15,-1.7763568394E-15));
#8132 = DIRECTION('',(1.,0.));
#8133 = ( GEOMETRIC_REPRESENTATION_CONTEXT(2) 
PARAMETRIC_REPRESENTATION_CONTEXT() REPRESENTATION_CONTEXT('2D SPACE',''
  ) );
#8134 = ORIENTED_EDGE('',*,*,#8085,.F.);
#8135 = ORIENTED_EDGE('',*,*,#2144,.F.);
#8136 = ADVANCED_FACE('',(#8137),#2192,.T.);
#8137 = FACE_BOUND('',#8138,.F.);
#8138 = EDGE_LOOP('',(#8139,#8162,#8189,#8190));
#8139 = ORIENTED_EDGE('',*,*,#8140,.T.);
#8140 = EDGE_CURVE('',#2176,#8141,#8143,.T.);
#8141 = VERTEX_POINT('',#8142);
#8142 = CARTESIAN_POINT('',(32.,0.,14.));
#8143 = SEAM_CURVE('',#8144,(#8148,#8155),.PCURVE_S1.);
#8144 = LINE('',#8145,#8146);
#8145 = CARTESIAN_POINT('',(32.,0.,3.));
#8146 = VECTOR('',#8147,1.);
#8147 = DIRECTION('',(0.,0.,1.));
#8148 = PCURVE('',#2192,#8149);
#8149 = DEFINITIONAL_REPRESENTATION('',(#8150),#8154);
#8150 = LINE('',#8151,#8152);
#8151 = CARTESIAN_POINT('',(-0.,0.));
#8152 = VECTOR('',#8153,1.);
#8153 = DIRECTION('',(-0.,-1.));
#8154 = ( GEOMETRIC_REPRESENTATION_CONTEXT(2) 
PARAMETRIC_REPRESENTATION_CONTEXT() REPRESENTATION_CONTEXT('2D SPACE',''
  ) );
#8155 = PCURVE('',#2192,#8156);
#8156 = DEFINITIONAL_REPRESENTATION('',(#8157),#8161);
#8157 = LINE('',#8158,#8159);
#8158 = CARTESIAN_POINT('',(-6.28318530718,0.));
#8159 = VECTOR('',#8160,1.);
#8160 = DIRECTION('',(-0.,-1.));
#8161 = ( GEOMETRIC_REPRESENTATION_CONTEXT(2) 
PARAMETRIC_REPRESENTATION_CONTEXT() REPRESENTATION_CONTEXT('2D SPACE',''
  ) );
#8162 = ORIENTED_EDGE('',*,*,#8163,.T.);
#8163 = EDGE_CURVE('',#8141,#8141,#8164,.T.);
#8164 = SURFACE_CURVE('',#8165,(#8170,#8177),.PCURVE_S1.);
#8165 = CIRCLE('',#8166,2.);
#8166 = AXIS2_PLACEMENT_3D('',#8167,#8168,#8169);
#8167 = CARTESIAN_POINT('',(30.,0.,14.));
#8168 = DIRECTION('',(0.,0.,1.));
#8169 = DIRECTION('',(1.,0.,0.));
#8170 = PCURVE('',#2192,#8171);
#8171 = DEFINITIONAL_REPRESENTATION('',(#8172),#8176);
#8172 = LINE('',#8173,#8174);
#8173 = CARTESIAN_POINT('',(-0.,-11.));
#8174 = VECTOR('',#8175,1.);
#8175 = DIRECTION('',(-1.,0.));
#8176 = ( GEOMETRIC_REPRESENTATION_CONTEXT(2) 
PARAMETRIC_REPRESENTATION_CONTEXT() REPRESENTATION_CONTEXT('2D SPACE',''
  ) );
#8177 = PCURVE('',#8178,#8183);
#8178 = PLANE('',#8179);
#8179 = AXIS2_PLACEMENT_3D('',#8180,#8181,#8182);
#8180 = CARTESIAN_POINT('',(30.,1.74751904908E-16,14.));
#8181 = DIRECTION('',(0.,0.,1.));
#8182 = DIRECTION('',(1.,0.,-0.));
#8183 = DEFINITIONAL_REPRESENTATION('',(#8184),#8188);
#8184 = CIRCLE('',#8185,2.);
#8185 = AXIS2_PLACEMENT_2D('',#8186,#8187);
#8186 = CARTESIAN_POINT('',(0.,-1.74751904908E-16));
#8187 = DIRECTION('',(1.,0.));
#8188 = ( GEOMETRIC_REPRESENTATION_CONTEXT(2) 
PARAMETRIC_REPRESENTATION_CONTEXT() REPRESENTATION_CONTEXT('2D SPACE',''
  ) );
#8189 = ORIENTED_EDGE('',*,*,#8140,.F.);
#8190 = ORIENTED_EDGE('',*,*,#2175,.F.);
#8191 = ADVANCED_FACE('',(#8192),#2223,.T.);
#8192 = FACE_BOUND('',#8193,.F.);
#8193 = EDGE_LOOP('',(#8194,#8217,#8239,#8240));
#8194 = ORIENTED_EDGE('',*,*,#8195,.T.);
#8195 = EDGE_CURVE('',#2207,#8196,#8198,.T.);
#8196 = VERTEX_POINT('',#8197);
#8197 = CARTESIAN_POINT('',(-15.,20.,6.));
#8198 = SEAM_CURVE('',#8199,(#8203,#8210),.PCURVE_S1.);
#8199 = LINE('',#8200,#8201);
#8200 = CARTESIAN_POINT('',(-15.,20.,3.));
#8201 = VECTOR('',#8202,1.);
#8202 = DIRECTION('',(0.,0.,1.));
#8203 = PCURVE('',#2223,#8204);
#8204 = DEFINITIONAL_REPRESENTATION('',(#8205),#8209);
#8205 = LINE('',#8206,#8207);
#8206 = CARTESIAN_POINT('',(-0.,0.));
#8207 = VECTOR('',#8208,1.);
#8208 = DIRECTION('',(-0.,-1.));
#8209 = ( GEOMETRIC_REPRESENTATION_CONTEXT(2) 
PARAMETRIC_REPRESENTATION_CONTEXT() REPRESENTATION_CONTEXT('2D SPACE',''
  ) );
#8210 = PCURVE('',#2223,#8211);
#8211 = DEFINITIONAL_REPRESENTATION('',(#8212),#8216);
#8212 = LINE('',#8213,#8214);
#8213 = CARTESIAN_POINT('',(-6.28318530718,0.));
#8214 = VECTOR('',#8215,1.);
#8215 = DIRECTION('',(-0.,-1.));
#8216 = ( GEOMETRIC_REPRESENTATION_CONTEXT(2) 
PARAMETRIC_REPRESENTATION_CONTEXT() REPRESENTATION_CONTEXT('2D SPACE',''
  ) );
#8217 = ORIENTED_EDGE('',*,*,#8218,.T.);
#8218 = EDGE_CURVE('',#8196,#8196,#8219,.T.);
#8219 = SURFACE_CURVE('',#8220,(#8225,#8232),.PCURVE_S1.);
#8220 = CIRCLE('',#8221,4.);
#8221 = AXIS2_PLACEMENT_3D('',#8222,#8223,#8224);
#8222 = CARTESIAN_POINT('',(-19.,20.,6.));
#8223 = DIRECTION('',(0.,0.,1.));
#8224 = DIRECTION('',(1.,0.,0.));
#8225 = PCURVE('',#2223,#8226);
#8226 = DEFINITIONAL_REPRESENTATION('',(#8227),#8231);
#8227 = LINE('',#8228,#8229);
#8228 = CARTESIAN_POINT('',(-0.,-3.));
#8229 = VECTOR('',#8230,1.);
#8230 = DIRECTION('',(-1.,0.));
#8231 = ( GEOMETRIC_REPRESENTATION_CONTEXT(2) 
PARAMETRIC_REPRESENTATION_CONTEXT() REPRESENTATION_CONTEXT('2D SPACE',''
  ) );
#8232 = PCURVE('',#3696,#8233);
#8233 = DEFINITIONAL_REPRESENTATION('',(#8234),#8238);
#8234 = CIRCLE('',#8235,4.);
#8235 = AXIS2_PLACEMENT_2D('',#8236,#8237);
#8236 = CARTESIAN_POINT('',(0.,3.552713678801E-15));
#8237 = DIRECTION('',(1.,0.));
#8238 = ( GEOMETRIC_REPRESENTATION_CONTEXT(2) 
PARAMETRIC_REPRESENTATION_CONTEXT() REPRESENTATION_CONTEXT('2D SPACE',''
  ) );
#8239 = ORIENTED_EDGE('',*,*,#8195,.F.);
#8240 = ORIENTED_EDGE('',*,*,#2206,.F.);
#8241 = ADVANCED_FACE('',(#8242),#2254,.T.);
#8242 = FACE_BOUND('',#8243,.F.);
#8243 = EDGE_LOOP('',(#8244,#8267,#8294,#8295));
#8244 = ORIENTED_EDGE('',*,*,#8245,.T.);
#8245 = EDGE_CURVE('',#2238,#8246,#8248,.T.);
#8246 = VERTEX_POINT('',#8247);
#8247 = CARTESIAN_POINT('',(-22.,37.,12.));
#8248 = SEAM_CURVE('',#8249,(#8253,#8260),.PCURVE_S1.);
#8249 = LINE('',#8250,#8251);
#8250 = CARTESIAN_POINT('',(-22.,37.,3.));
#8251 = VECTOR('',#8252,1.);
#8252 = DIRECTION('',(0.,0.,1.));
#8253 = PCURVE('',#2254,#8254);
#8254 = DEFINITIONAL_REPRESENTATION('',(#8255),#8259);
#8255 = LINE('',#8256,#8257);
#8256 = CARTESIAN_POINT('',(-0.,0.));
#8257 = VECTOR('',#8258,1.);
#8258 = DIRECTION('',(-0.,-1.));
#8259 = ( GEOMETRIC_REPRESENTATION_CONTEXT(2) 
PARAMETRIC_REPRESENTATION_CONTEXT() REPRESENTATION_CONTEXT('2D SPACE',''
  ) );
#8260 = PCURVE('',#2254,#8261);
#8261 = DEFINITIONAL_REPRESENTATION('',(#8262),#8266);
#8262 = LINE('',#8263,#8264);
#8263 = CARTESIAN_POINT('',(-6.28318530718,0.));
#8264 = VECTOR('',#8265,1.);
#8265 = DIRECTION('',(-0.,-1.));
#8266 = ( GEOMETRIC_REPRESENTATION_CONTEXT(2) 
PARAMETRIC_REPRESENTATION_CONTEXT() REPRESENTATION_CONTEXT('2D SPACE',''
  ) );
#8267 = ORIENTED_EDGE('',*,*,#8268,.T.);
#8268 = EDGE_CURVE('',#8246,#8246,#8269,.T.);
#8269 = SURFACE_CURVE('',#8270,(#8275,#8282),.PCURVE_S1.);
#8270 = CIRCLE('',#8271,3.);
#8271 = AXIS2_PLACEMENT_3D('',#8272,#8273,#8274);
#8272 = CARTESIAN_POINT('',(-25.,37.,12.));
#8273 = DIRECTION('',(0.,0.,1.));
#8274 = DIRECTION('',(1.,0.,0.));
#8275 = PCURVE('',#2254,#8276);
#8276 = DEFINITIONAL_REPRESENTATION('',(#8277),#8281);
#8277 = LINE('',#8278,#8279);
#8278 = CARTESIAN_POINT('',(-0.,-9.));
#8279 = VECTOR('',#8280,1.);
#8280 = DIRECTION('',(-1.,0.));
#8281 = ( GEOMETRIC_REPRESENTATION_CONTEXT(2) 
PARAMETRIC_REPRESENTATION_CONTEXT() REPRESENTATION_CONTEXT('2D SPACE',''
  ) );
#8282 = PCURVE('',#8283,#8288);
#8283 = PLANE('',#8284);
#8284 = AXIS2_PLACEMENT_3D('',#8285,#8286,#8287);
#8285 = CARTESIAN_POINT('',(-25.,37.,12.));
#8286 = DIRECTION('',(0.,0.,1.));
#8287 = DIRECTION('',(1.,0.,-0.));
#8288 = DEFINITIONAL_REPRESENTATION('',(#8289),#8293);
#8289 = CIRCLE('',#8290,3.);
#8290 = AXIS2_PLACEMENT_2D('',#8291,#8292);
#8291 = CARTESIAN_POINT('',(0.,0.));
#8292 = DIRECTION('',(1.,0.));
#8293 = ( GEOMETRIC_REPRESENTATION_CONTEXT(2) 
PARAMETRIC_REPRESENTATION_CONTEXT() REPRESENTATION_CONTEXT('2D SPACE',''
  ) );
#8294 = ORIENTED_EDGE('',*,*,#8245,.F.);
#8295 = ORIENTED_EDGE('',*,*,#2237,.F.);
#8296 = ADVANCED_FACE('',(#8297),#2285,.T.);
#8297 = FACE_BOUND('',#8298,.F.);
#8298 = EDGE_LOOP('',(#8299,#8322,#8344,#8345));
#8299 = ORIENTED_EDGE('',*,*,#8300,.T.);
#8300 = EDGE_CURVE('',#2269,#8301,#8303,.T.);
#8301 = VERTEX_POINT('',#8302);
#8302 = CARTESIAN_POINT('',(23.,20.,6.));
#8303 = SEAM_CURVE('',#8304,(#8308,#8315),.PCURVE_S1.);
#8304 = LINE('',#8305,#8306);
#8305 = CARTESIAN_POINT('',(23.,20.,3.));
#8306 = VECTOR('',#8307,1.);
#8307 = DIRECTION('',(0.,0.,1.));
#8308 = PCURVE('',#2285,#8309);
#8309 = DEFINITIONAL_REPRESENTATION('',(#8310),#8314);
#8310 = LINE('',#8311,#8312);
#8311 = CARTESIAN_POINT('',(-0.,0.));
#8312 = VECTOR('',#8313,1.);
#8313 = DIRECTION('',(-0.,-1.));
#8314 = ( GEOMETRIC_REPRESENTATION_CONTEXT(2) 
PARAMETRIC_REPRESENTATION_CONTEXT() REPRESENTATION_CONTEXT('2D SPACE',''
  ) );
#8315 = PCURVE('',#2285,#8316);
#8316 = DEFINITIONAL_REPRESENTATION('',(#8317),#8321);
#8317 = LINE('',#8318,#8319);
#8318 = CARTESIAN_POINT('',(-6.28318530718,0.));
#8319 = VECTOR('',#8320,1.);
#8320 = DIRECTION('',(-0.,-1.));
#8321 = ( GEOMETRIC_REPRESENTATION_CONTEXT(2) 
PARAMETRIC_REPRESENTATION_CONTEXT() REPRESENTATION_CONTEXT('2D SPACE',''
  ) );
#8322 = ORIENTED_EDGE('',*,*,#8323,.T.);
#8323 = EDGE_CURVE('',#8301,#8301,#8324,.T.);
#8324 = SURFACE_CURVE('',#8325,(#8330,#8337),.PCURVE_S1.);
#8325 = CIRCLE('',#8326,4.);
#8326 = AXIS2_PLACEMENT_3D('',#8327,#8328,#8329);
#8327 = CARTESIAN_POINT('',(19.,20.,6.));
#8328 = DIRECTION('',(0.,0.,1.));
#8329 = DIRECTION('',(1.,0.,0.));
#8330 = PCURVE('',#2285,#8331);
#8331 = DEFINITIONAL_REPRESENTATION('',(#8332),#8336);
#8332 = LINE('',#8333,#8334);
#8333 = CARTESIAN_POINT('',(-0.,-3.));
#8334 = VECTOR('',#8335,1.);
#8335 = DIRECTION('',(-1.,0.));
#8336 = ( GEOMETRIC_REPRESENTATION_CONTEXT(2) 
PARAMETRIC_REPRESENTATION_CONTEXT() REPRESENTATION_CONTEXT('2D SPACE',''
  ) );
#8337 = PCURVE('',#3903,#8338);
#8338 = DEFINITIONAL_REPRESENTATION('',(#8339),#8343);
#8339 = CIRCLE('',#8340,4.);
#8340 = AXIS2_PLACEMENT_2D('',#8341,#8342);
#8341 = CARTESIAN_POINT('',(3.552713678801E-15,3.552713678801E-15));
#8342 = DIRECTION('',(1.,0.));
#8343 = ( GEOMETRIC_REPRESENTATION_CONTEXT(2) 
PARAMETRIC_REPRESENTATION_CONTEXT() REPRESENTATION_CONTEXT('2D SPACE',''
  ) );
#8344 = ORIENTED_EDGE('',*,*,#8300,.F.);
#8345 = ORIENTED_EDGE('',*,*,#2268,.F.);
#8346 = ADVANCED_FACE('',(#8347),#2316,.T.);
#8347 = FACE_BOUND('',#8348,.F.);
#8348 = EDGE_LOOP('',(#8349,#8372,#8399,#8400));
#8349 = ORIENTED_EDGE('',*,*,#8350,.T.);
#8350 = EDGE_CURVE('',#2300,#8351,#8353,.T.);
#8351 = VERTEX_POINT('',#8352);
#8352 = CARTESIAN_POINT('',(14.,30.,14.));
#8353 = SEAM_CURVE('',#8354,(#8358,#8365),.PCURVE_S1.);
#8354 = LINE('',#8355,#8356);
#8355 = CARTESIAN_POINT('',(14.,30.,3.));
#8356 = VECTOR('',#8357,1.);
#8357 = DIRECTION('',(0.,0.,1.));
#8358 = PCURVE('',#2316,#8359);
#8359 = DEFINITIONAL_REPRESENTATION('',(#8360),#8364);
#8360 = LINE('',#8361,#8362);
#8361 = CARTESIAN_POINT('',(-0.,0.));
#8362 = VECTOR('',#8363,1.);
#8363 = DIRECTION('',(-0.,-1.));
#8364 = ( GEOMETRIC_REPRESENTATION_CONTEXT(2) 
PARAMETRIC_REPRESENTATION_CONTEXT() REPRESENTATION_CONTEXT('2D SPACE',''
  ) );
#8365 = PCURVE('',#2316,#8366);
#8366 = DEFINITIONAL_REPRESENTATION('',(#8367),#8371);
#8367 = LINE('',#8368,#8369);
#8368 = CARTESIAN_POINT('',(-6.28318530718,0.));
#8369 = VECTOR('',#8370,1.);
#8370 = DIRECTION('',(-0.,-1.));
#8371 = ( GEOMETRIC_REPRESENTATION_CONTEXT(2) 
PARAMETRIC_REPRESENTATION_CONTEXT() REPRESENTATION_CONTEXT('2D SPACE',''
  ) );
#8372 = ORIENTED_EDGE('',*,*,#8373,.T.);
#8373 = EDGE_CURVE('',#8351,#8351,#8374,.T.);
#8374 = SURFACE_CURVE('',#8375,(#8380,#8387),.PCURVE_S1.);
#8375 = CIRCLE('',#8376,2.);
#8376 = AXIS2_PLACEMENT_3D('',#8377,#8378,#8379);
#8377 = CARTESIAN_POINT('',(12.,30.,14.));
#8378 = DIRECTION('',(0.,0.,1.));
#8379 = DIRECTION('',(1.,0.,0.));
#8380 = PCURVE('',#2316,#8381);
#8381 = DEFINITIONAL_REPRESENTATION('',(#8382),#8386);
#8382 = LINE('',#8383,#8384);
#8383 = CARTESIAN_POINT('',(-0.,-11.));
#8384 = VECTOR('',#8385,1.);
#8385 = DIRECTION('',(-1.,0.));
#8386 = ( GEOMETRIC_REPRESENTATION_CONTEXT(2) 
PARAMETRIC_REPRESENTATION_CONTEXT() REPRESENTATION_CONTEXT('2D SPACE',''
  ) );
#8387 = PCURVE('',#8388,#8393);
#8388 = PLANE('',#8389);
#8389 = AXIS2_PLACEMENT_3D('',#8390,#8391,#8392);
#8390 = CARTESIAN_POINT('',(12.,30.,14.));
#8391 = DIRECTION('',(0.,0.,1.));
#8392 = DIRECTION('',(1.,0.,-0.));
#8393 = DEFINITIONAL_REPRESENTATION('',(#8394),#8398);
#8394 = CIRCLE('',#8395,2.);
#8395 = AXIS2_PLACEMENT_2D('',#8396,#8397);
#8396 = CARTESIAN_POINT('',(0.,-3.552713678801E-15));
#8397 = DIRECTION('',(1.,0.));
#8398 = ( GEOMETRIC_REPRESENTATION_CONTEXT(2) 
PARAMETRIC_REPRESENTATION_CONTEXT() REPRESENTATION_CONTEXT('2D SPACE',''
  ) );
#8399 = ORIENTED_EDGE('',*,*,#8350,.F.);
#8400 = ORIENTED_EDGE('',*,*,#2299,.F.);
#8401 = ADVANCED_FACE('',(#8402),#2347,.T.);
#8402 = FACE_BOUND('',#8403,.F.);
#8403 = EDGE_LOOP('',(#8404,#8427,#8454,#8455));
#8404 = ORIENTED_EDGE('',*,*,#8405,.T.);
#8405 = EDGE_CURVE('',#2331,#8406,#8408,.T.);
#8406 = VERTEX_POINT('',#8407);
#8407 = CARTESIAN_POINT('',(8.,37.,12.));
#8408 = SEAM_CURVE('',#8409,(#8413,#8420),.PCURVE_S1.);
#8409 = LINE('',#8410,#8411);
#8410 = CARTESIAN_POINT('',(8.,37.,3.));
#8411 = VECTOR('',#8412,1.);
#8412 = DIRECTION('',(0.,0.,1.));
#8413 = PCURVE('',#2347,#8414);
#8414 = DEFINITIONAL_REPRESENTATION('',(#8415),#8419);
#8415 = LINE('',#8416,#8417);
#8416 = CARTESIAN_POINT('',(-0.,0.));
#8417 = VECTOR('',#8418,1.);
#8418 = DIRECTION('',(-0.,-1.));
#8419 = ( GEOMETRIC_REPRESENTATION_CONTEXT(2) 
PARAMETRIC_REPRESENTATION_CONTEXT() REPRESENTATION_CONTEXT('2D SPACE',''
  ) );
#8420 = PCURVE('',#2347,#8421);
#8421 = DEFINITIONAL_REPRESENTATION('',(#8422),#8426);
#8422 = LINE('',#8423,#8424);
#8423 = CARTESIAN_POINT('',(-6.28318530718,0.));
#8424 = VECTOR('',#8425,1.);
#8425 = DIRECTION('',(-0.,-1.));
#8426 = ( GEOMETRIC_REPRESENTATION_CONTEXT(2) 
PARAMETRIC_REPRESENTATION_CONTEXT() REPRESENTATION_CONTEXT('2D SPACE',''
  ) );
#8427 = ORIENTED_EDGE('',*,*,#8428,.T.);
#8428 = EDGE_CURVE('',#8406,#8406,#8429,.T.);
#8429 = SURFACE_CURVE('',#8430,(#8435,#8442),.PCURVE_S1.);
#8430 = CIRCLE('',#8431,3.);
#8431 = AXIS2_PLACEMENT_3D('',#8432,#8433,#8434);
#8432 = CARTESIAN_POINT('',(5.,37.,12.));
#8433 = DIRECTION('',(0.,0.,1.));
#8434 = DIRECTION('',(1.,0.,0.));
#8435 = PCURVE('',#2347,#8436);
#8436 = DEFINITIONAL_REPRESENTATION('',(#8437),#8441);
#8437 = LINE('',#8438,#8439);
#8438 = CARTESIAN_POINT('',(-0.,-9.));
#8439 = VECTOR('',#8440,1.);
#8440 = DIRECTION('',(-1.,0.));
#8441 = ( GEOMETRIC_REPRESENTATION_CONTEXT(2) 
PARAMETRIC_REPRESENTATION_CONTEXT() REPRESENTATION_CONTEXT('2D SPACE',''
  ) );
#8442 = PCURVE('',#8443,#8448);
#8443 = PLANE('',#8444);
#8444 = AXIS2_PLACEMENT_3D('',#8445,#8446,#8447);
#8445 = CARTESIAN_POINT('',(5.,37.,12.));
#8446 = DIRECTION('',(0.,0.,1.));
#8447 = DIRECTION('',(1.,0.,-0.));
#8448 = DEFINITIONAL_REPRESENTATION('',(#8449),#8453);
#8449 = CIRCLE('',#8450,3.);
#8450 = AXIS2_PLACEMENT_2D('',#8451,#8452);
#8451 = CARTESIAN_POINT('',(0.,-7.105427357601E-15));
#8452 = DIRECTION('',(1.,0.));
#8453 = ( GEOMETRIC_REPRESENTATION_CONTEXT(2) 
PARAMETRIC_REPRESENTATION_CONTEXT() REPRESENTATION_CONTEXT('2D SPACE',''
  ) );
#8454 = ORIENTED_EDGE('',*,*,#8405,.F.);
#8455 = ORIENTED_EDGE('',*,*,#2330,.F.);
#8456 = ADVANCED_FACE('',(#8457),#2378,.T.);
#8457 = FACE_BOUND('',#8458,.F.);
#8458 = EDGE_LOOP('',(#8459,#8482,#8509,#8510));
#8459 = ORIENTED_EDGE('',*,*,#8460,.T.);
#8460 = EDGE_CURVE('',#2362,#8461,#8463,.T.);
#8461 = VERTEX_POINT('',#8462);
#8462 = CARTESIAN_POINT('',(26.,30.,14.));
#8463 = SEAM_CURVE('',#8464,(#8468,#8475),.PCURVE_S1.);
#8464 = LINE('',#8465,#8466);
#8465 = CARTESIAN_POINT('',(26.,30.,3.));
#8466 = VECTOR('',#8467,1.);
#8467 = DIRECTION('',(0.,0.,1.));
#8468 = PCURVE('',#2378,#8469);
#8469 = DEFINITIONAL_REPRESENTATION('',(#8470),#8474);
#8470 = LINE('',#8471,#8472);
#8471 = CARTESIAN_POINT('',(-0.,0.));
#8472 = VECTOR('',#8473,1.);
#8473 = DIRECTION('',(-0.,-1.));
#8474 = ( GEOMETRIC_REPRESENTATION_CONTEXT(2) 
PARAMETRIC_REPRESENTATION_CONTEXT() REPRESENTATION_CONTEXT('2D SPACE',''
  ) );
#8475 = PCURVE('',#2378,#8476);
#8476 = DEFINITIONAL_REPRESENTATION('',(#8477),#8481);
#8477 = LINE('',#8478,#8479);
#8478 = CARTESIAN_POINT('',(-6.28318530718,0.));
#8479 = VECTOR('',#8480,1.);
#8480 = DIRECTION('',(-0.,-1.));
#8481 = ( GEOMETRIC_REPRESENTATION_CONTEXT(2) 
PARAMETRIC_REPRESENTATION_CONTEXT() REPRESENTATION_CONTEXT('2D SPACE',''
  ) );
#8482 = ORIENTED_EDGE('',*,*,#8483,.T.);
#8483 = EDGE_CURVE('',#8461,#8461,#8484,.T.);
#8484 = SURFACE_CURVE('',#8485,(#8490,#8497),.PCURVE_S1.);
#8485 = CIRCLE('',#8486,2.);
#8486 = AXIS2_PLACEMENT_3D('',#8487,#8488,#8489);
#8487 = CARTESIAN_POINT('',(24.,30.,14.));
#8488 = DIRECTION('',(0.,0.,1.));
#8489 = DIRECTION('',(1.,0.,0.));
#8490 = PCURVE('',#2378,#8491);
#8491 = DEFINITIONAL_REPRESENTATION('',(#8492),#8496);
#8492 = LINE('',#8493,#8494);
#8493 = CARTESIAN_POINT('',(-0.,-11.));
#8494 = VECTOR('',#8495,1.);
#8495 = DIRECTION('',(-1.,0.));
#8496 = ( GEOMETRIC_REPRESENTATION_CONTEXT(2) 
PARAMETRIC_REPRESENTATION_CONTEXT() REPRESENTATION_CONTEXT('2D SPACE',''
  ) );
#8497 = PCURVE('',#8498,#8503);
#8498 = PLANE('',#8499);
#8499 = AXIS2_PLACEMENT_3D('',#8500,#8501,#8502);
#8500 = CARTESIAN_POINT('',(24.,30.,14.));
#8501 = DIRECTION('',(0.,0.,1.));
#8502 = DIRECTION('',(1.,0.,-0.));
#8503 = DEFINITIONAL_REPRESENTATION('',(#8504),#8508);
#8504 = CIRCLE('',#8505,2.);
#8505 = AXIS2_PLACEMENT_2D('',#8506,#8507);
#8506 = CARTESIAN_POINT('',(0.,-3.552713678801E-15));
#8507 = DIRECTION('',(1.,0.));
#8508 = ( GEOMETRIC_REPRESENTATION_CONTEXT(2) 
PARAMETRIC_REPRESENTATION_CONTEXT() REPRESENTATION_CONTEXT('2D SPACE',''
  ) );
#8509 = ORIENTED_EDGE('',*,*,#8460,.F.);
#8510 = ORIENTED_EDGE('',*,*,#2361,.F.);
#8511 = ADVANCED_FACE('',(#8512),#2439,.T.);
#8512 = FACE_BOUND('',#8513,.T.);
#8513 = EDGE_LOOP('',(#8514,#8515,#8516,#8517));
#8514 = ORIENTED_EDGE('',*,*,#6060,.T.);
#8515 = ORIENTED_EDGE('',*,*,#6083,.T.);
#8516 = ORIENTED_EDGE('',*,*,#2560,.F.);
#8517 = ORIENTED_EDGE('',*,*,#2422,.T.);
#8518 = ADVANCED_FACE('',(#8519),#2700,.T.);
#8519 = FACE_BOUND('',#8520,.T.);
#8520 = EDGE_LOOP('',(#8521,#8522,#8523,#8524));
#8521 = ORIENTED_EDGE('',*,*,#2685,.T.);
#8522 = ORIENTED_EDGE('',*,*,#7202,.T.);
#8523 = ORIENTED_EDGE('',*,*,#2872,.F.);
#8524 = ORIENTED_EDGE('',*,*,#2770,.T.);
#8525 = ADVANCED_FACE('',(#8526),#3012,.T.);
#8526 = FACE_BOUND('',#8527,.T.);
#8527 = EDGE_LOOP('',(#8528,#8529,#8530,#8531));
#8528 = ORIENTED_EDGE('',*,*,#6646,.T.);
#8529 = ORIENTED_EDGE('',*,*,#5338,.T.);
#8530 = ORIENTED_EDGE('',*,*,#3082,.T.);
#8531 = ORIENTED_EDGE('',*,*,#2997,.T.);
#8532 = ADVANCED_FACE('',(#8533,#8536),#3174,.T.);
#8533 = FACE_BOUND('',#8534,.T.);
#8534 = EDGE_LOOP('',(#8535));
#8535 = ORIENTED_EDGE('',*,*,#7843,.T.);
#8536 = FACE_BOUND('',#8537,.T.);
#8537 = EDGE_LOOP('',(#8538,#8539,#8540,#8541));
#8538 = ORIENTED_EDGE('',*,*,#3159,.F.);
#8539 = ORIENTED_EDGE('',*,*,#3211,.T.);
#8540 = ORIENTED_EDGE('',*,*,#3319,.F.);
#8541 = ORIENTED_EDGE('',*,*,#3287,.T.);
#8542 = ADVANCED_FACE('',(#8543,#8546),#3381,.T.);
#8543 = FACE_BOUND('',#8544,.T.);
#8544 = EDGE_LOOP('',(#8545));
#8545 = ORIENTED_EDGE('',*,*,#8003,.T.);
#8546 = FACE_BOUND('',#8547,.T.);
#8547 = EDGE_LOOP('',(#8548,#8549,#8550,#8551));
#8548 = ORIENTED_EDGE('',*,*,#3366,.F.);
#8549 = ORIENTED_EDGE('',*,*,#3418,.T.);
#8550 = ORIENTED_EDGE('',*,*,#3526,.F.);
#8551 = ORIENTED_EDGE('',*,*,#3494,.T.);
#8552 = ADVANCED_FACE('',(#8553,#8556),#3696,.T.);
#8553 = FACE_BOUND('',#8554,.T.);
#8554 = EDGE_LOOP('',(#8555));
#8555 = ORIENTED_EDGE('',*,*,#8218,.T.);
#8556 = FACE_BOUND('',#8557,.T.);
#8557 = EDGE_LOOP('',(#8558,#8559,#8560,#8561));
#8558 = ORIENTED_EDGE('',*,*,#3681,.F.);
#8559 = ORIENTED_EDGE('',*,*,#3733,.T.);
#8560 = ORIENTED_EDGE('',*,*,#3841,.F.);
#8561 = ORIENTED_EDGE('',*,*,#3809,.T.);
#8562 = ADVANCED_FACE('',(#8563,#8566),#3903,.T.);
#8563 = FACE_BOUND('',#8564,.T.);
#8564 = EDGE_LOOP('',(#8565));
#8565 = ORIENTED_EDGE('',*,*,#8323,.T.);
#8566 = FACE_BOUND('',#8567,.T.);
#8567 = EDGE_LOOP('',(#8568,#8569,#8570,#8571));
#8568 = ORIENTED_EDGE('',*,*,#3888,.F.);
#8569 = ORIENTED_EDGE('',*,*,#4041,.T.);
#8570 = ORIENTED_EDGE('',*,*,#4016,.F.);
#8571 = ORIENTED_EDGE('',*,*,#3962,.T.);
#8572 = ADVANCED_FACE('',(#8573,#8576),#4137,.T.);
#8573 = FACE_BOUND('',#8574,.T.);
#8574 = EDGE_LOOP('',(#8575));
#8575 = ORIENTED_EDGE('',*,*,#4122,.T.);
#8576 = FACE_BOUND('',#8577,.T.);
#8577 = EDGE_LOOP('',(#8578));
#8578 = ORIENTED_EDGE('',*,*,#8579,.T.);
#8579 = EDGE_CURVE('',#8580,#8580,#8582,.T.);
#8580 = VERTEX_POINT('',#8581);
#8581 = CARTESIAN_POINT('',(24.6,47.,10.));
#8582 = SURFACE_CURVE('',#8583,(#8588,#8599),.PCURVE_S1.);
#8583 = CIRCLE('',#8584,1.6);
#8584 = AXIS2_PLACEMENT_3D('',#8585,#8586,#8587);
#8585 = CARTESIAN_POINT('',(23.,47.,10.));
#8586 = DIRECTION('',(0.,0.,-1.));
#8587 = DIRECTION('',(1.,0.,0.));
#8588 = PCURVE('',#4137,#8589);
#8589 = DEFINITIONAL_REPRESENTATION('',(#8590),#8598);
#8590 = ( BOUNDED_CURVE() B_SPLINE_CURVE(2,(#8591,#8592,#8593,#8594,
#8595,#8596,#8597),.UNSPECIFIED.,.T.,.F.) B_SPLINE_CURVE_WITH_KNOTS((1,2
    ,2,2,2,1),(-2.094395102393,0.,2.094395102393,4.188790204786,
6.28318530718,8.377580409573),.UNSPECIFIED.) CURVE() 
GEOMETRIC_REPRESENTATION_ITEM() RATIONAL_B_SPLINE_CURVE((1.,0.5,1.,0.5,
1.,0.5,1.)) REPRESENTATION_ITEM('') );
#8591 = CARTESIAN_POINT('',(1.6,7.105427357601E-15));
#8592 = CARTESIAN_POINT('',(1.6,-2.77128129211));
#8593 = CARTESIAN_POINT('',(-0.8,-1.385640646055));
#8594 = CARTESIAN_POINT('',(-3.2,6.713540381874E-15));
#8595 = CARTESIAN_POINT('',(-0.8,1.385640646055));
#8596 = CARTESIAN_POINT('',(1.6,2.77128129211));
#8597 = CARTESIAN_POINT('',(1.6,7.105427357601E-15));
#8598 = ( GEOMETRIC_REPRESENTATION_CONTEXT(2) 
PARAMETRIC_REPRESENTATION_CONTEXT() REPRESENTATION_CONTEXT('2D SPACE',''
  ) );
#8599 = PCURVE('',#8600,#8605);
#8600 = CYLINDRICAL_SURFACE('',#8601,1.6);
#8601 = AXIS2_PLACEMENT_3D('',#8602,#8603,#8604);
#8602 = CARTESIAN_POINT('',(23.,47.,4.));
#8603 = DIRECTION('',(-0.,-0.,-1.));
#8604 = DIRECTION('',(1.,0.,0.));
#8605 = DEFINITIONAL_REPRESENTATION('',(#8606),#8610);
#8606 = LINE('',#8607,#8608);
#8607 = CARTESIAN_POINT('',(-6.28318530718,-6.));
#8608 = VECTOR('',#8609,1.);
#8609 = DIRECTION('',(1.,-0.));
#8610 = ( GEOMETRIC_REPRESENTATION_CONTEXT(2) 
PARAMETRIC_REPRESENTATION_CONTEXT() REPRESENTATION_CONTEXT('2D SPACE',''
  ) );
#8611 = ADVANCED_FACE('',(#8612,#8615),#5295,.T.);
#8612 = FACE_BOUND('',#8613,.T.);
#8613 = EDGE_LOOP('',(#8614));
#8614 = ORIENTED_EDGE('',*,*,#5280,.T.);
#8615 = FACE_BOUND('',#8616,.T.);
#8616 = EDGE_LOOP('',(#8617));
#8617 = ORIENTED_EDGE('',*,*,#8618,.T.);
#8618 = EDGE_CURVE('',#8619,#8619,#8621,.T.);
#8619 = VERTEX_POINT('',#8620);
#8620 = CARTESIAN_POINT('',(-21.4,47.,10.));
#8621 = SURFACE_CURVE('',#8622,(#8627,#8638),.PCURVE_S1.);
#8622 = CIRCLE('',#8623,1.6);
#8623 = AXIS2_PLACEMENT_3D('',#8624,#8625,#8626);
#8624 = CARTESIAN_POINT('',(-23.,47.,10.));
#8625 = DIRECTION('',(0.,0.,-1.));
#8626 = DIRECTION('',(1.,0.,0.));
#8627 = PCURVE('',#5295,#8628);
#8628 = DEFINITIONAL_REPRESENTATION('',(#8629),#8637);
#8629 = ( BOUNDED_CURVE() B_SPLINE_CURVE(2,(#8630,#8631,#8632,#8633,
#8634,#8635,#8636),.UNSPECIFIED.,.T.,.F.) B_SPLINE_CURVE_WITH_KNOTS((1,2
    ,2,2,2,1),(-2.094395102393,0.,2.094395102393,4.188790204786,
6.28318530718,8.377580409573),.UNSPECIFIED.) CURVE() 
GEOMETRIC_REPRESENTATION_ITEM() RATIONAL_B_SPLINE_CURVE((1.,0.5,1.,0.5,
1.,0.5,1.)) REPRESENTATION_ITEM('') );
#8630 = CARTESIAN_POINT('',(1.6,7.105427357601E-15));
#8631 = CARTESIAN_POINT('',(1.6,-2.77128129211));
#8632 = CARTESIAN_POINT('',(-0.8,-1.385640646055));
#8633 = CARTESIAN_POINT('',(-3.2,6.713540381874E-15));
#8634 = CARTESIAN_POINT('',(-0.8,1.385640646055));
#8635 = CARTESIAN_POINT('',(1.6,2.77128129211));
#8636 = CARTESIAN_POINT('',(1.6,7.105427357601E-15));
#8637 = ( GEOMETRIC_REPRESENTATION_CONTEXT(2) 
PARAMETRIC_REPRESENTATION_CONTEXT() REPRESENTATION_CONTEXT('2D SPACE',''
  ) );
#8638 = PCURVE('',#8639,#8644);
#8639 = CYLINDRICAL_SURFACE('',#8640,1.6);
#8640 = AXIS2_PLACEMENT_3D('',#8641,#8642,#8643);
#8641 = CARTESIAN_POINT('',(-23.,47.,4.));
#8642 = DIRECTION('',(-0.,-0.,-1.));
#8643 = DIRECTION('',(1.,0.,0.));
#8644 = DEFINITIONAL_REPRESENTATION('',(#8645),#8649);
#8645 = LINE('',#8646,#8647);
#8646 = CARTESIAN_POINT('',(-6.28318530718,-6.));
#8647 = VECTOR('',#8648,1.);
#8648 = DIRECTION('',(1.,-0.));
#8649 = ( GEOMETRIC_REPRESENTATION_CONTEXT(2) 
PARAMETRIC_REPRESENTATION_CONTEXT() REPRESENTATION_CONTEXT('2D SPACE',''
  ) );
#8650 = ADVANCED_FACE('',(#8651,#8654),#7803,.T.);
#8651 = FACE_BOUND('',#8652,.T.);
#8652 = EDGE_LOOP('',(#8653));
#8653 = ORIENTED_EDGE('',*,*,#7788,.T.);
#8654 = FACE_BOUND('',#8655,.T.);
#8655 = EDGE_LOOP('',(#8656));
#8656 = ORIENTED_EDGE('',*,*,#8657,.T.);
#8657 = EDGE_CURVE('',#8658,#8658,#8660,.T.);
#8658 = VERTEX_POINT('',#8659);
#8659 = CARTESIAN_POINT('',(-23.85,-31.,12.));
#8660 = SURFACE_CURVE('',#8661,(#8666,#8677),.PCURVE_S1.);
#8661 = CIRCLE('',#8662,1.15);
#8662 = AXIS2_PLACEMENT_3D('',#8663,#8664,#8665);
#8663 = CARTESIAN_POINT('',(-25.,-31.,12.));
#8664 = DIRECTION('',(0.,0.,-1.));
#8665 = DIRECTION('',(1.,0.,0.));
#8666 = PCURVE('',#7803,#8667);
#8667 = DEFINITIONAL_REPRESENTATION('',(#8668),#8676);
#8668 = ( BOUNDED_CURVE() B_SPLINE_CURVE(2,(#8669,#8670,#8671,#8672,
#8673,#8674,#8675),.UNSPECIFIED.,.T.,.F.) B_SPLINE_CURVE_WITH_KNOTS((1,2
    ,2,2,2,1),(-2.094395102393,0.,2.094395102393,4.188790204786,
6.28318530718,8.377580409573),.UNSPECIFIED.) CURVE() 
GEOMETRIC_REPRESENTATION_ITEM() RATIONAL_B_SPLINE_CURVE((1.,0.5,1.,0.5,
1.,0.5,1.)) REPRESENTATION_ITEM('') );
#8669 = CARTESIAN_POINT('',(1.15,0.));
#8670 = CARTESIAN_POINT('',(1.15,-1.991858428704));
#8671 = CARTESIAN_POINT('',(-0.575,-0.995929214352));
#8672 = CARTESIAN_POINT('',(-2.3,-2.816687638039E-16));
#8673 = CARTESIAN_POINT('',(-0.575,0.995929214352));
#8674 = CARTESIAN_POINT('',(1.15,1.991858428704));
#8675 = CARTESIAN_POINT('',(1.15,0.));
#8676 = ( GEOMETRIC_REPRESENTATION_CONTEXT(2) 
PARAMETRIC_REPRESENTATION_CONTEXT() REPRESENTATION_CONTEXT('2D SPACE',''
  ) );
#8677 = PCURVE('',#8678,#8683);
#8678 = CYLINDRICAL_SURFACE('',#8679,1.15);
#8679 = AXIS2_PLACEMENT_3D('',#8680,#8681,#8682);
#8680 = CARTESIAN_POINT('',(-25.,-31.,3.));
#8681 = DIRECTION('',(-0.,-0.,-1.));
#8682 = DIRECTION('',(1.,0.,0.));
#8683 = DEFINITIONAL_REPRESENTATION('',(#8684),#8688);
#8684 = LINE('',#8685,#8686);
#8685 = CARTESIAN_POINT('',(-6.28318530718,-9.));
#8686 = VECTOR('',#8687,1.);
#8687 = DIRECTION('',(1.,-0.));
#8688 = ( GEOMETRIC_REPRESENTATION_CONTEXT(2) 
PARAMETRIC_REPRESENTATION_CONTEXT() REPRESENTATION_CONTEXT('2D SPACE',''
  ) );
#8689 = ADVANCED_FACE('',(#8690,#8693),#7908,.T.);
#8690 = FACE_BOUND('',#8691,.T.);
#8691 = EDGE_LOOP('',(#8692));
#8692 = ORIENTED_EDGE('',*,*,#7893,.T.);
#8693 = FACE_BOUND('',#8694,.T.);
#8694 = EDGE_LOOP('',(#8695));
#8695 = ORIENTED_EDGE('',*,*,#8696,.T.);
#8696 = EDGE_CURVE('',#8697,#8697,#8699,.T.);
#8697 = VERTEX_POINT('',#8698);
#8698 = CARTESIAN_POINT('',(-32.4,-12.,10.));
#8699 = SURFACE_CURVE('',#8700,(#8705,#8716),.PCURVE_S1.);
#8700 = CIRCLE('',#8701,1.6);
#8701 = AXIS2_PLACEMENT_3D('',#8702,#8703,#8704);
#8702 = CARTESIAN_POINT('',(-34.,-12.,10.));
#8703 = DIRECTION('',(0.,0.,-1.));
#8704 = DIRECTION('',(1.,0.,0.));
#8705 = PCURVE('',#7908,#8706);
#8706 = DEFINITIONAL_REPRESENTATION('',(#8707),#8715);
#8707 = ( BOUNDED_CURVE() B_SPLINE_CURVE(2,(#8708,#8709,#8710,#8711,
#8712,#8713,#8714),.UNSPECIFIED.,.T.,.F.) B_SPLINE_CURVE_WITH_KNOTS((1,2
    ,2,2,2,1),(-2.094395102393,0.,2.094395102393,4.188790204786,
6.28318530718,8.377580409573),.UNSPECIFIED.) CURVE() 
GEOMETRIC_REPRESENTATION_ITEM() RATIONAL_B_SPLINE_CURVE((1.,0.5,1.,0.5,
1.,0.5,1.)) REPRESENTATION_ITEM('') );
#8708 = CARTESIAN_POINT('',(1.6,-1.7763568394E-15));
#8709 = CARTESIAN_POINT('',(1.6,-2.77128129211));
#8710 = CARTESIAN_POINT('',(-0.8,-1.385640646055));
#8711 = CARTESIAN_POINT('',(-3.2,-2.168243815127E-15));
#8712 = CARTESIAN_POINT('',(-0.8,1.385640646055));
#8713 = CARTESIAN_POINT('',(1.6,2.77128129211));
#8714 = CARTESIAN_POINT('',(1.6,-1.7763568394E-15));
#8715 = ( GEOMETRIC_REPRESENTATION_CONTEXT(2) 
PARAMETRIC_REPRESENTATION_CONTEXT() REPRESENTATION_CONTEXT('2D SPACE',''
  ) );
#8716 = PCURVE('',#8717,#8722);
#8717 = CYLINDRICAL_SURFACE('',#8718,1.6);
#8718 = AXIS2_PLACEMENT_3D('',#8719,#8720,#8721);
#8719 = CARTESIAN_POINT('',(-34.,-12.,4.));
#8720 = DIRECTION('',(-0.,-0.,-1.));
#8721 = DIRECTION('',(1.,0.,0.));
#8722 = DEFINITIONAL_REPRESENTATION('',(#8723),#8727);
#8723 = LINE('',#8724,#8725);
#8724 = CARTESIAN_POINT('',(-6.28318530718,-6.));
#8725 = VECTOR('',#8726,1.);
#8726 = DIRECTION('',(1.,-0.));
#8727 = ( GEOMETRIC_REPRESENTATION_CONTEXT(2) 
PARAMETRIC_REPRESENTATION_CONTEXT() REPRESENTATION_CONTEXT('2D SPACE',''
  ) );
#8728 = ADVANCED_FACE('',(#8729,#8732),#7963,.T.);
#8729 = FACE_BOUND('',#8730,.T.);
#8730 = EDGE_LOOP('',(#8731));
#8731 = ORIENTED_EDGE('',*,*,#7948,.T.);
#8732 = FACE_BOUND('',#8733,.T.);
#8733 = EDGE_LOOP('',(#8734));
#8734 = ORIENTED_EDGE('',*,*,#8735,.T.);
#8735 = EDGE_CURVE('',#8736,#8736,#8738,.T.);
#8736 = VERTEX_POINT('',#8737);
#8737 = CARTESIAN_POINT('',(6.15,-31.,12.));
#8738 = SURFACE_CURVE('',#8739,(#8744,#8755),.PCURVE_S1.);
#8739 = CIRCLE('',#8740,1.15);
#8740 = AXIS2_PLACEMENT_3D('',#8741,#8742,#8743);
#8741 = CARTESIAN_POINT('',(5.,-31.,12.));
#8742 = DIRECTION('',(0.,0.,-1.));
#8743 = DIRECTION('',(1.,0.,0.));
#8744 = PCURVE('',#7963,#8745);
#8745 = DEFINITIONAL_REPRESENTATION('',(#8746),#8754);
#8746 = ( BOUNDED_CURVE() B_SPLINE_CURVE(2,(#8747,#8748,#8749,#8750,
#8751,#8752,#8753),.UNSPECIFIED.,.T.,.F.) B_SPLINE_CURVE_WITH_KNOTS((1,2
    ,2,2,2,1),(-2.094395102393,0.,2.094395102393,4.188790204786,
6.28318530718,8.377580409573),.UNSPECIFIED.) CURVE() 
GEOMETRIC_REPRESENTATION_ITEM() RATIONAL_B_SPLINE_CURVE((1.,0.5,1.,0.5,
1.,0.5,1.)) REPRESENTATION_ITEM('') );
#8747 = CARTESIAN_POINT('',(1.15,7.105427357601E-15));
#8748 = CARTESIAN_POINT('',(1.15,-1.991858428704));
#8749 = CARTESIAN_POINT('',(-0.575,-0.995929214352));
#8750 = CARTESIAN_POINT('',(-2.3,6.823758593797E-15));
#8751 = CARTESIAN_POINT('',(-0.575,0.995929214352));
#8752 = CARTESIAN_POINT('',(1.15,1.991858428704));
#8753 = CARTESIAN_POINT('',(1.15,7.105427357601E-15));
#8754 = ( GEOMETRIC_REPRESENTATION_CONTEXT(2) 
PARAMETRIC_REPRESENTATION_CONTEXT() REPRESENTATION_CONTEXT('2D SPACE',''
  ) );
#8755 = PCURVE('',#8756,#8761);
#8756 = CYLINDRICAL_SURFACE('',#8757,1.15);
#8757 = AXIS2_PLACEMENT_3D('',#8758,#8759,#8760);
#8758 = CARTESIAN_POINT('',(5.,-31.,3.));
#8759 = DIRECTION('',(-0.,-0.,-1.));
#8760 = DIRECTION('',(1.,0.,0.));
#8761 = DEFINITIONAL_REPRESENTATION('',(#8762),#8766);
#8762 = LINE('',#8763,#8764);
#8763 = CARTESIAN_POINT('',(-6.28318530718,-9.));
#8764 = VECTOR('',#8765,1.);
#8765 = DIRECTION('',(1.,-0.));
#8766 = ( GEOMETRIC_REPRESENTATION_CONTEXT(2) 
PARAMETRIC_REPRESENTATION_CONTEXT() REPRESENTATION_CONTEXT('2D SPACE',''
  ) );
#8767 = ADVANCED_FACE('',(#8768),#8068,.T.);
#8768 = FACE_BOUND('',#8769,.T.);
#8769 = EDGE_LOOP('',(#8770));
#8770 = ORIENTED_EDGE('',*,*,#8053,.T.);
#8771 = ADVANCED_FACE('',(#8772,#8775),#8123,.T.);
#8772 = FACE_BOUND('',#8773,.T.);
#8773 = EDGE_LOOP('',(#8774));
#8774 = ORIENTED_EDGE('',*,*,#8108,.T.);
#8775 = FACE_BOUND('',#8776,.T.);
#8776 = EDGE_LOOP('',(#8777));
#8777 = ORIENTED_EDGE('',*,*,#8778,.T.);
#8778 = EDGE_CURVE('',#8779,#8779,#8781,.T.);
#8779 = VERTEX_POINT('',#8780);
#8780 = CARTESIAN_POINT('',(35.6,-12.,10.));
#8781 = SURFACE_CURVE('',#8782,(#8787,#8798),.PCURVE_S1.);
#8782 = CIRCLE('',#8783,1.6);
#8783 = AXIS2_PLACEMENT_3D('',#8784,#8785,#8786);
#8784 = CARTESIAN_POINT('',(34.,-12.,10.));
#8785 = DIRECTION('',(0.,0.,-1.));
#8786 = DIRECTION('',(1.,0.,0.));
#8787 = PCURVE('',#8123,#8788);
#8788 = DEFINITIONAL_REPRESENTATION('',(#8789),#8797);
#8789 = ( BOUNDED_CURVE() B_SPLINE_CURVE(2,(#8790,#8791,#8792,#8793,
#8794,#8795,#8796),.UNSPECIFIED.,.T.,.F.) B_SPLINE_CURVE_WITH_KNOTS((1,2
    ,2,2,2,1),(-2.094395102393,0.,2.094395102393,4.188790204786,
6.28318530718,8.377580409573),.UNSPECIFIED.) CURVE() 
GEOMETRIC_REPRESENTATION_ITEM() RATIONAL_B_SPLINE_CURVE((1.,0.5,1.,0.5,
1.,0.5,1.)) REPRESENTATION_ITEM('') );
#8790 = CARTESIAN_POINT('',(1.6,-1.7763568394E-15));
#8791 = CARTESIAN_POINT('',(1.6,-2.77128129211));
#8792 = CARTESIAN_POINT('',(-0.8,-1.385640646055));
#8793 = CARTESIAN_POINT('',(-3.2,-2.168243815127E-15));
#8794 = CARTESIAN_POINT('',(-0.8,1.385640646055));
#8795 = CARTESIAN_POINT('',(1.6,2.77128129211));
#8796 = CARTESIAN_POINT('',(1.6,-1.7763568394E-15));
#8797 = ( GEOMETRIC_REPRESENTATION_CONTEXT(2) 
PARAMETRIC_REPRESENTATION_CONTEXT() REPRESENTATION_CONTEXT('2D SPACE',''
  ) );
#8798 = PCURVE('',#8799,#8804);
#8799 = CYLINDRICAL_SURFACE('',#8800,1.6);
#8800 = AXIS2_PLACEMENT_3D('',#8801,#8802,#8803);
#8801 = CARTESIAN_POINT('',(34.,-12.,4.));
#8802 = DIRECTION('',(-0.,-0.,-1.));
#8803 = DIRECTION('',(1.,0.,0.));
#8804 = DEFINITIONAL_REPRESENTATION('',(#8805),#8809);
#8805 = LINE('',#8806,#8807);
#8806 = CARTESIAN_POINT('',(-6.28318530718,-6.));
#8807 = VECTOR('',#8808,1.);
#8808 = DIRECTION('',(1.,-0.));
#8809 = ( GEOMETRIC_REPRESENTATION_CONTEXT(2) 
PARAMETRIC_REPRESENTATION_CONTEXT() REPRESENTATION_CONTEXT('2D SPACE',''
  ) );
#8810 = ADVANCED_FACE('',(#8811),#8178,.T.);
#8811 = FACE_BOUND('',#8812,.T.);
#8812 = EDGE_LOOP('',(#8813));
#8813 = ORIENTED_EDGE('',*,*,#8163,.T.);
#8814 = ADVANCED_FACE('',(#8815,#8818),#8283,.T.);
#8815 = FACE_BOUND('',#8816,.T.);
#8816 = EDGE_LOOP('',(#8817));
#8817 = ORIENTED_EDGE('',*,*,#8268,.T.);
#8818 = FACE_BOUND('',#8819,.T.);
#8819 = EDGE_LOOP('',(#8820));
#8820 = ORIENTED_EDGE('',*,*,#8821,.T.);
#8821 = EDGE_CURVE('',#8822,#8822,#8824,.T.);
#8822 = VERTEX_POINT('',#8823);
#8823 = CARTESIAN_POINT('',(-23.85,37.,12.));
#8824 = SURFACE_CURVE('',#8825,(#8830,#8841),.PCURVE_S1.);
#8825 = CIRCLE('',#8826,1.15);
#8826 = AXIS2_PLACEMENT_3D('',#8827,#8828,#8829);
#8827 = CARTESIAN_POINT('',(-25.,37.,12.));
#8828 = DIRECTION('',(0.,0.,-1.));
#8829 = DIRECTION('',(1.,0.,0.));
#8830 = PCURVE('',#8283,#8831);
#8831 = DEFINITIONAL_REPRESENTATION('',(#8832),#8840);
#8832 = ( BOUNDED_CURVE() B_SPLINE_CURVE(2,(#8833,#8834,#8835,#8836,
#8837,#8838,#8839),.UNSPECIFIED.,.T.,.F.) B_SPLINE_CURVE_WITH_KNOTS((1,2
    ,2,2,2,1),(-2.094395102393,0.,2.094395102393,4.188790204786,
6.28318530718,8.377580409573),.UNSPECIFIED.) CURVE() 
GEOMETRIC_REPRESENTATION_ITEM() RATIONAL_B_SPLINE_CURVE((1.,0.5,1.,0.5,
1.,0.5,1.)) REPRESENTATION_ITEM('') );
#8833 = CARTESIAN_POINT('',(1.15,0.));
#8834 = CARTESIAN_POINT('',(1.15,-1.991858428704));
#8835 = CARTESIAN_POINT('',(-0.575,-0.995929214352));
#8836 = CARTESIAN_POINT('',(-2.3,-2.816687638039E-16));
#8837 = CARTESIAN_POINT('',(-0.575,0.995929214352));
#8838 = CARTESIAN_POINT('',(1.15,1.991858428704));
#8839 = CARTESIAN_POINT('',(1.15,0.));
#8840 = ( GEOMETRIC_REPRESENTATION_CONTEXT(2) 
PARAMETRIC_REPRESENTATION_CONTEXT() REPRESENTATION_CONTEXT('2D SPACE',''
  ) );
#8841 = PCURVE('',#8842,#8847);
#8842 = CYLINDRICAL_SURFACE('',#8843,1.15);
#8843 = AXIS2_PLACEMENT_3D('',#8844,#8845,#8846);
#8844 = CARTESIAN_POINT('',(-25.,37.,3.));
#8845 = DIRECTION('',(-0.,-0.,-1.));
#8846 = DIRECTION('',(1.,0.,0.));
#8847 = DEFINITIONAL_REPRESENTATION('',(#8848),#8852);
#8848 = LINE('',#8849,#8850);
#8849 = CARTESIAN_POINT('',(-6.28318530718,-9.));
#8850 = VECTOR('',#8851,1.);
#8851 = DIRECTION('',(1.,-0.));
#8852 = ( GEOMETRIC_REPRESENTATION_CONTEXT(2) 
PARAMETRIC_REPRESENTATION_CONTEXT() REPRESENTATION_CONTEXT('2D SPACE',''
  ) );
#8853 = ADVANCED_FACE('',(#8854),#8388,.T.);
#8854 = FACE_BOUND('',#8855,.T.);
#8855 = EDGE_LOOP('',(#8856));
#8856 = ORIENTED_EDGE('',*,*,#8373,.T.);
#8857 = ADVANCED_FACE('',(#8858,#8861),#8443,.T.);
#8858 = FACE_BOUND('',#8859,.T.);
#8859 = EDGE_LOOP('',(#8860));
#8860 = ORIENTED_EDGE('',*,*,#8428,.T.);
#8861 = FACE_BOUND('',#8862,.T.);
#8862 = EDGE_LOOP('',(#8863));
#8863 = ORIENTED_EDGE('',*,*,#8864,.T.);
#8864 = EDGE_CURVE('',#8865,#8865,#8867,.T.);
#8865 = VERTEX_POINT('',#8866);
#8866 = CARTESIAN_POINT('',(6.15,37.,12.));
#8867 = SURFACE_CURVE('',#8868,(#8873,#8884),.PCURVE_S1.);
#8868 = CIRCLE('',#8869,1.15);
#8869 = AXIS2_PLACEMENT_3D('',#8870,#8871,#8872);
#8870 = CARTESIAN_POINT('',(5.,37.,12.));
#8871 = DIRECTION('',(0.,0.,-1.));
#8872 = DIRECTION('',(1.,0.,0.));
#8873 = PCURVE('',#8443,#8874);
#8874 = DEFINITIONAL_REPRESENTATION('',(#8875),#8883);
#8875 = ( BOUNDED_CURVE() B_SPLINE_CURVE(2,(#8876,#8877,#8878,#8879,
#8880,#8881,#8882),.UNSPECIFIED.,.T.,.F.) B_SPLINE_CURVE_WITH_KNOTS((1,2
    ,2,2,2,1),(-2.094395102393,0.,2.094395102393,4.188790204786,
6.28318530718,8.377580409573),.UNSPECIFIED.) CURVE() 
GEOMETRIC_REPRESENTATION_ITEM() RATIONAL_B_SPLINE_CURVE((1.,0.5,1.,0.5,
1.,0.5,1.)) REPRESENTATION_ITEM('') );
#8876 = CARTESIAN_POINT('',(1.15,-7.105427357601E-15));
#8877 = CARTESIAN_POINT('',(1.15,-1.991858428704));
#8878 = CARTESIAN_POINT('',(-0.575,-0.995929214352));
#8879 = CARTESIAN_POINT('',(-2.3,-7.387096121405E-15));
#8880 = CARTESIAN_POINT('',(-0.575,0.995929214352));
#8881 = CARTESIAN_POINT('',(1.15,1.991858428704));
#8882 = CARTESIAN_POINT('',(1.15,-7.105427357601E-15));
#8883 = ( GEOMETRIC_REPRESENTATION_CONTEXT(2) 
PARAMETRIC_REPRESENTATION_CONTEXT() REPRESENTATION_CONTEXT('2D SPACE',''
  ) );
#8884 = PCURVE('',#8885,#8890);
#8885 = CYLINDRICAL_SURFACE('',#8886,1.15);
#8886 = AXIS2_PLACEMENT_3D('',#8887,#8888,#8889);
#8887 = CARTESIAN_POINT('',(5.,37.,3.));
#8888 = DIRECTION('',(-0.,-0.,-1.));
#8889 = DIRECTION('',(1.,0.,0.));
#8890 = DEFINITIONAL_REPRESENTATION('',(#8891),#8895);
#8891 = LINE('',#8892,#8893);
#8892 = CARTESIAN_POINT('',(-6.28318530718,-9.));
#8893 = VECTOR('',#8894,1.);
#8894 = DIRECTION('',(1.,-0.));
#8895 = ( GEOMETRIC_REPRESENTATION_CONTEXT(2) 
PARAMETRIC_REPRESENTATION_CONTEXT() REPRESENTATION_CONTEXT('2D SPACE',''
  ) );
#8896 = ADVANCED_FACE('',(#8897),#8498,.T.);
#8897 = FACE_BOUND('',#8898,.T.);
#8898 = EDGE_LOOP('',(#8899));
#8899 = ORIENTED_EDGE('',*,*,#8483,.T.);
#8900 = ADVANCED_FACE('',(#8901),#8600,.F.);
#8901 = FACE_BOUND('',#8902,.T.);
#8902 = EDGE_LOOP('',(#8903,#8932,#8953,#8954));
#8903 = ORIENTED_EDGE('',*,*,#8904,.F.);
#8904 = EDGE_CURVE('',#8905,#8905,#8907,.T.);
#8905 = VERTEX_POINT('',#8906);
#8906 = CARTESIAN_POINT('',(24.6,47.,4.));
#8907 = SURFACE_CURVE('',#8908,(#8913,#8920),.PCURVE_S1.);
#8908 = CIRCLE('',#8909,1.6);
#8909 = AXIS2_PLACEMENT_3D('',#8910,#8911,#8912);
#8910 = CARTESIAN_POINT('',(23.,47.,4.));
#8911 = DIRECTION('',(0.,0.,1.));
#8912 = DIRECTION('',(1.,0.,0.));
#8913 = PCURVE('',#8600,#8914);
#8914 = DEFINITIONAL_REPRESENTATION('',(#8915),#8919);
#8915 = LINE('',#8916,#8917);
#8916 = CARTESIAN_POINT('',(-0.,0.));
#8917 = VECTOR('',#8918,1.);
#8918 = DIRECTION('',(-1.,0.));
#8919 = ( GEOMETRIC_REPRESENTATION_CONTEXT(2) 
PARAMETRIC_REPRESENTATION_CONTEXT() REPRESENTATION_CONTEXT('2D SPACE',''
  ) );
#8920 = PCURVE('',#8921,#8926);
#8921 = PLANE('',#8922);
#8922 = AXIS2_PLACEMENT_3D('',#8923,#8924,#8925);
#8923 = CARTESIAN_POINT('',(23.,47.,4.));
#8924 = DIRECTION('',(0.,0.,1.));
#8925 = DIRECTION('',(1.,0.,-0.));
#8926 = DEFINITIONAL_REPRESENTATION('',(#8927),#8931);
#8927 = CIRCLE('',#8928,1.6);
#8928 = AXIS2_PLACEMENT_2D('',#8929,#8930);
#8929 = CARTESIAN_POINT('',(3.552713678801E-15,0.));
#8930 = DIRECTION('',(1.,0.));
#8931 = ( GEOMETRIC_REPRESENTATION_CONTEXT(2) 
PARAMETRIC_REPRESENTATION_CONTEXT() REPRESENTATION_CONTEXT('2D SPACE',''
  ) );
#8932 = ORIENTED_EDGE('',*,*,#8933,.T.);
#8933 = EDGE_CURVE('',#8905,#8580,#8934,.T.);
#8934 = SEAM_CURVE('',#8935,(#8939,#8946),.PCURVE_S1.);
#8935 = LINE('',#8936,#8937);
#8936 = CARTESIAN_POINT('',(24.6,47.,4.));
#8937 = VECTOR('',#8938,1.);
#8938 = DIRECTION('',(0.,0.,1.));
#8939 = PCURVE('',#8600,#8940);
#8940 = DEFINITIONAL_REPRESENTATION('',(#8941),#8945);
#8941 = LINE('',#8942,#8943);
#8942 = CARTESIAN_POINT('',(-6.28318530718,0.));
#8943 = VECTOR('',#8944,1.);
#8944 = DIRECTION('',(-0.,-1.));
#8945 = ( GEOMETRIC_REPRESENTATION_CONTEXT(2) 
PARAMETRIC_REPRESENTATION_CONTEXT() REPRESENTATION_CONTEXT('2D SPACE',''
  ) );
#8946 = PCURVE('',#8600,#8947);
#8947 = DEFINITIONAL_REPRESENTATION('',(#8948),#8952);
#8948 = LINE('',#8949,#8950);
#8949 = CARTESIAN_POINT('',(-0.,0.));
#8950 = VECTOR('',#8951,1.);
#8951 = DIRECTION('',(-0.,-1.));
#8952 = ( GEOMETRIC_REPRESENTATION_CONTEXT(2) 
PARAMETRIC_REPRESENTATION_CONTEXT() REPRESENTATION_CONTEXT('2D SPACE',''
  ) );
#8953 = ORIENTED_EDGE('',*,*,#8579,.F.);
#8954 = ORIENTED_EDGE('',*,*,#8933,.F.);
#8955 = ADVANCED_FACE('',(#8956),#8639,.F.);
#8956 = FACE_BOUND('',#8957,.T.);
#8957 = EDGE_LOOP('',(#8958,#8987,#9008,#9009));
#8958 = ORIENTED_EDGE('',*,*,#8959,.F.);
#8959 = EDGE_CURVE('',#8960,#8960,#8962,.T.);
#8960 = VERTEX_POINT('',#8961);
#8961 = CARTESIAN_POINT('',(-21.4,47.,4.));
#8962 = SURFACE_CURVE('',#8963,(#8968,#8975),.PCURVE_S1.);
#8963 = CIRCLE('',#8964,1.6);
#8964 = AXIS2_PLACEMENT_3D('',#8965,#8966,#8967);
#8965 = CARTESIAN_POINT('',(-23.,47.,4.));
#8966 = DIRECTION('',(0.,0.,1.));
#8967 = DIRECTION('',(1.,0.,0.));
#8968 = PCURVE('',#8639,#8969);
#8969 = DEFINITIONAL_REPRESENTATION('',(#8970),#8974);
#8970 = LINE('',#8971,#8972);
#8971 = CARTESIAN_POINT('',(-0.,0.));
#8972 = VECTOR('',#8973,1.);
#8973 = DIRECTION('',(-1.,0.));
#8974 = ( GEOMETRIC_REPRESENTATION_CONTEXT(2) 
PARAMETRIC_REPRESENTATION_CONTEXT() REPRESENTATION_CONTEXT('2D SPACE',''
  ) );
#8975 = PCURVE('',#8976,#8981);
#8976 = PLANE('',#8977);
#8977 = AXIS2_PLACEMENT_3D('',#8978,#8979,#8980);
#8978 = CARTESIAN_POINT('',(-23.,47.,4.));
#8979 = DIRECTION('',(0.,0.,1.));
#8980 = DIRECTION('',(1.,0.,-0.));
#8981 = DEFINITIONAL_REPRESENTATION('',(#8982),#8986);
#8982 = CIRCLE('',#8983,1.6);
#8983 = AXIS2_PLACEMENT_2D('',#8984,#8985);
#8984 = CARTESIAN_POINT('',(0.,0.));
#8985 = DIRECTION('',(1.,0.));
#8986 = ( GEOMETRIC_REPRESENTATION_CONTEXT(2) 
PARAMETRIC_REPRESENTATION_CONTEXT() REPRESENTATION_CONTEXT('2D SPACE',''
  ) );
#8987 = ORIENTED_EDGE('',*,*,#8988,.T.);
#8988 = EDGE_CURVE('',#8960,#8619,#8989,.T.);
#8989 = SEAM_CURVE('',#8990,(#8994,#9001),.PCURVE_S1.);
#8990 = LINE('',#8991,#8992);
#8991 = CARTESIAN_POINT('',(-21.4,47.,4.));
#8992 = VECTOR('',#8993,1.);
#8993 = DIRECTION('',(0.,0.,1.));
#8994 = PCURVE('',#8639,#8995);
#8995 = DEFINITIONAL_REPRESENTATION('',(#8996),#9000);
#8996 = LINE('',#8997,#8998);
#8997 = CARTESIAN_POINT('',(-6.28318530718,0.));
#8998 = VECTOR('',#8999,1.);
#8999 = DIRECTION('',(-0.,-1.));
#9000 = ( GEOMETRIC_REPRESENTATION_CONTEXT(2) 
PARAMETRIC_REPRESENTATION_CONTEXT() REPRESENTATION_CONTEXT('2D SPACE',''
  ) );
#9001 = PCURVE('',#8639,#9002);
#9002 = DEFINITIONAL_REPRESENTATION('',(#9003),#9007);
#9003 = LINE('',#9004,#9005);
#9004 = CARTESIAN_POINT('',(-0.,0.));
#9005 = VECTOR('',#9006,1.);
#9006 = DIRECTION('',(-0.,-1.));
#9007 = ( GEOMETRIC_REPRESENTATION_CONTEXT(2) 
PARAMETRIC_REPRESENTATION_CONTEXT() REPRESENTATION_CONTEXT('2D SPACE',''
  ) );
#9008 = ORIENTED_EDGE('',*,*,#8618,.F.);
#9009 = ORIENTED_EDGE('',*,*,#8988,.F.);
#9010 = ADVANCED_FACE('',(#9011),#8678,.F.);
#9011 = FACE_BOUND('',#9012,.T.);
#9012 = EDGE_LOOP('',(#9013,#9042,#9063,#9064));
#9013 = ORIENTED_EDGE('',*,*,#9014,.F.);
#9014 = EDGE_CURVE('',#9015,#9015,#9017,.T.);
#9015 = VERTEX_POINT('',#9016);
#9016 = CARTESIAN_POINT('',(-23.85,-31.,3.));
#9017 = SURFACE_CURVE('',#9018,(#9023,#9030),.PCURVE_S1.);
#9018 = CIRCLE('',#9019,1.15);
#9019 = AXIS2_PLACEMENT_3D('',#9020,#9021,#9022);
#9020 = CARTESIAN_POINT('',(-25.,-31.,3.));
#9021 = DIRECTION('',(0.,0.,1.));
#9022 = DIRECTION('',(1.,0.,0.));
#9023 = PCURVE('',#8678,#9024);
#9024 = DEFINITIONAL_REPRESENTATION('',(#9025),#9029);
#9025 = LINE('',#9026,#9027);
#9026 = CARTESIAN_POINT('',(-0.,0.));
#9027 = VECTOR('',#9028,1.);
#9028 = DIRECTION('',(-1.,0.));
#9029 = ( GEOMETRIC_REPRESENTATION_CONTEXT(2) 
PARAMETRIC_REPRESENTATION_CONTEXT() REPRESENTATION_CONTEXT('2D SPACE',''
  ) );
#9030 = PCURVE('',#9031,#9036);
#9031 = PLANE('',#9032);
#9032 = AXIS2_PLACEMENT_3D('',#9033,#9034,#9035);
#9033 = CARTESIAN_POINT('',(-25.,-31.,3.));
#9034 = DIRECTION('',(0.,0.,1.));
#9035 = DIRECTION('',(1.,0.,-0.));
#9036 = DEFINITIONAL_REPRESENTATION('',(#9037),#9041);
#9037 = CIRCLE('',#9038,1.15);
#9038 = AXIS2_PLACEMENT_2D('',#9039,#9040);
#9039 = CARTESIAN_POINT('',(-3.552713678801E-15,-3.552713678801E-15));
#9040 = DIRECTION('',(1.,0.));
#9041 = ( GEOMETRIC_REPRESENTATION_CONTEXT(2) 
PARAMETRIC_REPRESENTATION_CONTEXT() REPRESENTATION_CONTEXT('2D SPACE',''
  ) );
#9042 = ORIENTED_EDGE('',*,*,#9043,.T.);
#9043 = EDGE_CURVE('',#9015,#8658,#9044,.T.);
#9044 = SEAM_CURVE('',#9045,(#9049,#9056),.PCURVE_S1.);
#9045 = LINE('',#9046,#9047);
#9046 = CARTESIAN_POINT('',(-23.85,-31.,3.));
#9047 = VECTOR('',#9048,1.);
#9048 = DIRECTION('',(0.,0.,1.));
#9049 = PCURVE('',#8678,#9050);
#9050 = DEFINITIONAL_REPRESENTATION('',(#9051),#9055);
#9051 = LINE('',#9052,#9053);
#9052 = CARTESIAN_POINT('',(-6.28318530718,0.));
#9053 = VECTOR('',#9054,1.);
#9054 = DIRECTION('',(-0.,-1.));
#9055 = ( GEOMETRIC_REPRESENTATION_CONTEXT(2) 
PARAMETRIC_REPRESENTATION_CONTEXT() REPRESENTATION_CONTEXT('2D SPACE',''
  ) );
#9056 = PCURVE('',#8678,#9057);
#9057 = DEFINITIONAL_REPRESENTATION('',(#9058),#9062);
#9058 = LINE('',#9059,#9060);
#9059 = CARTESIAN_POINT('',(-0.,0.));
#9060 = VECTOR('',#9061,1.);
#9061 = DIRECTION('',(-0.,-1.));
#9062 = ( GEOMETRIC_REPRESENTATION_CONTEXT(2) 
PARAMETRIC_REPRESENTATION_CONTEXT() REPRESENTATION_CONTEXT('2D SPACE',''
  ) );
#9063 = ORIENTED_EDGE('',*,*,#8657,.F.);
#9064 = ORIENTED_EDGE('',*,*,#9043,.F.);
#9065 = ADVANCED_FACE('',(#9066),#8717,.F.);
#9066 = FACE_BOUND('',#9067,.T.);
#9067 = EDGE_LOOP('',(#9068,#9097,#9118,#9119));
#9068 = ORIENTED_EDGE('',*,*,#9069,.F.);
#9069 = EDGE_CURVE('',#9070,#9070,#9072,.T.);
#9070 = VERTEX_POINT('',#9071);
#9071 = CARTESIAN_POINT('',(-32.4,-12.,4.));
#9072 = SURFACE_CURVE('',#9073,(#9078,#9085),.PCURVE_S1.);
#9073 = CIRCLE('',#9074,1.6);
#9074 = AXIS2_PLACEMENT_3D('',#9075,#9076,#9077);
#9075 = CARTESIAN_POINT('',(-34.,-12.,4.));
#9076 = DIRECTION('',(0.,0.,1.));
#9077 = DIRECTION('',(1.,0.,0.));
#9078 = PCURVE('',#8717,#9079);
#9079 = DEFINITIONAL_REPRESENTATION('',(#9080),#9084);
#9080 = LINE('',#9081,#9082);
#9081 = CARTESIAN_POINT('',(-0.,0.));
#9082 = VECTOR('',#9083,1.);
#9083 = DIRECTION('',(-1.,0.));
#9084 = ( GEOMETRIC_REPRESENTATION_CONTEXT(2) 
PARAMETRIC_REPRESENTATION_CONTEXT() REPRESENTATION_CONTEXT('2D SPACE',''
  ) );
#9085 = PCURVE('',#9086,#9091);
#9086 = PLANE('',#9087);
#9087 = AXIS2_PLACEMENT_3D('',#9088,#9089,#9090);
#9088 = CARTESIAN_POINT('',(-34.,-12.,4.));
#9089 = DIRECTION('',(0.,0.,1.));
#9090 = DIRECTION('',(1.,0.,-0.));
#9091 = DEFINITIONAL_REPRESENTATION('',(#9092),#9096);
#9092 = CIRCLE('',#9093,1.6);
#9093 = AXIS2_PLACEMENT_2D('',#9094,#9095);
#9094 = CARTESIAN_POINT('',(0.,0.));
#9095 = DIRECTION('',(1.,0.));
#9096 = ( GEOMETRIC_REPRESENTATION_CONTEXT(2) 
PARAMETRIC_REPRESENTATION_CONTEXT() REPRESENTATION_CONTEXT('2D SPACE',''
  ) );
#9097 = ORIENTED_EDGE('',*,*,#9098,.T.);
#9098 = EDGE_CURVE('',#9070,#8697,#9099,.T.);
#9099 = SEAM_CURVE('',#9100,(#9104,#9111),.PCURVE_S1.);
#9100 = LINE('',#9101,#9102);
#9101 = CARTESIAN_POINT('',(-32.4,-12.,4.));
#9102 = VECTOR('',#9103,1.);
#9103 = DIRECTION('',(0.,0.,1.));
#9104 = PCURVE('',#8717,#9105);
#9105 = DEFINITIONAL_REPRESENTATION('',(#9106),#9110);
#9106 = LINE('',#9107,#9108);
#9107 = CARTESIAN_POINT('',(-6.28318530718,0.));
#9108 = VECTOR('',#9109,1.);
#9109 = DIRECTION('',(-0.,-1.));
#9110 = ( GEOMETRIC_REPRESENTATION_CONTEXT(2) 
PARAMETRIC_REPRESENTATION_CONTEXT() REPRESENTATION_CONTEXT('2D SPACE',''
  ) );
#9111 = PCURVE('',#8717,#9112);
#9112 = DEFINITIONAL_REPRESENTATION('',(#9113),#9117);
#9113 = LINE('',#9114,#9115);
#9114 = CARTESIAN_POINT('',(-0.,0.));
#9115 = VECTOR('',#9116,1.);
#9116 = DIRECTION('',(-0.,-1.));
#9117 = ( GEOMETRIC_REPRESENTATION_CONTEXT(2) 
PARAMETRIC_REPRESENTATION_CONTEXT() REPRESENTATION_CONTEXT('2D SPACE',''
  ) );
#9118 = ORIENTED_EDGE('',*,*,#8696,.F.);
#9119 = ORIENTED_EDGE('',*,*,#9098,.F.);
#9120 = ADVANCED_FACE('',(#9121),#8756,.F.);
#9121 = FACE_BOUND('',#9122,.T.);
#9122 = EDGE_LOOP('',(#9123,#9152,#9173,#9174));
#9123 = ORIENTED_EDGE('',*,*,#9124,.F.);
#9124 = EDGE_CURVE('',#9125,#9125,#9127,.T.);
#9125 = VERTEX_POINT('',#9126);
#9126 = CARTESIAN_POINT('',(6.15,-31.,3.));
#9127 = SURFACE_CURVE('',#9128,(#9133,#9140),.PCURVE_S1.);
#9128 = CIRCLE('',#9129,1.15);
#9129 = AXIS2_PLACEMENT_3D('',#9130,#9131,#9132);
#9130 = CARTESIAN_POINT('',(5.,-31.,3.));
#9131 = DIRECTION('',(0.,0.,1.));
#9132 = DIRECTION('',(1.,0.,0.));
#9133 = PCURVE('',#8756,#9134);
#9134 = DEFINITIONAL_REPRESENTATION('',(#9135),#9139);
#9135 = LINE('',#9136,#9137);
#9136 = CARTESIAN_POINT('',(-0.,0.));
#9137 = VECTOR('',#9138,1.);
#9138 = DIRECTION('',(-1.,0.));
#9139 = ( GEOMETRIC_REPRESENTATION_CONTEXT(2) 
PARAMETRIC_REPRESENTATION_CONTEXT() REPRESENTATION_CONTEXT('2D SPACE',''
  ) );
#9140 = PCURVE('',#9141,#9146);
#9141 = PLANE('',#9142);
#9142 = AXIS2_PLACEMENT_3D('',#9143,#9144,#9145);
#9143 = CARTESIAN_POINT('',(5.,-31.,3.));
#9144 = DIRECTION('',(0.,0.,1.));
#9145 = DIRECTION('',(1.,0.,-0.));
#9146 = DEFINITIONAL_REPRESENTATION('',(#9147),#9151);
#9147 = CIRCLE('',#9148,1.15);
#9148 = AXIS2_PLACEMENT_2D('',#9149,#9150);
#9149 = CARTESIAN_POINT('',(0.,-3.552713678801E-15));
#9150 = DIRECTION('',(1.,0.));
#9151 = ( GEOMETRIC_REPRESENTATION_CONTEXT(2) 
PARAMETRIC_REPRESENTATION_CONTEXT() REPRESENTATION_CONTEXT('2D SPACE',''
  ) );
#9152 = ORIENTED_EDGE('',*,*,#9153,.T.);
#9153 = EDGE_CURVE('',#9125,#8736,#9154,.T.);
#9154 = SEAM_CURVE('',#9155,(#9159,#9166),.PCURVE_S1.);
#9155 = LINE('',#9156,#9157);
#9156 = CARTESIAN_POINT('',(6.15,-31.,3.));
#9157 = VECTOR('',#9158,1.);
#9158 = DIRECTION('',(0.,0.,1.));
#9159 = PCURVE('',#8756,#9160);
#9160 = DEFINITIONAL_REPRESENTATION('',(#9161),#9165);
#9161 = LINE('',#9162,#9163);
#9162 = CARTESIAN_POINT('',(-6.28318530718,0.));
#9163 = VECTOR('',#9164,1.);
#9164 = DIRECTION('',(-0.,-1.));
#9165 = ( GEOMETRIC_REPRESENTATION_CONTEXT(2) 
PARAMETRIC_REPRESENTATION_CONTEXT() REPRESENTATION_CONTEXT('2D SPACE',''
  ) );
#9166 = PCURVE('',#8756,#9167);
#9167 = DEFINITIONAL_REPRESENTATION('',(#9168),#9172);
#9168 = LINE('',#9169,#9170);
#9169 = CARTESIAN_POINT('',(-0.,0.));
#9170 = VECTOR('',#9171,1.);
#9171 = DIRECTION('',(-0.,-1.));
#9172 = ( GEOMETRIC_REPRESENTATION_CONTEXT(2) 
PARAMETRIC_REPRESENTATION_CONTEXT() REPRESENTATION_CONTEXT('2D SPACE',''
  ) );
#9173 = ORIENTED_EDGE('',*,*,#8735,.F.);
#9174 = ORIENTED_EDGE('',*,*,#9153,.F.);
#9175 = ADVANCED_FACE('',(#9176),#8799,.F.);
#9176 = FACE_BOUND('',#9177,.T.);
#9177 = EDGE_LOOP('',(#9178,#9207,#9228,#9229));
#9178 = ORIENTED_EDGE('',*,*,#9179,.F.);
#9179 = EDGE_CURVE('',#9180,#9180,#9182,.T.);
#9180 = VERTEX_POINT('',#9181);
#9181 = CARTESIAN_POINT('',(35.6,-12.,4.));
#9182 = SURFACE_CURVE('',#9183,(#9188,#9195),.PCURVE_S1.);
#9183 = CIRCLE('',#9184,1.6);
#9184 = AXIS2_PLACEMENT_3D('',#9185,#9186,#9187);
#9185 = CARTESIAN_POINT('',(34.,-12.,4.));
#9186 = DIRECTION('',(0.,0.,1.));
#9187 = DIRECTION('',(1.,0.,0.));
#9188 = PCURVE('',#8799,#9189);
#9189 = DEFINITIONAL_REPRESENTATION('',(#9190),#9194);
#9190 = LINE('',#9191,#9192);
#9191 = CARTESIAN_POINT('',(-0.,0.));
#9192 = VECTOR('',#9193,1.);
#9193 = DIRECTION('',(-1.,0.));
#9194 = ( GEOMETRIC_REPRESENTATION_CONTEXT(2) 
PARAMETRIC_REPRESENTATION_CONTEXT() REPRESENTATION_CONTEXT('2D SPACE',''
  ) );
#9195 = PCURVE('',#9196,#9201);
#9196 = PLANE('',#9197);
#9197 = AXIS2_PLACEMENT_3D('',#9198,#9199,#9200);
#9198 = CARTESIAN_POINT('',(34.,-12.,4.));
#9199 = DIRECTION('',(0.,0.,1.));
#9200 = DIRECTION('',(1.,0.,-0.));
#9201 = DEFINITIONAL_REPRESENTATION('',(#9202),#9206);
#9202 = CIRCLE('',#9203,1.6);
#9203 = AXIS2_PLACEMENT_2D('',#9204,#9205);
#9204 = CARTESIAN_POINT('',(0.,0.));
#9205 = DIRECTION('',(1.,0.));
#9206 = ( GEOMETRIC_REPRESENTATION_CONTEXT(2) 
PARAMETRIC_REPRESENTATION_CONTEXT() REPRESENTATION_CONTEXT('2D SPACE',''
  ) );
#9207 = ORIENTED_EDGE('',*,*,#9208,.T.);
#9208 = EDGE_CURVE('',#9180,#8779,#9209,.T.);
#9209 = SEAM_CURVE('',#9210,(#9214,#9221),.PCURVE_S1.);
#9210 = LINE('',#9211,#9212);
#9211 = CARTESIAN_POINT('',(35.6,-12.,4.));
#9212 = VECTOR('',#9213,1.);
#9213 = DIRECTION('',(0.,0.,1.));
#9214 = PCURVE('',#8799,#9215);
#9215 = DEFINITIONAL_REPRESENTATION('',(#9216),#9220);
#9216 = LINE('',#9217,#9218);
#9217 = CARTESIAN_POINT('',(-6.28318530718,0.));
#9218 = VECTOR('',#9219,1.);
#9219 = DIRECTION('',(-0.,-1.));
#9220 = ( GEOMETRIC_REPRESENTATION_CONTEXT(2) 
PARAMETRIC_REPRESENTATION_CONTEXT() REPRESENTATION_CONTEXT('2D SPACE',''
  ) );
#9221 = PCURVE('',#8799,#9222);
#9222 = DEFINITIONAL_REPRESENTATION('',(#9223),#9227);
#9223 = LINE('',#9224,#9225);
#9224 = CARTESIAN_POINT('',(-0.,0.));
#9225 = VECTOR('',#9226,1.);
#9226 = DIRECTION('',(-0.,-1.));
#9227 = ( GEOMETRIC_REPRESENTATION_CONTEXT(2) 
PARAMETRIC_REPRESENTATION_CONTEXT() REPRESENTATION_CONTEXT('2D SPACE',''
  ) );
#9228 = ORIENTED_EDGE('',*,*,#8778,.F.);
#9229 = ORIENTED_EDGE('',*,*,#9208,.F.);
#9230 = ADVANCED_FACE('',(#9231),#8842,.F.);
#9231 = FACE_BOUND('',#9232,.T.);
#9232 = EDGE_LOOP('',(#9233,#9262,#9283,#9284));
#9233 = ORIENTED_EDGE('',*,*,#9234,.F.);
#9234 = EDGE_CURVE('',#9235,#9235,#9237,.T.);
#9235 = VERTEX_POINT('',#9236);
#9236 = CARTESIAN_POINT('',(-23.85,37.,3.));
#9237 = SURFACE_CURVE('',#9238,(#9243,#9250),.PCURVE_S1.);
#9238 = CIRCLE('',#9239,1.15);
#9239 = AXIS2_PLACEMENT_3D('',#9240,#9241,#9242);
#9240 = CARTESIAN_POINT('',(-25.,37.,3.));
#9241 = DIRECTION('',(0.,0.,1.));
#9242 = DIRECTION('',(1.,0.,0.));
#9243 = PCURVE('',#8842,#9244);
#9244 = DEFINITIONAL_REPRESENTATION('',(#9245),#9249);
#9245 = LINE('',#9246,#9247);
#9246 = CARTESIAN_POINT('',(-0.,0.));
#9247 = VECTOR('',#9248,1.);
#9248 = DIRECTION('',(-1.,0.));
#9249 = ( GEOMETRIC_REPRESENTATION_CONTEXT(2) 
PARAMETRIC_REPRESENTATION_CONTEXT() REPRESENTATION_CONTEXT('2D SPACE',''
  ) );
#9250 = PCURVE('',#9251,#9256);
#9251 = PLANE('',#9252);
#9252 = AXIS2_PLACEMENT_3D('',#9253,#9254,#9255);
#9253 = CARTESIAN_POINT('',(-25.,37.,3.));
#9254 = DIRECTION('',(0.,0.,1.));
#9255 = DIRECTION('',(1.,0.,-0.));
#9256 = DEFINITIONAL_REPRESENTATION('',(#9257),#9261);
#9257 = CIRCLE('',#9258,1.15);
#9258 = AXIS2_PLACEMENT_2D('',#9259,#9260);
#9259 = CARTESIAN_POINT('',(0.,7.105427357601E-15));
#9260 = DIRECTION('',(1.,0.));
#9261 = ( GEOMETRIC_REPRESENTATION_CONTEXT(2) 
PARAMETRIC_REPRESENTATION_CONTEXT() REPRESENTATION_CONTEXT('2D SPACE',''
  ) );
#9262 = ORIENTED_EDGE('',*,*,#9263,.T.);
#9263 = EDGE_CURVE('',#9235,#8822,#9264,.T.);
#9264 = SEAM_CURVE('',#9265,(#9269,#9276),.PCURVE_S1.);
#9265 = LINE('',#9266,#9267);
#9266 = CARTESIAN_POINT('',(-23.85,37.,3.));
#9267 = VECTOR('',#9268,1.);
#9268 = DIRECTION('',(0.,0.,1.));
#9269 = PCURVE('',#8842,#9270);
#9270 = DEFINITIONAL_REPRESENTATION('',(#9271),#9275);
#9271 = LINE('',#9272,#9273);
#9272 = CARTESIAN_POINT('',(-6.28318530718,0.));
#9273 = VECTOR('',#9274,1.);
#9274 = DIRECTION('',(-0.,-1.));
#9275 = ( GEOMETRIC_REPRESENTATION_CONTEXT(2) 
PARAMETRIC_REPRESENTATION_CONTEXT() REPRESENTATION_CONTEXT('2D SPACE',''
  ) );
#9276 = PCURVE('',#8842,#9277);
#9277 = DEFINITIONAL_REPRESENTATION('',(#9278),#9282);
#9278 = LINE('',#9279,#9280);
#9279 = CARTESIAN_POINT('',(-0.,0.));
#9280 = VECTOR('',#9281,1.);
#9281 = DIRECTION('',(-0.,-1.));
#9282 = ( GEOMETRIC_REPRESENTATION_CONTEXT(2) 
PARAMETRIC_REPRESENTATION_CONTEXT() REPRESENTATION_CONTEXT('2D SPACE',''
  ) );
#9283 = ORIENTED_EDGE('',*,*,#8821,.F.);
#9284 = ORIENTED_EDGE('',*,*,#9263,.F.);
#9285 = ADVANCED_FACE('',(#9286),#8885,.F.);
#9286 = FACE_BOUND('',#9287,.T.);
#9287 = EDGE_LOOP('',(#9288,#9317,#9338,#9339));
#9288 = ORIENTED_EDGE('',*,*,#9289,.F.);
#9289 = EDGE_CURVE('',#9290,#9290,#9292,.T.);
#9290 = VERTEX_POINT('',#9291);
#9291 = CARTESIAN_POINT('',(6.15,37.,3.));
#9292 = SURFACE_CURVE('',#9293,(#9298,#9305),.PCURVE_S1.);
#9293 = CIRCLE('',#9294,1.15);
#9294 = AXIS2_PLACEMENT_3D('',#9295,#9296,#9297);
#9295 = CARTESIAN_POINT('',(5.,37.,3.));
#9296 = DIRECTION('',(0.,0.,1.));
#9297 = DIRECTION('',(1.,0.,0.));
#9298 = PCURVE('',#8885,#9299);
#9299 = DEFINITIONAL_REPRESENTATION('',(#9300),#9304);
#9300 = LINE('',#9301,#9302);
#9301 = CARTESIAN_POINT('',(-0.,0.));
#9302 = VECTOR('',#9303,1.);
#9303 = DIRECTION('',(-1.,0.));
#9304 = ( GEOMETRIC_REPRESENTATION_CONTEXT(2) 
PARAMETRIC_REPRESENTATION_CONTEXT() REPRESENTATION_CONTEXT('2D SPACE',''
  ) );
#9305 = PCURVE('',#9306,#9311);
#9306 = PLANE('',#9307);
#9307 = AXIS2_PLACEMENT_3D('',#9308,#9309,#9310);
#9308 = CARTESIAN_POINT('',(5.,37.,3.));
#9309 = DIRECTION('',(0.,0.,1.));
#9310 = DIRECTION('',(1.,0.,-0.));
#9311 = DEFINITIONAL_REPRESENTATION('',(#9312),#9316);
#9312 = CIRCLE('',#9313,1.15);
#9313 = AXIS2_PLACEMENT_2D('',#9314,#9315);
#9314 = CARTESIAN_POINT('',(0.,0.));
#9315 = DIRECTION('',(1.,0.));
#9316 = ( GEOMETRIC_REPRESENTATION_CONTEXT(2) 
PARAMETRIC_REPRESENTATION_CONTEXT() REPRESENTATION_CONTEXT('2D SPACE',''
  ) );
#9317 = ORIENTED_EDGE('',*,*,#9318,.T.);
#9318 = EDGE_CURVE('',#9290,#8865,#9319,.T.);
#9319 = SEAM_CURVE('',#9320,(#9324,#9331),.PCURVE_S1.);
#9320 = LINE('',#9321,#9322);
#9321 = CARTESIAN_POINT('',(6.15,37.,3.));
#9322 = VECTOR('',#9323,1.);
#9323 = DIRECTION('',(0.,0.,1.));
#9324 = PCURVE('',#8885,#9325);
#9325 = DEFINITIONAL_REPRESENTATION('',(#9326),#9330);
#9326 = LINE('',#9327,#9328);
#9327 = CARTESIAN_POINT('',(-6.28318530718,0.));
#9328 = VECTOR('',#9329,1.);
#9329 = DIRECTION('',(-0.,-1.));
#9330 = ( GEOMETRIC_REPRESENTATION_CONTEXT(2) 
PARAMETRIC_REPRESENTATION_CONTEXT() REPRESENTATION_CONTEXT('2D SPACE',''
  ) );
#9331 = PCURVE('',#8885,#9332);
#9332 = DEFINITIONAL_REPRESENTATION('',(#9333),#9337);
#9333 = LINE('',#9334,#9335);
#9334 = CARTESIAN_POINT('',(-0.,0.));
#9335 = VECTOR('',#9336,1.);
#9336 = DIRECTION('',(-0.,-1.));
#9337 = ( GEOMETRIC_REPRESENTATION_CONTEXT(2) 
PARAMETRIC_REPRESENTATION_CONTEXT() REPRESENTATION_CONTEXT('2D SPACE',''
  ) );
#9338 = ORIENTED_EDGE('',*,*,#8864,.F.);
#9339 = ORIENTED_EDGE('',*,*,#9318,.F.);
#9340 = ADVANCED_FACE('',(#9341),#8921,.T.);
#9341 = FACE_BOUND('',#9342,.T.);
#9342 = EDGE_LOOP('',(#9343));
#9343 = ORIENTED_EDGE('',*,*,#8904,.T.);
#9344 = ADVANCED_FACE('',(#9345),#8976,.T.);
#9345 = FACE_BOUND('',#9346,.T.);
#9346 = EDGE_LOOP('',(#9347));
#9347 = ORIENTED_EDGE('',*,*,#8959,.T.);
#9348 = ADVANCED_FACE('',(#9349),#9031,.T.);
#9349 = FACE_BOUND('',#9350,.T.);
#9350 = EDGE_LOOP('',(#9351));
#9351 = ORIENTED_EDGE('',*,*,#9014,.T.);
#9352 = ADVANCED_FACE('',(#9353),#9086,.T.);
#9353 = FACE_BOUND('',#9354,.T.);
#9354 = EDGE_LOOP('',(#9355));
#9355 = ORIENTED_EDGE('',*,*,#9069,.T.);
#9356 = ADVANCED_FACE('',(#9357),#9141,.T.);
#9357 = FACE_BOUND('',#9358,.T.);
#9358 = EDGE_LOOP('',(#9359));
#9359 = ORIENTED_EDGE('',*,*,#9124,.T.);
#9360 = ADVANCED_FACE('',(#9361),#9196,.T.);
#9361 = FACE_BOUND('',#9362,.T.);
#9362 = EDGE_LOOP('',(#9363));
#9363 = ORIENTED_EDGE('',*,*,#9179,.T.);
#9364 = ADVANCED_FACE('',(#9365),#9251,.T.);
#9365 = FACE_BOUND('',#9366,.T.);
#9366 = EDGE_LOOP('',(#9367));
#9367 = ORIENTED_EDGE('',*,*,#9234,.T.);
#9368 = ADVANCED_FACE('',(#9369),#9306,.T.);
#9369 = FACE_BOUND('',#9370,.T.);
#9370 = EDGE_LOOP('',(#9371));
#9371 = ORIENTED_EDGE('',*,*,#9289,.T.);
#9372 = ( GEOMETRIC_REPRESENTATION_CONTEXT(3) 
GLOBAL_UNCERTAINTY_ASSIGNED_CONTEXT((#9376)) 
GLOBAL_UNIT_ASSIGNED_CONTEXT((#9373,#9374,#9375)) REPRESENTATION_CONTEXT
('Context #1','3D Context with UNIT and UNCERTAINTY') );
#9373 = ( LENGTH_UNIT() NAMED_UNIT(*) SI_UNIT(.MILLI.,.METRE.) );
#9374 = ( NAMED_UNIT(*) PLANE_ANGLE_UNIT() SI_UNIT($,.RADIAN.) );
#9375 = ( NAMED_UNIT(*) SI_UNIT($,.STERADIAN.) SOLID_ANGLE_UNIT() );
#9376 = UNCERTAINTY_MEASURE_WITH_UNIT(LENGTH_MEASURE(1.E-06),#9373,
  'distance_accuracy_value','confusion accuracy');
#9377 = PRODUCT_RELATED_PRODUCT_CATEGORY('part',$,(#7));
ENDSEC;
END-ISO-10303-21;
