ISO-10303-21;
HEADER;
FILE_DESCRIPTION(('Open CASCADE Model'),'2;1');
FILE_NAME('Open CASCADE Shape Model','2026-09-06T02:00:41',('Author'),(
    'Open CASCADE'),'Open CASCADE STEP processor 7.9','Open CASCADE 7.9'
  ,'Unknown');
FILE_SCHEMA(('AUTOMOTIVE_DESIGN { 1 0 10303 214 1 1 1 1 }'));
ENDSEC;
DATA;
#1 = APPLICATION_PROTOCOL_DEFINITION('international standard',
  'automotive_design',2000,#2);
#2 = APPLICATION_CONTEXT(
  'core data for automotive mechanical design processes');
#3 = SHAPE_DEFINITION_REPRESENTATION(#4,#10);
#4 = PRODUCT_DEFINITION_SHAPE('','',#5);
#5 = PRODUCT_DEFINITION('design','',#6,#9);
#6 = PRODUCT_DEFINITION_FORMATION('','',#7);
#7 = PRODUCT('Open CASCADE STEP translator 7.9 2',
  'Open CASCADE STEP translator 7.9 2','',(#8));
#8 = PRODUCT_CONTEXT('',#2,'mechanical');
#9 = PRODUCT_DEFINITION_CONTEXT('part definition',#2,'design');
#10 = ADVANCED_BREP_SHAPE_REPRESENTATION('',(#11,#15),#8821);
#11 = AXIS2_PLACEMENT_3D('',#12,#13,#14);
#12 = CARTESIAN_POINT('',(0.,0.,0.));
#13 = DIRECTION('',(0.,0.,1.));
#14 = DIRECTION('',(1.,0.,-0.));
#15 = MANIFOLD_SOLID_BREP('',#16);
#16 = CLOSED_SHELL('',(#17,#1674,#2285,#7416,#7420,#7446,#7600,#7633,
    #7665,#7734,#7801,#7899,#7931,#7963,#7991,#8062,#8124,#8174,#8201,
    #8233,#8265,#8291,#8397,#8426,#8454,#8484,#8516,#8542,#8570,#8605,
    #8633,#8637,#8667,#8695,#8721,#8749,#8784,#8812));
#17 = ADVANCED_FACE('',(#18),#57,.T.);
#18 = FACE_BOUND('',#19,.T.);
#19 = EDGE_LOOP('',(#20,#269,#582,#660,#697,#731,#864,#898,#972,#1001,
    #1041,#1119,#1145,#1221,#1222,#1295,#1335,#1369,#1448,#1482,#1610,
    #1639));
#20 = ORIENTED_EDGE('',*,*,#21,.T.);
#21 = EDGE_CURVE('',#22,#24,#26,.T.);
#22 = VERTEX_POINT('',#23);
#23 = CARTESIAN_POINT('',(-26.54782777729,47.124169491696,6.35));
#24 = VERTEX_POINT('',#25);
#25 = CARTESIAN_POINT('',(-36.14031612839,-27.,6.35));
#26 = SURFACE_CURVE('',#27,(#56,#232),.PCURVE_S1.);
#27 = B_SPLINE_CURVE_WITH_KNOTS('',14,(#28,#29,#30,#31,#32,#33,#34,#35,
    #36,#37,#38,#39,#40,#41,#42,#43,#44,#45,#46,#47,#48,#49,#50,#51,#52,
    #53,#54,#55),.UNSPECIFIED.,.T.,.F.,(15,13,15),(0.,0.5,1.),
  .UNSPECIFIED.);
#28 = CARTESIAN_POINT('',(7.105427357601E-15,63.,6.35));
#29 = CARTESIAN_POINT('',(-8.975979010256,62.999999999998,6.35));
#30 = CARTESIAN_POINT('',(-17.95195748074,59.583598406352,6.35));
#31 = CARTESIAN_POINT('',(-26.36005881749,52.7507958217,6.35));
#32 = CARTESIAN_POINT('',(-33.63238978624,42.757033242861,6.35));
#33 = CARTESIAN_POINT('',(-39.25204502026,30.113203427324,6.35));
#34 = CARTESIAN_POINT('',(-42.80397923531,15.557614763968,6.35));
#35 = CARTESIAN_POINT('',(-44.01904469937,-7.501301167524E-13,6.35));
#36 = CARTESIAN_POINT('',(-42.80397923531,-15.55761476396,6.35));
#37 = CARTESIAN_POINT('',(-39.25204502026,-30.11320342732,6.35));
#38 = CARTESIAN_POINT('',(-33.63238978624,-42.75703324286,6.35));
#39 = CARTESIAN_POINT('',(-26.3600588175,-52.7507958217,6.35));
#40 = CARTESIAN_POINT('',(-17.95195748074,-59.58359840634,6.35));
#41 = CARTESIAN_POINT('',(-8.975979010257,-62.99999999999,6.35));
#42 = CARTESIAN_POINT('',(8.975979010257,-63.,6.35));
#43 = CARTESIAN_POINT('',(17.951957480743,-59.58359840634,6.35));
#44 = CARTESIAN_POINT('',(26.360058817502,-52.7507958217,6.35));
#45 = CARTESIAN_POINT('',(33.632389786241,-42.75703324286,6.35));
#46 = CARTESIAN_POINT('',(39.252045020267,-30.11320342732,6.35));
#47 = CARTESIAN_POINT('',(42.803979235315,-15.55761476397,6.35));
#48 = CARTESIAN_POINT('',(44.019044699378,2.639158732823E-14,6.35));
#49 = CARTESIAN_POINT('',(42.803979235312,15.55761476397,6.35));
#50 = CARTESIAN_POINT('',(39.252045020269,30.113203427321,6.35));
#51 = CARTESIAN_POINT('',(33.632389786243,42.75703324286,6.35));
#52 = CARTESIAN_POINT('',(26.360058817497,52.750795821706,6.35));
#53 = CARTESIAN_POINT('',(17.951957480746,59.583598406346,6.35));
#54 = CARTESIAN_POINT('',(8.975979010256,63.000000000001,6.35));
#55 = CARTESIAN_POINT('',(2.031806739485E-14,63.,6.35));
#56 = PCURVE('',#57,#226);
#57 = ( BOUNDED_SURFACE() B_SPLINE_SURFACE(14,5,(
    (#58,#59,#60,#61,#62,#63)
    ,(#64,#65,#66,#67,#68,#69)
    ,(#70,#71,#72,#73,#74,#75)
    ,(#76,#77,#78,#79,#80,#81)
    ,(#82,#83,#84,#85,#86,#87)
    ,(#88,#89,#90,#91,#92,#93)
    ,(#94,#95,#96,#97,#98,#99)
    ,(#100,#101,#102,#103,#104,#105)
    ,(#106,#107,#108,#109,#110,#111)
    ,(#112,#113,#114,#115,#116,#117)
    ,(#118,#119,#120,#121,#122,#123)
    ,(#124,#125,#126,#127,#128,#129)
    ,(#130,#131,#132,#133,#134,#135)
    ,(#136,#137,#138,#139,#140,#141)
    ,(#142,#143,#144,#145,#146,#147)
    ,(#148,#149,#150,#151,#152,#153)
    ,(#154,#155,#156,#157,#158,#159)
    ,(#160,#161,#162,#163,#164,#165)
    ,(#166,#167,#168,#169,#170,#171)
    ,(#172,#173,#174,#175,#176,#177)
    ,(#178,#179,#180,#181,#182,#183)
    ,(#184,#185,#186,#187,#188,#189)
    ,(#190,#191,#192,#193,#194,#195)
    ,(#196,#197,#198,#199,#200,#201)
    ,(#202,#203,#204,#205,#206,#207)
    ,(#208,#209,#210,#211,#212,#213)
    ,(#214,#215,#216,#217,#218,#219)
    ,(#220,#221,#222,#223,#224,#225
)),.UNSPECIFIED.,.T.,.F.,.F.) B_SPLINE_SURFACE_WITH_KNOTS((15,13,15),(6,
6),(0.,0.5,1.),(0.,1.),.UNSPECIFIED.) GEOMETRIC_REPRESENTATION_ITEM() 
RATIONAL_B_SPLINE_SURFACE((
    (1.,1.,1.,1.,1.,1.)
    ,(1.,1.,1.,1.,1.,1.)
    ,(1.,1.,1.,1.,1.,1.)
    ,(1.,1.,1.,1.,1.,1.)
    ,(1.,1.,1.,1.,1.,1.)
    ,(1.,1.,1.,1.,1.,1.)
    ,(1.,1.,1.,1.,1.,1.)
    ,(1.,1.,1.,1.,1.,1.)
    ,(1.,1.,1.,1.,1.,1.)
    ,(1.,1.,1.,1.,1.,1.)
    ,(1.,1.,1.,1.,1.,1.)
    ,(1.,1.,1.,1.,1.,1.)
    ,(1.,1.,1.,1.,1.,1.)
    ,(1.,1.,1.,1.,1.,1.)
    ,(1.,1.,1.,1.,1.,1.)
    ,(1.,1.,1.,1.,1.,1.)
    ,(1.,1.,1.,1.,1.,1.)
    ,(1.,1.,1.,1.,1.,1.)
    ,(1.,1.,1.,1.,1.,1.)
    ,(1.,1.,1.,1.,1.,1.)
    ,(1.,1.,1.,1.,1.,1.)
    ,(1.,1.,1.,1.,1.,1.)
    ,(1.,1.,1.,1.,1.,1.)
    ,(1.,1.,1.,1.,1.,1.)
    ,(1.,1.,1.,1.,1.,1.)
    ,(1.,1.,1.,1.,1.,1.)
    ,(1.,1.,1.,1.,1.,1.)
,(1.,1.,1.,1.,1.,1.))) REPRESENTATION_ITEM('') SURFACE() );
#58 = CARTESIAN_POINT('',(7.105427357601E-15,63.,6.35));
#59 = CARTESIAN_POINT('',(6.97798425112E-14,62.666745302617,
    21.578828331012));
#60 = CARTESIAN_POINT('',(-3.224782452871E-13,66.129626835849,
    36.462172058474));
#61 = CARTESIAN_POINT('',(4.685459289921E-13,49.972084609007,
    50.312973992337));
#62 = CARTESIAN_POINT('',(-1.415935331568E-13,35.124613009938,
    50.65205160986));
#63 = CARTESIAN_POINT('',(1.89918878587E-15,17.,54.));
#64 = CARTESIAN_POINT('',(-8.975979010256,62.999999999998,6.35));
#65 = CARTESIAN_POINT('',(-8.992509637255,62.666745302618,
    21.578828331012));
#66 = CARTESIAN_POINT('',(-9.168616212337,66.129626835833,
    36.462172058474));
#67 = CARTESIAN_POINT('',(-6.988478724584,49.972084609033,
    50.312973992337));
#68 = CARTESIAN_POINT('',(-2.433747504742,35.124613009929,50.65205160986
    ));
#69 = CARTESIAN_POINT('',(-0.448798950513,17.000000000001,54.));
#70 = CARTESIAN_POINT('',(-17.95195748074,59.583598406352,6.35));
#71 = CARTESIAN_POINT('',(-17.98501970511,59.465584047338,
    21.578828331012));
#72 = CARTESIAN_POINT('',(-18.3372264108,63.012238789993,36.462172058474
    ));
#73 = CARTESIAN_POINT('',(-13.97696734487,48.255606339808,
    50.312973992337));
#74 = CARTESIAN_POINT('',(-4.867492323921,33.823493877319,50.65205160986
    ));
#75 = CARTESIAN_POINT('',(-0.897597983857,16.7830856388,54.));
#76 = CARTESIAN_POINT('',(-26.36005881749,52.7507958217,6.35));
#77 = CARTESIAN_POINT('',(-26.40860184544,53.063261073941,
    21.578828331012));
#78 = CARTESIAN_POINT('',(-26.92579993267,56.777469018615,
    36.462172058474));
#79 = CARTESIAN_POINT('',(-20.52326795919,44.822639278912,
    50.312973992337));
#80 = CARTESIAN_POINT('',(-7.14727587256,31.221258223986,50.65205160986)
  );
#81 = CARTESIAN_POINT('',(-1.318002599544,16.349256777749,54.));
#82 = CARTESIAN_POINT('',(-33.63238978624,42.757033242861,6.35));
#83 = CARTESIAN_POINT('',(-33.6943325493,43.699127280292,21.578828331012
    ));
#84 = CARTESIAN_POINT('',(-34.35416809855,47.658383541367,
    36.462172058474));
#85 = CARTESIAN_POINT('',(-26.18539825385,39.801556642505,
    50.312973992337));
#86 = CARTESIAN_POINT('',(-9.119078799101,27.415182008677,50.65205160986
    ));
#87 = CARTESIAN_POINT('',(-1.681619898037,15.714732443614,54.));
#88 = CARTESIAN_POINT('',(-39.25204502026,30.113203427324,6.35));
#89 = CARTESIAN_POINT('',(-39.32433234919,31.851882248059,
    21.578828331012));
#90 = CARTESIAN_POINT('',(-40.09445653313,36.12119329357,36.462172058474
    ));
#91 = CARTESIAN_POINT('',(-30.56067315654,33.44898068832,50.312973992337
    ));
#92 = CARTESIAN_POINT('',(-10.64280522843,22.599849766404,50.65205160986
    ));
#93 = CARTESIAN_POINT('',(-1.962602107832,14.911949255611,54.));
#94 = CARTESIAN_POINT('',(-42.80397923531,15.557614763968,6.35));
#95 = CARTESIAN_POINT('',(-42.88280793156,18.213326523521,
    21.578828331012));
#96 = CARTESIAN_POINT('',(-43.7226206072,22.839547824145,36.462172058474
    ));
#97 = CARTESIAN_POINT('',(-33.32612203981,26.135929304053,
    50.312973992337));
#98 = CARTESIAN_POINT('',(-11.60587704402,17.056426005799,50.65205160986
    ));
#99 = CARTESIAN_POINT('',(-2.140198811987,13.987785154925,54.));
#100 = CARTESIAN_POINT('',(-44.01904469937,-7.501301167524E-13,6.35));
#101 = CARTESIAN_POINT('',(-44.10011421662,3.635872312799,
    21.578828331012));
#102 = CARTESIAN_POINT('',(-44.96374569724,8.643588295435,
    36.462172058474));
#103 = CARTESIAN_POINT('',(-34.2721752818,18.319415035177,
    50.312973992337));
#104 = CARTESIAN_POINT('',(-11.93532188234,11.131390567833,
    50.65205160986));
#105 = CARTESIAN_POINT('',(-2.200952434939,12.999999996414,54.));
#106 = CARTESIAN_POINT('',(-42.80397923531,-15.55761476396,6.35));
#107 = CARTESIAN_POINT('',(-42.88280865657,-10.9415817281,
    21.578828331012));
#108 = CARTESIAN_POINT('',(-43.72261653008,-5.552372186969,
    36.462172058474));
#109 = CARTESIAN_POINT('',(-33.32612973945,10.50290255543,
    50.312973992337));
#110 = CARTESIAN_POINT('',(-11.6058751488,5.206354736121,50.65205160986)
  );
#111 = CARTESIAN_POINT('',(-2.140198893954,12.012214867142,54.));
#112 = CARTESIAN_POINT('',(-39.25204502026,-30.11320342732,6.35));
#113 = CARTESIAN_POINT('',(-39.32433250667,-24.58013798269,
    21.578828331012));
#114 = CARTESIAN_POINT('',(-40.09445564747,-18.83401467964,
    36.462172058474));
#115 = CARTESIAN_POINT('',(-30.56067482906,3.189845586804,
    50.312973992337));
#116 = CARTESIAN_POINT('',(-10.64280481675,-0.337067795493,
    50.65205160986));
#117 = CARTESIAN_POINT('',(-1.962602125637,11.088050675193,54.));
#118 = CARTESIAN_POINT('',(-33.63238978624,-42.75703324286,6.35));
#119 = CARTESIAN_POINT('',(-33.69433081587,-36.42738199824,
    21.578828331012));
#120 = CARTESIAN_POINT('',(-34.35417784657,-30.37121063705,
    36.462172058474));
#121 = CARTESIAN_POINT('',(-26.18537984478,-3.162719656205,
    50.312973992337));
#122 = CARTESIAN_POINT('',(-9.119083330386,-5.152402395054,
    50.65205160986));
#123 = CARTESIAN_POINT('',(-1.681619702063,10.28526766224,54.));
#124 = CARTESIAN_POINT('',(-26.3600588175,-52.7507958217,6.35));
#125 = CARTESIAN_POINT('',(-26.40860380083,-45.79151685179,
    21.578828331012));
#126 = CARTESIAN_POINT('',(-26.9257889365,-39.49029016198,
    36.462172058474));
#127 = CARTESIAN_POINT('',(-20.52328872539,-8.183813459112,
    50.312973992337));
#128 = CARTESIAN_POINT('',(-7.147270761082,-8.958476152872,
    50.65205160986));
#129 = CARTESIAN_POINT('',(-1.318002820611,9.650743145613,54.));
#130 = CARTESIAN_POINT('',(-17.95195748074,-59.58359840634,6.35));
#131 = CARTESIAN_POINT('',(-17.98501892,-52.19383925797,21.578828331012)
  );
#132 = CARTESIAN_POINT('',(-18.33723082588,-45.72506311878,
    36.462172058474));
#133 = CARTESIAN_POINT('',(-13.97695900699,-11.61677454415,
    50.312973992337));
#134 = CARTESIAN_POINT('',(-4.867494376238,-11.56071312134,
    50.65205160986));
#135 = CARTESIAN_POINT('',(-0.897597895095,9.216914382224,54.));
#136 = CARTESIAN_POINT('',(-8.975979010257,-62.99999999999,6.35));
#137 = CARTESIAN_POINT('',(-8.992509611024,-55.39500063228,
    21.578828331012));
#138 = CARTESIAN_POINT('',(-9.168616359858,-48.84245049618,
    36.462172058474));
#139 = CARTESIAN_POINT('',(-6.98847844601,-13.33325406738,
    50.312973992337));
#140 = CARTESIAN_POINT('',(-2.433747573313,-12.86183197798,
    50.65205160986));
#141 = CARTESIAN_POINT('',(-0.448798947548,9.00000000053,54.));
#142 = CARTESIAN_POINT('',(8.975979010257,-63.,6.35));
#143 = CARTESIAN_POINT('',(8.992509611025,-55.39500063228,
    21.578828331012));
#144 = CARTESIAN_POINT('',(9.168616359852,-48.84245049618,
    36.462172058474));
#145 = CARTESIAN_POINT('',(6.988478446015,-13.33325406738,
    50.312973992337));
#146 = CARTESIAN_POINT('',(2.433747573311,-12.86183197798,50.65205160986
    ));
#147 = CARTESIAN_POINT('',(0.448798947548,9.00000000053,54.));
#148 = CARTESIAN_POINT('',(17.951957480743,-59.58359840634,6.35));
#149 = CARTESIAN_POINT('',(17.985018919999,-52.19383925796,
    21.578828331012));
#150 = CARTESIAN_POINT('',(18.337230825917,-45.72506311879,
    36.462172058474));
#151 = CARTESIAN_POINT('',(13.976959006966,-11.61677454415,
    50.312973992337));
#152 = CARTESIAN_POINT('',(4.867494376248,-11.56071312134,50.65205160986
    ));
#153 = CARTESIAN_POINT('',(0.897597895095,9.216914382224,54.));
#154 = CARTESIAN_POINT('',(26.360058817502,-52.7507958217,6.35));
#155 = CARTESIAN_POINT('',(26.40860380085,-45.79151685181,
    21.578828331012));
#156 = CARTESIAN_POINT('',(26.925788936447,-39.49029016197,
    36.462172058474));
#157 = CARTESIAN_POINT('',(20.523288725449,-8.183813459117,
    50.312973992337));
#158 = CARTESIAN_POINT('',(7.147270761064,-8.95847615287,50.65205160986)
  );
#159 = CARTESIAN_POINT('',(1.318002820611,9.650743145613,54.));
#160 = CARTESIAN_POINT('',(33.632389786241,-42.75703324286,6.35));
#161 = CARTESIAN_POINT('',(33.694330815865,-36.42738199823,
    21.578828331012));
#162 = CARTESIAN_POINT('',(34.354177846618,-30.37121063705,
    36.462172058474));
#163 = CARTESIAN_POINT('',(26.185379844752,-3.162719656201,
    50.312973992337));
#164 = CARTESIAN_POINT('',(9.119083330398,-5.152402395055,50.65205160986
    ));
#165 = CARTESIAN_POINT('',(1.681619702063,10.28526766224,54.));
#166 = CARTESIAN_POINT('',(39.252045020267,-30.11320342732,6.35));
#167 = CARTESIAN_POINT('',(39.324332506675,-24.58013798269,
    21.578828331012));
#168 = CARTESIAN_POINT('',(40.094455647491,-18.83401467964,
    36.462172058474));
#169 = CARTESIAN_POINT('',(30.560674829055,3.189845586807,
    50.312973992337));
#170 = CARTESIAN_POINT('',(10.642804816757,-0.337067795494,
    50.65205160986));
#171 = CARTESIAN_POINT('',(1.962602125637,11.088050675193,54.));
#172 = CARTESIAN_POINT('',(42.803979235315,-15.55761476397,6.35));
#173 = CARTESIAN_POINT('',(42.882808656587,-10.9415817281,
    21.578828331012));
#174 = CARTESIAN_POINT('',(43.722616530042,-5.552372186962,
    36.462172058474));
#175 = CARTESIAN_POINT('',(33.326129739498,10.502902555426,
    50.312973992337));
#176 = CARTESIAN_POINT('',(11.605875148792,5.206354736122,50.65205160986
    ));
#177 = CARTESIAN_POINT('',(2.140198893954,12.012214867142,54.));
#178 = CARTESIAN_POINT('',(44.019044699378,2.639158732823E-14,6.35));
#179 = CARTESIAN_POINT('',(44.100114216622,3.635872312799,
    21.578828331012));
#180 = CARTESIAN_POINT('',(44.963745697251,8.643588295438,
    36.462172058474));
#181 = CARTESIAN_POINT('',(34.272175281795,18.319415035174,
    50.312973992337));
#182 = CARTESIAN_POINT('',(11.935321882344,11.131390567834,
    50.65205160986));
#183 = CARTESIAN_POINT('',(2.200952434939,12.999999996414,54.));
#184 = CARTESIAN_POINT('',(42.803979235312,15.55761476397,6.35));
#185 = CARTESIAN_POINT('',(42.882807931554,18.21332652353,
    21.578828331012));
#186 = CARTESIAN_POINT('',(43.722620607248,22.839547824138,
    36.462172058474));
#187 = CARTESIAN_POINT('',(33.326122039783,26.135929304057,
    50.312973992337));
#188 = CARTESIAN_POINT('',(11.605877044037,17.056426005798,
    50.65205160986));
#189 = CARTESIAN_POINT('',(2.140198811987,13.987785154925,54.));
#190 = CARTESIAN_POINT('',(39.252045020269,30.113203427321,6.35));
#191 = CARTESIAN_POINT('',(39.324332349197,31.851882248054,
    21.578828331012));
#192 = CARTESIAN_POINT('',(40.094456533097,36.121193293569,
    36.462172058474));
#193 = CARTESIAN_POINT('',(30.56067315658,33.448980688323,
    50.312973992337));
#194 = CARTESIAN_POINT('',(10.642805228426,22.599849766403,
    50.65205160986));
#195 = CARTESIAN_POINT('',(1.962602107832,14.911949255611,54.));
#196 = CARTESIAN_POINT('',(33.632389786243,42.75703324286,6.35));
#197 = CARTESIAN_POINT('',(33.694332549317,43.699127280285,
    21.578828331012));
#198 = CARTESIAN_POINT('',(34.354168098524,47.658383541375,
    36.462172058474));
#199 = CARTESIAN_POINT('',(26.185398253872,39.801556642499,
    50.312973992337));
#200 = CARTESIAN_POINT('',(9.119078799093,27.415182008679,50.65205160986
    ));
#201 = CARTESIAN_POINT('',(1.681619898037,15.714732443614,54.));
#202 = CARTESIAN_POINT('',(26.360058817497,52.750795821706,6.35));
#203 = CARTESIAN_POINT('',(26.40860184543,53.063261073955,
    21.578828331012));
#204 = CARTESIAN_POINT('',(26.92579993276,56.777469018611,
    36.462172058474));
#205 = CARTESIAN_POINT('',(20.523267959107,44.82263927891,
    50.312973992337));
#206 = CARTESIAN_POINT('',(7.147275872589,31.221258223988,50.65205160986
    ));
#207 = CARTESIAN_POINT('',(1.318002599544,16.349256777749,54.));
#208 = CARTESIAN_POINT('',(17.951957480746,59.583598406346,6.35));
#209 = CARTESIAN_POINT('',(17.985019705137,59.465584047328,
    21.578828331012));
#210 = CARTESIAN_POINT('',(18.337226410712,63.01223878999,
    36.462172058474));
#211 = CARTESIAN_POINT('',(13.976967344987,48.255606339817,
    50.312973992337));
#212 = CARTESIAN_POINT('',(4.867492323887,33.823493877314,50.65205160986
    ));
#213 = CARTESIAN_POINT('',(0.897597983858,16.7830856388,54.));
#214 = CARTESIAN_POINT('',(8.975979010256,63.000000000001,6.35));
#215 = CARTESIAN_POINT('',(8.992509637246,62.666745302621,
    21.578828331012));
#216 = CARTESIAN_POINT('',(9.168616212384,66.129626835836,
    36.462172058474));
#217 = CARTESIAN_POINT('',(6.988478724517,49.972084609027,
    50.312973992337));
#218 = CARTESIAN_POINT('',(2.433747504761,35.124613009932,50.65205160986
    ));
#219 = CARTESIAN_POINT('',(0.448798950513,17.,54.));
#220 = CARTESIAN_POINT('',(2.031806739485E-14,63.,6.35));
#221 = CARTESIAN_POINT('',(-7.749580152067E-15,62.666745302616,
    21.578828331012));
#222 = CARTESIAN_POINT('',(1.690284802518E-13,66.129626835849,
    36.462172058474));
#223 = CARTESIAN_POINT('',(-1.94861500296E-13,49.972084609007,
    50.312973992337));
#224 = CARTESIAN_POINT('',(6.331639428331E-14,35.124613009938,
    50.65205160986));
#225 = CARTESIAN_POINT('',(-7.653464547969E-16,17.,54.));
#226 = DEFINITIONAL_REPRESENTATION('',(#227),#231);
#227 = LINE('',#228,#229);
#228 = CARTESIAN_POINT('',(0.,0.));
#229 = VECTOR('',#230,1.);
#230 = DIRECTION('',(1.,0.));
#231 = ( GEOMETRIC_REPRESENTATION_CONTEXT(2) 
PARAMETRIC_REPRESENTATION_CONTEXT() REPRESENTATION_CONTEXT('2D SPACE',''
  ) );
#232 = PCURVE('',#233,#238);
#233 = PLANE('',#234);
#234 = AXIS2_PLACEMENT_3D('',#235,#236,#237);
#235 = CARTESIAN_POINT('',(7.105427357601E-15,63.,6.35));
#236 = DIRECTION('',(0.,-0.,-1.));
#237 = DIRECTION('',(3.695465632254E-02,-0.999316943405,0.));
#238 = DEFINITIONAL_REPRESENTATION('',(#239),#268);
#239 = B_SPLINE_CURVE_WITH_KNOTS('',14,(#240,#241,#242,#243,#244,#245,
    #246,#247,#248,#249,#250,#251,#252,#253,#254,#255,#256,#257,#258,
    #259,#260,#261,#262,#263,#264,#265,#266,#267),.UNSPECIFIED.,.F.,.F.,
  (15,13,15),(0.,0.5,1.),.UNSPECIFIED.);
#240 = CARTESIAN_POINT('',(0.,0.));
#241 = CARTESIAN_POINT('',(-0.33170421948,8.969847908595));
#242 = CARTESIAN_POINT('',(2.75065957899,18.065947224548));
#243 = CARTESIAN_POINT('',(9.268076477549,26.720809223463));
#244 = CARTESIAN_POINT('',(18.986266259335,34.357488840048));
#245 = CARTESIAN_POINT('',(31.413787195704,40.440553916939));
#246 = CARTESIAN_POINT('',(45.828173060031,44.527958736518));
#247 = CARTESIAN_POINT('',(61.330258765997,46.317120548905));
#248 = CARTESIAN_POINT('',(76.922149125229,45.677811350121));
#249 = CARTESIAN_POINT('',(91.599056005948,42.666200083793));
#250 = CARTESIAN_POINT('',(104.44192179796,37.51763177777));
#251 = CARTESIAN_POINT('',(114.69760456298,30.619584284129));
#252 = CARTESIAN_POINT('',(121.83645845198,22.469730027678));
#253 = CARTESIAN_POINT('',(125.58223064953,13.626134605236));
#254 = CARTESIAN_POINT('',(126.24563908849,-4.313561211957));
#255 = CARTESIAN_POINT('',(123.16327529001,-13.4096605279));
#256 = CARTESIAN_POINT('',(116.64585839147,-22.06452252682));
#257 = CARTESIAN_POINT('',(106.92766860968,-29.7012021434));
#258 = CARTESIAN_POINT('',(94.500147673309,-35.78426722029));
#259 = CARTESIAN_POINT('',(80.085761808988,-39.87167203988));
#260 = CARTESIAN_POINT('',(64.58367610302,-41.66083385226));
#261 = CARTESIAN_POINT('',(48.991785743784,-41.02152465348));
#262 = CARTESIAN_POINT('',(34.314878863069,-38.00991338715));
#263 = CARTESIAN_POINT('',(21.472013071049,-32.86134508113));
#264 = CARTESIAN_POINT('',(11.216330306028,-25.96329758748));
#265 = CARTESIAN_POINT('',(4.077476417032,-17.81344333104));
#266 = CARTESIAN_POINT('',(0.331704219482,-8.969847908595));
#267 = CARTESIAN_POINT('',(0.,-1.33226762955E-14));
#268 = ( GEOMETRIC_REPRESENTATION_CONTEXT(2) 
PARAMETRIC_REPRESENTATION_CONTEXT() REPRESENTATION_CONTEXT('2D SPACE',''
  ) );
#269 = ORIENTED_EDGE('',*,*,#270,.T.);
#270 = EDGE_CURVE('',#24,#271,#273,.T.);
#271 = VERTEX_POINT('',#272);
#272 = CARTESIAN_POINT('',(36.140316128399,-27.,6.35));
#273 = SURFACE_CURVE('',#274,(#373,#475),.PCURVE_S1.);
#274 = B_SPLINE_CURVE_WITH_KNOTS('',7,(#275,#276,#277,#278,#279,#280,
    #281,#282,#283,#284,#285,#286,#287,#288,#289,#290,#291,#292,#293,
    #294,#295,#296,#297,#298,#299,#300,#301,#302,#303,#304,#305,#306,
    #307,#308,#309,#310,#311,#312,#313,#314,#315,#316,#317,#318,#319,
    #320,#321,#322,#323,#324,#325,#326,#327,#328,#329,#330,#331,#332,
    #333,#334,#335,#336,#337,#338,#339,#340,#341,#342,#343,#344,#345,
    #346,#347,#348,#349,#350,#351,#352,#353,#354,#355,#356,#357,#358,
    #359,#360,#361,#362,#363,#364,#365,#366,#367,#368,#369,#370,#371,
    #372),.UNSPECIFIED.,.F.,.F.,(8,6,6,6,6,6,6,6,6,6,6,6,6,6,6,6,8),(0.,
    3.567386137571E-02,0.125208130765,0.152435101194,0.215020350526,
    0.306914641305,0.435329474387,0.499927175954,0.565052915553,
    0.693440854051,0.784578219447,0.837810805787,0.860524224172,
    0.89487240282,0.952104188834,0.987070820427,1.),.UNSPECIFIED.);
#275 = CARTESIAN_POINT('',(-36.14031612839,-27.,6.35));
#276 = CARTESIAN_POINT('',(-36.08100851994,-27.,6.936194490555));
#277 = CARTESIAN_POINT('',(-36.0213732036,-27.,7.522351706051));
#278 = CARTESIAN_POINT('',(-35.960738758,-27.,8.108410560528));
#279 = CARTESIAN_POINT('',(-35.89844201065,-27.,8.694300808033));
#280 = CARTESIAN_POINT('',(-35.83382882991,-27.,9.279943122131));
#281 = CARTESIAN_POINT('',(-35.76625491707,-27.,9.865249175415));
#282 = CARTESIAN_POINT('',(-35.51646832823,-27.,11.918035027482));
#283 = CARTESIAN_POINT('',(-35.31523476584,-27.,13.383002550884));
#284 = CARTESIAN_POINT('',(-35.08133780526,-27.,14.843783860923));
#285 = CARTESIAN_POINT('',(-34.80522955251,-27.,16.297924842069));
#286 = CARTESIAN_POINT('',(-34.47792875357,-27.,17.741775025238));
#287 = CARTESIAN_POINT('',(-34.09143439515,-27.,19.170573617175));
#288 = CARTESIAN_POINT('',(-33.50205114039,-27.,21.006780029076));
#289 = CARTESIAN_POINT('',(-33.35856928167,-27.,21.433015985348));
#290 = CARTESIAN_POINT('',(-33.20886890297,-27.,21.857142580319));
#291 = CARTESIAN_POINT('',(-33.05279375542,-27.,22.278982172031));
#292 = CARTESIAN_POINT('',(-32.89020561735,-27.,22.698349838617));
#293 = CARTESIAN_POINT('',(-32.72098657118,-27.,23.115054226296));
#294 = CARTESIAN_POINT('',(-32.14060480712,-27.,24.480180902276));
#295 = CARTESIAN_POINT('',(-31.70057595989,-27.,25.416474094407));
#296 = CARTESIAN_POINT('',(-31.22385698608,-27.,26.335199320389));
#297 = CARTESIAN_POINT('',(-30.70991633877,-27.,27.233891596903));
#298 = CARTESIAN_POINT('',(-30.15885277616,-27.,28.110235252768));
#299 = CARTESIAN_POINT('',(-29.57144185454,-27.,28.962089887664));
#300 = CARTESIAN_POINT('',(-28.03547176596,-27.,30.999470944942));
#301 = CARTESIAN_POINT('',(-27.04632668198,-27.,32.1548143827));
#302 = CARTESIAN_POINT('',(-25.98631282095,-27.,33.247327815414));
#303 = CARTESIAN_POINT('',(-24.86179597111,-27.,34.273697628232));
#304 = CARTESIAN_POINT('',(-23.67997502883,-27.,35.232490201055));
#305 = CARTESIAN_POINT('',(-22.44816920874,-27.,36.1233959084));
#306 = CARTESIAN_POINT('',(-19.39187389097,-27.,38.097279113888));
#307 = CARTESIAN_POINT('',(-17.52664556137,-27.,39.115715032958));
#308 = CARTESIAN_POINT('',(-15.59348860122,-27.,40.0050588431));
#309 = CARTESIAN_POINT('',(-13.60680504822,-27.,40.768671954537));
#310 = CARTESIAN_POINT('',(-11.57868370446,-27.,41.408226282624));
#311 = CARTESIAN_POINT('',(-9.518609639266,-27.,41.923126580809));
#312 = CARTESIAN_POINT('',(-6.385130784363,-27.,42.50722100106));
#313 = CARTESIAN_POINT('',(-5.330435974378,-27.,42.670697891382));
#314 = CARTESIAN_POINT('',(-4.270940157958,-27.,42.80194350617));
#315 = CARTESIAN_POINT('',(-3.20782118131,-27.,42.900677557125));
#316 = CARTESIAN_POINT('',(-2.142266376985,-27.,42.966663072961));
#317 = CARTESIAN_POINT('',(-1.075479204249,-27.,42.999769660943));
#318 = CARTESIAN_POINT('',(1.066831227788,-27.,43.000230341309));
#319 = CARTESIAN_POINT('',(2.142352908814,-27.,42.96704476238));
#320 = CARTESIAN_POINT('',(3.216626108688,-27.,42.900439284492));
#321 = CARTESIAN_POINT('',(4.288417672694,-27.,42.800547598032));
#322 = CARTESIAN_POINT('',(5.356511056805,-27.,42.667613565906));
#323 = CARTESIAN_POINT('',(6.419699449706,-27.,42.50192524337));
#324 = CARTESIAN_POINT('',(9.560684560812,-27.,41.912949792436));
#325 = CARTESIAN_POINT('',(11.619783705599,-27.,41.395977693178));
#326 = CARTESIAN_POINT('',(13.646811673349,-27.,40.754418112619));
#327 = CARTESIAN_POINT('',(15.632269737134,-27.,39.988837708627));
#328 = CARTESIAN_POINT('',(17.56404716067,-27.,39.097540678031));
#329 = CARTESIAN_POINT('',(19.427715070872,-27.,38.077157287167));
#330 = CARTESIAN_POINT('',(22.47076052024,-27.,36.106607542469));
#331 = CARTESIAN_POINT('',(23.69165249773,-27.,35.222056744495));
#332 = CARTESIAN_POINT('',(24.863303041063,-27.,34.270738533804));
#333 = CARTESIAN_POINT('',(25.978576433845,-27.,33.252962868874));
#334 = CARTESIAN_POINT('',(27.030453508122,-27.,32.170132109114));
#335 = CARTESIAN_POINT('',(28.012716631043,-27.,31.025467986885));
#336 = CARTESIAN_POINT('',(29.451300043752,-27.,29.123794866692));
#337 = CARTESIAN_POINT('',(29.956528199393,-27.,28.403460410257));
#338 = CARTESIAN_POINT('',(30.435649971414,-27.,27.665150354526));
#339 = CARTESIAN_POINT('',(30.888119845123,-27.,26.910144988739));
#340 = CARTESIAN_POINT('',(31.313736131041,-27.,26.139834119033));
#341 = CARTESIAN_POINT('',(31.712627896487,-27.,25.355709463286));
#342 = CARTESIAN_POINT('',(32.244219386519,-27.,24.219561303667));
#343 = CARTESIAN_POINT('',(32.398423539673,-27.,23.877532642192));
#344 = CARTESIAN_POINT('',(32.547883587246,-27.,23.533383235567));
#345 = CARTESIAN_POINT('',(32.692647771959,-27.,23.187228011227));
#346 = CARTESIAN_POINT('',(32.832775182327,-27.,22.839180068031));
#347 = CARTESIAN_POINT('',(32.968334891079,-27.,22.489350315087));
#348 = CARTESIAN_POINT('',(33.297614920687,-27.,21.60628930367));
#349 = CARTESIAN_POINT('',(33.485558312724,-27.,21.070902921879));
#350 = CARTESIAN_POINT('',(33.663506318809,-27.,20.532061814532));
#351 = CARTESIAN_POINT('',(33.831779521079,-27.,19.99011941573));
#352 = CARTESIAN_POINT('',(33.990741096898,-27.,19.445406552771));
#353 = CARTESIAN_POINT('',(34.140789881048,-27.,18.898229254587));
#354 = CARTESIAN_POINT('',(34.518230116082,-27.,17.433504831889));
#355 = CARTESIAN_POINT('',(34.730543614224,-27.,16.51209840521));
#356 = CARTESIAN_POINT('',(34.921286874821,-27.,15.585895356087));
#357 = CARTESIAN_POINT('',(35.092664236316,-27.,14.655967850316));
#358 = CARTESIAN_POINT('',(35.247027800629,-27.,13.723200026804));
#359 = CARTESIAN_POINT('',(35.386837348891,-27.,12.788280299017));
#360 = CARTESIAN_POINT('',(35.592729091036,-27.,11.279478895773));
#361 = CARTESIAN_POINT('',(35.666332226126,-27.,10.70665134348));
#362 = CARTESIAN_POINT('',(35.736034569135,-27.,10.13333195158));
#363 = CARTESIAN_POINT('',(35.802428346366,-27.,9.559624128476));
#364 = CARTESIAN_POINT('',(35.866116044154,-27.,8.985618089568));
#365 = CARTESIAN_POINT('',(35.927709811052,-27.,8.411390789669));
#366 = CARTESIAN_POINT('',(36.010061077869,-27.,7.624622631202));
#367 = CARTESIAN_POINT('',(36.032089887519,-27.,7.412218341865));
#368 = CARTESIAN_POINT('',(36.053948674451,-27.,7.199796458676));
#369 = CARTESIAN_POINT('',(36.075668961974,-27.,6.987360383956));
#370 = CARTESIAN_POINT('',(36.097282411209,-27.,6.774913451106));
#371 = CARTESIAN_POINT('',(36.118820821099,-27.,6.562458924603));
#372 = CARTESIAN_POINT('',(36.140316128399,-27.,6.35));
#373 = PCURVE('',#57,#374);
#374 = DEFINITIONAL_REPRESENTATION('',(#375),#474);
#375 = B_SPLINE_CURVE_WITH_KNOTS('',7,(#376,#377,#378,#379,#380,#381,
    #382,#383,#384,#385,#386,#387,#388,#389,#390,#391,#392,#393,#394,
    #395,#396,#397,#398,#399,#400,#401,#402,#403,#404,#405,#406,#407,
    #408,#409,#410,#411,#412,#413,#414,#415,#416,#417,#418,#419,#420,
    #421,#422,#423,#424,#425,#426,#427,#428,#429,#430,#431,#432,#433,
    #434,#435,#436,#437,#438,#439,#440,#441,#442,#443,#444,#445,#446,
    #447,#448,#449,#450,#451,#452,#453,#454,#455,#456,#457,#458,#459,
    #460,#461,#462,#463,#464,#465,#466,#467,#468,#469,#470,#471,#472,
    #473),.UNSPECIFIED.,.F.,.F.,(8,6,6,6,6,6,6,6,6,6,6,6,6,6,6,6,8),(0.,
    3.567386137571E-02,0.125208130765,0.152435101194,0.215020350526,
    0.306914641305,0.435329474387,0.499927175954,0.565052915553,
    0.693440854051,0.784578219447,0.837810805787,0.860524224172,
    0.89487240282,0.952104188834,0.987070820427,1.),.UNSPECIFIED.);
#376 = CARTESIAN_POINT('',(0.320491482013,0.));
#377 = CARTESIAN_POINT('',(0.321065881591,7.698484450847E-03));
#378 = CARTESIAN_POINT('',(0.321646396864,1.540275392729E-02));
#379 = CARTESIAN_POINT('',(0.322234830963,2.311242640777E-02));
#380 = CARTESIAN_POINT('',(0.322832941291,3.082718753166E-02));
#381 = CARTESIAN_POINT('',(0.323442440986,3.854678204991E-02));
#382 = CARTESIAN_POINT('',(0.32406500038,4.627100527553E-02));
#383 = CARTESIAN_POINT('',(0.32630161387,7.33971614588E-02));
#384 = CARTESIAN_POINT('',(0.327993266762,9.28199086865E-02));
#385 = CARTESIAN_POINT('',(0.329803296038,0.112269305393));
#386 = CARTESIAN_POINT('',(0.331755324087,0.131736887293));
#387 = CARTESIAN_POINT('',(0.333871083701,0.151203754891));
#388 = CARTESIAN_POINT('',(0.336170355313,0.170639013035));
#389 = CARTESIAN_POINT('',(0.33943047574,0.195884005467));
#390 = CARTESIAN_POINT('',(0.340209205803,0.201763370205));
#391 = CARTESIAN_POINT('',(0.341006915598,0.207633943483));
#392 = CARTESIAN_POINT('',(0.34182403992,0.21349419627));
#393 = CARTESIAN_POINT('',(0.342660983523,0.219342469083));
#394 = CARTESIAN_POINT('',(0.343518117147,0.225176968085));
#395 = CARTESIAN_POINT('',(0.346413197604,0.24437112429));
#396 = CARTESIAN_POINT('',(0.348539319893,0.25766523695));
#397 = CARTESIAN_POINT('',(0.350777851475,0.270852055779));
#398 = CARTESIAN_POINT('',(0.353131818917,0.283905319776));
#399 = CARTESIAN_POINT('',(0.355603539285,0.296798171579));
#400 = CARTESIAN_POINT('',(0.358194408986,0.30950276685));
#401 = CARTESIAN_POINT('',(0.36488375853,0.34032476164));
#402 = CARTESIAN_POINT('',(0.369121289934,0.358196457596));
#403 = CARTESIAN_POINT('',(0.373617710632,0.375512330842));
#404 = CARTESIAN_POINT('',(0.378374050927,0.392203564414));
#405 = CARTESIAN_POINT('',(0.383392517612,0.408212845177));
#406 = CARTESIAN_POINT('',(0.388676165375,0.423485929302));
#407 = CARTESIAN_POINT('',(0.401985001081,0.458203318855));
#408 = CARTESIAN_POINT('',(0.410264050551,0.476890227319));
#409 = CARTESIAN_POINT('',(0.419085666739,0.493912936118));
#410 = CARTESIAN_POINT('',(0.428468002255,0.509123741606));
#411 = CARTESIAN_POINT('',(0.438423412741,0.522315509618));
#412 = CARTESIAN_POINT('',(0.448913944544,0.533214565324));
#413 = CARTESIAN_POINT('',(0.465335552538,0.54579220184));
#414 = CARTESIAN_POINT('',(0.470940260459,0.549360132661));
#415 = CARTESIAN_POINT('',(0.476639654794,0.552255847263));
#416 = CARTESIAN_POINT('',(0.482415045072,0.554450709962));
#417 = CARTESIAN_POINT('',(0.488243147447,0.555923178827));
#418 = CARTESIAN_POINT('',(0.494097661341,0.556661934319));
#419 = CARTESIAN_POINT('',(0.505854877685,0.556672214348));
#420 = CARTESIAN_POINT('',(0.511757556515,0.55593169702));
#421 = CARTESIAN_POINT('',(0.517633483109,0.554445313699));
#422 = CARTESIAN_POINT('',(0.523455684597,0.552224661785));
#423 = CARTESIAN_POINT('',(0.529200316128,0.549291902682));
#424 = CARTESIAN_POINT('',(0.534848297187,0.545676498586));
#425 = CARTESIAN_POINT('',(0.551301097078,0.532998810832));
#426 = CARTESIAN_POINT('',(0.561780342166,0.522061414436));
#427 = CARTESIAN_POINT('',(0.57172395423,0.508836187141));
#428 = CARTESIAN_POINT('',(0.581094725391,0.493596044877));
#429 = CARTESIAN_POINT('',(0.58990520765,0.476547211591));
#430 = CARTESIAN_POINT('',(0.598173609563,0.45783681419));
#431 = CARTESIAN_POINT('',(0.611420366408,0.42319979762));
#432 = CARTESIAN_POINT('',(0.616656605583,0.408042154186));
#433 = CARTESIAN_POINT('',(0.621632063743,0.392160951102));
#434 = CARTESIAN_POINT('',(0.626349711853,0.375609113688));
#435 = CARTESIAN_POINT('',(0.630811693291,0.358442610398));
#436 = CARTESIAN_POINT('',(0.635019012576,0.340728560967));
#437 = CARTESIAN_POINT('',(0.641281309599,0.311943196056));
#438 = CARTESIAN_POINT('',(0.6435040118,0.301171770496));
#439 = CARTESIAN_POINT('',(0.645640502735,0.290260311705));
#440 = CARTESIAN_POINT('',(0.647691540219,0.279225872366));
#441 = CARTESIAN_POINT('',(0.649658341666,0.268085198041));
#442 = CARTESIAN_POINT('',(0.651542497225,0.256854922493));
#443 = CARTESIAN_POINT('',(0.654115454708,0.240728904044));
#444 = CARTESIAN_POINT('',(0.654870288249,0.235892629601));
#445 = CARTESIAN_POINT('',(0.655610616232,0.231044149951));
#446 = CARTESIAN_POINT('',(0.656336621558,0.226184615196));
#447 = CARTESIAN_POINT('',(0.657048504658,0.221315118561));
#448 = CARTESIAN_POINT('',(0.657746481755,0.216436697915));
#449 = CARTESIAN_POINT('',(0.659465612249,0.204160978967));
#450 = CARTESIAN_POINT('',(0.660469169482,0.196753441261));
#451 = CARTESIAN_POINT('',(0.661442254787,0.18933111236));
#452 = CARTESIAN_POINT('',(0.662385752806,0.1818970051));
#453 = CARTESIAN_POINT('',(0.66330062298,0.174453770434));
#454 = CARTESIAN_POINT('',(0.664187889642,0.167003710903));
#455 = CARTESIAN_POINT('',(0.66648282255,0.147127227077));
#456 = CARTESIAN_POINT('',(0.667843339114,0.134692480451));
#457 = CARTESIAN_POINT('',(0.669135257745,0.122253056147));
#458 = CARTESIAN_POINT('',(0.67036402215,0.109815296705));
#459 = CARTESIAN_POINT('',(0.671535407358,9.738361149188E-02));
#460 = CARTESIAN_POINT('',(0.672655522462,8.49606401701E-02));
#461 = CARTESIAN_POINT('',(0.674387841863,6.496326676904E-02));
#462 = CARTESIAN_POINT('',(0.67502810002,5.738295711512E-02));
#463 = CARTESIAN_POINT('',(0.675653100446,4.98067103246E-02));
#464 = CARTESIAN_POINT('',(0.676264354042,4.223477481262E-02));
#465 = CARTESIAN_POINT('',(0.67686341269,3.466737065179E-02));
#466 = CARTESIAN_POINT('',(0.677451872747,2.710469867715E-02));
#467 = CARTESIAN_POINT('',(0.678245655234,1.675241404007E-02));
#468 = CARTESIAN_POINT('',(0.678458707166,1.395855797025E-02));
#469 = CARTESIAN_POINT('',(0.678670617167,1.116539428516E-02));
#470 = CARTESIAN_POINT('',(0.678881468745,8.372938132173E-03));
#471 = CARTESIAN_POINT('',(0.67909134607,5.581206902675E-03));
#472 = CARTESIAN_POINT('',(0.679300333983,2.790220232118E-03));
#473 = CARTESIAN_POINT('',(0.679508517987,0.));
#474 = ( GEOMETRIC_REPRESENTATION_CONTEXT(2) 
PARAMETRIC_REPRESENTATION_CONTEXT() REPRESENTATION_CONTEXT('2D SPACE',''
  ) );
#475 = PCURVE('',#476,#481);
#476 = PLANE('',#477);
#477 = AXIS2_PLACEMENT_3D('',#478,#479,#480);
#478 = CARTESIAN_POINT('',(-80.,-27.,5.));
#479 = DIRECTION('',(0.,1.,0.));
#480 = DIRECTION('',(0.,0.,1.));
#481 = DEFINITIONAL_REPRESENTATION('',(#482),#581);
#482 = B_SPLINE_CURVE_WITH_KNOTS('',7,(#483,#484,#485,#486,#487,#488,
    #489,#490,#491,#492,#493,#494,#495,#496,#497,#498,#499,#500,#501,
    #502,#503,#504,#505,#506,#507,#508,#509,#510,#511,#512,#513,#514,
    #515,#516,#517,#518,#519,#520,#521,#522,#523,#524,#525,#526,#527,
    #528,#529,#530,#531,#532,#533,#534,#535,#536,#537,#538,#539,#540,
    #541,#542,#543,#544,#545,#546,#547,#548,#549,#550,#551,#552,#553,
    #554,#555,#556,#557,#558,#559,#560,#561,#562,#563,#564,#565,#566,
    #567,#568,#569,#570,#571,#572,#573,#574,#575,#576,#577,#578,#579,
    #580),.UNSPECIFIED.,.F.,.F.,(8,6,6,6,6,6,6,6,6,6,6,6,6,6,6,6,8),(0.,
    3.567386137571E-02,0.125208130765,0.152435101194,0.215020350526,
    0.306914641305,0.435329474387,0.499927175954,0.565052915553,
    0.693440854051,0.784578219447,0.837810805787,0.860524224172,
    0.89487240282,0.952104188834,0.987070820427,1.),.UNSPECIFIED.);
#483 = CARTESIAN_POINT('',(1.35,43.859683871601));
#484 = CARTESIAN_POINT('',(1.936194490555,43.918991480051));
#485 = CARTESIAN_POINT('',(2.522351706051,43.9786267964));
#486 = CARTESIAN_POINT('',(3.108410560528,44.039261241992));
#487 = CARTESIAN_POINT('',(3.694300808033,44.101557989344));
#488 = CARTESIAN_POINT('',(4.279943122131,44.166171170089));
#489 = CARTESIAN_POINT('',(4.865249175415,44.233745082921));
#490 = CARTESIAN_POINT('',(6.918035027482,44.483531671769));
#491 = CARTESIAN_POINT('',(8.383002550884,44.684765234152));
#492 = CARTESIAN_POINT('',(9.843783860923,44.918662194732));
#493 = CARTESIAN_POINT('',(11.297924842069,45.194770447488));
#494 = CARTESIAN_POINT('',(12.741775025238,45.522071246429));
#495 = CARTESIAN_POINT('',(14.170573617175,45.908565604844));
#496 = CARTESIAN_POINT('',(16.006780029076,46.497948859605));
#497 = CARTESIAN_POINT('',(16.433015985348,46.641430718321));
#498 = CARTESIAN_POINT('',(16.857142580319,46.791131097022));
#499 = CARTESIAN_POINT('',(17.278982172031,46.947206244574));
#500 = CARTESIAN_POINT('',(17.698349838617,47.109794382647));
#501 = CARTESIAN_POINT('',(18.115054226296,47.279013428814));
#502 = CARTESIAN_POINT('',(19.480180902276,47.859395192874));
#503 = CARTESIAN_POINT('',(20.416474094407,48.29942404011));
#504 = CARTESIAN_POINT('',(21.335199320389,48.776143013913));
#505 = CARTESIAN_POINT('',(22.233891596903,49.290083661225));
#506 = CARTESIAN_POINT('',(23.110235252768,49.841147223837));
#507 = CARTESIAN_POINT('',(23.962089887664,50.42855814546));
#508 = CARTESIAN_POINT('',(25.999470944942,51.964528234032));
#509 = CARTESIAN_POINT('',(27.1548143827,52.95367331802));
#510 = CARTESIAN_POINT('',(28.247327815414,54.013687179049));
#511 = CARTESIAN_POINT('',(29.273697628232,55.138204028889));
#512 = CARTESIAN_POINT('',(30.232490201055,56.320024971164));
#513 = CARTESIAN_POINT('',(31.1233959084,57.551830791258));
#514 = CARTESIAN_POINT('',(33.097279113888,60.60812610903));
#515 = CARTESIAN_POINT('',(34.115715032958,62.473354438622));
#516 = CARTESIAN_POINT('',(35.0050588431,64.40651139878));
#517 = CARTESIAN_POINT('',(35.768671954537,66.39319495178));
#518 = CARTESIAN_POINT('',(36.408226282624,68.421316295536));
#519 = CARTESIAN_POINT('',(36.923126580809,70.481390360734));
#520 = CARTESIAN_POINT('',(37.50722100106,73.614869215637));
#521 = CARTESIAN_POINT('',(37.670697891382,74.669564025622));
#522 = CARTESIAN_POINT('',(37.80194350617,75.729059842042));
#523 = CARTESIAN_POINT('',(37.900677557125,76.79217881869));
#524 = CARTESIAN_POINT('',(37.966663072961,77.857733623015));
#525 = CARTESIAN_POINT('',(37.999769660943,78.924520795751));
#526 = CARTESIAN_POINT('',(38.000230341309,81.066831227788));
#527 = CARTESIAN_POINT('',(37.96704476238,82.142352908814));
#528 = CARTESIAN_POINT('',(37.900439284492,83.216626108688));
#529 = CARTESIAN_POINT('',(37.800547598032,84.288417672694));
#530 = CARTESIAN_POINT('',(37.667613565906,85.356511056805));
#531 = CARTESIAN_POINT('',(37.50192524337,86.419699449706));
#532 = CARTESIAN_POINT('',(36.912949792436,89.560684560812));
#533 = CARTESIAN_POINT('',(36.395977693178,91.619783705599));
#534 = CARTESIAN_POINT('',(35.754418112619,93.646811673349));
#535 = CARTESIAN_POINT('',(34.988837708627,95.632269737134));
#536 = CARTESIAN_POINT('',(34.097540678031,97.56404716067));
#537 = CARTESIAN_POINT('',(33.077157287167,99.427715070872));
#538 = CARTESIAN_POINT('',(31.106607542469,102.47076052024));
#539 = CARTESIAN_POINT('',(30.222056744495,103.69165249773));
#540 = CARTESIAN_POINT('',(29.270738533804,104.86330304106));
#541 = CARTESIAN_POINT('',(28.252962868874,105.97857643384));
#542 = CARTESIAN_POINT('',(27.170132109114,107.03045350812));
#543 = CARTESIAN_POINT('',(26.025467986885,108.01271663104));
#544 = CARTESIAN_POINT('',(24.123794866692,109.45130004375));
#545 = CARTESIAN_POINT('',(23.403460410257,109.95652819939));
#546 = CARTESIAN_POINT('',(22.665150354526,110.43564997141));
#547 = CARTESIAN_POINT('',(21.910144988739,110.88811984512));
#548 = CARTESIAN_POINT('',(21.139834119033,111.31373613104));
#549 = CARTESIAN_POINT('',(20.355709463286,111.71262789648));
#550 = CARTESIAN_POINT('',(19.219561303667,112.24421938651));
#551 = CARTESIAN_POINT('',(18.877532642192,112.39842353967));
#552 = CARTESIAN_POINT('',(18.533383235567,112.54788358724));
#553 = CARTESIAN_POINT('',(18.187228011227,112.69264777195));
#554 = CARTESIAN_POINT('',(17.839180068031,112.83277518232));
#555 = CARTESIAN_POINT('',(17.489350315087,112.96833489107));
#556 = CARTESIAN_POINT('',(16.60628930367,113.29761492068));
#557 = CARTESIAN_POINT('',(16.070902921879,113.48555831272));
#558 = CARTESIAN_POINT('',(15.532061814532,113.6635063188));
#559 = CARTESIAN_POINT('',(14.99011941573,113.83177952107));
#560 = CARTESIAN_POINT('',(14.445406552771,113.99074109689));
#561 = CARTESIAN_POINT('',(13.898229254587,114.14078988104));
#562 = CARTESIAN_POINT('',(12.433504831889,114.51823011608));
#563 = CARTESIAN_POINT('',(11.51209840521,114.73054361422));
#564 = CARTESIAN_POINT('',(10.585895356087,114.92128687482));
#565 = CARTESIAN_POINT('',(9.655967850316,115.09266423631));
#566 = CARTESIAN_POINT('',(8.723200026804,115.24702780062));
#567 = CARTESIAN_POINT('',(7.788280299017,115.38683734889));
#568 = CARTESIAN_POINT('',(6.279478895773,115.59272909103));
#569 = CARTESIAN_POINT('',(5.70665134348,115.66633222612));
#570 = CARTESIAN_POINT('',(5.13333195158,115.73603456913));
#571 = CARTESIAN_POINT('',(4.559624128476,115.80242834636));
#572 = CARTESIAN_POINT('',(3.985618089568,115.86611604415));
#573 = CARTESIAN_POINT('',(3.411390789669,115.92770981105));
#574 = CARTESIAN_POINT('',(2.624622631202,116.01006107786));
#575 = CARTESIAN_POINT('',(2.412218341865,116.03208988751));
#576 = CARTESIAN_POINT('',(2.199796458676,116.05394867445));
#577 = CARTESIAN_POINT('',(1.987360383956,116.07566896197));
#578 = CARTESIAN_POINT('',(1.774913451106,116.0972824112));
#579 = CARTESIAN_POINT('',(1.562458924603,116.11882082109));
#580 = CARTESIAN_POINT('',(1.35,116.14031612839));
#581 = ( GEOMETRIC_REPRESENTATION_CONTEXT(2) 
PARAMETRIC_REPRESENTATION_CONTEXT() REPRESENTATION_CONTEXT('2D SPACE',''
  ) );
#582 = ORIENTED_EDGE('',*,*,#583,.T.);
#583 = EDGE_CURVE('',#271,#584,#586,.T.);
#584 = VERTEX_POINT('',#585);
#585 = CARTESIAN_POINT('',(26.547827777293,47.124169491697,6.35));
#586 = SURFACE_CURVE('',#587,(#616,#623),.PCURVE_S1.);
#587 = B_SPLINE_CURVE_WITH_KNOTS('',14,(#588,#589,#590,#591,#592,#593,
    #594,#595,#596,#597,#598,#599,#600,#601,#602,#603,#604,#605,#606,
    #607,#608,#609,#610,#611,#612,#613,#614,#615),.UNSPECIFIED.,.T.,.F.,
  (15,13,15),(0.,0.5,1.),.UNSPECIFIED.);
#588 = CARTESIAN_POINT('',(7.105427357601E-15,63.,6.35));
#589 = CARTESIAN_POINT('',(-8.975979010256,62.999999999998,6.35));
#590 = CARTESIAN_POINT('',(-17.95195748074,59.583598406352,6.35));
#591 = CARTESIAN_POINT('',(-26.36005881749,52.7507958217,6.35));
#592 = CARTESIAN_POINT('',(-33.63238978624,42.757033242861,6.35));
#593 = CARTESIAN_POINT('',(-39.25204502026,30.113203427324,6.35));
#594 = CARTESIAN_POINT('',(-42.80397923531,15.557614763968,6.35));
#595 = CARTESIAN_POINT('',(-44.01904469937,-7.501301167524E-13,6.35));
#596 = CARTESIAN_POINT('',(-42.80397923531,-15.55761476396,6.35));
#597 = CARTESIAN_POINT('',(-39.25204502026,-30.11320342732,6.35));
#598 = CARTESIAN_POINT('',(-33.63238978624,-42.75703324286,6.35));
#599 = CARTESIAN_POINT('',(-26.3600588175,-52.7507958217,6.35));
#600 = CARTESIAN_POINT('',(-17.95195748074,-59.58359840634,6.35));
#601 = CARTESIAN_POINT('',(-8.975979010257,-62.99999999999,6.35));
#602 = CARTESIAN_POINT('',(8.975979010257,-63.,6.35));
#603 = CARTESIAN_POINT('',(17.951957480743,-59.58359840634,6.35));
#604 = CARTESIAN_POINT('',(26.360058817502,-52.7507958217,6.35));
#605 = CARTESIAN_POINT('',(33.632389786241,-42.75703324286,6.35));
#606 = CARTESIAN_POINT('',(39.252045020267,-30.11320342732,6.35));
#607 = CARTESIAN_POINT('',(42.803979235315,-15.55761476397,6.35));
#608 = CARTESIAN_POINT('',(44.019044699378,2.639158732823E-14,6.35));
#609 = CARTESIAN_POINT('',(42.803979235312,15.55761476397,6.35));
#610 = CARTESIAN_POINT('',(39.252045020269,30.113203427321,6.35));
#611 = CARTESIAN_POINT('',(33.632389786243,42.75703324286,6.35));
#612 = CARTESIAN_POINT('',(26.360058817497,52.750795821706,6.35));
#613 = CARTESIAN_POINT('',(17.951957480746,59.583598406346,6.35));
#614 = CARTESIAN_POINT('',(8.975979010256,63.000000000001,6.35));
#615 = CARTESIAN_POINT('',(2.031806739485E-14,63.,6.35));
#616 = PCURVE('',#57,#617);
#617 = DEFINITIONAL_REPRESENTATION('',(#618),#622);
#618 = LINE('',#619,#620);
#619 = CARTESIAN_POINT('',(0.,0.));
#620 = VECTOR('',#621,1.);
#621 = DIRECTION('',(1.,0.));
#622 = ( GEOMETRIC_REPRESENTATION_CONTEXT(2) 
PARAMETRIC_REPRESENTATION_CONTEXT() REPRESENTATION_CONTEXT('2D SPACE',''
  ) );
#623 = PCURVE('',#624,#629);
#624 = PLANE('',#625);
#625 = AXIS2_PLACEMENT_3D('',#626,#627,#628);
#626 = CARTESIAN_POINT('',(7.105427357601E-15,63.,6.35));
#627 = DIRECTION('',(0.,-0.,-1.));
#628 = DIRECTION('',(3.695465632254E-02,-0.999316943405,0.));
#629 = DEFINITIONAL_REPRESENTATION('',(#630),#659);
#630 = B_SPLINE_CURVE_WITH_KNOTS('',14,(#631,#632,#633,#634,#635,#636,
    #637,#638,#639,#640,#641,#642,#643,#644,#645,#646,#647,#648,#649,
    #650,#651,#652,#653,#654,#655,#656,#657,#658),.UNSPECIFIED.,.F.,.F.,
  (15,13,15),(0.,0.5,1.),.UNSPECIFIED.);
#631 = CARTESIAN_POINT('',(0.,0.));
#632 = CARTESIAN_POINT('',(-0.33170421948,8.969847908595));
#633 = CARTESIAN_POINT('',(2.75065957899,18.065947224548));
#634 = CARTESIAN_POINT('',(9.268076477549,26.720809223463));
#635 = CARTESIAN_POINT('',(18.986266259335,34.357488840048));
#636 = CARTESIAN_POINT('',(31.413787195704,40.440553916939));
#637 = CARTESIAN_POINT('',(45.828173060031,44.527958736518));
#638 = CARTESIAN_POINT('',(61.330258765997,46.317120548905));
#639 = CARTESIAN_POINT('',(76.922149125229,45.677811350121));
#640 = CARTESIAN_POINT('',(91.599056005948,42.666200083793));
#641 = CARTESIAN_POINT('',(104.44192179796,37.51763177777));
#642 = CARTESIAN_POINT('',(114.69760456298,30.619584284129));
#643 = CARTESIAN_POINT('',(121.83645845198,22.469730027678));
#644 = CARTESIAN_POINT('',(125.58223064953,13.626134605236));
#645 = CARTESIAN_POINT('',(126.24563908849,-4.313561211957));
#646 = CARTESIAN_POINT('',(123.16327529001,-13.4096605279));
#647 = CARTESIAN_POINT('',(116.64585839147,-22.06452252682));
#648 = CARTESIAN_POINT('',(106.92766860968,-29.7012021434));
#649 = CARTESIAN_POINT('',(94.500147673309,-35.78426722029));
#650 = CARTESIAN_POINT('',(80.085761808988,-39.87167203988));
#651 = CARTESIAN_POINT('',(64.58367610302,-41.66083385226));
#652 = CARTESIAN_POINT('',(48.991785743784,-41.02152465348));
#653 = CARTESIAN_POINT('',(34.314878863069,-38.00991338715));
#654 = CARTESIAN_POINT('',(21.472013071049,-32.86134508113));
#655 = CARTESIAN_POINT('',(11.216330306028,-25.96329758748));
#656 = CARTESIAN_POINT('',(4.077476417032,-17.81344333104));
#657 = CARTESIAN_POINT('',(0.331704219482,-8.969847908595));
#658 = CARTESIAN_POINT('',(0.,-1.33226762955E-14));
#659 = ( GEOMETRIC_REPRESENTATION_CONTEXT(2) 
PARAMETRIC_REPRESENTATION_CONTEXT() REPRESENTATION_CONTEXT('2D SPACE',''
  ) );
#660 = ORIENTED_EDGE('',*,*,#661,.T.);
#661 = EDGE_CURVE('',#584,#662,#664,.T.);
#662 = VERTEX_POINT('',#663);
#663 = CARTESIAN_POINT('',(26.525463538781,47.416661537376,10.35));
#664 = SURFACE_CURVE('',#665,(#672,#682),.PCURVE_S1.);
#665 = B_SPLINE_CURVE_WITH_KNOTS('',5,(#666,#667,#668,#669,#670,#671),
  .UNSPECIFIED.,.F.,.F.,(6,6),(0.,1.),.PIECEWISE_BEZIER_KNOTS.);
#666 = CARTESIAN_POINT('',(26.547827777293,47.124169491697,6.35));
#667 = CARTESIAN_POINT('',(26.54640528664,47.164813548325,7.150630742944
    ));
#668 = CARTESIAN_POINT('',(26.543980218908,47.217465948027,
    7.950925526882));
#669 = CARTESIAN_POINT('',(26.53996910987,47.278985677924,8.75086039888)
  );
#670 = CARTESIAN_POINT('',(26.533746566556,47.346577053798,
    9.550490863921));
#671 = CARTESIAN_POINT('',(26.525463532564,47.416661589972,10.3500006));
#672 = PCURVE('',#57,#673);
#673 = DEFINITIONAL_REPRESENTATION('',(#674),#681);
#674 = B_SPLINE_CURVE_WITH_KNOTS('',5,(#675,#676,#677,#678,#679,#680),
  .UNSPECIFIED.,.F.,.F.,(6,6),(0.,1.),.PIECEWISE_BEZIER_KNOTS.);
#675 = CARTESIAN_POINT('',(0.884493499193,0.));
#676 = CARTESIAN_POINT('',(0.884514738745,1.051467290249E-02));
#677 = CARTESIAN_POINT('',(0.884548253665,2.103747370784E-02));
#678 = CARTESIAN_POINT('',(0.884591394459,3.156944215895E-02));
#679 = CARTESIAN_POINT('',(0.884642010243,4.211384841499E-02));
#680 = CARTESIAN_POINT('',(0.884694070004,5.26767901066E-02));
#681 = ( GEOMETRIC_REPRESENTATION_CONTEXT(2) 
PARAMETRIC_REPRESENTATION_CONTEXT() REPRESENTATION_CONTEXT('2D SPACE',''
  ) );
#682 = PCURVE('',#683,#688);
#683 = CYLINDRICAL_SURFACE('',#684,3.55);
#684 = AXIS2_PLACEMENT_3D('',#685,#686,#687);
#685 = CARTESIAN_POINT('',(23.,47.,0.));
#686 = DIRECTION('',(-0.,-0.,-1.));
#687 = DIRECTION('',(1.,0.,0.));
#688 = DEFINITIONAL_REPRESENTATION('',(#689),#696);
#689 = B_SPLINE_CURVE_WITH_KNOTS('',5,(#690,#691,#692,#693,#694,#695),
  .UNSPECIFIED.,.F.,.F.,(6,6),(0.,0.999999849908),
  .PIECEWISE_BEZIER_KNOTS.);
#690 = CARTESIAN_POINT('',(-6.318169764665,-6.35));
#691 = CARTESIAN_POINT('',(-6.329625802861,-7.150630622775));
#692 = CARTESIAN_POINT('',(-6.344472598798,-7.950925286646));
#693 = CARTESIAN_POINT('',(-6.361832771847,-8.750860038689));
#694 = CARTESIAN_POINT('',(-6.380946390442,-9.550490383849));
#695 = CARTESIAN_POINT('',(-6.400825910791,-10.35));
#696 = ( GEOMETRIC_REPRESENTATION_CONTEXT(2) 
PARAMETRIC_REPRESENTATION_CONTEXT() REPRESENTATION_CONTEXT('2D SPACE',''
  ) );
#697 = ORIENTED_EDGE('',*,*,#698,.F.);
#698 = EDGE_CURVE('',#699,#662,#701,.T.);
#699 = VERTEX_POINT('',#700);
#700 = CARTESIAN_POINT('',(25.99192803775,48.135062384596,10.35));
#701 = SURFACE_CURVE('',#702,(#708,#717),.PCURVE_S1.);
#702 = B_SPLINE_CURVE_WITH_KNOTS('',4,(#703,#704,#705,#706,#707),
  .UNSPECIFIED.,.F.,.F.,(5,5),(0.,1.),.PIECEWISE_BEZIER_KNOTS.);
#703 = CARTESIAN_POINT('',(24.04652710532,50.55,10.35));
#704 = CARTESIAN_POINT('',(24.704371569275,49.784254763626,10.35));
#705 = CARTESIAN_POINT('',(25.340609019899,48.999950114561,10.35));
#706 = CARTESIAN_POINT('',(25.955653784697,48.199015169087,10.35));
#707 = CARTESIAN_POINT('',(26.55,47.383001743529,10.35));
#708 = PCURVE('',#57,#709);
#709 = DEFINITIONAL_REPRESENTATION('',(#710),#716);
#710 = B_SPLINE_CURVE_WITH_KNOTS('',4,(#711,#712,#713,#714,#715),
  .UNSPECIFIED.,.F.,.F.,(5,5),(0.,1.),.PIECEWISE_BEZIER_KNOTS.);
#711 = CARTESIAN_POINT('',(0.897421416548,5.267678217954E-02));
#712 = CARTESIAN_POINT('',(0.894148958546,5.267678217954E-02));
#713 = CARTESIAN_POINT('',(0.890916551427,5.267678217954E-02));
#714 = CARTESIAN_POINT('',(0.887722182989,5.267678217954E-02));
#715 = CARTESIAN_POINT('',(0.884563726349,5.267678217954E-02));
#716 = ( GEOMETRIC_REPRESENTATION_CONTEXT(2) 
PARAMETRIC_REPRESENTATION_CONTEXT() REPRESENTATION_CONTEXT('2D SPACE',''
  ) );
#717 = PCURVE('',#718,#723);
#718 = PLANE('',#719);
#719 = AXIS2_PLACEMENT_3D('',#720,#721,#722);
#720 = CARTESIAN_POINT('',(23.,47.,10.35));
#721 = DIRECTION('',(0.,0.,1.));
#722 = DIRECTION('',(1.,0.,-0.));
#723 = DEFINITIONAL_REPRESENTATION('',(#724),#730);
#724 = B_SPLINE_CURVE_WITH_KNOTS('',4,(#725,#726,#727,#728,#729),
  .UNSPECIFIED.,.F.,.F.,(5,5),(0.,1.),.PIECEWISE_BEZIER_KNOTS.);
#725 = CARTESIAN_POINT('',(1.04652710532,3.55));
#726 = CARTESIAN_POINT('',(1.704371569275,2.784254763626));
#727 = CARTESIAN_POINT('',(2.340609019899,1.999950114561));
#728 = CARTESIAN_POINT('',(2.955653784697,1.199015169087));
#729 = CARTESIAN_POINT('',(3.55,0.383001743529));
#730 = ( GEOMETRIC_REPRESENTATION_CONTEXT(2) 
PARAMETRIC_REPRESENTATION_CONTEXT() REPRESENTATION_CONTEXT('2D SPACE',''
  ) );
#731 = ORIENTED_EDGE('',*,*,#732,.T.);
#732 = EDGE_CURVE('',#699,#733,#735,.T.);
#733 = VERTEX_POINT('',#734);
#734 = CARTESIAN_POINT('',(25.725078046619,48.677483126542,13.35));
#735 = SURFACE_CURVE('',#736,(#757,#808),.PCURVE_S1.);
#736 = B_SPLINE_CURVE_WITH_KNOTS('',7,(#737,#738,#739,#740,#741,#742,
    #743,#744,#745,#746,#747,#748,#749,#750,#751,#752,#753,#754,#755,
    #756),.UNSPECIFIED.,.F.,.F.,(8,6,6,8),(1.990914766463E-07,
    0.485362815605,0.736650400275,0.999999797422),.UNSPECIFIED.);
#737 = CARTESIAN_POINT('',(25.99192803775,48.135062384596,10.35));
#738 = CARTESIAN_POINT('',(25.980732778691,48.16457213659,
    10.558961783723));
#739 = CARTESIAN_POINT('',(25.968802331844,48.194995563669,
    10.767829609831));
#740 = CARTESIAN_POINT('',(25.956078942032,48.226356411314,
    10.976597684076));
#741 = CARTESIAN_POINT('',(25.94248896716,48.258698716092,
    11.185255515277));
#742 = CARTESIAN_POINT('',(25.927945899677,48.292082986768,
    11.393788462655));
#743 = CARTESIAN_POINT('',(25.912332220628,48.326608970564,
    11.602175055914));
#744 = CARTESIAN_POINT('',(25.886724848475,48.381028807944,
    11.918175939056));
#745 = CARTESIAN_POINT('',(25.877650746407,48.399952278537,
    12.025939664978));
#746 = CARTESIAN_POINT('',(25.868211262378,48.419262308027,
    12.133670750292));
#747 = CARTESIAN_POINT('',(25.858373185346,48.438994327468,
    12.24136847647));
#748 = CARTESIAN_POINT('',(25.84809626868,48.459192717536,
    12.349032887798));
#749 = CARTESIAN_POINT('',(25.837327298012,48.479918221644,
    12.456663727863));
#750 = CARTESIAN_POINT('',(25.814105566401,48.523630999676,
    12.677017503443));
#751 = CARTESIAN_POINT('',(25.80160581214,48.546662436282,
    12.789656286472));
#752 = CARTESIAN_POINT('',(25.788397138842,48.570465489688,
    12.902168218223));
#753 = CARTESIAN_POINT('',(25.774376402247,48.595161891899,
    13.014532085377));
#754 = CARTESIAN_POINT('',(25.759348701304,48.620987227625,
    13.126690260226));
#755 = CARTESIAN_POINT('',(25.743115814759,48.648180700075,
    13.238572587644));
#756 = CARTESIAN_POINT('',(25.725078046619,48.677483126542,13.35));
#757 = PCURVE('',#57,#758);
#758 = DEFINITIONAL_REPRESENTATION('',(#759),#807);
#759 = B_SPLINE_CURVE_WITH_KNOTS('',3,(#760,#761,#762,#763,#764,#765,
    #766,#767,#768,#769,#770,#771,#772,#773,#774,#775,#776,#777,#778,
    #779,#780,#781,#782,#783,#784,#785,#786,#787,#788,#789,#790,#791,
    #792,#793,#794,#795,#796,#797,#798,#799,#800,#801,#802,#803,#804,
    #805,#806),.UNSPECIFIED.,.F.,.F.,(4,1,1,1,1,1,1,1,1,1,1,1,1,1,1,1,1,
    1,1,1,1,1,1,1,1,1,1,1,1,1,1,1,1,1,1,1,1,1,1,1,1,1,1,1,4),(
    1.990914766463E-07,2.272746268989E-02,4.54547262883E-02,
    6.818198988671E-02,9.090925348512E-02,0.113636517084,0.136363780682,
    0.15909104428,0.181818307879,0.204545571477,0.227272835076,
    0.250000098674,0.272727362272,0.295454625871,0.318181889469,
    0.340909153068,0.363636416666,0.386363680264,0.409090943863,
    0.431818207461,0.45454547106,0.477272734658,0.499999998257,
    0.522727261855,0.545454525453,0.568181789052,0.59090905265,
    0.613636316249,0.636363579847,0.659090843445,0.681818107044,
    0.704545370642,0.727272634241,0.749999897839,0.772727161437,
    0.795454425036,0.818181688634,0.840908952233,0.863636215831,
    0.88636347943,0.909090743028,0.931818006626,0.954545270225,
    0.977272533823,0.999999797422),.QUASI_UNIFORM_KNOTS.);
#760 = CARTESIAN_POINT('',(0.887505482206,5.267678217954E-02));
#761 = CARTESIAN_POINT('',(0.887512101216,5.297841984761E-02));
#762 = CARTESIAN_POINT('',(0.887525438461,5.358169655285E-02));
#763 = CARTESIAN_POINT('',(0.887545747458,5.448661475496E-02));
#764 = CARTESIAN_POINT('',(0.887566364912,5.539153523148E-02));
#765 = CARTESIAN_POINT('',(0.8875872966,5.629645678631E-02));
#766 = CARTESIAN_POINT('',(0.887608548602,5.720137800793E-02));
#767 = CARTESIAN_POINT('',(0.887630127355,5.810629723523E-02));
#768 = CARTESIAN_POINT('',(0.887652039658,5.901121255932E-02));
#769 = CARTESIAN_POINT('',(0.887674292698,5.991612181277E-02));
#770 = CARTESIAN_POINT('',(0.887696894078,6.082102255933E-02));
#771 = CARTESIAN_POINT('',(0.887719851857,6.172591208059E-02));
#772 = CARTESIAN_POINT('',(0.887743174581,6.26307873606E-02));
#773 = CARTESIAN_POINT('',(0.887766871341,6.353564506806E-02));
#774 = CARTESIAN_POINT('',(0.887790951817,6.444048153631E-02));
#775 = CARTESIAN_POINT('',(0.887815426337,6.534529274102E-02));
#776 = CARTESIAN_POINT('',(0.887840305947,6.625007427534E-02));
#777 = CARTESIAN_POINT('',(0.887865602473,6.715482132388E-02));
#778 = CARTESIAN_POINT('',(0.887891328603,6.805952863012E-02));
#779 = CARTESIAN_POINT('',(0.887917497965,6.896419047734E-02));
#780 = CARTESIAN_POINT('',(0.887944125216,6.986880060843E-02));
#781 = CARTESIAN_POINT('',(0.887971226137,7.077335236279E-02));
#782 = CARTESIAN_POINT('',(0.88799881772,7.16778379923E-02));
#783 = CARTESIAN_POINT('',(0.888026918322,7.258225103003E-02));
#784 = CARTESIAN_POINT('',(0.888055551054,7.348667696162E-02));
#785 = CARTESIAN_POINT('',(0.888084737551,7.439109917873E-02));
#786 = CARTESIAN_POINT('',(0.888114502208,7.529552119647E-02));
#787 = CARTESIAN_POINT('',(0.888144871543,7.61999417343E-02));
#788 = CARTESIAN_POINT('',(0.888175874702,7.710436125162E-02));
#789 = CARTESIAN_POINT('',(0.888207543751,7.800877997421E-02));
#790 = CARTESIAN_POINT('',(0.888239914137,7.891319827541E-02));
#791 = CARTESIAN_POINT('',(0.888273025186,7.981761591996E-02));
#792 = CARTESIAN_POINT('',(0.888306920747,8.072203327466E-02));
#793 = CARTESIAN_POINT('',(0.888341649703,8.162644556125E-02));
#794 = CARTESIAN_POINT('',(0.888377267353,8.253086274542E-02));
#795 = CARTESIAN_POINT('',(0.888413819727,8.34348856677E-02));
#796 = CARTESIAN_POINT('',(0.888451377938,8.433855058413E-02));
#797 = CARTESIAN_POINT('',(0.888490018582,8.524180652486E-02));
#798 = CARTESIAN_POINT('',(0.888529830541,8.614460726391E-02));
#799 = CARTESIAN_POINT('',(0.888570916223,8.704688470172E-02));
#800 = CARTESIAN_POINT('',(0.888613394541,8.794855396409E-02));
#801 = CARTESIAN_POINT('',(0.888657404704,8.884950925345E-02));
#802 = CARTESIAN_POINT('',(0.888703110878,8.974962162296E-02));
#803 = CARTESIAN_POINT('',(0.888750712059,9.064873257125E-02));
#804 = CARTESIAN_POINT('',(0.888800443398,9.154665431069E-02));
#805 = CARTESIAN_POINT('',(0.888835230051,9.214430944546E-02));
#806 = CARTESIAN_POINT('',(0.888853080596,9.244285848955E-02));
#807 = ( GEOMETRIC_REPRESENTATION_CONTEXT(2) 
PARAMETRIC_REPRESENTATION_CONTEXT() REPRESENTATION_CONTEXT('2D SPACE',''
  ) );
#808 = PCURVE('',#809,#814);
#809 = CYLINDRICAL_SURFACE('',#810,3.2);
#810 = AXIS2_PLACEMENT_3D('',#811,#812,#813);
#811 = CARTESIAN_POINT('',(23.,47.,10.35));
#812 = DIRECTION('',(-0.,-0.,-1.));
#813 = DIRECTION('',(1.,0.,0.));
#814 = DEFINITIONAL_REPRESENTATION('',(#815),#863);
#815 = B_SPLINE_CURVE_WITH_KNOTS('',3,(#816,#817,#818,#819,#820,#821,
    #822,#823,#824,#825,#826,#827,#828,#829,#830,#831,#832,#833,#834,
    #835,#836,#837,#838,#839,#840,#841,#842,#843,#844,#845,#846,#847,
    #848,#849,#850,#851,#852,#853,#854,#855,#856,#857,#858,#859,#860,
    #861,#862),.UNSPECIFIED.,.F.,.F.,(4,1,1,1,1,1,1,1,1,1,1,1,1,1,1,1,1,
    1,1,1,1,1,1,1,1,1,1,1,1,1,1,1,1,1,1,1,1,1,1,1,1,1,1,1,4),(
    1.990914766463E-07,2.272746268989E-02,4.54547262883E-02,
    6.818198988671E-02,9.090925348512E-02,0.113636517084,0.136363780682,
    0.15909104428,0.181818307879,0.204545571477,0.227272835076,
    0.250000098674,0.272727362272,0.295454625871,0.318181889469,
    0.340909153068,0.363636416666,0.386363680264,0.409090943863,
    0.431818207461,0.45454547106,0.477272734658,0.499999998257,
    0.522727261855,0.545454525453,0.568181789052,0.59090905265,
    0.613636316249,0.636363579847,0.659090843445,0.681818107044,
    0.704545370642,0.727272634241,0.749999897839,0.772727161437,
    0.795454425036,0.818181688634,0.840908952233,0.863636215831,
    0.88636347943,0.909090743028,0.931818006626,0.954545270225,
    0.977272533823,0.999999797422),.QUASI_UNIFORM_KNOTS.);
#816 = CARTESIAN_POINT('',(-0.362600666965,1.7763568394E-15));
#817 = CARTESIAN_POINT('',(-0.363678305524,-2.283097446455E-02));
#818 = CARTESIAN_POINT('',(-0.365844268549,-6.849004515218E-02));
#819 = CARTESIAN_POINT('',(-0.369125644491,-0.136969861505));
#820 = CARTESIAN_POINT('',(-0.372439812707,-0.205440740562));
#821 = CARTESIAN_POINT('',(-0.375787178908,-0.273902509028));
#822 = CARTESIAN_POINT('',(-0.37916817885,-0.342354976672));
#823 = CARTESIAN_POINT('',(-0.382583283646,-0.410797933664));
#824 = CARTESIAN_POINT('',(-0.386033000369,-0.479231150751));
#825 = CARTESIAN_POINT('',(-0.389517874613,-0.547654378451));
#826 = CARTESIAN_POINT('',(-0.393038493224,-0.616067346299));
#827 = CARTESIAN_POINT('',(-0.396595487686,-0.684469761855));
#828 = CARTESIAN_POINT('',(-0.400189538031,-0.752861309563));
#829 = CARTESIAN_POINT('',(-0.403821377325,-0.821241649432));
#830 = CARTESIAN_POINT('',(-0.407491796703,-0.889610415545));
#831 = CARTESIAN_POINT('',(-0.411201650975,-0.957967214402));
#832 = CARTESIAN_POINT('',(-0.414951864796,-1.026311623068));
#833 = CARTESIAN_POINT('',(-0.41874343941,-1.09464318724));
#834 = CARTESIAN_POINT('',(-0.422577459951,-1.162961418816));
#835 = CARTESIAN_POINT('',(-0.426455103366,-1.23126579449));
#836 = CARTESIAN_POINT('',(-0.430377646726,-1.299555749724));
#837 = CARTESIAN_POINT('',(-0.434346476827,-1.367830689152));
#838 = CARTESIAN_POINT('',(-0.438363097679,-1.43608993486));
#839 = CARTESIAN_POINT('',(-0.442429148627,-1.504332905675));
#840 = CARTESIAN_POINT('',(-0.446546867543,-1.572565956424));
#841 = CARTESIAN_POINT('',(-0.450718199304,-1.640787736375));
#842 = CARTESIAN_POINT('',(-0.454945387237,-1.70899841288));
#843 = CARTESIAN_POINT('',(-0.459230874851,-1.777197790649));
#844 = CARTESIAN_POINT('',(-0.463577364142,-1.845385804981));
#845 = CARTESIAN_POINT('',(-0.467987841477,-1.913562372827));
#846 = CARTESIAN_POINT('',(-0.472465622447,-1.981727421543));
#847 = CARTESIAN_POINT('',(-0.477014399371,-2.049880831969));
#848 = CARTESIAN_POINT('',(-0.481638305507,-2.118022529459));
#849 = CARTESIAN_POINT('',(-0.48634195628,-2.186152051689));
#850 = CARTESIAN_POINT('',(-0.491130612365,-2.254270044356));
#851 = CARTESIAN_POINT('',(-0.496008034839,-2.322346347638));
#852 = CARTESIAN_POINT('',(-0.500981062488,-2.390383603336));
#853 = CARTESIAN_POINT('',(-0.506056940037,-2.458377883361));
#854 = CARTESIAN_POINT('',(-0.511244113753,-2.526325619822));
#855 = CARTESIAN_POINT('',(-0.516552313244,-2.594221600907));
#856 = CARTESIAN_POINT('',(-0.521992848895,-2.662059356378));
#857 = CARTESIAN_POINT('',(-0.527578974569,-2.729830846652));
#858 = CARTESIAN_POINT('',(-0.533326337743,-2.797526296887));
#859 = CARTESIAN_POINT('',(-0.539253930939,-2.865133717705));
#860 = CARTESIAN_POINT('',(-0.545384220832,-2.932638925737));
#861 = CARTESIAN_POINT('',(-0.549626534387,-2.977561702505));
#862 = CARTESIAN_POINT('',(-0.55179125343,-3.));
#863 = ( GEOMETRIC_REPRESENTATION_CONTEXT(2) 
PARAMETRIC_REPRESENTATION_CONTEXT() REPRESENTATION_CONTEXT('2D SPACE',''
  ) );
#864 = ORIENTED_EDGE('',*,*,#865,.F.);
#865 = EDGE_CURVE('',#866,#733,#868,.T.);
#866 = VERTEX_POINT('',#867);
#867 = CARTESIAN_POINT('',(25.259898115913,49.265581714636,13.35));
#868 = SURFACE_CURVE('',#869,(#875,#884),.PCURVE_S1.);
#869 = B_SPLINE_CURVE_WITH_KNOTS('',4,(#870,#871,#872,#873,#874),
  .UNSPECIFIED.,.F.,.F.,(5,5),(0.,1.),.PIECEWISE_BEZIER_KNOTS.);
#870 = CARTESIAN_POINT('',(24.49020904008,50.2,13.35));
#871 = CARTESIAN_POINT('',(24.932433286026,49.67654055082,13.35));
#872 = CARTESIAN_POINT('',(25.364721933668,49.144687941591,13.35));
#873 = CARTESIAN_POINT('',(25.787197440872,48.605027183392,13.35));
#874 = CARTESIAN_POINT('',(26.2,48.058066771962,13.35));
#875 = PCURVE('',#57,#876);
#876 = DEFINITIONAL_REPRESENTATION('',(#877),#883);
#877 = B_SPLINE_CURVE_WITH_KNOTS('',4,(#878,#879,#880,#881,#882),
  .UNSPECIFIED.,.F.,.F.,(5,5),(0.,1.),.PIECEWISE_BEZIER_KNOTS.);
#878 = CARTESIAN_POINT('',(0.895163251682,9.244285848955E-02));
#879 = CARTESIAN_POINT('',(0.89293875162,9.244285848955E-02));
#880 = CARTESIAN_POINT('',(0.890732141333,9.244285848955E-02));
#881 = CARTESIAN_POINT('',(0.888542810736,9.244285848955E-02));
#882 = CARTESIAN_POINT('',(0.886370127203,9.244285848955E-02));
#883 = ( GEOMETRIC_REPRESENTATION_CONTEXT(2) 
PARAMETRIC_REPRESENTATION_CONTEXT() REPRESENTATION_CONTEXT('2D SPACE',''
  ) );
#884 = PCURVE('',#885,#890);
#885 = PLANE('',#886);
#886 = AXIS2_PLACEMENT_3D('',#887,#888,#889);
#887 = CARTESIAN_POINT('',(23.,47.,13.35));
#888 = DIRECTION('',(0.,0.,1.));
#889 = DIRECTION('',(1.,0.,-0.));
#890 = DEFINITIONAL_REPRESENTATION('',(#891),#897);
#891 = B_SPLINE_CURVE_WITH_KNOTS('',4,(#892,#893,#894,#895,#896),
  .UNSPECIFIED.,.F.,.F.,(5,5),(0.,1.),.PIECEWISE_BEZIER_KNOTS.);
#892 = CARTESIAN_POINT('',(1.49020904008,3.2));
#893 = CARTESIAN_POINT('',(1.932433286026,2.67654055082));
#894 = CARTESIAN_POINT('',(2.364721933668,2.144687941591));
#895 = CARTESIAN_POINT('',(2.787197440872,1.605027183392));
#896 = CARTESIAN_POINT('',(3.2,1.058066771962));
#897 = ( GEOMETRIC_REPRESENTATION_CONTEXT(2) 
PARAMETRIC_REPRESENTATION_CONTEXT() REPRESENTATION_CONTEXT('2D SPACE',''
  ) );
#898 = ORIENTED_EDGE('',*,*,#899,.T.);
#899 = EDGE_CURVE('',#866,#900,#902,.T.);
#900 = VERTEX_POINT('',#901);
#901 = CARTESIAN_POINT('',(24.809804356466,49.639054412345,10.35));
#902 = SURFACE_CURVE('',#903,(#924,#948),.PCURVE_S1.);
#903 = B_SPLINE_CURVE_WITH_KNOTS('',7,(#904,#905,#906,#907,#908,#909,
    #910,#911,#912,#913,#914,#915,#916,#917,#918,#919,#920,#921,#922,
    #923),.UNSPECIFIED.,.F.,.F.,(8,6,6,8),(0.,0.23921299194,
    0.616127031981,1.),.UNSPECIFIED.);
#904 = CARTESIAN_POINT('',(25.259898244374,49.265581586497,13.3500006));
#905 = CARTESIAN_POINT('',(25.238247796397,49.287177723077,
    13.248878639845));
#906 = CARTESIAN_POINT('',(25.217956775228,49.306936953922,
    13.147388585622));
#907 = CARTESIAN_POINT('',(25.198595912782,49.325411765674,
    13.045661728783));
#908 = CARTESIAN_POINT('',(25.179976731604,49.342847986891,
    12.94376261376));
#909 = CARTESIAN_POINT('',(25.16198343097,49.359398606292,
    12.841728789595));
#910 = CARTESIAN_POINT('',(25.14450803414,49.375206179928,
    12.739585988663));
#911 = CARTESIAN_POINT('',(25.100672571313,49.414221096884,
    12.476233659988));
#912 = CARTESIAN_POINT('',(25.074989048513,49.43645128089,12.31489460807
    ));
#913 = CARTESIAN_POINT('',(25.050173687627,49.457401377708,
    12.153384655294));
#914 = CARTESIAN_POINT('',(25.026104756217,49.477247430726,
    11.99173761263));
#915 = CARTESIAN_POINT('',(25.002688955652,49.496129526398,
    11.829978136923));
#916 = CARTESIAN_POINT('',(24.979868627972,49.514142533505,
    11.668120210125));
#917 = CARTESIAN_POINT('',(24.934920170525,49.548902887316,
    11.341232124909));
#918 = CARTESIAN_POINT('',(24.912813167651,49.56562024975,
    11.176202146448));
#919 = CARTESIAN_POINT('',(24.891234253827,49.581595750846,
    11.011092752694));
#920 = CARTESIAN_POINT('',(24.870157054723,49.59688636001,
    10.845912260001));
#921 = CARTESIAN_POINT('',(24.849565478772,49.611536260069,
    10.680666920884));
#922 = CARTESIAN_POINT('',(24.829449429968,49.6255822621,10.515361512799
    ));
#923 = CARTESIAN_POINT('',(24.809804285186,49.639054461227,10.3499994));
#924 = PCURVE('',#57,#925);
#925 = DEFINITIONAL_REPRESENTATION('',(#926),#947);
#926 = B_SPLINE_CURVE_WITH_KNOTS('',7,(#927,#928,#929,#930,#931,#932,
    #933,#934,#935,#936,#937,#938,#939,#940,#941,#942,#943,#944,#945,
    #946),.UNSPECIFIED.,.F.,.F.,(8,6,6,8),(0.,0.23921299194,
    0.616127031981,1.),.UNSPECIFIED.);
#927 = CARTESIAN_POINT('',(0.891253965951,9.244286647275E-02));
#928 = CARTESIAN_POINT('',(0.891369424125,9.109740507732E-02));
#929 = CARTESIAN_POINT('',(0.891477547489,8.974749913448E-02));
#930 = CARTESIAN_POINT('',(0.891580555652,8.839489279168E-02));
#931 = CARTESIAN_POINT('',(0.891679428505,8.704043889365E-02));
#932 = CARTESIAN_POINT('',(0.891774772036,8.568463002322E-02));
#933 = CARTESIAN_POINT('',(0.891867152174,8.432780157225E-02));
#934 = CARTESIAN_POINT('',(0.892098301826,8.083060842288E-02));
#935 = CARTESIAN_POINT('',(0.892233161968,7.868914771667E-02));
#936 = CARTESIAN_POINT('',(0.892362877273,7.654643587487E-02));
#937 = CARTESIAN_POINT('',(0.892488111875,7.440289363203E-02));
#938 = CARTESIAN_POINT('',(0.892609383428,7.225882032429E-02));
#939 = CARTESIAN_POINT('',(0.892727025788,7.011437395915E-02));
#940 = CARTESIAN_POINT('',(0.892957686565,6.578527889805E-02));
#941 = CARTESIAN_POINT('',(0.893070576592,6.360066628522E-02));
#942 = CARTESIAN_POINT('',(0.89318024041,6.141591195655E-02));
#943 = CARTESIAN_POINT('',(0.893286852523,5.923109862323E-02));
#944 = CARTESIAN_POINT('',(0.893390534391,5.704628246476E-02));
#945 = CARTESIAN_POINT('',(0.893491376542,5.486150105776E-02));
#946 = CARTESIAN_POINT('',(0.893589441274,5.267677425247E-02));
#947 = ( GEOMETRIC_REPRESENTATION_CONTEXT(2) 
PARAMETRIC_REPRESENTATION_CONTEXT() REPRESENTATION_CONTEXT('2D SPACE',''
  ) );
#948 = PCURVE('',#809,#949);
#949 = DEFINITIONAL_REPRESENTATION('',(#950),#971);
#950 = B_SPLINE_CURVE_WITH_KNOTS('',7,(#951,#952,#953,#954,#955,#956,
    #957,#958,#959,#960,#961,#962,#963,#964,#965,#966,#967,#968,#969,
    #970),.UNSPECIFIED.,.F.,.F.,(8,6,6,8),(0.,0.23921299194,
    0.616127031981,1.),.UNSPECIFIED.);
#951 = CARTESIAN_POINT('',(-0.786654016776,-3.0000006));
#952 = CARTESIAN_POINT('',(-0.796210259688,-2.898878639845));
#953 = CARTESIAN_POINT('',(-0.805060347158,-2.797388585622));
#954 = CARTESIAN_POINT('',(-0.813422561319,-2.695661728783));
#955 = CARTESIAN_POINT('',(-0.821393473371,-2.59376261376));
#956 = CARTESIAN_POINT('',(-0.829032856725,-2.491728789595));
#957 = CARTESIAN_POINT('',(-0.836396424311,-2.389585988663));
#958 = CARTESIAN_POINT('',(-0.854734907228,-2.126233659988));
#959 = CARTESIAN_POINT('',(-0.86534889028,-1.96489460807));
#960 = CARTESIAN_POINT('',(-0.875496559442,-1.803384655294));
#961 = CARTESIAN_POINT('',(-0.885244132828,-1.64173761263));
#962 = CARTESIAN_POINT('',(-0.89464344621,-1.479978136923));
#963 = CARTESIAN_POINT('',(-0.903728289529,-1.318120210125));
#964 = CARTESIAN_POINT('',(-0.921484906979,-0.991232124909));
#965 = CARTESIAN_POINT('',(-0.930145725281,-0.826202146448));
#966 = CARTESIAN_POINT('',(-0.938535347069,-0.661092752694));
#967 = CARTESIAN_POINT('',(-0.94667201406,-0.495912260001));
#968 = CARTESIAN_POINT('',(-0.954568754087,-0.330666920884));
#969 = CARTESIAN_POINT('',(-0.962235538279,-0.165361512799));
#970 = CARTESIAN_POINT('',(-0.969679547135,5.999999999062E-07));
#971 = ( GEOMETRIC_REPRESENTATION_CONTEXT(2) 
PARAMETRIC_REPRESENTATION_CONTEXT() REPRESENTATION_CONTEXT('2D SPACE',''
  ) );
#972 = ORIENTED_EDGE('',*,*,#973,.F.);
#973 = EDGE_CURVE('',#974,#900,#976,.T.);
#974 = VERTEX_POINT('',#975);
#975 = CARTESIAN_POINT('',(24.236248792964,50.327790396328,10.35));
#976 = SURFACE_CURVE('',#977,(#983,#992),.PCURVE_S1.);
#977 = B_SPLINE_CURVE_WITH_KNOTS('',4,(#978,#979,#980,#981,#982),
  .UNSPECIFIED.,.F.,.F.,(5,5),(0.,1.),.PIECEWISE_BEZIER_KNOTS.);
#978 = CARTESIAN_POINT('',(24.04652710532,50.55,10.35));
#979 = CARTESIAN_POINT('',(24.704371569275,49.784254763626,10.35));
#980 = CARTESIAN_POINT('',(25.340609019899,48.999950114561,10.35));
#981 = CARTESIAN_POINT('',(25.955653784697,48.199015169087,10.35));
#982 = CARTESIAN_POINT('',(26.55,47.383001743529,10.35));
#983 = PCURVE('',#57,#984);
#984 = DEFINITIONAL_REPRESENTATION('',(#985),#991);
#985 = B_SPLINE_CURVE_WITH_KNOTS('',4,(#986,#987,#988,#989,#990),
  .UNSPECIFIED.,.F.,.F.,(5,5),(0.,1.),.PIECEWISE_BEZIER_KNOTS.);
#986 = CARTESIAN_POINT('',(0.897421416548,5.267678217954E-02));
#987 = CARTESIAN_POINT('',(0.894148958546,5.267678217954E-02));
#988 = CARTESIAN_POINT('',(0.890916551427,5.267678217954E-02));
#989 = CARTESIAN_POINT('',(0.887722182989,5.267678217954E-02));
#990 = CARTESIAN_POINT('',(0.884563726349,5.267678217954E-02));
#991 = ( GEOMETRIC_REPRESENTATION_CONTEXT(2) 
PARAMETRIC_REPRESENTATION_CONTEXT() REPRESENTATION_CONTEXT('2D SPACE',''
  ) );
#992 = PCURVE('',#718,#993);
#993 = DEFINITIONAL_REPRESENTATION('',(#994),#1000);
#994 = B_SPLINE_CURVE_WITH_KNOTS('',4,(#995,#996,#997,#998,#999),
  .UNSPECIFIED.,.F.,.F.,(5,5),(0.,1.),.PIECEWISE_BEZIER_KNOTS.);
#995 = CARTESIAN_POINT('',(1.04652710532,3.55));
#996 = CARTESIAN_POINT('',(1.704371569275,2.784254763626));
#997 = CARTESIAN_POINT('',(2.340609019899,1.999950114561));
#998 = CARTESIAN_POINT('',(2.955653784697,1.199015169087));
#999 = CARTESIAN_POINT('',(3.55,0.383001743529));
#1000 = ( GEOMETRIC_REPRESENTATION_CONTEXT(2) 
PARAMETRIC_REPRESENTATION_CONTEXT() REPRESENTATION_CONTEXT('2D SPACE',''
  ) );
#1001 = ORIENTED_EDGE('',*,*,#1002,.T.);
#1002 = EDGE_CURVE('',#974,#1003,#1005,.T.);
#1003 = VERTEX_POINT('',#1004);
#1004 = CARTESIAN_POINT('',(23.99297228453,50.408299582219,6.35));
#1005 = SURFACE_CURVE('',#1006,(#1014,#1025),.PCURVE_S1.);
#1006 = B_SPLINE_CURVE_WITH_KNOTS('',6,(#1007,#1008,#1009,#1010,#1011,
    #1012,#1013),.UNSPECIFIED.,.F.,.F.,(7,7),(0.,1.),
  .PIECEWISE_BEZIER_KNOTS.);
#1007 = CARTESIAN_POINT('',(24.236248838253,50.327790379504,10.3500006)
  );
#1008 = CARTESIAN_POINT('',(24.185958314239,50.346472927019,
    9.683732260759));
#1009 = CARTESIAN_POINT('',(24.137272196856,50.363521462513,
    9.01738077696));
#1010 = CARTESIAN_POINT('',(24.09200365126,50.378413544731,8.35085592681
    ));
#1011 = CARTESIAN_POINT('',(24.051782333426,50.390922909396,
    7.684114486651));
#1012 = CARTESIAN_POINT('',(24.018203163299,50.4009488307,7.017152881264
    ));
#1013 = CARTESIAN_POINT('',(23.99297228453,50.408299582219,6.35));
#1014 = PCURVE('',#57,#1015);
#1015 = DEFINITIONAL_REPRESENTATION('',(#1016),#1024);
#1016 = B_SPLINE_CURVE_WITH_KNOTS('',6,(#1017,#1018,#1019,#1020,#1021,
    #1022,#1023),.UNSPECIFIED.,.F.,.F.,(7,7),(0.,1.),
  .PIECEWISE_BEZIER_KNOTS.);
#1017 = CARTESIAN_POINT('',(0.896475524546,5.26767901066E-02));
#1018 = CARTESIAN_POINT('',(0.896721037417,4.387420359541E-02));
#1019 = CARTESIAN_POINT('',(0.896952785749,3.50839398354E-02));
#1020 = CARTESIAN_POINT('',(0.897164087378,2.63029690654E-02));
#1021 = CARTESIAN_POINT('',(0.897349231913,1.752926737217E-02));
#1022 = CARTESIAN_POINT('',(0.897502726364,8.761709919677E-03));
#1023 = CARTESIAN_POINT('',(0.897618567734,0.));
#1024 = ( GEOMETRIC_REPRESENTATION_CONTEXT(2) 
PARAMETRIC_REPRESENTATION_CONTEXT() REPRESENTATION_CONTEXT('2D SPACE',''
  ) );
#1025 = PCURVE('',#1026,#1031);
#1026 = CYLINDRICAL_SURFACE('',#1027,3.55);
#1027 = AXIS2_PLACEMENT_3D('',#1028,#1029,#1030);
#1028 = CARTESIAN_POINT('',(23.,47.,0.));
#1029 = DIRECTION('',(-0.,-0.,-1.));
#1030 = DIRECTION('',(1.,0.,0.));
#1031 = DEFINITIONAL_REPRESENTATION('',(#1032),#1040);
#1032 = B_SPLINE_CURVE_WITH_KNOTS('',6,(#1033,#1034,#1035,#1036,#1037,
    #1038,#1039),.UNSPECIFIED.,.F.,.F.,(7,7),(0.,1.),
  .PIECEWISE_BEZIER_KNOTS.);
#1033 = CARTESIAN_POINT('',(-1.215104352358,-10.3500006));
#1034 = CARTESIAN_POINT('',(-1.230216639575,-9.683732260759));
#1035 = CARTESIAN_POINT('',(-1.244744979486,-9.01738077696));
#1036 = CARTESIAN_POINT('',(-1.25816556379,-8.35085592681));
#1037 = CARTESIAN_POINT('',(-1.270029673146,-7.684114486651));
#1038 = CARTESIAN_POINT('',(-1.279900987911,-7.017152881264));
#1039 = CARTESIAN_POINT('',(-1.287303764034,-6.35));
#1040 = ( GEOMETRIC_REPRESENTATION_CONTEXT(2) 
PARAMETRIC_REPRESENTATION_CONTEXT() REPRESENTATION_CONTEXT('2D SPACE',''
  ) );
#1041 = ORIENTED_EDGE('',*,*,#1042,.T.);
#1042 = EDGE_CURVE('',#1003,#1043,#1045,.T.);
#1043 = VERTEX_POINT('',#1044);
#1044 = CARTESIAN_POINT('',(6.994405055138E-15,63.,6.35));
#1045 = SURFACE_CURVE('',#1046,(#1075,#1082),.PCURVE_S1.);
#1046 = B_SPLINE_CURVE_WITH_KNOTS('',14,(#1047,#1048,#1049,#1050,#1051,
    #1052,#1053,#1054,#1055,#1056,#1057,#1058,#1059,#1060,#1061,#1062,
    #1063,#1064,#1065,#1066,#1067,#1068,#1069,#1070,#1071,#1072,#1073,
    #1074),.UNSPECIFIED.,.T.,.F.,(15,13,15),(0.,0.5,1.),.UNSPECIFIED.);
#1047 = CARTESIAN_POINT('',(7.105427357601E-15,63.,6.35));
#1048 = CARTESIAN_POINT('',(-8.975979010256,62.999999999998,6.35));
#1049 = CARTESIAN_POINT('',(-17.95195748074,59.583598406352,6.35));
#1050 = CARTESIAN_POINT('',(-26.36005881749,52.7507958217,6.35));
#1051 = CARTESIAN_POINT('',(-33.63238978624,42.757033242861,6.35));
#1052 = CARTESIAN_POINT('',(-39.25204502026,30.113203427324,6.35));
#1053 = CARTESIAN_POINT('',(-42.80397923531,15.557614763968,6.35));
#1054 = CARTESIAN_POINT('',(-44.01904469937,-7.501301167524E-13,6.35));
#1055 = CARTESIAN_POINT('',(-42.80397923531,-15.55761476396,6.35));
#1056 = CARTESIAN_POINT('',(-39.25204502026,-30.11320342732,6.35));
#1057 = CARTESIAN_POINT('',(-33.63238978624,-42.75703324286,6.35));
#1058 = CARTESIAN_POINT('',(-26.3600588175,-52.7507958217,6.35));
#1059 = CARTESIAN_POINT('',(-17.95195748074,-59.58359840634,6.35));
#1060 = CARTESIAN_POINT('',(-8.975979010257,-62.99999999999,6.35));
#1061 = CARTESIAN_POINT('',(8.975979010257,-63.,6.35));
#1062 = CARTESIAN_POINT('',(17.951957480743,-59.58359840634,6.35));
#1063 = CARTESIAN_POINT('',(26.360058817502,-52.7507958217,6.35));
#1064 = CARTESIAN_POINT('',(33.632389786241,-42.75703324286,6.35));
#1065 = CARTESIAN_POINT('',(39.252045020267,-30.11320342732,6.35));
#1066 = CARTESIAN_POINT('',(42.803979235315,-15.55761476397,6.35));
#1067 = CARTESIAN_POINT('',(44.019044699378,2.639158732823E-14,6.35));
#1068 = CARTESIAN_POINT('',(42.803979235312,15.55761476397,6.35));
#1069 = CARTESIAN_POINT('',(39.252045020269,30.113203427321,6.35));
#1070 = CARTESIAN_POINT('',(33.632389786243,42.75703324286,6.35));
#1071 = CARTESIAN_POINT('',(26.360058817497,52.750795821706,6.35));
#1072 = CARTESIAN_POINT('',(17.951957480746,59.583598406346,6.35));
#1073 = CARTESIAN_POINT('',(8.975979010256,63.000000000001,6.35));
#1074 = CARTESIAN_POINT('',(2.031806739485E-14,63.,6.35));
#1075 = PCURVE('',#57,#1076);
#1076 = DEFINITIONAL_REPRESENTATION('',(#1077),#1081);
#1077 = LINE('',#1078,#1079);
#1078 = CARTESIAN_POINT('',(0.,0.));
#1079 = VECTOR('',#1080,1.);
#1080 = DIRECTION('',(1.,0.));
#1081 = ( GEOMETRIC_REPRESENTATION_CONTEXT(2) 
PARAMETRIC_REPRESENTATION_CONTEXT() REPRESENTATION_CONTEXT('2D SPACE',''
  ) );
#1082 = PCURVE('',#1083,#1088);
#1083 = PLANE('',#1084);
#1084 = AXIS2_PLACEMENT_3D('',#1085,#1086,#1087);
#1085 = CARTESIAN_POINT('',(7.105427357601E-15,63.,6.35));
#1086 = DIRECTION('',(0.,-0.,-1.));
#1087 = DIRECTION('',(3.695465632254E-02,-0.999316943405,0.));
#1088 = DEFINITIONAL_REPRESENTATION('',(#1089),#1118);
#1089 = B_SPLINE_CURVE_WITH_KNOTS('',14,(#1090,#1091,#1092,#1093,#1094,
    #1095,#1096,#1097,#1098,#1099,#1100,#1101,#1102,#1103,#1104,#1105,
    #1106,#1107,#1108,#1109,#1110,#1111,#1112,#1113,#1114,#1115,#1116,
    #1117),.UNSPECIFIED.,.F.,.F.,(15,13,15),(0.,0.5,1.),.UNSPECIFIED.);
#1090 = CARTESIAN_POINT('',(0.,0.));
#1091 = CARTESIAN_POINT('',(-0.33170421948,8.969847908595));
#1092 = CARTESIAN_POINT('',(2.75065957899,18.065947224548));
#1093 = CARTESIAN_POINT('',(9.268076477549,26.720809223463));
#1094 = CARTESIAN_POINT('',(18.986266259335,34.357488840048));
#1095 = CARTESIAN_POINT('',(31.413787195704,40.440553916939));
#1096 = CARTESIAN_POINT('',(45.828173060031,44.527958736518));
#1097 = CARTESIAN_POINT('',(61.330258765997,46.317120548905));
#1098 = CARTESIAN_POINT('',(76.922149125229,45.677811350121));
#1099 = CARTESIAN_POINT('',(91.599056005948,42.666200083793));
#1100 = CARTESIAN_POINT('',(104.44192179796,37.51763177777));
#1101 = CARTESIAN_POINT('',(114.69760456298,30.619584284129));
#1102 = CARTESIAN_POINT('',(121.83645845198,22.469730027678));
#1103 = CARTESIAN_POINT('',(125.58223064953,13.626134605236));
#1104 = CARTESIAN_POINT('',(126.24563908849,-4.313561211957));
#1105 = CARTESIAN_POINT('',(123.16327529001,-13.4096605279));
#1106 = CARTESIAN_POINT('',(116.64585839147,-22.06452252682));
#1107 = CARTESIAN_POINT('',(106.92766860968,-29.7012021434));
#1108 = CARTESIAN_POINT('',(94.500147673309,-35.78426722029));
#1109 = CARTESIAN_POINT('',(80.085761808988,-39.87167203988));
#1110 = CARTESIAN_POINT('',(64.58367610302,-41.66083385226));
#1111 = CARTESIAN_POINT('',(48.991785743784,-41.02152465348));
#1112 = CARTESIAN_POINT('',(34.314878863069,-38.00991338715));
#1113 = CARTESIAN_POINT('',(21.472013071049,-32.86134508113));
#1114 = CARTESIAN_POINT('',(11.216330306028,-25.96329758748));
#1115 = CARTESIAN_POINT('',(4.077476417032,-17.81344333104));
#1116 = CARTESIAN_POINT('',(0.331704219482,-8.969847908595));
#1117 = CARTESIAN_POINT('',(0.,-1.33226762955E-14));
#1118 = ( GEOMETRIC_REPRESENTATION_CONTEXT(2) 
PARAMETRIC_REPRESENTATION_CONTEXT() REPRESENTATION_CONTEXT('2D SPACE',''
  ) );
#1119 = ORIENTED_EDGE('',*,*,#1120,.T.);
#1120 = EDGE_CURVE('',#1043,#1121,#1123,.T.);
#1121 = VERTEX_POINT('',#1122);
#1122 = CARTESIAN_POINT('',(4.440892098501E-16,17.,54.));
#1123 = SEAM_CURVE('',#1124,(#1131,#1138),.PCURVE_S1.);
#1124 = ( BOUNDED_CURVE() B_SPLINE_CURVE(5,(#1125,#1126,#1127,#1128,
#1129,#1130),.UNSPECIFIED.,.F.,.F.) B_SPLINE_CURVE_WITH_KNOTS((6,6),(0.,
1.),.PIECEWISE_BEZIER_KNOTS.) CURVE() GEOMETRIC_REPRESENTATION_ITEM() 
RATIONAL_B_SPLINE_CURVE((1.,1.,1.,1.,1.,1.)) REPRESENTATION_ITEM('') );
#1125 = CARTESIAN_POINT('',(7.105427357601E-15,63.,6.35));
#1126 = CARTESIAN_POINT('',(6.97798425112E-14,62.666745302617,
    21.578828331012));
#1127 = CARTESIAN_POINT('',(-3.224782452871E-13,66.129626835849,
    36.462172058474));
#1128 = CARTESIAN_POINT('',(4.685459289921E-13,49.972084609007,
    50.312973992337));
#1129 = CARTESIAN_POINT('',(-1.415935331568E-13,35.124613009938,
    50.65205160986));
#1130 = CARTESIAN_POINT('',(1.89918878587E-15,17.,54.));
#1131 = PCURVE('',#57,#1132);
#1132 = DEFINITIONAL_REPRESENTATION('',(#1133),#1137);
#1133 = LINE('',#1134,#1135);
#1134 = CARTESIAN_POINT('',(0.,0.));
#1135 = VECTOR('',#1136,1.);
#1136 = DIRECTION('',(0.,1.));
#1137 = ( GEOMETRIC_REPRESENTATION_CONTEXT(2) 
PARAMETRIC_REPRESENTATION_CONTEXT() REPRESENTATION_CONTEXT('2D SPACE',''
  ) );
#1138 = PCURVE('',#57,#1139);
#1139 = DEFINITIONAL_REPRESENTATION('',(#1140),#1144);
#1140 = LINE('',#1141,#1142);
#1141 = CARTESIAN_POINT('',(1.,0.));
#1142 = VECTOR('',#1143,1.);
#1143 = DIRECTION('',(0.,1.));
#1144 = ( GEOMETRIC_REPRESENTATION_CONTEXT(2) 
PARAMETRIC_REPRESENTATION_CONTEXT() REPRESENTATION_CONTEXT('2D SPACE',''
  ) );
#1145 = ORIENTED_EDGE('',*,*,#1146,.F.);
#1146 = EDGE_CURVE('',#1121,#1121,#1147,.T.);
#1147 = SURFACE_CURVE('',#1148,(#1177,#1184),.PCURVE_S1.);
#1148 = B_SPLINE_CURVE_WITH_KNOTS('',14,(#1149,#1150,#1151,#1152,#1153,
    #1154,#1155,#1156,#1157,#1158,#1159,#1160,#1161,#1162,#1163,#1164,
    #1165,#1166,#1167,#1168,#1169,#1170,#1171,#1172,#1173,#1174,#1175,
    #1176),.UNSPECIFIED.,.T.,.F.,(15,13,15),(0.,0.5,1.),.UNSPECIFIED.);
#1149 = CARTESIAN_POINT('',(1.89918878587E-15,17.,54.));
#1150 = CARTESIAN_POINT('',(-0.448798950513,17.000000000001,54.));
#1151 = CARTESIAN_POINT('',(-0.897597983857,16.7830856388,54.));
#1152 = CARTESIAN_POINT('',(-1.318002599544,16.349256777749,54.));
#1153 = CARTESIAN_POINT('',(-1.681619898037,15.714732443614,54.));
#1154 = CARTESIAN_POINT('',(-1.962602107832,14.911949255611,54.));
#1155 = CARTESIAN_POINT('',(-2.140198811987,13.987785154925,54.));
#1156 = CARTESIAN_POINT('',(-2.200952434939,12.999999996414,54.));
#1157 = CARTESIAN_POINT('',(-2.140198893954,12.012214867142,54.));
#1158 = CARTESIAN_POINT('',(-1.962602125637,11.088050675193,54.));
#1159 = CARTESIAN_POINT('',(-1.681619702063,10.28526766224,54.));
#1160 = CARTESIAN_POINT('',(-1.318002820611,9.650743145613,54.));
#1161 = CARTESIAN_POINT('',(-0.897597895095,9.216914382224,54.));
#1162 = CARTESIAN_POINT('',(-0.448798947548,9.00000000053,54.));
#1163 = CARTESIAN_POINT('',(0.448798947548,9.00000000053,54.));
#1164 = CARTESIAN_POINT('',(0.897597895095,9.216914382224,54.));
#1165 = CARTESIAN_POINT('',(1.318002820611,9.650743145613,54.));
#1166 = CARTESIAN_POINT('',(1.681619702063,10.28526766224,54.));
#1167 = CARTESIAN_POINT('',(1.962602125637,11.088050675193,54.));
#1168 = CARTESIAN_POINT('',(2.140198893954,12.012214867142,54.));
#1169 = CARTESIAN_POINT('',(2.200952434939,12.999999996414,54.));
#1170 = CARTESIAN_POINT('',(2.140198811987,13.987785154925,54.));
#1171 = CARTESIAN_POINT('',(1.962602107832,14.911949255611,54.));
#1172 = CARTESIAN_POINT('',(1.681619898037,15.714732443614,54.));
#1173 = CARTESIAN_POINT('',(1.318002599544,16.349256777749,54.));
#1174 = CARTESIAN_POINT('',(0.897597983858,16.7830856388,54.));
#1175 = CARTESIAN_POINT('',(0.448798950513,17.,54.));
#1176 = CARTESIAN_POINT('',(-7.653464547969E-16,17.,54.));
#1177 = PCURVE('',#57,#1178);
#1178 = DEFINITIONAL_REPRESENTATION('',(#1179),#1183);
#1179 = LINE('',#1180,#1181);
#1180 = CARTESIAN_POINT('',(0.,1.));
#1181 = VECTOR('',#1182,1.);
#1182 = DIRECTION('',(1.,0.));
#1183 = ( GEOMETRIC_REPRESENTATION_CONTEXT(2) 
PARAMETRIC_REPRESENTATION_CONTEXT() REPRESENTATION_CONTEXT('2D SPACE',''
  ) );
#1184 = PCURVE('',#1185,#1190);
#1185 = PLANE('',#1186);
#1186 = AXIS2_PLACEMENT_3D('',#1187,#1188,#1189);
#1187 = CARTESIAN_POINT('',(1.89918878587E-15,17.,54.));
#1188 = DIRECTION('',(0.,0.,1.));
#1189 = DIRECTION('',(-2.91093427535E-02,-0.999576233293,0.));
#1190 = DEFINITIONAL_REPRESENTATION('',(#1191),#1220);
#1191 = B_SPLINE_CURVE_WITH_KNOTS('',14,(#1192,#1193,#1194,#1195,#1196,
    #1197,#1198,#1199,#1200,#1201,#1202,#1203,#1204,#1205,#1206,#1207,
    #1208,#1209,#1210,#1211,#1212,#1213,#1214,#1215,#1216,#1217,#1218,
    #1219),.UNSPECIFIED.,.F.,.F.,(15,13,15),(0.,0.5,1.),.UNSPECIFIED.);
#1192 = CARTESIAN_POINT('',(0.,0.));
#1193 = CARTESIAN_POINT('',(1.306424247735E-02,-0.44860876446));
#1194 = CARTESIAN_POINT('',(0.242950927482,-0.890903377227));
#1195 = CARTESIAN_POINT('',(0.688833648358,-1.298501366422));
#1196 = CARTESIAN_POINT('',(1.33367375278,-1.643493989682));
#1197 = CARTESIAN_POINT('',(2.144295955447,-1.900988637595));
#1198 = CARTESIAN_POINT('',(3.073238149488,-2.051608272612));
#1199 = CARTESIAN_POINT('',(4.06237321557,-2.083582373455));
#1200 = CARTESIAN_POINT('',(5.047971258742,-1.994100801903));
#1201 = CARTESIAN_POINT('',(5.966574095474,-1.78967748096));
#1202 = CARTESIAN_POINT('',(6.760837702038,-1.485445642502));
#1203 = CARTESIAN_POINT('',(7.384508679867,-1.103512258138));
#1204 = CARTESIAN_POINT('',(7.805915889997,-0.670657016064));
#1205 = CARTESIAN_POINT('',(8.009674108207,-0.215734019483));
#1206 = CARTESIAN_POINT('',(7.983545623424,0.681483503508));
#1207 = CARTESIAN_POINT('',(7.753658920431,1.123778029919));
#1208 = CARTESIAN_POINT('',(7.307776288156,1.531376331654));
#1209 = CARTESIAN_POINT('',(6.662936013461,1.876368532737));
#1210 = CARTESIAN_POINT('',(5.852313979546,2.133863399434));
#1211 = CARTESIAN_POINT('',(4.923371692412,2.284483095929));
#1212 = CARTESIAN_POINT('',(3.934236657944,2.316457115692));
#1213 = CARTESIAN_POINT('',(2.948638587931,2.226975461356));
#1214 = CARTESIAN_POINT('',(2.030035840556,2.022552207205));
#1215 = CARTESIAN_POINT('',(1.235772052793,1.718320577339));
#1216 = CARTESIAN_POINT('',(0.612101269518,1.336386781423));
#1217 = CARTESIAN_POINT('',(0.190693952748,0.903531846204));
#1218 = CARTESIAN_POINT('',(-1.306424247834E-02,0.448608764459));
#1219 = CARTESIAN_POINT('',(0.,-2.6645352591E-15));
#1220 = ( GEOMETRIC_REPRESENTATION_CONTEXT(2) 
PARAMETRIC_REPRESENTATION_CONTEXT() REPRESENTATION_CONTEXT('2D SPACE',''
  ) );
#1221 = ORIENTED_EDGE('',*,*,#1120,.F.);
#1222 = ORIENTED_EDGE('',*,*,#1223,.T.);
#1223 = EDGE_CURVE('',#1043,#1224,#1226,.T.);
#1224 = VERTEX_POINT('',#1225);
#1225 = CARTESIAN_POINT('',(-23.99297228453,50.408299582219,6.35));
#1226 = SURFACE_CURVE('',#1227,(#1256,#1263),.PCURVE_S1.);
#1227 = B_SPLINE_CURVE_WITH_KNOTS('',14,(#1228,#1229,#1230,#1231,#1232,
    #1233,#1234,#1235,#1236,#1237,#1238,#1239,#1240,#1241,#1242,#1243,
    #1244,#1245,#1246,#1247,#1248,#1249,#1250,#1251,#1252,#1253,#1254,
    #1255),.UNSPECIFIED.,.T.,.F.,(15,13,15),(0.,0.5,1.),.UNSPECIFIED.);
#1228 = CARTESIAN_POINT('',(7.105427357601E-15,63.,6.35));
#1229 = CARTESIAN_POINT('',(-8.975979010256,62.999999999998,6.35));
#1230 = CARTESIAN_POINT('',(-17.95195748074,59.583598406352,6.35));
#1231 = CARTESIAN_POINT('',(-26.36005881749,52.7507958217,6.35));
#1232 = CARTESIAN_POINT('',(-33.63238978624,42.757033242861,6.35));
#1233 = CARTESIAN_POINT('',(-39.25204502026,30.113203427324,6.35));
#1234 = CARTESIAN_POINT('',(-42.80397923531,15.557614763968,6.35));
#1235 = CARTESIAN_POINT('',(-44.01904469937,-7.501301167524E-13,6.35));
#1236 = CARTESIAN_POINT('',(-42.80397923531,-15.55761476396,6.35));
#1237 = CARTESIAN_POINT('',(-39.25204502026,-30.11320342732,6.35));
#1238 = CARTESIAN_POINT('',(-33.63238978624,-42.75703324286,6.35));
#1239 = CARTESIAN_POINT('',(-26.3600588175,-52.7507958217,6.35));
#1240 = CARTESIAN_POINT('',(-17.95195748074,-59.58359840634,6.35));
#1241 = CARTESIAN_POINT('',(-8.975979010257,-62.99999999999,6.35));
#1242 = CARTESIAN_POINT('',(8.975979010257,-63.,6.35));
#1243 = CARTESIAN_POINT('',(17.951957480743,-59.58359840634,6.35));
#1244 = CARTESIAN_POINT('',(26.360058817502,-52.7507958217,6.35));
#1245 = CARTESIAN_POINT('',(33.632389786241,-42.75703324286,6.35));
#1246 = CARTESIAN_POINT('',(39.252045020267,-30.11320342732,6.35));
#1247 = CARTESIAN_POINT('',(42.803979235315,-15.55761476397,6.35));
#1248 = CARTESIAN_POINT('',(44.019044699378,2.639158732823E-14,6.35));
#1249 = CARTESIAN_POINT('',(42.803979235312,15.55761476397,6.35));
#1250 = CARTESIAN_POINT('',(39.252045020269,30.113203427321,6.35));
#1251 = CARTESIAN_POINT('',(33.632389786243,42.75703324286,6.35));
#1252 = CARTESIAN_POINT('',(26.360058817497,52.750795821706,6.35));
#1253 = CARTESIAN_POINT('',(17.951957480746,59.583598406346,6.35));
#1254 = CARTESIAN_POINT('',(8.975979010256,63.000000000001,6.35));
#1255 = CARTESIAN_POINT('',(2.031806739485E-14,63.,6.35));
#1256 = PCURVE('',#57,#1257);
#1257 = DEFINITIONAL_REPRESENTATION('',(#1258),#1262);
#1258 = LINE('',#1259,#1260);
#1259 = CARTESIAN_POINT('',(0.,0.));
#1260 = VECTOR('',#1261,1.);
#1261 = DIRECTION('',(1.,0.));
#1262 = ( GEOMETRIC_REPRESENTATION_CONTEXT(2) 
PARAMETRIC_REPRESENTATION_CONTEXT() REPRESENTATION_CONTEXT('2D SPACE',''
  ) );
#1263 = PCURVE('',#1083,#1264);
#1264 = DEFINITIONAL_REPRESENTATION('',(#1265),#1294);
#1265 = B_SPLINE_CURVE_WITH_KNOTS('',14,(#1266,#1267,#1268,#1269,#1270,
    #1271,#1272,#1273,#1274,#1275,#1276,#1277,#1278,#1279,#1280,#1281,
    #1282,#1283,#1284,#1285,#1286,#1287,#1288,#1289,#1290,#1291,#1292,
    #1293),.UNSPECIFIED.,.F.,.F.,(15,13,15),(0.,0.5,1.),.UNSPECIFIED.);
#1266 = CARTESIAN_POINT('',(0.,0.));
#1267 = CARTESIAN_POINT('',(-0.33170421948,8.969847908595));
#1268 = CARTESIAN_POINT('',(2.75065957899,18.065947224548));
#1269 = CARTESIAN_POINT('',(9.268076477549,26.720809223463));
#1270 = CARTESIAN_POINT('',(18.986266259335,34.357488840048));
#1271 = CARTESIAN_POINT('',(31.413787195704,40.440553916939));
#1272 = CARTESIAN_POINT('',(45.828173060031,44.527958736518));
#1273 = CARTESIAN_POINT('',(61.330258765997,46.317120548905));
#1274 = CARTESIAN_POINT('',(76.922149125229,45.677811350121));
#1275 = CARTESIAN_POINT('',(91.599056005948,42.666200083793));
#1276 = CARTESIAN_POINT('',(104.44192179796,37.51763177777));
#1277 = CARTESIAN_POINT('',(114.69760456298,30.619584284129));
#1278 = CARTESIAN_POINT('',(121.83645845198,22.469730027678));
#1279 = CARTESIAN_POINT('',(125.58223064953,13.626134605236));
#1280 = CARTESIAN_POINT('',(126.24563908849,-4.313561211957));
#1281 = CARTESIAN_POINT('',(123.16327529001,-13.4096605279));
#1282 = CARTESIAN_POINT('',(116.64585839147,-22.06452252682));
#1283 = CARTESIAN_POINT('',(106.92766860968,-29.7012021434));
#1284 = CARTESIAN_POINT('',(94.500147673309,-35.78426722029));
#1285 = CARTESIAN_POINT('',(80.085761808988,-39.87167203988));
#1286 = CARTESIAN_POINT('',(64.58367610302,-41.66083385226));
#1287 = CARTESIAN_POINT('',(48.991785743784,-41.02152465348));
#1288 = CARTESIAN_POINT('',(34.314878863069,-38.00991338715));
#1289 = CARTESIAN_POINT('',(21.472013071049,-32.86134508113));
#1290 = CARTESIAN_POINT('',(11.216330306028,-25.96329758748));
#1291 = CARTESIAN_POINT('',(4.077476417032,-17.81344333104));
#1292 = CARTESIAN_POINT('',(0.331704219482,-8.969847908595));
#1293 = CARTESIAN_POINT('',(0.,-1.33226762955E-14));
#1294 = ( GEOMETRIC_REPRESENTATION_CONTEXT(2) 
PARAMETRIC_REPRESENTATION_CONTEXT() REPRESENTATION_CONTEXT('2D SPACE',''
  ) );
#1295 = ORIENTED_EDGE('',*,*,#1296,.T.);
#1296 = EDGE_CURVE('',#1224,#1297,#1299,.T.);
#1297 = VERTEX_POINT('',#1298);
#1298 = CARTESIAN_POINT('',(-24.23624879296,50.327790396328,10.35));
#1299 = SURFACE_CURVE('',#1300,(#1308,#1319),.PCURVE_S1.);
#1300 = B_SPLINE_CURVE_WITH_KNOTS('',6,(#1301,#1302,#1303,#1304,#1305,
    #1306,#1307),.UNSPECIFIED.,.F.,.F.,(7,7),(0.,1.),
  .PIECEWISE_BEZIER_KNOTS.);
#1301 = CARTESIAN_POINT('',(-23.99297228453,50.408299582219,6.35));
#1302 = CARTESIAN_POINT('',(-24.01820316333,50.400948830689,
    7.017152882226));
#1303 = CARTESIAN_POINT('',(-24.05178233346,50.390922909383,
    7.684114487081));
#1304 = CARTESIAN_POINT('',(-24.09200365125,50.378413544732,
    8.350855926732));
#1305 = CARTESIAN_POINT('',(-24.13727219685,50.363521462515,
    9.017380776975));
#1306 = CARTESIAN_POINT('',(-24.18595831427,50.346472927006,
    9.683732261246));
#1307 = CARTESIAN_POINT('',(-24.23624883825,50.327790379504,10.3500006)
  );
#1308 = PCURVE('',#57,#1309);
#1309 = DEFINITIONAL_REPRESENTATION('',(#1310),#1318);
#1310 = B_SPLINE_CURVE_WITH_KNOTS('',6,(#1311,#1312,#1313,#1314,#1315,
    #1316,#1317),.UNSPECIFIED.,.F.,.F.,(7,7),(0.,1.),
  .PIECEWISE_BEZIER_KNOTS.);
#1311 = CARTESIAN_POINT('',(0.102381432266,0.));
#1312 = CARTESIAN_POINT('',(0.102497273636,8.7617099323E-03));
#1313 = CARTESIAN_POINT('',(0.102650768087,1.752926737784E-02));
#1314 = CARTESIAN_POINT('',(0.102835912622,2.630296906438E-02));
#1315 = CARTESIAN_POINT('',(0.103047214251,3.508393983559E-02));
#1316 = CARTESIAN_POINT('',(0.103278962583,4.387420360185E-02));
#1317 = CARTESIAN_POINT('',(0.103524475454,5.26767901066E-02));
#1318 = ( GEOMETRIC_REPRESENTATION_CONTEXT(2) 
PARAMETRIC_REPRESENTATION_CONTEXT() REPRESENTATION_CONTEXT('2D SPACE',''
  ) );
#1319 = PCURVE('',#1320,#1325);
#1320 = CYLINDRICAL_SURFACE('',#1321,3.55);
#1321 = AXIS2_PLACEMENT_3D('',#1322,#1323,#1324);
#1322 = CARTESIAN_POINT('',(-23.,47.,0.));
#1323 = DIRECTION('',(-0.,-0.,-1.));
#1324 = DIRECTION('',(1.,0.,0.));
#1325 = DEFINITIONAL_REPRESENTATION('',(#1326),#1334);
#1326 = B_SPLINE_CURVE_WITH_KNOTS('',6,(#1327,#1328,#1329,#1330,#1331,
    #1332,#1333),.UNSPECIFIED.,.F.,.F.,(7,7),(0.,1.),
  .PIECEWISE_BEZIER_KNOTS.);
#1327 = CARTESIAN_POINT('',(-1.854288889556,-6.35));
#1328 = CARTESIAN_POINT('',(-1.86169166569,-7.017152882226));
#1329 = CARTESIAN_POINT('',(-1.871562980455,-7.684114487081));
#1330 = CARTESIAN_POINT('',(-1.883427089797,-8.350855926732));
#1331 = CARTESIAN_POINT('',(-1.896847674103,-9.017380776975));
#1332 = CARTESIAN_POINT('',(-1.911376014026,-9.683732261246));
#1333 = CARTESIAN_POINT('',(-1.926488301232,-10.3500006));
#1334 = ( GEOMETRIC_REPRESENTATION_CONTEXT(2) 
PARAMETRIC_REPRESENTATION_CONTEXT() REPRESENTATION_CONTEXT('2D SPACE',''
  ) );
#1335 = ORIENTED_EDGE('',*,*,#1336,.F.);
#1336 = EDGE_CURVE('',#1337,#1297,#1339,.T.);
#1337 = VERTEX_POINT('',#1338);
#1338 = CARTESIAN_POINT('',(-24.80980435646,49.639054412345,10.35));
#1339 = SURFACE_CURVE('',#1340,(#1346,#1355),.PCURVE_S1.);
#1340 = B_SPLINE_CURVE_WITH_KNOTS('',4,(#1341,#1342,#1343,#1344,#1345),
  .UNSPECIFIED.,.F.,.F.,(5,5),(0.,1.),.PIECEWISE_BEZIER_KNOTS.);
#1341 = CARTESIAN_POINT('',(-26.55,47.383001743529,10.35));
#1342 = CARTESIAN_POINT('',(-25.95565378469,48.199015169087,10.35));
#1343 = CARTESIAN_POINT('',(-25.34060901989,48.999950114561,10.35));
#1344 = CARTESIAN_POINT('',(-24.70437156927,49.784254763626,10.35));
#1345 = CARTESIAN_POINT('',(-24.04652710532,50.55,10.35));
#1346 = PCURVE('',#57,#1347);
#1347 = DEFINITIONAL_REPRESENTATION('',(#1348),#1354);
#1348 = B_SPLINE_CURVE_WITH_KNOTS('',4,(#1349,#1350,#1351,#1352,#1353),
  .UNSPECIFIED.,.F.,.F.,(5,5),(0.,1.),.PIECEWISE_BEZIER_KNOTS.);
#1349 = CARTESIAN_POINT('',(0.115436273651,5.267678217954E-02));
#1350 = CARTESIAN_POINT('',(0.112277817011,5.267678217954E-02));
#1351 = CARTESIAN_POINT('',(0.109083448573,5.267678217954E-02));
#1352 = CARTESIAN_POINT('',(0.105851041454,5.267678217954E-02));
#1353 = CARTESIAN_POINT('',(0.102578583452,5.267678217954E-02));
#1354 = ( GEOMETRIC_REPRESENTATION_CONTEXT(2) 
PARAMETRIC_REPRESENTATION_CONTEXT() REPRESENTATION_CONTEXT('2D SPACE',''
  ) );
#1355 = PCURVE('',#1356,#1361);
#1356 = PLANE('',#1357);
#1357 = AXIS2_PLACEMENT_3D('',#1358,#1359,#1360);
#1358 = CARTESIAN_POINT('',(-23.,47.,10.35));
#1359 = DIRECTION('',(0.,0.,1.));
#1360 = DIRECTION('',(1.,0.,-0.));
#1361 = DEFINITIONAL_REPRESENTATION('',(#1362),#1368);
#1362 = B_SPLINE_CURVE_WITH_KNOTS('',4,(#1363,#1364,#1365,#1366,#1367),
  .UNSPECIFIED.,.F.,.F.,(5,5),(0.,1.),.PIECEWISE_BEZIER_KNOTS.);
#1363 = CARTESIAN_POINT('',(-3.55,0.383001743529));
#1364 = CARTESIAN_POINT('',(-2.955653784697,1.199015169087));
#1365 = CARTESIAN_POINT('',(-2.340609019899,1.999950114561));
#1366 = CARTESIAN_POINT('',(-1.704371569275,2.784254763626));
#1367 = CARTESIAN_POINT('',(-1.04652710532,3.55));
#1368 = ( GEOMETRIC_REPRESENTATION_CONTEXT(2) 
PARAMETRIC_REPRESENTATION_CONTEXT() REPRESENTATION_CONTEXT('2D SPACE',''
  ) );
#1369 = ORIENTED_EDGE('',*,*,#1370,.T.);
#1370 = EDGE_CURVE('',#1337,#1371,#1373,.T.);
#1371 = VERTEX_POINT('',#1372);
#1372 = CARTESIAN_POINT('',(-25.25989811591,49.265581714636,13.35));
#1373 = SURFACE_CURVE('',#1374,(#1395,#1419),.PCURVE_S1.);
#1374 = B_SPLINE_CURVE_WITH_KNOTS('',7,(#1375,#1376,#1377,#1378,#1379,
    #1380,#1381,#1382,#1383,#1384,#1385,#1386,#1387,#1388,#1389,#1390,
    #1391,#1392,#1393,#1394),.UNSPECIFIED.,.F.,.F.,(8,6,6,8),(0.,
    0.485377120821,0.736661939398,1.),.UNSPECIFIED.);
#1375 = CARTESIAN_POINT('',(-24.80980428518,49.639054461227,10.3499994)
  );
#1376 = CARTESIAN_POINT('',(-24.83462743969,49.622031299307,
    10.558947174227));
#1377 = CARTESIAN_POINT('',(-24.86020251833,49.604091837907,
    10.76780342062));
#1378 = CARTESIAN_POINT('',(-24.88653809062,49.585176395302,
    10.976562570313));
#1379 = CARTESIAN_POINT('',(-24.91365905629,49.565205115837,
    11.185214461569));
#1380 = CARTESIAN_POINT('',(-24.9416036165,49.544081822226,
    11.393744873331));
#1381 = CARTESIAN_POINT('',(-24.97044137778,49.521671140283,
    11.602132937654));
#1382 = CARTESIAN_POINT('',(-25.01577722729,49.485364099714,
    11.91813921937));
#1383 = CARTESIAN_POINT('',(-25.03152127124,49.472572169015,
    12.025901805601));
#1384 = CARTESIAN_POINT('',(-25.04756476988,49.459341433466,
    12.133631698912));
#1385 = CARTESIAN_POINT('',(-25.06393456875,49.445631769178,
    12.241328169742));
#1386 = CARTESIAN_POINT('',(-25.08066463484,49.431394177782,
    12.348991218095));
#1387 = CARTESIAN_POINT('',(-25.0978019307,49.41656331608,
    12.456620539815));
#1388 = CARTESIAN_POINT('',(-25.13387871592,49.38477818116,
    12.676967294297));
#1389 = CARTESIAN_POINT('',(-25.15285197433,49.367768048344,
    12.789603475325));
#1390 = CARTESIAN_POINT('',(-25.17242270003,49.349898209776,
    12.902116084728));
#1391 = CARTESIAN_POINT('',(-25.19268612246,49.331040693793,
    13.014484481447));
#1392 = CARTESIAN_POINT('',(-25.21382787776,49.310951701888,
    13.126651989344));
#1393 = CARTESIAN_POINT('',(-25.23603629403,49.289383677761,
    13.238549456158));
#1394 = CARTESIAN_POINT('',(-25.25989824437,49.265581586497,13.3500006)
  );
#1395 = PCURVE('',#57,#1396);
#1396 = DEFINITIONAL_REPRESENTATION('',(#1397),#1418);
#1397 = B_SPLINE_CURVE_WITH_KNOTS('',7,(#1398,#1399,#1400,#1401,#1402,
    #1403,#1404,#1405,#1406,#1407,#1408,#1409,#1410,#1411,#1412,#1413,
    #1414,#1415,#1416,#1417),.UNSPECIFIED.,.F.,.F.,(8,6,6,8),(0.,
    0.485377120821,0.736661939398,1.),.UNSPECIFIED.);
#1398 = CARTESIAN_POINT('',(0.106410558726,5.267677425247E-02));
#1399 = CARTESIAN_POINT('',(0.106534471073,5.543734495111E-02));
#1400 = CARTESIAN_POINT('',(0.106662818282,5.819798972396E-02));
#1401 = CARTESIAN_POINT('',(0.106795722097,6.095868461989E-02));
#1402 = CARTESIAN_POINT('',(0.106933388529,6.371934739669E-02));
#1403 = CARTESIAN_POINT('',(0.107076092231,6.647984445917E-02));
#1404 = CARTESIAN_POINT('',(0.107224269856,6.923995603973E-02));
#1405 = CARTESIAN_POINT('',(0.107458684107,7.342784069098E-02));
#1406 = CARTESIAN_POINT('',(0.10754034013,7.485638603684E-02));
#1407 = CARTESIAN_POINT('',(0.107623804797,7.628492414126E-02));
#1408 = CARTESIAN_POINT('',(0.107709227544,7.771345370616E-02));
#1409 = CARTESIAN_POINT('',(0.107796794658,7.914198330126E-02));
#1410 = CARTESIAN_POINT('',(0.107886759632,8.057051764371E-02));
#1411 = CARTESIAN_POINT('',(0.108076693216,8.349606407256E-02));
#1412 = CARTESIAN_POINT('',(0.108176864994,8.49920427137E-02));
#1413 = CARTESIAN_POINT('',(0.108280468722,8.648689633579E-02));
#1414 = CARTESIAN_POINT('',(0.108388007958,8.798036007859E-02));
#1415 = CARTESIAN_POINT('',(0.10850045175,8.947168907531E-02));
#1416 = CARTESIAN_POINT('',(0.108618782308,9.095997184445E-02));
#1417 = CARTESIAN_POINT('',(0.108746034049,9.244286647275E-02));
#1418 = ( GEOMETRIC_REPRESENTATION_CONTEXT(2) 
PARAMETRIC_REPRESENTATION_CONTEXT() REPRESENTATION_CONTEXT('2D SPACE',''
  ) );
#1419 = PCURVE('',#1420,#1425);
#1420 = CYLINDRICAL_SURFACE('',#1421,3.2);
#1421 = AXIS2_PLACEMENT_3D('',#1422,#1423,#1424);
#1422 = CARTESIAN_POINT('',(-23.,47.,10.35));
#1423 = DIRECTION('',(-0.,-0.,-1.));
#1424 = DIRECTION('',(1.,0.,0.));
#1425 = DEFINITIONAL_REPRESENTATION('',(#1426),#1447);
#1426 = B_SPLINE_CURVE_WITH_KNOTS('',7,(#1427,#1428,#1429,#1430,#1431,
    #1432,#1433,#1434,#1435,#1436,#1437,#1438,#1439,#1440,#1441,#1442,
    #1443,#1444,#1445,#1446),.UNSPECIFIED.,.F.,.F.,(8,6,6,8),(0.,
    0.485377120821,0.736661939398,1.),.UNSPECIFIED.);
#1427 = CARTESIAN_POINT('',(-2.171913106455,5.999999999062E-07));
#1428 = CARTESIAN_POINT('',(-2.181319185366,-0.208947174227));
#1429 = CARTESIAN_POINT('',(-2.191081000898,-0.41780342062));
#1430 = CARTESIAN_POINT('',(-2.201212642477,-0.626562570313));
#1431 = CARTESIAN_POINT('',(-2.211736518891,-0.835214461569));
#1432 = CARTESIAN_POINT('',(-2.22268184482,-1.043744873331));
#1433 = CARTESIAN_POINT('',(-2.234093748654,-1.252132937654));
#1434 = CARTESIAN_POINT('',(-2.252244432089,-1.56813921937));
#1435 = CARTESIAN_POINT('',(-2.258583546829,-1.675901805601));
#1436 = CARTESIAN_POINT('',(-2.265081807182,-1.783631698912));
#1437 = CARTESIAN_POINT('',(-2.271754077419,-1.891328169742));
#1438 = CARTESIAN_POINT('',(-2.278618789106,-1.998991218095));
#1439 = CARTESIAN_POINT('',(-2.285700904192,-2.106620539815));
#1440 = CARTESIAN_POINT('',(-2.300726368364,-2.326967294297));
#1441 = CARTESIAN_POINT('',(-2.308689171019,-2.439603475325));
#1442 = CARTESIAN_POINT('',(-2.316970437967,-2.552116084729));
#1443 = CARTESIAN_POINT('',(-2.325619805044,-2.664484481447));
#1444 = CARTESIAN_POINT('',(-2.334732772369,-2.776651989345));
#1445 = CARTESIAN_POINT('',(-2.344406263808,-2.888549456158));
#1446 = CARTESIAN_POINT('',(-2.354938636814,-3.0000006));
#1447 = ( GEOMETRIC_REPRESENTATION_CONTEXT(2) 
PARAMETRIC_REPRESENTATION_CONTEXT() REPRESENTATION_CONTEXT('2D SPACE',''
  ) );
#1448 = ORIENTED_EDGE('',*,*,#1449,.F.);
#1449 = EDGE_CURVE('',#1450,#1371,#1452,.T.);
#1450 = VERTEX_POINT('',#1451);
#1451 = CARTESIAN_POINT('',(-25.72507804661,48.677483126542,13.35));
#1452 = SURFACE_CURVE('',#1453,(#1459,#1468),.PCURVE_S1.);
#1453 = B_SPLINE_CURVE_WITH_KNOTS('',4,(#1454,#1455,#1456,#1457,#1458),
  .UNSPECIFIED.,.F.,.F.,(5,5),(0.,1.),.PIECEWISE_BEZIER_KNOTS.);
#1454 = CARTESIAN_POINT('',(-26.2,48.058066771961,13.35));
#1455 = CARTESIAN_POINT('',(-25.78719744087,48.605027183392,13.35));
#1456 = CARTESIAN_POINT('',(-25.36472193366,49.144687941591,13.35));
#1457 = CARTESIAN_POINT('',(-24.93243328602,49.67654055082,13.35));
#1458 = CARTESIAN_POINT('',(-24.49020904008,50.2,13.35));
#1459 = PCURVE('',#57,#1460);
#1460 = DEFINITIONAL_REPRESENTATION('',(#1461),#1467);
#1461 = B_SPLINE_CURVE_WITH_KNOTS('',4,(#1462,#1463,#1464,#1465,#1466),
  .UNSPECIFIED.,.F.,.F.,(5,5),(0.,1.),.PIECEWISE_BEZIER_KNOTS.);
#1462 = CARTESIAN_POINT('',(0.113629872797,9.244285848955E-02));
#1463 = CARTESIAN_POINT('',(0.111457189264,9.244285848955E-02));
#1464 = CARTESIAN_POINT('',(0.109267858667,9.244285848955E-02));
#1465 = CARTESIAN_POINT('',(0.10706124838,9.244285848955E-02));
#1466 = CARTESIAN_POINT('',(0.104836748318,9.244285848955E-02));
#1467 = ( GEOMETRIC_REPRESENTATION_CONTEXT(2) 
PARAMETRIC_REPRESENTATION_CONTEXT() REPRESENTATION_CONTEXT('2D SPACE',''
  ) );
#1468 = PCURVE('',#1469,#1474);
#1469 = PLANE('',#1470);
#1470 = AXIS2_PLACEMENT_3D('',#1471,#1472,#1473);
#1471 = CARTESIAN_POINT('',(-23.,47.,13.35));
#1472 = DIRECTION('',(0.,0.,1.));
#1473 = DIRECTION('',(1.,0.,-0.));
#1474 = DEFINITIONAL_REPRESENTATION('',(#1475),#1481);
#1475 = B_SPLINE_CURVE_WITH_KNOTS('',4,(#1476,#1477,#1478,#1479,#1480),
  .UNSPECIFIED.,.F.,.F.,(5,5),(0.,1.),.PIECEWISE_BEZIER_KNOTS.);
#1476 = CARTESIAN_POINT('',(-3.2,1.058066771962));
#1477 = CARTESIAN_POINT('',(-2.787197440872,1.605027183392));
#1478 = CARTESIAN_POINT('',(-2.364721933668,2.144687941591));
#1479 = CARTESIAN_POINT('',(-1.932433286026,2.67654055082));
#1480 = CARTESIAN_POINT('',(-1.49020904008,3.2));
#1481 = ( GEOMETRIC_REPRESENTATION_CONTEXT(2) 
PARAMETRIC_REPRESENTATION_CONTEXT() REPRESENTATION_CONTEXT('2D SPACE',''
  ) );
#1482 = ORIENTED_EDGE('',*,*,#1483,.T.);
#1483 = EDGE_CURVE('',#1450,#1484,#1486,.T.);
#1484 = VERTEX_POINT('',#1485);
#1485 = CARTESIAN_POINT('',(-25.99192803775,48.135062384596,10.35));
#1486 = SURFACE_CURVE('',#1487,(#1508,#1559),.PCURVE_S1.);
#1487 = B_SPLINE_CURVE_WITH_KNOTS('',7,(#1488,#1489,#1490,#1491,#1492,
    #1493,#1494,#1495,#1496,#1497,#1498,#1499,#1500,#1501,#1502,#1503,
    #1504,#1505,#1506,#1507),.UNSPECIFIED.,.F.,.F.,(8,6,6,8),(
    2.028305056636E-07,0.246759668965,0.623647080969,0.99999980105),
  .UNSPECIFIED.);
#1488 = CARTESIAN_POINT('',(-25.72507804661,48.677483126542,13.35));
#1489 = CARTESIAN_POINT('',(-25.74195851569,48.650060737044,
    13.24572174494));
#1490 = CARTESIAN_POINT('',(-25.75726034526,48.624482736349,
    13.141044917285));
#1491 = CARTESIAN_POINT('',(-25.77146407334,48.600155731101,
    13.036114751928));
#1492 = CARTESIAN_POINT('',(-25.7847784871,48.576825810558,
    12.931001123024));
#1493 = CARTESIAN_POINT('',(-25.7973326944,48.554338193843,
    12.825744243596));
#1494 = CARTESIAN_POINT('',(-25.80924915574,48.532545767862,
    12.720371919291));
#1495 = CARTESIAN_POINT('',(-25.83793081026,48.479018441934,
    12.45377831785));
#1496 = CARTESIAN_POINT('',(-25.85394056919,48.448100555165,
    12.29243499563));
#1497 = CARTESIAN_POINT('',(-25.86890318537,48.418288943489,
    12.130920021619));
#1498 = CARTESIAN_POINT('',(-25.88295928054,48.389429669334,
    11.969266779184));
#1499 = CARTESIAN_POINT('',(-25.89622128579,48.361404074987,
    11.807499630838));
#1500 = CARTESIAN_POINT('',(-25.90876747161,48.334135933403,
    11.645632729691));
#1501 = CARTESIAN_POINT('',(-25.93254028724,48.281035699991,
    11.321944000321));
#1502 = CARTESIAN_POINT('',(-25.94376875043,48.255201444458,
    11.160125850445));
#1503 = CARTESIAN_POINT('',(-25.95440987141,48.230008547925,
    10.998229762123));
#1504 = CARTESIAN_POINT('',(-25.96451163636,48.205419176597,
    10.836263847145));
#1505 = CARTESIAN_POINT('',(-25.97411166234,48.181408646497,
    10.674234110833));
#1506 = CARTESIAN_POINT('',(-25.9832410169,48.157960633706,
    10.512145008182));
#1507 = CARTESIAN_POINT('',(-25.99192803775,48.135062384596,10.35));
#1508 = PCURVE('',#57,#1509);
#1509 = DEFINITIONAL_REPRESENTATION('',(#1510),#1558);
#1510 = B_SPLINE_CURVE_WITH_KNOTS('',3,(#1511,#1512,#1513,#1514,#1515,
    #1516,#1517,#1518,#1519,#1520,#1521,#1522,#1523,#1524,#1525,#1526,
    #1527,#1528,#1529,#1530,#1531,#1532,#1533,#1534,#1535,#1536,#1537,
    #1538,#1539,#1540,#1541,#1542,#1543,#1544,#1545,#1546,#1547,#1548,
    #1549,#1550,#1551,#1552,#1553,#1554,#1555,#1556,#1557),
  .UNSPECIFIED.,.F.,.F.,(4,1,1,1,1,1,1,1,1,1,1,1,1,1,1,1,1,1,1,1,1,1,1,1
    ,1,1,1,1,1,1,1,1,1,1,1,1,1,1,1,1,1,1,1,1,4),(2.028305056636E-07,
    2.27274664264E-02,4.545473002229E-02,6.818199361818E-02,
    9.090925721407E-02,0.11363652081,0.136363784406,0.159091048002,
    0.181818311598,0.204545575194,0.227272838789,0.250000102385,
    0.272727365981,0.295454629577,0.318181893173,0.340909156769,
    0.363636420365,0.386363683961,0.409090947557,0.431818211152,
    0.454545474748,0.477272738344,0.50000000194,0.522727265536,
    0.545454529132,0.568181792728,0.590909056324,0.61363631992,
    0.636363583515,0.659090847111,0.681818110707,0.704545374303,
    0.727272637899,0.749999901495,0.772727165091,0.795454428687,
    0.818181692283,0.840908955878,0.863636219474,0.88636348307,
    0.909090746666,0.931818010262,0.954545273858,0.977272537454,
    0.99999980105),.QUASI_UNIFORM_KNOTS.);
#1511 = CARTESIAN_POINT('',(0.111146919404,9.244285848955E-02));
#1512 = CARTESIAN_POINT('',(0.111164748136,9.214468045652E-02));
#1513 = CARTESIAN_POINT('',(0.111199493212,9.154776773373E-02));
#1514 = CARTESIAN_POINT('',(0.111249167332,9.065096151623E-02));
#1515 = CARTESIAN_POINT('',(0.111296714655,8.975296848263E-02));
#1516 = CARTESIAN_POINT('',(0.111342371288,8.885397776869E-02));
#1517 = CARTESIAN_POINT('',(0.111386336121,8.795414794077E-02));
#1518 = CARTESIAN_POINT('',(0.111428772385,8.705360687787E-02));
#1519 = CARTESIAN_POINT('',(0.111469818,8.61524582825E-02));
#1520 = CARTESIAN_POINT('',(0.111509591165,8.525078539279E-02));
#1521 = CARTESIAN_POINT('',(0.111548194772,8.434865225024E-02));
#1522 = CARTESIAN_POINT('',(0.111585718912,8.344611053771E-02));
#1523 = CARTESIAN_POINT('',(0.111622240849,8.254317957804E-02));
#1524 = CARTESIAN_POINT('',(0.111657825804,8.163992444822E-02));
#1525 = CARTESIAN_POINT('',(0.111692534048,8.073639887138E-02));
#1526 = CARTESIAN_POINT('',(0.111726418568,7.983262775233E-02));
#1527 = CARTESIAN_POINT('',(0.111759526793,7.89286395214E-02));
#1528 = CARTESIAN_POINT('',(0.111791901156,7.802445793859E-02));
#1529 = CARTESIAN_POINT('',(0.111823579824,7.712010469461E-02));
#1530 = CARTESIAN_POINT('',(0.111854597254,7.621559905955E-02));
#1531 = CARTESIAN_POINT('',(0.111884984683,7.531095826935E-02));
#1532 = CARTESIAN_POINT('',(0.111914770533,7.440619766766E-02));
#1533 = CARTESIAN_POINT('',(0.111943980751,7.350133087251E-02));
#1534 = CARTESIAN_POINT('',(0.111972639091,7.25963699014E-02));
#1535 = CARTESIAN_POINT('',(0.112000767354,7.169132528083E-02));
#1536 = CARTESIAN_POINT('',(0.112028385588,7.078620613152E-02));
#1537 = CARTESIAN_POINT('',(0.112055512264,6.98810202683E-02));
#1538 = CARTESIAN_POINT('',(0.112082164443,6.897577419609E-02));
#1539 = CARTESIAN_POINT('',(0.112108357919,6.807047346736E-02));
#1540 = CARTESIAN_POINT('',(0.112134107435,6.716512168716E-02));
#1541 = CARTESIAN_POINT('',(0.112159426734,6.625973144617E-02));
#1542 = CARTESIAN_POINT('',(0.112184328327,6.535430679209E-02));
#1543 = CARTESIAN_POINT('',(0.112208824039,6.444885257008E-02));
#1544 = CARTESIAN_POINT('',(0.112232924955,6.354337297021E-02));
#1545 = CARTESIAN_POINT('',(0.112256641483,6.263787193498E-02));
#1546 = CARTESIAN_POINT('',(0.112279983388,6.173235306863E-02));
#1547 = CARTESIAN_POINT('',(0.112302959831,6.082681967996E-02));
#1548 = CARTESIAN_POINT('',(0.112325579414,5.992127478953E-02));
#1549 = CARTESIAN_POINT('',(0.112347850216,5.901572114651E-02));
#1550 = CARTESIAN_POINT('',(0.112369779835,5.811016124298E-02));
#1551 = CARTESIAN_POINT('',(0.112391375425,5.720459732908E-02));
#1552 = CARTESIAN_POINT('',(0.11241264374,5.629903142763E-02));
#1553 = CARTESIAN_POINT('',(0.112433591173,5.53934653505E-02));
#1554 = CARTESIAN_POINT('',(0.112454223787,5.448790070845E-02));
#1555 = CARTESIAN_POINT('',(0.112474547387,5.358233894584E-02));
#1556 = CARTESIAN_POINT('',(0.112487894099,5.297863383685E-02));
#1557 = CARTESIAN_POINT('',(0.112494517794,5.267678217954E-02));
#1558 = ( GEOMETRIC_REPRESENTATION_CONTEXT(2) 
PARAMETRIC_REPRESENTATION_CONTEXT() REPRESENTATION_CONTEXT('2D SPACE',''
  ) );
#1559 = PCURVE('',#1420,#1560);
#1560 = DEFINITIONAL_REPRESENTATION('',(#1561),#1609);
#1561 = B_SPLINE_CURVE_WITH_KNOTS('',3,(#1562,#1563,#1564,#1565,#1566,
    #1567,#1568,#1569,#1570,#1571,#1572,#1573,#1574,#1575,#1576,#1577,
    #1578,#1579,#1580,#1581,#1582,#1583,#1584,#1585,#1586,#1587,#1588,
    #1589,#1590,#1591,#1592,#1593,#1594,#1595,#1596,#1597,#1598,#1599,
    #1600,#1601,#1602,#1603,#1604,#1605,#1606,#1607,#1608),
  .UNSPECIFIED.,.F.,.F.,(4,1,1,1,1,1,1,1,1,1,1,1,1,1,1,1,1,1,1,1,1,1,1,1
    ,1,1,1,1,1,1,1,1,1,1,1,1,1,1,1,1,1,1,1,1,4),(2.028305056636E-07,
    2.27274664264E-02,4.545473002229E-02,6.818199361818E-02,
    9.090925721407E-02,0.11363652081,0.136363784406,0.159091048002,
    0.181818311598,0.204545575194,0.227272838789,0.250000102385,
    0.272727365981,0.295454629577,0.318181893173,0.340909156769,
    0.363636420365,0.386363683961,0.409090947557,0.431818211152,
    0.454545474748,0.477272738344,0.50000000194,0.522727265536,
    0.545454529132,0.568181792728,0.590909056324,0.61363631992,
    0.636363583515,0.659090847111,0.681818110707,0.704545374303,
    0.727272637899,0.749999901495,0.772727165091,0.795454428687,
    0.818181692283,0.840908955878,0.863636219474,0.88636348307,
    0.909090746666,0.931818010262,0.954545273858,0.977272537454,
    0.99999980105),.QUASI_UNIFORM_KNOTS.);
#1562 = CARTESIAN_POINT('',(-2.58980140016,-3.));
#1563 = CARTESIAN_POINT('',(-2.591963465074,-2.977589586866));
#1564 = CARTESIAN_POINT('',(-2.596200666567,-2.932722618836));
#1565 = CARTESIAN_POINT('',(-2.602323779074,-2.865301298933));
#1566 = CARTESIAN_POINT('',(-2.608244512014,-2.797777977825));
#1567 = CARTESIAN_POINT('',(-2.613985423441,-2.730166939877));
#1568 = CARTESIAN_POINT('',(-2.619565495537,-2.662480179093));
#1569 = CARTESIAN_POINT('',(-2.625000287087,-2.59472738981));
#1570 = CARTESIAN_POINT('',(-2.630302930358,-2.52691645378));
#1571 = CARTESIAN_POINT('',(-2.635484669369,-2.459053717848));
#1572 = CARTESIAN_POINT('',(-2.640555287182,-2.391144087742));
#1573 = CARTESIAN_POINT('',(-2.645523339365,-2.323191541745));
#1574 = CARTESIAN_POINT('',(-2.650396182591,-2.255197623598));
#1575 = CARTESIAN_POINT('',(-2.655179935514,-2.187167324027));
#1576 = CARTESIAN_POINT('',(-2.659880250573,-2.119104781347));
#1577 = CARTESIAN_POINT('',(-2.66450211428,-2.051011964845));
#1578 = CARTESIAN_POINT('',(-2.669049967123,-1.982891110165));
#1579 = CARTESIAN_POINT('',(-2.673527770129,-1.91474410191));
#1580 = CARTESIAN_POINT('',(-2.677939072021,-1.846572669332));
#1581 = CARTESIAN_POINT('',(-2.682287063833,-1.778378359705));
#1582 = CARTESIAN_POINT('',(-2.686574625797,-1.710162567284));
#1583 = CARTESIAN_POINT('',(-2.690804366531,-1.641926543849));
#1584 = CARTESIAN_POINT('',(-2.694978655809,-1.573671411138));
#1585 = CARTESIAN_POINT('',(-2.699099651866,-1.50539817015));
#1586 = CARTESIAN_POINT('',(-2.703169324263,-1.437107709289));
#1587 = CARTESIAN_POINT('',(-2.707189473363,-1.368800810672));
#1588 = CARTESIAN_POINT('',(-2.711161747218,-1.30047815756));
#1589 = CARTESIAN_POINT('',(-2.715087657614,-1.232140333912));
#1590 = CARTESIAN_POINT('',(-2.718968593474,-1.163787851342));
#1591 = CARTESIAN_POINT('',(-2.722805842983,-1.095421073535));
#1592 = CARTESIAN_POINT('',(-2.726600586217,-1.027041044617));
#1593 = CARTESIAN_POINT('',(-2.730353892344,-0.958648161378));
#1594 = CARTESIAN_POINT('',(-2.734066762346,-0.890242880561));
#1595 = CARTESIAN_POINT('',(-2.737740124703,-0.821825608855));
#1596 = CARTESIAN_POINT('',(-2.741374841476,-0.753396733724));
#1597 = CARTESIAN_POINT('',(-2.74497171162,-0.684956616511));
#1598 = CARTESIAN_POINT('',(-2.748531475015,-0.616505595662));
#1599 = CARTESIAN_POINT('',(-2.752054816307,-0.54804398724));
#1600 = CARTESIAN_POINT('',(-2.75554236879,-0.479572086182));
#1601 = CARTESIAN_POINT('',(-2.758994718255,-0.411090167357));
#1602 = CARTESIAN_POINT('',(-2.762412406855,-0.342598486691));
#1603 = CARTESIAN_POINT('',(-2.765795936887,-0.274097282251));
#1604 = CARTESIAN_POINT('',(-2.769145774814,-0.205586775472));
#1605 = CARTESIAN_POINT('',(-2.772462354331,-0.137067171853));
#1606 = CARTESIAN_POINT('',(-2.775746082908,-6.853866366173E-02));
#1607 = CARTESIAN_POINT('',(-2.777913584506,-2.284717132241E-02));
#1608 = CARTESIAN_POINT('',(-2.778991986625,0.));
#1609 = ( GEOMETRIC_REPRESENTATION_CONTEXT(2) 
PARAMETRIC_REPRESENTATION_CONTEXT() REPRESENTATION_CONTEXT('2D SPACE',''
  ) );
#1610 = ORIENTED_EDGE('',*,*,#1611,.F.);
#1611 = EDGE_CURVE('',#1612,#1484,#1614,.T.);
#1612 = VERTEX_POINT('',#1613);
#1613 = CARTESIAN_POINT('',(-26.52546353878,47.416661537376,10.35));
#1614 = SURFACE_CURVE('',#1615,(#1621,#1630),.PCURVE_S1.);
#1615 = B_SPLINE_CURVE_WITH_KNOTS('',4,(#1616,#1617,#1618,#1619,#1620),
  .UNSPECIFIED.,.F.,.F.,(5,5),(0.,1.),.PIECEWISE_BEZIER_KNOTS.);
#1616 = CARTESIAN_POINT('',(-26.55,47.383001743529,10.35));
#1617 = CARTESIAN_POINT('',(-25.95565378469,48.199015169087,10.35));
#1618 = CARTESIAN_POINT('',(-25.34060901989,48.999950114561,10.35));
#1619 = CARTESIAN_POINT('',(-24.70437156927,49.784254763626,10.35));
#1620 = CARTESIAN_POINT('',(-24.04652710532,50.55,10.35));
#1621 = PCURVE('',#57,#1622);
#1622 = DEFINITIONAL_REPRESENTATION('',(#1623),#1629);
#1623 = B_SPLINE_CURVE_WITH_KNOTS('',4,(#1624,#1625,#1626,#1627,#1628),
  .UNSPECIFIED.,.F.,.F.,(5,5),(0.,1.),.PIECEWISE_BEZIER_KNOTS.);
#1624 = CARTESIAN_POINT('',(0.115436273651,5.267678217954E-02));
#1625 = CARTESIAN_POINT('',(0.112277817011,5.267678217954E-02));
#1626 = CARTESIAN_POINT('',(0.109083448573,5.267678217954E-02));
#1627 = CARTESIAN_POINT('',(0.105851041454,5.267678217954E-02));
#1628 = CARTESIAN_POINT('',(0.102578583452,5.267678217954E-02));
#1629 = ( GEOMETRIC_REPRESENTATION_CONTEXT(2) 
PARAMETRIC_REPRESENTATION_CONTEXT() REPRESENTATION_CONTEXT('2D SPACE',''
  ) );
#1630 = PCURVE('',#1356,#1631);
#1631 = DEFINITIONAL_REPRESENTATION('',(#1632),#1638);
#1632 = B_SPLINE_CURVE_WITH_KNOTS('',4,(#1633,#1634,#1635,#1636,#1637),
  .UNSPECIFIED.,.F.,.F.,(5,5),(0.,1.),.PIECEWISE_BEZIER_KNOTS.);
#1633 = CARTESIAN_POINT('',(-3.55,0.383001743529));
#1634 = CARTESIAN_POINT('',(-2.955653784697,1.199015169087));
#1635 = CARTESIAN_POINT('',(-2.340609019899,1.999950114561));
#1636 = CARTESIAN_POINT('',(-1.704371569275,2.784254763626));
#1637 = CARTESIAN_POINT('',(-1.04652710532,3.55));
#1638 = ( GEOMETRIC_REPRESENTATION_CONTEXT(2) 
PARAMETRIC_REPRESENTATION_CONTEXT() REPRESENTATION_CONTEXT('2D SPACE',''
  ) );
#1639 = ORIENTED_EDGE('',*,*,#1640,.T.);
#1640 = EDGE_CURVE('',#1612,#22,#1641,.T.);
#1641 = SURFACE_CURVE('',#1642,(#1649,#1659),.PCURVE_S1.);
#1642 = B_SPLINE_CURVE_WITH_KNOTS('',5,(#1643,#1644,#1645,#1646,#1647,
    #1648),.UNSPECIFIED.,.F.,.F.,(6,6),(0.,1.),
  .PIECEWISE_BEZIER_KNOTS.);
#1643 = CARTESIAN_POINT('',(-26.52546353256,47.416661589972,10.3500006)
  );
#1644 = CARTESIAN_POINT('',(-26.53374656656,47.346577053738,
    9.550490863241));
#1645 = CARTESIAN_POINT('',(-26.53996910986,47.278985677959,
    8.750860399081));
#1646 = CARTESIAN_POINT('',(-26.54398021891,47.217465947991,
    7.950925526946));
#1647 = CARTESIAN_POINT('',(-26.54640528664,47.164813548234,
    7.150630741142));
#1648 = CARTESIAN_POINT('',(-26.54782777729,47.124169491696,6.35));
#1649 = PCURVE('',#57,#1650);
#1650 = DEFINITIONAL_REPRESENTATION('',(#1651),#1658);
#1651 = B_SPLINE_CURVE_WITH_KNOTS('',5,(#1652,#1653,#1654,#1655,#1656,
    #1657),.UNSPECIFIED.,.F.,.F.,(6,6),(0.,1.),
  .PIECEWISE_BEZIER_KNOTS.);
#1652 = CARTESIAN_POINT('',(0.115305929996,5.26767901066E-02));
#1653 = CARTESIAN_POINT('',(0.115357989757,4.2113848406E-02));
#1654 = CARTESIAN_POINT('',(0.115408605541,3.156944216164E-02));
#1655 = CARTESIAN_POINT('',(0.115451746335,2.103747370861E-02));
#1656 = CARTESIAN_POINT('',(0.115485261255,1.051467287882E-02));
#1657 = CARTESIAN_POINT('',(0.115506500807,0.));
#1658 = ( GEOMETRIC_REPRESENTATION_CONTEXT(2) 
PARAMETRIC_REPRESENTATION_CONTEXT() REPRESENTATION_CONTEXT('2D SPACE',''
  ) );
#1659 = PCURVE('',#1660,#1665);
#1660 = CYLINDRICAL_SURFACE('',#1661,3.55);
#1661 = AXIS2_PLACEMENT_3D('',#1662,#1663,#1664);
#1662 = CARTESIAN_POINT('',(-23.,47.,0.));
#1663 = DIRECTION('',(-0.,-0.,-1.));
#1664 = DIRECTION('',(1.,0.,0.));
#1665 = DEFINITIONAL_REPRESENTATION('',(#1666),#1673);
#1666 = B_SPLINE_CURVE_WITH_KNOTS('',5,(#1667,#1668,#1669,#1670,#1671,
    #1672),.UNSPECIFIED.,.F.,.F.,(6,6),(0.,1.),
  .PIECEWISE_BEZIER_KNOTS.);
#1667 = CARTESIAN_POINT('',(-3.02395203506,-10.3500006));
#1668 = CARTESIAN_POINT('',(-3.043831558869,-9.550490863241));
#1669 = CARTESIAN_POINT('',(-3.062945181096,-8.750860399081));
#1670 = CARTESIAN_POINT('',(-3.080305357524,-7.950925526946));
#1671 = CARTESIAN_POINT('',(-3.095152156215,-7.150630741142));
#1672 = CARTESIAN_POINT('',(-3.106608196104,-6.35));
#1673 = ( GEOMETRIC_REPRESENTATION_CONTEXT(2) 
PARAMETRIC_REPRESENTATION_CONTEXT() REPRESENTATION_CONTEXT('2D SPACE',''
  ) );
#1674 = ADVANCED_FACE('',(#1675),#476,.F.);
#1675 = FACE_BOUND('',#1676,.F.);
#1676 = EDGE_LOOP('',(#1677,#1698,#1699,#1720));
#1677 = ORIENTED_EDGE('',*,*,#1678,.F.);
#1678 = EDGE_CURVE('',#24,#1679,#1681,.T.);
#1679 = VERTEX_POINT('',#1680);
#1680 = CARTESIAN_POINT('',(-33.57642799858,-27.,6.35));
#1681 = SURFACE_CURVE('',#1682,(#1686,#1692),.PCURVE_S1.);
#1682 = LINE('',#1683,#1684);
#1683 = CARTESIAN_POINT('',(-40.,-27.,6.35));
#1684 = VECTOR('',#1685,1.);
#1685 = DIRECTION('',(1.,-0.,0.));
#1686 = PCURVE('',#476,#1687);
#1687 = DEFINITIONAL_REPRESENTATION('',(#1688),#1691);
#1688 = B_SPLINE_CURVE_WITH_KNOTS('',1,(#1689,#1690),.UNSPECIFIED.,.F.,
  .F.,(2,2),(-3.020586975536,85.01750242322),.PIECEWISE_BEZIER_KNOTS.);
#1689 = CARTESIAN_POINT('',(1.35,36.979413024464));
#1690 = CARTESIAN_POINT('',(1.35,125.01750242322));
#1691 = ( GEOMETRIC_REPRESENTATION_CONTEXT(2) 
PARAMETRIC_REPRESENTATION_CONTEXT() REPRESENTATION_CONTEXT('2D SPACE',''
  ) );
#1692 = PCURVE('',#233,#1693);
#1693 = DEFINITIONAL_REPRESENTATION('',(#1694),#1697);
#1694 = B_SPLINE_CURVE_WITH_KNOTS('',1,(#1695,#1696),.UNSPECIFIED.,.F.,
  .F.,(2,2),(-3.020586975536,85.01750242322),.PIECEWISE_BEZIER_KNOTS.);
#1695 = CARTESIAN_POINT('',(88.348713899965,46.317120548905));
#1696 = CARTESIAN_POINT('',(91.602131236989,-41.66083385226));
#1697 = ( GEOMETRIC_REPRESENTATION_CONTEXT(2) 
PARAMETRIC_REPRESENTATION_CONTEXT() REPRESENTATION_CONTEXT('2D SPACE',''
  ) );
#1698 = ORIENTED_EDGE('',*,*,#270,.T.);
#1699 = ORIENTED_EDGE('',*,*,#1700,.F.);
#1700 = EDGE_CURVE('',#1701,#271,#1703,.T.);
#1701 = VERTEX_POINT('',#1702);
#1702 = CARTESIAN_POINT('',(33.576427998591,-27.,6.35));
#1703 = SURFACE_CURVE('',#1704,(#1708,#1714),.PCURVE_S1.);
#1704 = LINE('',#1705,#1706);
#1705 = CARTESIAN_POINT('',(-40.,-27.,6.35));
#1706 = VECTOR('',#1707,1.);
#1707 = DIRECTION('',(1.,-0.,0.));
#1708 = PCURVE('',#476,#1709);
#1709 = DEFINITIONAL_REPRESENTATION('',(#1710),#1713);
#1710 = B_SPLINE_CURVE_WITH_KNOTS('',1,(#1711,#1712),.UNSPECIFIED.,.F.,
  .F.,(2,2),(-3.020586975536,85.01750242322),.PIECEWISE_BEZIER_KNOTS.);
#1711 = CARTESIAN_POINT('',(1.35,36.979413024464));
#1712 = CARTESIAN_POINT('',(1.35,125.01750242322));
#1713 = ( GEOMETRIC_REPRESENTATION_CONTEXT(2) 
PARAMETRIC_REPRESENTATION_CONTEXT() REPRESENTATION_CONTEXT('2D SPACE',''
  ) );
#1714 = PCURVE('',#624,#1715);
#1715 = DEFINITIONAL_REPRESENTATION('',(#1716),#1719);
#1716 = B_SPLINE_CURVE_WITH_KNOTS('',1,(#1717,#1718),.UNSPECIFIED.,.F.,
  .F.,(2,2),(-3.020586975536,85.01750242322),.PIECEWISE_BEZIER_KNOTS.);
#1717 = CARTESIAN_POINT('',(88.348713899965,46.317120548905));
#1718 = CARTESIAN_POINT('',(91.602131236989,-41.66083385226));
#1719 = ( GEOMETRIC_REPRESENTATION_CONTEXT(2) 
PARAMETRIC_REPRESENTATION_CONTEXT() REPRESENTATION_CONTEXT('2D SPACE',''
  ) );
#1720 = ORIENTED_EDGE('',*,*,#1721,.F.);
#1721 = EDGE_CURVE('',#1679,#1701,#1722,.T.);
#1722 = SURFACE_CURVE('',#1723,(#1852,#1984),.PCURVE_S1.);
#1723 = B_SPLINE_CURVE_WITH_KNOTS('',8,(#1724,#1725,#1726,#1727,#1728,
    #1729,#1730,#1731,#1732,#1733,#1734,#1735,#1736,#1737,#1738,#1739,
    #1740,#1741,#1742,#1743,#1744,#1745,#1746,#1747,#1748,#1749,#1750,
    #1751,#1752,#1753,#1754,#1755,#1756,#1757,#1758,#1759,#1760,#1761,
    #1762,#1763,#1764,#1765,#1766,#1767,#1768,#1769,#1770,#1771,#1772,
    #1773,#1774,#1775,#1776,#1777,#1778,#1779,#1780,#1781,#1782,#1783,
    #1784,#1785,#1786,#1787,#1788,#1789,#1790,#1791,#1792,#1793,#1794,
    #1795,#1796,#1797,#1798,#1799,#1800,#1801,#1802,#1803,#1804,#1805,
    #1806,#1807,#1808,#1809,#1810,#1811,#1812,#1813,#1814,#1815,#1816,
    #1817,#1818,#1819,#1820,#1821,#1822,#1823,#1824,#1825,#1826,#1827,
    #1828,#1829,#1830,#1831,#1832,#1833,#1834,#1835,#1836,#1837,#1838,
    #1839,#1840,#1841,#1842,#1843,#1844,#1845,#1846,#1847,#1848,#1849,
    #1850,#1851),.UNSPECIFIED.,.F.,.F.,(9,7,7,7,7,7,7,7,7,7,7,7,7,7,7,7,
    7,7,9),(0.,2.498343874948E-02,0.102698294727,0.140376895044,
    0.217351839647,0.283317518037,0.32150994269,0.366191001166,
    0.398616765727,0.500089064202,0.633429367103,0.678271354078,
    0.716525862373,0.782541356133,0.856788682011,0.892432938103,
    0.954209058027,0.979791054344,1.),.UNSPECIFIED.);
#1724 = CARTESIAN_POINT('',(-33.5764307802,-27.,6.349953287842));
#1725 = CARTESIAN_POINT('',(-33.55632660925,-27.,6.688967871235));
#1726 = CARTESIAN_POINT('',(-33.53587878458,-27.,7.02796158671));
#1727 = CARTESIAN_POINT('',(-33.51495551034,-27.,7.366926861454));
#1728 = CARTESIAN_POINT('',(-33.49342618159,-27.,7.705855022259));
#1729 = CARTESIAN_POINT('',(-33.4711613843,-27.,8.044736295518));
#1730 = CARTESIAN_POINT('',(-33.44803289537,-27.,8.383559807226));
#1731 = CARTESIAN_POINT('',(-33.4239136826,-27.,8.722313582977));
#1732 = CARTESIAN_POINT('',(-33.32017810873,-27.,10.114473042168));
#1733 = CARTESIAN_POINT('',(-33.23088132822,-27.,11.167058287017));
#1734 = CARTESIAN_POINT('',(-33.12698954077,-27.,12.21847637935));
#1735 = CARTESIAN_POINT('',(-33.00481517111,-27.,13.268161754775));
#1736 = CARTESIAN_POINT('',(-32.86076467058,-27.,14.315245641139));
#1737 = CARTESIAN_POINT('',(-32.69135455051,-27.,15.358558781719));
#1738 = CARTESIAN_POINT('',(-32.49325986944,-27.,16.396638428119));
#1739 = CARTESIAN_POINT('',(-32.15194955851,-27.,17.927649801048));
#1740 = CARTESIAN_POINT('',(-32.03304098,-27.,18.425896873041));
#1741 = CARTESIAN_POINT('',(-31.90632296696,-27.,18.922267024989));
#1742 = CARTESIAN_POINT('',(-31.77146440293,-27.,19.416524413006));
#1743 = CARTESIAN_POINT('',(-31.62815380651,-27.,19.908412385308));
#1744 = CARTESIAN_POINT('',(-31.47610361106,-27.,20.397654724302));
#1745 = CARTESIAN_POINT('',(-31.31505444443,-27.,20.883956888691));
#1746 = CARTESIAN_POINT('',(-30.79691851863,-27.,22.353847926854));
#1747 = CARTESIAN_POINT('',(-30.41045926458,-27.,23.327383962808));
#1748 = CARTESIAN_POINT('',(-29.98355112764,-27.,24.284616378722));
#1749 = CARTESIAN_POINT('',(-29.5148967336,-27.,25.222543428475));
#1750 = CARTESIAN_POINT('',(-29.00385761471,-27.,26.138216050681));
#1751 = CARTESIAN_POINT('',(-28.45055528857,-27.,27.028790876478));
#1752 = CARTESIAN_POINT('',(-27.85596765425,-27.,27.891580798929));
#1753 = CARTESIAN_POINT('',(-26.6787433992,-27.,29.437554720251));
#1754 = CARTESIAN_POINT('',(-26.10641104567,-27.,30.128973783354));
#1755 = CARTESIAN_POINT('',(-25.5061392293,-27.,30.7968655364));
#1756 = CARTESIAN_POINT('',(-24.87930575909,-27.,31.440133364925));
#1757 = CARTESIAN_POINT('',(-24.2274852907,-27.,32.058012916801));
#1758 = CARTESIAN_POINT('',(-23.55239049141,-27.,32.65001310667));
#1759 = CARTESIAN_POINT('',(-22.85581974818,-27.,33.215864004978));
#1760 = CARTESIAN_POINT('',(-21.72494528744,-27.,34.067890483986));
#1761 = CARTESIAN_POINT('',(-21.30366768793,-27.,34.371533801389));
#1762 = CARTESIAN_POINT('',(-20.87611396508,-27.,34.666396894812));
#1763 = CARTESIAN_POINT('',(-20.44261402964,-27.,34.952497697354));
#1764 = CARTESIAN_POINT('',(-20.00348988023,-27.,35.229872986046));
#1765 = CARTESIAN_POINT('',(-19.55905312541,-27.,35.498574623668));
#1766 = CARTESIAN_POINT('',(-19.10960250565,-27.,35.758665800565));
#1767 = CARTESIAN_POINT('',(-18.12407803929,-27.,36.304505641423));
#1768 = CARTESIAN_POINT('',(-17.58626476757,-27.,36.587103648193));
#1769 = CARTESIAN_POINT('',(-17.04243083614,-27.,36.858129294179));
#1770 = CARTESIAN_POINT('',(-16.49300364724,-27.,37.117710214578));
#1771 = CARTESIAN_POINT('',(-15.93838684187,-27.,37.365979644858));
#1772 = CARTESIAN_POINT('',(-15.37895837234,-27.,37.603072383243));
#1773 = CARTESIAN_POINT('',(-14.81506857479,-27.,37.8291207532));
#1774 = CARTESIAN_POINT('',(-13.83480947022,-27.,38.200373739698));
#1775 = CARTESIAN_POINT('',(-13.42040291812,-27.,38.350745515134));
#1776 = CARTESIAN_POINT('',(-13.00394240041,-27.,38.495414013823));
#1777 = CARTESIAN_POINT('',(-12.58554654162,-27.,38.634424745742));
#1778 = CARTESIAN_POINT('',(-12.16532872355,-27.,38.767820457416));
#1779 = CARTESIAN_POINT('',(-11.74339703297,-27.,38.895640980076));
#1780 = CARTESIAN_POINT('',(-11.31985420935,-27.,39.017923077826));
#1781 = CARTESIAN_POINT('',(-9.564637071528,-27.,39.500139719621));
#1782 = CARTESIAN_POINT('',(-8.21976953659,-27.,39.811638110913));
#1783 = CARTESIAN_POINT('',(-6.863021351553,-27.,40.070284487741));
#1784 = CARTESIAN_POINT('',(-5.497039465647,-27.,40.276740057835));
#1785 = CARTESIAN_POINT('',(-4.124304115715,-27.,40.431332592352));
#1786 = CARTESIAN_POINT('',(-2.747149986594,-27.,40.534214114641));
#1787 = CARTESIAN_POINT('',(-1.367783429034,-27.,40.585472660706));
#1788 = CARTESIAN_POINT('',(1.824457317221,-27.,40.584584542908));
#1789 = CARTESIAN_POINT('',(3.636459659022,-27.,40.494906822412));
#1790 = CARTESIAN_POINT('',(5.443461593748,-27.,40.316181015373));
#1791 = CARTESIAN_POINT('',(7.240592227137,-27.,40.048065525594));
#1792 = CARTESIAN_POINT('',(9.022403155228,-27.,39.690100931917));
#1793 = CARTESIAN_POINT('',(10.78272066399,-27.,39.240978233843));
#1794 = CARTESIAN_POINT('',(12.51461502213,-27.,38.69824404776));
#1795 = CARTESIAN_POINT('',(14.780642016081,-27.,37.842843735927));
#1796 = CARTESIAN_POINT('',(15.346764361532,-27.,37.616580687264));
#1797 = CARTESIAN_POINT('',(15.908409433927,-27.,37.379200798379));
#1798 = CARTESIAN_POINT('',(16.465224084771,-27.,37.130570489286));
#1799 = CARTESIAN_POINT('',(17.016827190466,-27.,36.870553548741));
#1800 = CARTESIAN_POINT('',(17.562811596714,-27.,36.599015215353));
#1801 = CARTESIAN_POINT('',(18.10274606292,-27.,36.315826258698));
#1802 = CARTESIAN_POINT('',(19.091245045633,-27.,35.769238623353));
#1803 = CARTESIAN_POINT('',(19.541576622675,-27.,35.509045985465));
#1804 = CARTESIAN_POINT('',(19.986887595017,-27.,35.24021784281));
#1805 = CARTESIAN_POINT('',(20.42687814521,-27.,34.962690439494));
#1806 = CARTESIAN_POINT('',(20.861235470547,-27.,34.676411348198));
#1807 = CARTESIAN_POINT('',(21.289636272566,-27.,34.381343250712));
#1808 = CARTESIAN_POINT('',(21.711749246538,-27.,34.077467718461));
#1809 = CARTESIAN_POINT('',(22.844242392391,-27.,33.225201860246));
#1810 = CARTESIAN_POINT('',(23.541604761864,-27.,32.659334590388));
#1811 = CARTESIAN_POINT('',(24.217483024066,-27.,32.067278985543));
#1812 = CARTESIAN_POINT('',(24.870074813606,-27.,31.449302945538));
#1813 = CARTESIAN_POINT('',(25.497662940387,-27.,30.805895872764));
#1814 = CARTESIAN_POINT('',(26.0986678786,-27.,30.137821028917));
#1815 = CARTESIAN_POINT('',(26.671706859358,-27.,29.446174843688));
#1816 = CARTESIAN_POINT('',(27.827440705675,-27.,27.92973365795));
#1817 = CARTESIAN_POINT('',(28.402608446854,-27.,27.098854841847));
#1818 = CARTESIAN_POINT('',(28.939444697646,-27.,26.242028291239));
#1819 = CARTESIAN_POINT('',(29.437040827269,-27.,25.361648422759));
#1820 = CARTESIAN_POINT('',(29.895225804142,-27.,24.460254241457));
#1821 = CARTESIAN_POINT('',(30.314489645122,-27.,23.540488617411));
#1822 = CARTESIAN_POINT('',(30.695902176867,-27.,22.605055103005));
#1823 = CARTESIAN_POINT('',(31.206712827029,-27.,21.201377781188));
#1824 = CARTESIAN_POINT('',(31.36405415706,-27.,20.743046623779));
#1825 = CARTESIAN_POINT('',(31.513232310877,-27.,20.281947678426));
#1826 = CARTESIAN_POINT('',(31.65445580724,-27.,19.818336668818));
#1827 = CARTESIAN_POINT('',(31.787957096642,-27.,19.352455161076));
#1828 = CARTESIAN_POINT('',(31.913989185754,-27.,18.884529542296));
#1829 = CARTESIAN_POINT('',(32.032822261868,-27.,18.4147699991));
#1830 = CARTESIAN_POINT('',(32.338708826557,-27.,17.126371270004));
#1831 = CARTESIAN_POINT('',(32.511900295481,-27.,16.304471138106));
#1832 = CARTESIAN_POINT('',(32.665807124901,-27.,15.478634066063));
#1833 = CARTESIAN_POINT('',(32.802037971029,-27.,14.649699551356));
#1834 = CARTESIAN_POINT('',(32.922283910838,-27.,13.8183761266));
#1835 = CARTESIAN_POINT('',(33.028294906427,-27.,12.985237485106));
#1836 = CARTESIAN_POINT('',(33.1218665684,-27.,12.150720228761));
#1837 = CARTESIAN_POINT('',(33.239196042702,-27.,10.969095692956));
#1838 = CARTESIAN_POINT('',(33.271736485865,-27.,10.622887986348));
#1839 = CARTESIAN_POINT('',(33.302588871297,-27.,10.276523679207));
#1840 = CARTESIAN_POINT('',(33.331884712225,-27.,9.930024106867));
#1841 = CARTESIAN_POINT('',(33.359756711552,-27.,9.583408379203));
#1842 = CARTESIAN_POINT('',(33.386338761866,-27.,9.236693380627));
#1843 = CARTESIAN_POINT('',(33.411765945431,-27.,8.889893770089));
#1844 = CARTESIAN_POINT('',(33.455456526017,-27.,8.269004541353));
#1845 = CARTESIAN_POINT('',(33.474102883223,-27.,7.994942498148));
#1846 = CARTESIAN_POINT('',(33.492180783118,-27.,7.720842088742));
#1847 = CARTESIAN_POINT('',(33.509757919459,-27.,7.446709128048));
#1848 = CARTESIAN_POINT('',(33.526902502455,-27.,7.172549008612));
#1849 = CARTESIAN_POINT('',(33.543683258764,-27.,6.898366700616));
#1850 = CARTESIAN_POINT('',(33.560169431494,-27.,6.624166751875));
#1851 = CARTESIAN_POINT('',(33.576430780206,-27.,6.349953287842));
#1852 = PCURVE('',#476,#1853);
#1853 = DEFINITIONAL_REPRESENTATION('',(#1854),#1983);
#1854 = B_SPLINE_CURVE_WITH_KNOTS('',8,(#1855,#1856,#1857,#1858,#1859,
    #1860,#1861,#1862,#1863,#1864,#1865,#1866,#1867,#1868,#1869,#1870,
    #1871,#1872,#1873,#1874,#1875,#1876,#1877,#1878,#1879,#1880,#1881,
    #1882,#1883,#1884,#1885,#1886,#1887,#1888,#1889,#1890,#1891,#1892,
    #1893,#1894,#1895,#1896,#1897,#1898,#1899,#1900,#1901,#1902,#1903,
    #1904,#1905,#1906,#1907,#1908,#1909,#1910,#1911,#1912,#1913,#1914,
    #1915,#1916,#1917,#1918,#1919,#1920,#1921,#1922,#1923,#1924,#1925,
    #1926,#1927,#1928,#1929,#1930,#1931,#1932,#1933,#1934,#1935,#1936,
    #1937,#1938,#1939,#1940,#1941,#1942,#1943,#1944,#1945,#1946,#1947,
    #1948,#1949,#1950,#1951,#1952,#1953,#1954,#1955,#1956,#1957,#1958,
    #1959,#1960,#1961,#1962,#1963,#1964,#1965,#1966,#1967,#1968,#1969,
    #1970,#1971,#1972,#1973,#1974,#1975,#1976,#1977,#1978,#1979,#1980,
    #1981,#1982),.UNSPECIFIED.,.F.,.F.,(9,7,7,7,7,7,7,7,7,7,7,7,7,7,7,7,
    7,7,9),(0.,2.498343874948E-02,0.102698294727,0.140376895044,
    0.217351839647,0.283317518037,0.32150994269,0.366191001166,
    0.398616765727,0.500089064202,0.633429367103,0.678271354078,
    0.716525862373,0.782541356133,0.856788682011,0.892432938103,
    0.954209058027,0.979791054344,1.),.UNSPECIFIED.);
#1855 = CARTESIAN_POINT('',(1.349953287842,46.423569219794));
#1856 = CARTESIAN_POINT('',(1.688967871235,46.443673390748));
#1857 = CARTESIAN_POINT('',(2.02796158671,46.464121215417));
#1858 = CARTESIAN_POINT('',(2.366926861454,46.485044489657));
#1859 = CARTESIAN_POINT('',(2.705855022259,46.506573818407));
#1860 = CARTESIAN_POINT('',(3.044736295518,46.528838615693));
#1861 = CARTESIAN_POINT('',(3.383559807226,46.551967104625));
#1862 = CARTESIAN_POINT('',(3.722313582977,46.576086317399));
#1863 = CARTESIAN_POINT('',(5.114473042168,46.679821891267));
#1864 = CARTESIAN_POINT('',(6.167058287017,46.769118671775));
#1865 = CARTESIAN_POINT('',(7.21847637935,46.873010459222));
#1866 = CARTESIAN_POINT('',(8.268161754775,46.995184828885));
#1867 = CARTESIAN_POINT('',(9.315245641139,47.139235329418));
#1868 = CARTESIAN_POINT('',(10.358558781719,47.30864544949));
#1869 = CARTESIAN_POINT('',(11.396638428119,47.506740130553));
#1870 = CARTESIAN_POINT('',(12.927649801048,47.848050441486));
#1871 = CARTESIAN_POINT('',(13.425896873041,47.966959019992));
#1872 = CARTESIAN_POINT('',(13.922267024989,48.093677033035));
#1873 = CARTESIAN_POINT('',(14.416524413006,48.228535597064));
#1874 = CARTESIAN_POINT('',(14.908412385308,48.371846193486));
#1875 = CARTESIAN_POINT('',(15.397654724302,48.523896388937));
#1876 = CARTESIAN_POINT('',(15.883956888691,48.684945555563));
#1877 = CARTESIAN_POINT('',(17.353847926854,49.203081481364));
#1878 = CARTESIAN_POINT('',(18.327383962808,49.589540735418));
#1879 = CARTESIAN_POINT('',(19.284616378722,50.016448872353));
#1880 = CARTESIAN_POINT('',(20.222543428475,50.485103266391));
#1881 = CARTESIAN_POINT('',(21.138216050681,50.996142385289));
#1882 = CARTESIAN_POINT('',(22.028790876478,51.549444711421));
#1883 = CARTESIAN_POINT('',(22.891580798929,52.144032345743));
#1884 = CARTESIAN_POINT('',(24.437554720251,53.3212566008));
#1885 = CARTESIAN_POINT('',(25.128973783354,53.893588954321));
#1886 = CARTESIAN_POINT('',(25.7968655364,54.4938607707));
#1887 = CARTESIAN_POINT('',(26.440133364925,55.120694240903));
#1888 = CARTESIAN_POINT('',(27.058012916801,55.772514709293));
#1889 = CARTESIAN_POINT('',(27.65001310667,56.447609508588));
#1890 = CARTESIAN_POINT('',(28.215864004978,57.144180251812));
#1891 = CARTESIAN_POINT('',(29.067890483986,58.275054712559));
#1892 = CARTESIAN_POINT('',(29.371533801389,58.696332312065));
#1893 = CARTESIAN_POINT('',(29.666396894812,59.123886034912));
#1894 = CARTESIAN_POINT('',(29.952497697354,59.557385970358));
#1895 = CARTESIAN_POINT('',(30.229872986046,59.996510119765));
#1896 = CARTESIAN_POINT('',(30.498574623668,60.440946874585));
#1897 = CARTESIAN_POINT('',(30.758665800565,60.890397494348));
#1898 = CARTESIAN_POINT('',(31.304505641423,61.875921960704));
#1899 = CARTESIAN_POINT('',(31.587103648193,62.413735232429));
#1900 = CARTESIAN_POINT('',(31.858129294179,62.957569163857));
#1901 = CARTESIAN_POINT('',(32.117710214578,63.506996352759));
#1902 = CARTESIAN_POINT('',(32.365979644858,64.06161315813));
#1903 = CARTESIAN_POINT('',(32.603072383243,64.621041627657));
#1904 = CARTESIAN_POINT('',(32.8291207532,65.184931425207));
#1905 = CARTESIAN_POINT('',(33.200373739698,66.165190529778));
#1906 = CARTESIAN_POINT('',(33.350745515134,66.579597081873));
#1907 = CARTESIAN_POINT('',(33.495414013823,66.996057599583));
#1908 = CARTESIAN_POINT('',(33.634424745742,67.414453458371));
#1909 = CARTESIAN_POINT('',(33.767820457416,67.834671276443));
#1910 = CARTESIAN_POINT('',(33.895640980076,68.256602967027));
#1911 = CARTESIAN_POINT('',(34.017923077826,68.680145790644));
#1912 = CARTESIAN_POINT('',(34.500139719621,70.435362928472));
#1913 = CARTESIAN_POINT('',(34.811638110913,71.78023046341));
#1914 = CARTESIAN_POINT('',(35.070284487741,73.136978648447));
#1915 = CARTESIAN_POINT('',(35.276740057835,74.502960534353));
#1916 = CARTESIAN_POINT('',(35.431332592352,75.875695884285));
#1917 = CARTESIAN_POINT('',(35.534214114641,77.252850013406));
#1918 = CARTESIAN_POINT('',(35.585472660706,78.632216570966));
#1919 = CARTESIAN_POINT('',(35.584584542908,81.824457317221));
#1920 = CARTESIAN_POINT('',(35.494906822412,83.636459659022));
#1921 = CARTESIAN_POINT('',(35.316181015373,85.443461593748));
#1922 = CARTESIAN_POINT('',(35.048065525594,87.240592227137));
#1923 = CARTESIAN_POINT('',(34.690100931917,89.022403155228));
#1924 = CARTESIAN_POINT('',(34.240978233843,90.78272066399));
#1925 = CARTESIAN_POINT('',(33.69824404776,92.51461502213));
#1926 = CARTESIAN_POINT('',(32.842843735927,94.780642016081));
#1927 = CARTESIAN_POINT('',(32.616580687264,95.346764361532));
#1928 = CARTESIAN_POINT('',(32.379200798379,95.908409433927));
#1929 = CARTESIAN_POINT('',(32.130570489286,96.465224084771));
#1930 = CARTESIAN_POINT('',(31.870553548741,97.016827190466));
#1931 = CARTESIAN_POINT('',(31.599015215353,97.562811596714));
#1932 = CARTESIAN_POINT('',(31.315826258698,98.10274606292));
#1933 = CARTESIAN_POINT('',(30.769238623353,99.091245045633));
#1934 = CARTESIAN_POINT('',(30.509045985465,99.541576622675));
#1935 = CARTESIAN_POINT('',(30.24021784281,99.986887595017));
#1936 = CARTESIAN_POINT('',(29.962690439494,100.42687814521));
#1937 = CARTESIAN_POINT('',(29.676411348198,100.86123547054));
#1938 = CARTESIAN_POINT('',(29.381343250712,101.28963627256));
#1939 = CARTESIAN_POINT('',(29.077467718461,101.71174924653));
#1940 = CARTESIAN_POINT('',(28.225201860246,102.84424239239));
#1941 = CARTESIAN_POINT('',(27.659334590388,103.54160476186));
#1942 = CARTESIAN_POINT('',(27.067278985543,104.21748302406));
#1943 = CARTESIAN_POINT('',(26.449302945538,104.8700748136));
#1944 = CARTESIAN_POINT('',(25.805895872764,105.49766294038));
#1945 = CARTESIAN_POINT('',(25.137821028917,106.0986678786));
#1946 = CARTESIAN_POINT('',(24.446174843688,106.67170685935));
#1947 = CARTESIAN_POINT('',(22.92973365795,107.82744070567));
#1948 = CARTESIAN_POINT('',(22.098854841847,108.40260844685));
#1949 = CARTESIAN_POINT('',(21.242028291239,108.93944469764));
#1950 = CARTESIAN_POINT('',(20.361648422759,109.43704082726));
#1951 = CARTESIAN_POINT('',(19.460254241457,109.89522580414));
#1952 = CARTESIAN_POINT('',(18.540488617411,110.31448964512));
#1953 = CARTESIAN_POINT('',(17.605055103005,110.69590217686));
#1954 = CARTESIAN_POINT('',(16.201377781188,111.20671282702));
#1955 = CARTESIAN_POINT('',(15.743046623779,111.36405415706));
#1956 = CARTESIAN_POINT('',(15.281947678426,111.51323231087));
#1957 = CARTESIAN_POINT('',(14.818336668818,111.65445580724));
#1958 = CARTESIAN_POINT('',(14.352455161076,111.78795709664));
#1959 = CARTESIAN_POINT('',(13.884529542296,111.91398918575));
#1960 = CARTESIAN_POINT('',(13.4147699991,112.03282226186));
#1961 = CARTESIAN_POINT('',(12.126371270004,112.33870882655));
#1962 = CARTESIAN_POINT('',(11.304471138106,112.51190029548));
#1963 = CARTESIAN_POINT('',(10.478634066063,112.6658071249));
#1964 = CARTESIAN_POINT('',(9.649699551356,112.80203797102));
#1965 = CARTESIAN_POINT('',(8.8183761266,112.92228391083));
#1966 = CARTESIAN_POINT('',(7.985237485106,113.02829490642));
#1967 = CARTESIAN_POINT('',(7.150720228761,113.1218665684));
#1968 = CARTESIAN_POINT('',(5.969095692956,113.2391960427));
#1969 = CARTESIAN_POINT('',(5.622887986348,113.27173648586));
#1970 = CARTESIAN_POINT('',(5.276523679207,113.30258887129));
#1971 = CARTESIAN_POINT('',(4.930024106867,113.33188471222));
#1972 = CARTESIAN_POINT('',(4.583408379203,113.35975671155));
#1973 = CARTESIAN_POINT('',(4.236693380627,113.38633876186));
#1974 = CARTESIAN_POINT('',(3.889893770089,113.41176594543));
#1975 = CARTESIAN_POINT('',(3.269004541353,113.45545652601));
#1976 = CARTESIAN_POINT('',(2.994942498148,113.47410288322));
#1977 = CARTESIAN_POINT('',(2.720842088742,113.49218078311));
#1978 = CARTESIAN_POINT('',(2.446709128048,113.50975791945));
#1979 = CARTESIAN_POINT('',(2.172549008612,113.52690250245));
#1980 = CARTESIAN_POINT('',(1.898366700616,113.54368325876));
#1981 = CARTESIAN_POINT('',(1.624166751875,113.56016943149));
#1982 = CARTESIAN_POINT('',(1.349953287842,113.5764307802));
#1983 = ( GEOMETRIC_REPRESENTATION_CONTEXT(2) 
PARAMETRIC_REPRESENTATION_CONTEXT() REPRESENTATION_CONTEXT('2D SPACE',''
  ) );
#1984 = PCURVE('',#1985,#2154);
#1985 = ( BOUNDED_SURFACE() B_SPLINE_SURFACE(14,5,(
    (#1986,#1987,#1988,#1989,#1990,#1991)
    ,(#1992,#1993,#1994,#1995,#1996,#1997)
    ,(#1998,#1999,#2000,#2001,#2002,#2003)
    ,(#2004,#2005,#2006,#2007,#2008,#2009)
    ,(#2010,#2011,#2012,#2013,#2014,#2015)
    ,(#2016,#2017,#2018,#2019,#2020,#2021)
    ,(#2022,#2023,#2024,#2025,#2026,#2027)
    ,(#2028,#2029,#2030,#2031,#2032,#2033)
    ,(#2034,#2035,#2036,#2037,#2038,#2039)
    ,(#2040,#2041,#2042,#2043,#2044,#2045)
    ,(#2046,#2047,#2048,#2049,#2050,#2051)
    ,(#2052,#2053,#2054,#2055,#2056,#2057)
    ,(#2058,#2059,#2060,#2061,#2062,#2063)
    ,(#2064,#2065,#2066,#2067,#2068,#2069)
    ,(#2070,#2071,#2072,#2073,#2074,#2075)
    ,(#2076,#2077,#2078,#2079,#2080,#2081)
    ,(#2082,#2083,#2084,#2085,#2086,#2087)
    ,(#2088,#2089,#2090,#2091,#2092,#2093)
    ,(#2094,#2095,#2096,#2097,#2098,#2099)
    ,(#2100,#2101,#2102,#2103,#2104,#2105)
    ,(#2106,#2107,#2108,#2109,#2110,#2111)
    ,(#2112,#2113,#2114,#2115,#2116,#2117)
    ,(#2118,#2119,#2120,#2121,#2122,#2123)
    ,(#2124,#2125,#2126,#2127,#2128,#2129)
    ,(#2130,#2131,#2132,#2133,#2134,#2135)
    ,(#2136,#2137,#2138,#2139,#2140,#2141)
    ,(#2142,#2143,#2144,#2145,#2146,#2147)
    ,(#2148,#2149,#2150,#2151,#2152,#2153
)),.UNSPECIFIED.,.T.,.F.,.F.) B_SPLINE_SURFACE_WITH_KNOTS((15,13,15),(6,
6),(0.,0.5,1.),(0.,1.),.UNSPECIFIED.) GEOMETRIC_REPRESENTATION_ITEM() 
RATIONAL_B_SPLINE_SURFACE((
    (1.,1.,1.,1.,1.,1.)
    ,(1.,1.,1.,1.,1.,1.)
    ,(1.,1.,1.,1.,1.,1.)
    ,(1.,1.,1.,1.,1.,1.)
    ,(1.,1.,1.,1.,1.,1.)
    ,(1.,1.,1.,1.,1.,1.)
    ,(1.,1.,1.,1.,1.,1.)
    ,(1.,1.,1.,1.,1.,1.)
    ,(1.,1.,1.,1.,1.,1.)
    ,(1.,1.,1.,1.,1.,1.)
    ,(1.,1.,1.,1.,1.,1.)
    ,(1.,1.,1.,1.,1.,1.)
    ,(1.,1.,1.,1.,1.,1.)
    ,(1.,1.,1.,1.,1.,1.)
    ,(1.,1.,1.,1.,1.,1.)
    ,(1.,1.,1.,1.,1.,1.)
    ,(1.,1.,1.,1.,1.,1.)
    ,(1.,1.,1.,1.,1.,1.)
    ,(1.,1.,1.,1.,1.,1.)
    ,(1.,1.,1.,1.,1.,1.)
    ,(1.,1.,1.,1.,1.,1.)
    ,(1.,1.,1.,1.,1.,1.)
    ,(1.,1.,1.,1.,1.,1.)
    ,(1.,1.,1.,1.,1.,1.)
    ,(1.,1.,1.,1.,1.,1.)
    ,(1.,1.,1.,1.,1.,1.)
    ,(1.,1.,1.,1.,1.,1.)
,(1.,1.,1.,1.,1.,1.))) REPRESENTATION_ITEM('') SURFACE() );
#1986 = CARTESIAN_POINT('',(7.105427357601E-15,60.65,4.));
#1987 = CARTESIAN_POINT('',(3.136271617798E-15,59.916730839895,
    19.6340105272));
#1988 = CARTESIAN_POINT('',(-1.398691766275E-13,66.785259549914,
    34.756385399204));
#1989 = CARTESIAN_POINT('',(2.270295258189E-13,47.240513126361,
    49.393344283054));
#1990 = CARTESIAN_POINT('',(-9.315478868752E-14,33.382332550939,
    46.790280878217));
#1991 = CARTESIAN_POINT('',(1.417936864559E-15,15.,51.5));
#1992 = CARTESIAN_POINT('',(-8.448640243402,60.649999999998,4.));
#1993 = CARTESIAN_POINT('',(-8.476923932431,59.916730839882,
    19.6340105272));
#1994 = CARTESIAN_POINT('',(-8.991355273792,66.785259549955,
    34.756385399204));
#1995 = CARTESIAN_POINT('',(-6.690491247967,47.240513126339,
    49.393344283054));
#1996 = CARTESIAN_POINT('',(-2.175577415785,33.382332550948,
    46.790280878217));
#1997 = CARTESIAN_POINT('',(-0.224399475256,15.,51.5));
#1998 = CARTESIAN_POINT('',(-16.89727997875,57.361035608655,4.));
#1999 = CARTESIAN_POINT('',(-16.95384429866,56.781859012616,
    19.6340105272));
#2000 = CARTESIAN_POINT('',(-17.98272095165,63.609823672171,
    34.756385399204));
#2001 = CARTESIAN_POINT('',(-13.3809775192,45.652925315413,
    49.393344283054));
#2002 = CARTESIAN_POINT('',(-4.351157124384,32.192295110138,
    46.790280878217));
#2003 = CARTESIAN_POINT('',(-0.448798991929,14.891542213643,51.5));
#2004 = CARTESIAN_POINT('',(-24.81140536196,50.783107406128,4.));
#2005 = CARTESIAN_POINT('',(-24.89447652071,50.512119906386,
    19.6340105272));
#2006 = CARTESIAN_POINT('',(-26.40518078876,57.258937679363,
    34.756385399204));
#2007 = CARTESIAN_POINT('',(-19.64820441681,42.477759566274,
    49.393344283054));
#2008 = CARTESIAN_POINT('',(-6.389083682134,29.812213026734,
    46.790280878217));
#2009 = CARTESIAN_POINT('',(-0.659001299772,14.674629600389,51.5));
#2010 = CARTESIAN_POINT('',(-31.6564868863,41.162128034596,4.));
#2011 = CARTESIAN_POINT('',(-31.76245259171,41.341892683138,
    19.6340105272));
#2012 = CARTESIAN_POINT('',(-33.69004434607,47.970070334554,
    34.756385399204));
#2013 = CARTESIAN_POINT('',(-25.06880379725,37.83369206795,
    49.393344283054));
#2014 = CARTESIAN_POINT('',(-8.151751306521,26.331082588449,
    46.790280878217));
#2015 = CARTESIAN_POINT('',(-0.840809949018,14.357365795023,51.5));
#2016 = CARTESIAN_POINT('',(-36.94598737533,28.989933140749,4.));
#2017 = CARTESIAN_POINT('',(-37.06967621235,29.739991428549,
    19.6340105272));
#2018 = CARTESIAN_POINT('',(-39.31927130286,36.218001380555,
    34.756385399204));
#2019 = CARTESIAN_POINT('',(-29.25759038737,31.958174192834,
    49.393344283054));
#2020 = CARTESIAN_POINT('',(-9.513818404411,21.926837898352,
    46.790280878217));
#2021 = CARTESIAN_POINT('',(-0.981301053916,13.955974070233,51.5));
#2022 = CARTESIAN_POINT('',(-40.28924545523,14.977291038645,4.));
#2023 = CARTESIAN_POINT('',(-40.42412677063,16.383858331692,
    19.6340105272));
#2024 = CARTESIAN_POINT('',(-42.87728948652,22.689057566316,
    34.756385399204));
#2025 = CARTESIAN_POINT('',(-31.90512189548,25.194249887829,
    49.393344283054));
#2026 = CARTESIAN_POINT('',(-10.37472801046,16.856678437232,
    46.790280878217));
#2027 = CARTESIAN_POINT('',(-1.070099405993,13.493892656624,51.5));
#2028 = CARTESIAN_POINT('',(-41.43292582328,-3.78617772055E-13,4.));
#2029 = CARTESIAN_POINT('',(-41.57162612714,2.108278950679,19.6340105272
    ));
#2030 = CARTESIAN_POINT('',(-44.09447127018,8.22873548807,
    34.756385399204));
#2031 = CARTESIAN_POINT('',(-32.8107895755,17.964700874582,
    49.393344283054));
#2032 = CARTESIAN_POINT('',(-10.66924053807,11.43747614972,
    46.790280878217));
#2033 = CARTESIAN_POINT('',(-1.100476217469,13.000000297357,51.5));
#2034 = CARTESIAN_POINT('',(-40.28924545524,-14.97729103864,4.));
#2035 = CARTESIAN_POINT('',(-40.42412448936,-12.16730107953,
    19.6340105272));
#2036 = CARTESIAN_POINT('',(-42.8772976555,-6.23158419808,
    34.756385399204));
#2037 = CARTESIAN_POINT('',(-31.90511848123,10.735150395304,
    49.393344283054));
#2038 = CARTESIAN_POINT('',(-10.37472981943,6.018274935325,
    46.790280878217));
#2039 = CARTESIAN_POINT('',(-1.070099446977,12.506107564073,51.5));
#2040 = CARTESIAN_POINT('',(-36.94598737532,-28.98993314074,4.));
#2041 = CARTESIAN_POINT('',(-37.06967571681,-25.5234323523,19.6340105272
    ));
#2042 = CARTESIAN_POINT('',(-39.31927307732,-19.760534505,
    34.756385399204));
#2043 = CARTESIAN_POINT('',(-29.25758964572,3.971228494858,
    49.393344283054));
#2044 = CARTESIAN_POINT('',(-9.513818797353,0.948114886206,
    46.790280878217));
#2045 = CARTESIAN_POINT('',(-0.981301062818,12.044025282098,51.5));
#2046 = CARTESIAN_POINT('',(-31.65648688629,-41.16212803459,4.));
#2047 = CARTESIAN_POINT('',(-31.76245804602,-37.12533725425,
    19.6340105272));
#2048 = CARTESIAN_POINT('',(-33.69002481487,-31.51259029003,
    34.756385399204));
#2049 = CARTESIAN_POINT('',(-25.0688119604,-1.904295588074,
    49.393344283054));
#2050 = CARTESIAN_POINT('',(-8.151746981465,-3.456126646639,
    46.790280878217));
#2051 = CARTESIAN_POINT('',(-0.840809851031,11.64263372679,51.5));
#2052 = CARTESIAN_POINT('',(-24.81140536197,-50.78310740612,4.));
#2053 = CARTESIAN_POINT('',(-24.89447036803,-46.29556049936,
    19.6340105272));
#2054 = CARTESIAN_POINT('',(-26.40520282078,-40.80147220966,
    34.756385399204));
#2055 = CARTESIAN_POINT('',(-19.64819520843,-6.548354728008,
    49.393344283054));
#2056 = CARTESIAN_POINT('',(-6.38908856098,-6.937262775883,
    46.790280878217));
#2057 = CARTESIAN_POINT('',(-0.659001410306,11.325371513651,51.5));
#2058 = CARTESIAN_POINT('',(-16.89727997874,-57.36103560865,4.));
#2059 = CARTESIAN_POINT('',(-16.95384676903,-52.56530181986,
    19.6340105272));
#2060 = CARTESIAN_POINT('',(-17.98271210553,-47.15234999179,
    34.756385399204));
#2061 = CARTESIAN_POINT('',(-13.38098121647,-9.723525866363,
    49.393344283054));
#2062 = CARTESIAN_POINT('',(-4.35115516547,-9.31734064855,
    46.790280878217));
#2063 = CARTESIAN_POINT('',(-0.448798947548,11.108457189338,51.5));
#2064 = CARTESIAN_POINT('',(-8.448640243405,-60.64999999999,4.));
#2065 = CARTESIAN_POINT('',(-8.476924014974,-55.70017315613,
    19.6340105272));
#2066 = CARTESIAN_POINT('',(-8.991354978236,-50.32778771936,
    34.756385399204));
#2067 = CARTESIAN_POINT('',(-6.690491371504,-11.31111226359,
    49.393344283054));
#2068 = CARTESIAN_POINT('',(-2.175577350334,-10.50737933262,
    46.790280878217));
#2069 = CARTESIAN_POINT('',(-0.224399473774,11.000000027181,51.5));
#2070 = CARTESIAN_POINT('',(8.448640243404,-60.65,4.));
#2071 = CARTESIAN_POINT('',(8.476924014973,-55.70017315613,19.6340105272
    ));
#2072 = CARTESIAN_POINT('',(8.991354978238,-50.32778771935,
    34.756385399204));
#2073 = CARTESIAN_POINT('',(6.690491371502,-11.3111122636,
    49.393344283054));
#2074 = CARTESIAN_POINT('',(2.175577350335,-10.50737933262,
    46.790280878217));
#2075 = CARTESIAN_POINT('',(0.224399473774,11.000000027181,51.5));
#2076 = CARTESIAN_POINT('',(16.897279978751,-57.36103560864,4.));
#2077 = CARTESIAN_POINT('',(16.95384676904,-52.56530181985,19.6340105272
    ));
#2078 = CARTESIAN_POINT('',(17.982712105526,-47.15234999181,
    34.756385399204));
#2079 = CARTESIAN_POINT('',(13.380981216478,-9.723525866352,
    49.393344283054));
#2080 = CARTESIAN_POINT('',(4.351155165467,-9.317340648553,
    46.790280878217));
#2081 = CARTESIAN_POINT('',(0.448798947548,11.108457189338,51.5));
#2082 = CARTESIAN_POINT('',(24.811405361971,-50.78310740613,4.));
#2083 = CARTESIAN_POINT('',(24.894470368024,-46.29556049936,
    19.6340105272));
#2084 = CARTESIAN_POINT('',(26.405202820804,-40.80147220964,
    34.756385399204));
#2085 = CARTESIAN_POINT('',(19.648195208424,-6.548354728018,
    49.393344283054));
#2086 = CARTESIAN_POINT('',(6.389088560984,-6.93726277588,
    46.790280878217));
#2087 = CARTESIAN_POINT('',(0.659001410306,11.325371513651,51.5));
#2088 = CARTESIAN_POINT('',(31.656486886301,-41.16212803459,4.));
#2089 = CARTESIAN_POINT('',(31.762458046031,-37.12533725425,
    19.6340105272));
#2090 = CARTESIAN_POINT('',(33.690024814857,-31.51259029003,
    34.756385399204));
#2091 = CARTESIAN_POINT('',(25.068811960417,-1.904295588071,
    49.393344283054));
#2092 = CARTESIAN_POINT('',(8.151746981462,-3.45612664664,
    46.790280878217));
#2093 = CARTESIAN_POINT('',(0.840809851031,11.64263372679,51.5));
#2094 = CARTESIAN_POINT('',(36.945987375328,-28.98993314074,4.));
#2095 = CARTESIAN_POINT('',(37.069675716813,-25.5234323523,19.6340105272
    ));
#2096 = CARTESIAN_POINT('',(39.319273077322,-19.760534505,
    34.756385399204));
#2097 = CARTESIAN_POINT('',(29.257589645726,3.971228494861,
    49.393344283054));
#2098 = CARTESIAN_POINT('',(9.513818797352,0.948114886205,
    46.790280878217));
#2099 = CARTESIAN_POINT('',(0.981301062818,12.044025282098,51.5));
#2100 = CARTESIAN_POINT('',(40.289245455238,-14.97729103865,4.));
#2101 = CARTESIAN_POINT('',(40.424124489353,-12.16730107954,
    19.6340105272));
#2102 = CARTESIAN_POINT('',(42.877297655526,-6.231584198073,
    34.756385399204));
#2103 = CARTESIAN_POINT('',(31.905118481219,10.735150395299,
    49.393344283054));
#2104 = CARTESIAN_POINT('',(10.374729819434,6.018274935327,
    46.790280878217));
#2105 = CARTESIAN_POINT('',(1.070099446977,12.506107564073,51.5));
#2106 = CARTESIAN_POINT('',(41.43292582329,1.905777123414E-13,4.));
#2107 = CARTESIAN_POINT('',(41.571626127146,2.10827895068,19.6340105272)
  );
#2108 = CARTESIAN_POINT('',(44.094471270183,8.228735488067,
    34.756385399204));
#2109 = CARTESIAN_POINT('',(32.810789575507,17.964700874583,
    49.393344283054));
#2110 = CARTESIAN_POINT('',(10.669240538071,11.43747614972,
    46.790280878217));
#2111 = CARTESIAN_POINT('',(1.100476217469,13.000000297357,51.5));
#2112 = CARTESIAN_POINT('',(40.28924545524,14.97729103865,4.));
#2113 = CARTESIAN_POINT('',(40.424126770645,16.383858331695,
    19.6340105272));
#2114 = CARTESIAN_POINT('',(42.877289486508,22.68905756631,
    34.756385399204));
#2115 = CARTESIAN_POINT('',(31.905121895499,25.194249887833,
    49.393344283054));
#2116 = CARTESIAN_POINT('',(10.374728010458,16.856678437231,
    46.790280878217));
#2117 = CARTESIAN_POINT('',(1.070099405993,13.493892656624,51.5));
#2118 = CARTESIAN_POINT('',(36.945987375327,28.989933140745,4.));
#2119 = CARTESIAN_POINT('',(37.069676212345,29.739991428544,
    19.6340105272));
#2120 = CARTESIAN_POINT('',(39.319271302887,36.218001380564,
    34.756385399204));
#2121 = CARTESIAN_POINT('',(29.25759038736,31.958174192827,
    49.393344283054));
#2122 = CARTESIAN_POINT('',(9.513818404415,21.926837898354,
    46.790280878217));
#2123 = CARTESIAN_POINT('',(0.981301053916,13.955974070233,51.5));
#2124 = CARTESIAN_POINT('',(31.6564868863,41.162128034593,4.));
#2125 = CARTESIAN_POINT('',(31.762452591712,41.341892683137,
    19.6340105272));
#2126 = CARTESIAN_POINT('',(33.690044346077,47.970070334556,
    34.756385399204));
#2127 = CARTESIAN_POINT('',(25.06880379725,37.83369206795,
    49.393344283054));
#2128 = CARTESIAN_POINT('',(8.151751306521,26.331082588449,
    46.790280878217));
#2129 = CARTESIAN_POINT('',(0.840809949018,14.357365795023,51.5));
#2130 = CARTESIAN_POINT('',(24.811405361972,50.783107406138,4.));
#2131 = CARTESIAN_POINT('',(24.894476520741,50.512119906395,
    19.6340105272));
#2132 = CARTESIAN_POINT('',(26.405180788702,57.258937679343,
    34.756385399204));
#2133 = CARTESIAN_POINT('',(19.648204416846,42.477759566289,
    49.393344283054));
#2134 = CARTESIAN_POINT('',(6.389083682121,29.812213026729,
    46.790280878217));
#2135 = CARTESIAN_POINT('',(0.659001299772,14.674629600389,51.5));
#2136 = CARTESIAN_POINT('',(16.89727997875,57.361035608646,4.));
#2137 = CARTESIAN_POINT('',(16.953844298632,56.781859012605,
    19.6340105272));
#2138 = CARTESIAN_POINT('',(17.982720951751,63.609823672198,
    34.756385399204));
#2139 = CARTESIAN_POINT('',(13.380977519157,45.652925315388,
    49.393344283054));
#2140 = CARTESIAN_POINT('',(4.351157124406,32.192295110145,
    46.790280878217));
#2141 = CARTESIAN_POINT('',(0.448798991929,14.891542213643,51.5));
#2142 = CARTESIAN_POINT('',(8.448640243404,60.650000000002,4.));
#2143 = CARTESIAN_POINT('',(8.476923932452,59.916730839888,19.6340105272
    ));
#2144 = CARTESIAN_POINT('',(8.991355273731,66.785259549941,
    34.756385399204));
#2145 = CARTESIAN_POINT('',(6.690491248,47.240513126355,49.393344283054)
  );
#2146 = CARTESIAN_POINT('',(2.175577415769,33.382332550943,
    46.790280878217));
#2147 = CARTESIAN_POINT('',(0.224399475256,15.,51.5));
#2148 = CARTESIAN_POINT('',(7.000745506488E-15,60.65,4.));
#2149 = CARTESIAN_POINT('',(-1.851694614638E-14,59.916730839895,
    19.6340105272));
#2150 = CARTESIAN_POINT('',(2.717949168587E-13,66.785259549913,
    34.756385399204));
#2151 = CARTESIAN_POINT('',(-3.428348486339E-13,47.240513126362,
    49.393344283054));
#2152 = CARTESIAN_POINT('',(1.300531715884E-13,33.382332550939,
    46.790280878217));
#2153 = CARTESIAN_POINT('',(-3.584199656246E-16,15.,51.5));
#2154 = DEFINITIONAL_REPRESENTATION('',(#2155),#2284);
#2155 = B_SPLINE_CURVE_WITH_KNOTS('',8,(#2156,#2157,#2158,#2159,#2160,
    #2161,#2162,#2163,#2164,#2165,#2166,#2167,#2168,#2169,#2170,#2171,
    #2172,#2173,#2174,#2175,#2176,#2177,#2178,#2179,#2180,#2181,#2182,
    #2183,#2184,#2185,#2186,#2187,#2188,#2189,#2190,#2191,#2192,#2193,
    #2194,#2195,#2196,#2197,#2198,#2199,#2200,#2201,#2202,#2203,#2204,
    #2205,#2206,#2207,#2208,#2209,#2210,#2211,#2212,#2213,#2214,#2215,
    #2216,#2217,#2218,#2219,#2220,#2221,#2222,#2223,#2224,#2225,#2226,
    #2227,#2228,#2229,#2230,#2231,#2232,#2233,#2234,#2235,#2236,#2237,
    #2238,#2239,#2240,#2241,#2242,#2243,#2244,#2245,#2246,#2247,#2248,
    #2249,#2250,#2251,#2252,#2253,#2254,#2255,#2256,#2257,#2258,#2259,
    #2260,#2261,#2262,#2263,#2264,#2265,#2266,#2267,#2268,#2269,#2270,
    #2271,#2272,#2273,#2274,#2275,#2276,#2277,#2278,#2279,#2280,#2281,
    #2282,#2283),.UNSPECIFIED.,.F.,.F.,(9,7,7,7,7,7,7,7,7,7,7,7,7,7,7,7,
    7,7,9),(0.,2.498343874948E-02,0.102698294727,0.140376895044,
    0.217351839647,0.283317518037,0.32150994269,0.366191001166,
    0.398616765727,0.500089064202,0.633429367103,0.678271354078,
    0.716525862373,0.782541356133,0.856788682011,0.892432938103,
    0.954209058027,0.979791054344,1.),.UNSPECIFIED.);
#2156 = CARTESIAN_POINT('',(0.325008137016,3.01222270831E-02));
#2157 = CARTESIAN_POINT('',(0.325250876898,3.447674095558E-02));
#2158 = CARTESIAN_POINT('',(0.325499096585,3.883406691433E-02));
#2159 = CARTESIAN_POINT('',(0.325753094877,4.319420586783E-02));
#2160 = CARTESIAN_POINT('',(0.326013165805,4.755716456136E-02));
#2161 = CARTESIAN_POINT('',(0.326279598628,5.1922955577E-02));
#2162 = CARTESIAN_POINT('',(0.32655267784,5.629159733359E-02));
#2163 = CARTESIAN_POINT('',(0.326832683162,6.066311408681E-02));
#2164 = CARTESIAN_POINT('',(0.328013289489,7.864485263458E-02));
#2165 = CARTESIAN_POINT('',(0.328976287212,9.227895561578E-02));
#2166 = CARTESIAN_POINT('',(0.330017291073,0.105942399735));
#2167 = CARTESIAN_POINT('',(0.331144257411,0.119635627883));
#2168 = CARTESIAN_POINT('',(0.33236484819,0.133356845309));
#2169 = CARTESIAN_POINT('',(0.333686536355,0.147101802696));
#2170 = CARTESIAN_POINT('',(0.335116658889,0.160863487973));
#2171 = CARTESIAN_POINT('',(0.337411849896,0.18130700104));
#2172 = CARTESIAN_POINT('',(0.338188430041,0.187983512207));
#2173 = CARTESIAN_POINT('',(0.338992949002,0.194659892979));
#2174 = CARTESIAN_POINT('',(0.339826177629,0.201334514284));
#2175 = CARTESIAN_POINT('',(0.340688859167,0.208005474956));
#2176 = CARTESIAN_POINT('',(0.341581701777,0.214670591315));
#2177 = CARTESIAN_POINT('',(0.342505371063,0.221327386746));
#2178 = CARTESIAN_POINT('',(0.345411713697,0.241549805593));
#2179 = CARTESIAN_POINT('',(0.34749469316,0.255083874071));
#2180 = CARTESIAN_POINT('',(0.349714139253,0.268546957252));
#2181 = CARTESIAN_POINT('',(0.352074092683,0.281909222658));
#2182 = CARTESIAN_POINT('',(0.354577873623,0.295138983564));
#2183 = CARTESIAN_POINT('',(0.35722780727,0.30820237223));
#2184 = CARTESIAN_POINT('',(0.360024717914,0.3210630376));
#2185 = CARTESIAN_POINT('',(0.365488820727,0.344495901545));
#2186 = CARTESIAN_POINT('',(0.368118043185,0.355135307721));
#2187 = CARTESIAN_POINT('',(0.370854376936,0.365576674727));
#2188 = CARTESIAN_POINT('',(0.373697264229,0.375799608366));
#2189 = CARTESIAN_POINT('',(0.376646082962,0.3857859593));
#2190 = CARTESIAN_POINT('',(0.379700119017,0.395519202675));
#2191 = CARTESIAN_POINT('',(0.382858499481,0.404983969609));
#2192 = CARTESIAN_POINT('',(0.388008461598,0.419481733028));
#2193 = CARTESIAN_POINT('',(0.389931563251,0.424703234799));
#2194 = CARTESIAN_POINT('',(0.39188927102,0.429827657107));
#2195 = CARTESIAN_POINT('',(0.393881480824,0.43485258027));
#2196 = CARTESIAN_POINT('',(0.395908100837,0.439775709322));
#2197 = CARTESIAN_POINT('',(0.397969047136,0.44459483969));
#2198 = CARTESIAN_POINT('',(0.400064239331,0.449307822871));
#2199 = CARTESIAN_POINT('',(0.404684716379,0.459299550187));
#2200 = CARTESIAN_POINT('',(0.407222575307,0.46453833252));
#2201 = CARTESIAN_POINT('',(0.40980706564,0.469625552596));
#2202 = CARTESIAN_POINT('',(0.412438048683,0.474557839228));
#2203 = CARTESIAN_POINT('',(0.415115331607,0.479331754218));
#2204 = CARTESIAN_POINT('',(0.417838644653,0.48394377003));
#2205 = CARTESIAN_POINT('',(0.420607618342,0.488390247469));
#2206 = CARTESIAN_POINT('',(0.425464029138,0.495771421596));
#2207 = CARTESIAN_POINT('',(0.427530071961,0.49878623942));
#2208 = CARTESIAN_POINT('',(0.429619695648,0.50171042545));
#2209 = CARTESIAN_POINT('',(0.431732657318,0.504542482895));
#2210 = CARTESIAN_POINT('',(0.433868658937,0.507280868777));
#2211 = CARTESIAN_POINT('',(0.436027341564,0.50992400316));
#2212 = CARTESIAN_POINT('',(0.438208279585,0.512470278386));
#2213 = CARTESIAN_POINT('',(0.447304029439,0.522578114942));
#2214 = CARTESIAN_POINT('',(0.4544095638,0.529273036727));
#2215 = CARTESIAN_POINT('',(0.461712998485,0.534954224918));
#2216 = CARTESIAN_POINT('',(0.469191650571,0.539569279163));
#2217 = CARTESIAN_POINT('',(0.476812027484,0.543067281758));
#2218 = CARTESIAN_POINT('',(0.484530631925,0.545409173017));
#2219 = CARTESIAN_POINT('',(0.492298035217,0.54657592189));
#2220 = CARTESIAN_POINT('',(0.510273487544,0.546555706541));
#2221 = CARTESIAN_POINT('',(0.520476419321,0.544514439393));
#2222 = CARTESIAN_POINT('',(0.5305676932,0.540446676639));
#2223 = CARTESIAN_POINT('',(0.540436507654,0.534407384854));
#2224 = CARTESIAN_POINT('',(0.549992956836,0.526514687437));
#2225 = CARTESIAN_POINT('',(0.559186909162,0.516899314201));
#2226 = CARTESIAN_POINT('',(0.567991243608,0.505678086965));
#2227 = CARTESIAN_POINT('',(0.579223179212,0.488660472945));
#2228 = CARTESIAN_POINT('',(0.582004384162,0.484207061421));
#2229 = CARTESIAN_POINT('',(0.584739621983,0.479586770876));
#2230 = CARTESIAN_POINT('',(0.58742851488,0.474803284397));
#2231 = CARTESIAN_POINT('',(0.590070787306,0.469860171015));
#2232 = CARTESIAN_POINT('',(0.592666242671,0.464760907977));
#2233 = CARTESIAN_POINT('',(0.595214740053,0.459508903014));
#2234 = CARTESIAN_POINT('',(0.59985013093,0.449499616848));
#2235 = CARTESIAN_POINT('',(0.601949821785,0.444783036075));
#2236 = CARTESIAN_POINT('',(0.604015161783,0.439959910408));
#2237 = CARTESIAN_POINT('',(0.606046070221,0.435032397209));
#2238 = CARTESIAN_POINT('',(0.60804246296,0.430002709602));
#2239 = CARTESIAN_POINT('',(0.610004248013,0.424873150993));
#2240 = CARTESIAN_POINT('',(0.611931321127,0.419646149593));
#2241 = CARTESIAN_POINT('',(0.617088984953,0.405140408188));
#2242 = CARTESIAN_POINT('',(0.620251066453,0.395672950798));
#2243 = CARTESIAN_POINT('',(0.62330866766,0.385936462362));
#2244 = CARTESIAN_POINT('',(0.626260914587,0.375946325316));
#2245 = CARTESIAN_POINT('',(0.629107091397,0.365719080739));
#2246 = CARTESIAN_POINT('',(0.631846573523,0.355272898867));
#2247 = CARTESIAN_POINT('',(0.63447879997,0.344628202308));
#2248 = CARTESIAN_POINT('',(0.639842561407,0.32163950666));
#2249 = CARTESIAN_POINT('',(0.642546380045,0.309245557783));
#2250 = CARTESIAN_POINT('',(0.645113525471,0.296661460589));
#2251 = CARTESIAN_POINT('',(0.647544678669,0.283919809181));
#2252 = CARTESIAN_POINT('',(0.649841813404,0.271051155831));
#2253 = CARTESIAN_POINT('',(0.652007778663,0.25808426446));
#2254 = CARTESIAN_POINT('',(0.654046066979,0.245046388268));
#2255 = CARTESIAN_POINT('',(0.656879968304,0.225682843362));
#2256 = CARTESIAN_POINT('',(0.657770788981,0.219391037314));
#2257 = CARTESIAN_POINT('',(0.658633734247,0.213090602195));
#2258 = CARTESIAN_POINT('',(0.659469350567,0.206783742429));
#2259 = CARTESIAN_POINT('',(0.660278221119,0.2004724259));
#2260 = CARTESIAN_POINT('',(0.661060959605,0.1941583918));
#2261 = CARTESIAN_POINT('',(0.661818204066,0.187843158475));
#2262 = CARTESIAN_POINT('',(0.66381996639,0.170583096577));
#2263 = CARTESIAN_POINT('',(0.665014674701,0.159638842227));
#2264 = CARTESIAN_POINT('',(0.666138232226,0.148701510318));
#2265 = CARTESIAN_POINT('',(0.667194247486,0.137775812482));
#2266 = CARTESIAN_POINT('',(0.668186414565,0.126865072952));
#2267 = CARTESIAN_POINT('',(0.669118507573,0.115971341148));
#2268 = CARTESIAN_POINT('',(0.669994395912,0.105095473774));
#2269 = CARTESIAN_POINT('',(0.671159174825,8.97406808779E-02));
#2270 = CARTESIAN_POINT('',(0.671491312811,8.52472557377E-02));
#2271 = CARTESIAN_POINT('',(0.671814775064,8.075691982364E-02));
#2272 = CARTESIAN_POINT('',(0.672129846044,7.626967349701E-02));
#2273 = CARTESIAN_POINT('',(0.672436813926,7.178550867324E-02));
#2274 = CARTESIAN_POINT('',(0.672735970601,6.730440882198E-02));
#2275 = CARTESIAN_POINT('',(0.673027611676,6.282634896701E-02));
#2276 = CARTESIAN_POINT('',(0.673536722814,5.48161490371E-02));
#2277 = CARTESIAN_POINT('',(0.673756906158,5.128288483492E-02));
#2278 = CARTESIAN_POINT('',(0.673972734213,4.77514883032E-02));
#2279 = CARTESIAN_POINT('',(0.674184356805,4.42219478591E-02));
#2280 = CARTESIAN_POINT('',(0.674391925872,4.069425511352E-02));
#2281 = CARTESIAN_POINT('',(0.674595595464,3.716840487112E-02));
#2282 = CARTESIAN_POINT('',(0.674795521743,3.364439513027E-02));
#2283 = CARTESIAN_POINT('',(0.674991862984,3.01222270831E-02));
#2284 = ( GEOMETRIC_REPRESENTATION_CONTEXT(2) 
PARAMETRIC_REPRESENTATION_CONTEXT() REPRESENTATION_CONTEXT('2D SPACE',''
  ) );
#2285 = ADVANCED_FACE('',(#2286),#1985,.F.);
#2286 = FACE_BOUND('',#2287,.F.);
#2287 = EDGE_LOOP('',(#2288,#2856,#2882,#2958,#2959,#3525,#3560,#3595,
    #3638,#3694,#3761,#3795,#3857,#3908,#3946,#3981,#4025,#4591,#4640,
    #4677,#4711,#4745,#4796,#4836,#4868,#4912,#5476,#5477,#6043,#6092,
    #6129,#6169,#6225,#6254,#6288,#6320,#6364,#6930,#6965,#7000,#7043,
    #7099,#7154,#7188,#7250,#7301,#7339,#7374));
#2288 = ORIENTED_EDGE('',*,*,#2289,.F.);
#2289 = EDGE_CURVE('',#2290,#2292,#2294,.T.);
#2290 = VERTEX_POINT('',#2291);
#2291 = CARTESIAN_POINT('',(5.415900781651E-15,60.599509002119,6.35));
#2292 = VERTEX_POINT('',#2293);
#2293 = CARTESIAN_POINT('',(21.261496113459,50.095174346702,6.35));
#2294 = SURFACE_CURVE('',#2295,(#2480,#2668),.PCURVE_S1.);
#2295 = B_SPLINE_CURVE_WITH_KNOTS('',8,(#2296,#2297,#2298,#2299,#2300,
    #2301,#2302,#2303,#2304,#2305,#2306,#2307,#2308,#2309,#2310,#2311,
    #2312,#2313,#2314,#2315,#2316,#2317,#2318,#2319,#2320,#2321,#2322,
    #2323,#2324,#2325,#2326,#2327,#2328,#2329,#2330,#2331,#2332,#2333,
    #2334,#2335,#2336,#2337,#2338,#2339,#2340,#2341,#2342,#2343,#2344,
    #2345,#2346,#2347,#2348,#2349,#2350,#2351,#2352,#2353,#2354,#2355,
    #2356,#2357,#2358,#2359,#2360,#2361,#2362,#2363,#2364,#2365,#2366,
    #2367,#2368,#2369,#2370,#2371,#2372,#2373,#2374,#2375,#2376,#2377,
    #2378,#2379,#2380,#2381,#2382,#2383,#2384,#2385,#2386,#2387,#2388,
    #2389,#2390,#2391,#2392,#2393,#2394,#2395,#2396,#2397,#2398,#2399,
    #2400,#2401,#2402,#2403,#2404,#2405,#2406,#2407,#2408,#2409,#2410,
    #2411,#2412,#2413,#2414,#2415,#2416,#2417,#2418,#2419,#2420,#2421,
    #2422,#2423,#2424,#2425,#2426,#2427,#2428,#2429,#2430,#2431,#2432,
    #2433,#2434,#2435,#2436,#2437,#2438,#2439,#2440,#2441,#2442,#2443,
    #2444,#2445,#2446,#2447,#2448,#2449,#2450,#2451,#2452,#2453,#2454,
    #2455,#2456,#2457,#2458,#2459,#2460,#2461,#2462,#2463,#2464,#2465,
    #2466,#2467,#2468,#2469,#2470,#2471,#2472,#2473,#2474,#2475,#2476,
    #2477,#2478,#2479),.UNSPECIFIED.,.T.,.F.,(9,7,7,7,7,7,7,7,7,7,7,7,7,
    7,7,7,7,7,7,7,7,7,7,7,7,7,9),(0.,3.889914435276E-02,
    6.523833065353E-02,0.1030308728,0.13755688428,0.166628744505,
    0.249996729581,0.333364714666,0.362436574893,0.396962586378,
    0.434755128515,0.461094314768,0.482439145386,0.500000942956,
    0.525337025412,0.538906530651,0.565245668611,0.603038141455,
    0.637564089636,0.666635896559,0.750003728788,0.833371561009,
    0.862443367931,0.896969316108,0.934761788962,0.961100926969,1.),
  .UNSPECIFIED.);
#2296 = CARTESIAN_POINT('',(3.558628717824E-14,60.59950900212,6.35));
#2297 = CARTESIAN_POINT('',(1.515854084401,60.599509059478,6.35));
#2298 = CARTESIAN_POINT('',(3.032741933519,60.488104116763,6.35));
#2299 = CARTESIAN_POINT('',(4.539401001582,60.265029661805,6.35));
#2300 = CARTESIAN_POINT('',(6.026470050037,59.933498533362,6.35));
#2301 = CARTESIAN_POINT('',(7.486221152037,59.498986974882,6.35));
#2302 = CARTESIAN_POINT('',(8.912375123319,58.968428871816,6.35));
#2303 = CARTESIAN_POINT('',(10.299964754602,58.34964972905,6.35));
#2304 = CARTESIAN_POINT('',(12.556095786482,57.177719365448,6.35));
#2305 = CARTESIAN_POINT('',(13.447822486865,56.667755644994,6.35));
#2306 = CARTESIAN_POINT('',(14.319468047807,56.123359668038,6.35));
#2307 = CARTESIAN_POINT('',(15.170394864219,55.546899177046,6.35));
#2308 = CARTESIAN_POINT('',(16.000205880644,54.94066674779,6.35));
#2309 = CARTESIAN_POINT('',(16.808708170903,54.306827140361,6.35));
#2310 = CARTESIAN_POINT('',(17.595884216639,53.647376026012,6.35));
#2311 = CARTESIAN_POINT('',(19.460939929991,51.983731875278,6.35));
#2312 = CARTESIAN_POINT('',(20.51616447113,50.954520104444,6.35));
#2313 = CARTESIAN_POINT('',(21.528078412763,49.881721135751,6.35));
#2314 = CARTESIAN_POINT('',(22.497411811818,48.77007576364,6.35));
#2315 = CARTESIAN_POINT('',(23.425069382283,47.623801609585,6.35));
#2316 = CARTESIAN_POINT('',(24.312103243473,46.446570657807,6.35));
#2317 = CARTESIAN_POINT('',(25.159679911852,45.24148193569,6.35));
#2318 = CARTESIAN_POINT('',(26.708447411561,42.886928684032,6.35));
#2319 = CARTESIAN_POINT('',(27.415840860574,41.741839568061,6.35));
#2320 = CARTESIAN_POINT('',(28.092122909998,40.577771161354,6.35));
#2321 = CARTESIAN_POINT('',(28.738127255396,39.396529108501,6.35));
#2322 = CARTESIAN_POINT('',(29.354640148342,38.199726409096,6.35));
#2323 = CARTESIAN_POINT('',(29.942412197805,36.988789923692,6.35));
#2324 = CARTESIAN_POINT('',(30.502162085907,35.764962504909,6.35));
#2325 = CARTESIAN_POINT('',(31.48287620981,33.488839069717,6.35));
#2326 = CARTESIAN_POINT('',(31.911778591661,32.440029660123,6.35));
#2327 = CARTESIAN_POINT('',(32.32167855802,31.38352692443,6.35));
#2328 = CARTESIAN_POINT('',(32.712944603003,30.319936293151,6.35));
#2329 = CARTESIAN_POINT('',(33.085917437111,29.249815302908,6.35));
#2330 = CARTESIAN_POINT('',(33.440912923908,28.173674671538,6.35));
#2331 = CARTESIAN_POINT('',(33.778225016714,27.091979373209,6.35));
#2332 = CARTESIAN_POINT('',(35.015500834332,22.888499315216,6.35));
#2333 = CARTESIAN_POINT('',(35.789456967768,19.730489097153,6.35));
#2334 = CARTESIAN_POINT('',(36.426858117626,16.540132705395,6.35));
#2335 = CARTESIAN_POINT('',(36.932271923739,13.325425794233,6.35));
#2336 = CARTESIAN_POINT('',(37.3090520344,10.093517745573,6.35));
#2337 = CARTESIAN_POINT('',(37.559447188604,6.850732333793,6.35));
#2338 = CARTESIAN_POINT('',(37.684691935458,3.602586969308,6.35));
#2339 = CARTESIAN_POINT('',(37.684691935213,-2.895076081812,6.35));
#2340 = CARTESIAN_POINT('',(37.559447188082,-6.143221446435,6.35));
#2341 = CARTESIAN_POINT('',(37.309052033744,-9.386006858869,6.35));
#2342 = CARTESIAN_POINT('',(36.932271923206,-12.61791490721,6.35));
#2343 = CARTESIAN_POINT('',(36.426858117548,-15.83262181941,6.35));
#2344 = CARTESIAN_POINT('',(35.789456968383,-19.02297821117,6.35));
#2345 = CARTESIAN_POINT('',(35.015500835576,-22.18098842987,6.35));
#2346 = CARTESIAN_POINT('',(33.778225018351,-26.38446848838,6.35));
#2347 = CARTESIAN_POINT('',(33.440912925609,-27.46616378683,6.35));
#2348 = CARTESIAN_POINT('',(33.085917438826,-28.54230441831,6.35));
#2349 = CARTESIAN_POINT('',(32.712944604669,-29.61242540863,6.35));
#2350 = CARTESIAN_POINT('',(32.321678559562,-30.67601603997,6.35));
#2351 = CARTESIAN_POINT('',(31.911778592998,-31.73251877569,6.35));
#2352 = CARTESIAN_POINT('',(31.482876210855,-32.78132818527,6.35));
#2353 = CARTESIAN_POINT('',(30.502162086102,-35.05745162038,6.35));
#2354 = CARTESIAN_POINT('',(29.9424121974,-36.28127903909,6.35));
#2355 = CARTESIAN_POINT('',(29.354640147215,-37.49221552434,6.35));
#2356 = CARTESIAN_POINT('',(28.738127253434,-38.68901822352,6.35));
#2357 = CARTESIAN_POINT('',(28.092122907108,-39.87026027607,6.35));
#2358 = CARTESIAN_POINT('',(27.415840856697,-41.03432868241,6.35));
#2359 = CARTESIAN_POINT('',(26.708447406695,-42.17941779797,6.35));
#2360 = CARTESIAN_POINT('',(25.159679905342,-44.5339710483,6.35));
#2361 = CARTESIAN_POINT('',(24.312103236349,-45.73905976952,6.35));
#2362 = CARTESIAN_POINT('',(23.425069374717,-46.91629072046,6.35));
#2363 = CARTESIAN_POINT('',(22.49741180407,-48.06256487384,6.35));
#2364 = CARTESIAN_POINT('',(21.528078405177,-49.17421024555,6.35));
#2365 = CARTESIAN_POINT('',(20.516164464112,-50.24700921421,6.35));
#2366 = CARTESIAN_POINT('',(19.460939923953,-51.27622098544,6.35));
#2367 = CARTESIAN_POINT('',(17.595884213949,-52.93986513663,6.35));
#2368 = CARTESIAN_POINT('',(16.808708170498,-53.59931625084,6.35));
#2369 = CARTESIAN_POINT('',(16.000205882711,-54.23315585843,6.35));
#2370 = CARTESIAN_POINT('',(15.170394868893,-54.83938828814,6.35));
#2371 = CARTESIAN_POINT('',(14.319468055163,-55.41584877983,6.35));
#2372 = CARTESIAN_POINT('',(13.447822496901,-55.96024475763,6.35));
#2373 = CARTESIAN_POINT('',(12.556095799117,-56.47020847895,6.35));
#2374 = CARTESIAN_POINT('',(10.907043997609,-57.32679595471,6.35));
#2375 = CARTESIAN_POINT('',(10.156300983355,-57.68605413054,6.35));
#2376 = CARTESIAN_POINT('',(9.393509226236,-58.0198513526,6.35));
#2377 = CARTESIAN_POINT('',(8.619326093591,-58.32690739102,6.35));
#2378 = CARTESIAN_POINT('',(7.834548484226,-58.60597339411,6.35));
#2379 = CARTESIAN_POINT('',(7.040125777628,-58.85586695241,6.35));
#2380 = CARTESIAN_POINT('',(6.237175534995,-59.07551485309,6.35));
#2381 = CARTESIAN_POINT('',(4.760418707827,-59.41908578209,6.35));
#2382 = CARTESIAN_POINT('',(4.088904594929,-59.55308411127,6.35));
#2383 = CARTESIAN_POINT('',(3.413196293651,-59.66548415145,6.35));
#2384 = CARTESIAN_POINT('',(2.734065075202,-59.75585726177,6.35));
#2385 = CARTESIAN_POINT('',(2.052317745715,-59.82386927718,6.35));
#2386 = CARTESIAN_POINT('',(1.368797590236,-59.86928926444,6.35));
#2387 = CARTESIAN_POINT('',(0.684385316717,-59.89199827814,6.35));
#2388 = CARTESIAN_POINT('',(-0.98735019991,-59.89199817976,6.35));
#2389 = CARTESIAN_POINT('',(-1.974854038483,-59.84473387917,6.35));
#2390 = CARTESIAN_POINT('',(-2.95963676467,-59.75018044207,6.35));
#2391 = CARTESIAN_POINT('',(-3.939059260987,-59.60887387608,6.35));
#2392 = CARTESIAN_POINT('',(-4.91070366971,-59.42181617408,6.35));
#2393 = CARTESIAN_POINT('',(-5.87236123813,-59.19039599387,6.35));
#2394 = CARTESIAN_POINT('',(-6.822022382897,-58.91632481253,6.35));
#2395 = CARTESIAN_POINT('',(-8.25908991581,-58.43302206146,6.35));
#2396 = CARTESIAN_POINT('',(-8.756385144454,-58.25277819666,6.35));
#2397 = CARTESIAN_POINT('',(-9.249497903324,-58.06115146814,6.35));
#2398 = CARTESIAN_POINT('',(-9.738199471424,-57.85845054457,6.35));
#2399 = CARTESIAN_POINT('',(-10.22228754839,-57.6449944551,6.35));
#2400 = CARTESIAN_POINT('',(-10.70158464008,-57.42110878792,6.35));
#2401 = CARTESIAN_POINT('',(-11.17593644416,-57.18712188871,6.35));
#2402 = CARTESIAN_POINT('',(-12.55609579911,-56.47020847895,6.35));
#2403 = CARTESIAN_POINT('',(-13.4478224969,-55.96024475762,6.35));
#2404 = CARTESIAN_POINT('',(-14.31946805516,-55.41584877983,6.35));
#2405 = CARTESIAN_POINT('',(-15.17039486889,-54.83938828814,6.35));
#2406 = CARTESIAN_POINT('',(-16.00020588271,-54.23315585843,6.35));
#2407 = CARTESIAN_POINT('',(-16.8087081705,-53.59931625083,6.35));
#2408 = CARTESIAN_POINT('',(-17.59588421394,-52.93986513663,6.35));
#2409 = CARTESIAN_POINT('',(-19.46093992395,-51.27622098545,6.35));
#2410 = CARTESIAN_POINT('',(-20.5161644641,-50.2470092142,6.35));
#2411 = CARTESIAN_POINT('',(-21.52807840517,-49.17421024555,6.35));
#2412 = CARTESIAN_POINT('',(-22.49741180407,-48.06256487385,6.35));
#2413 = CARTESIAN_POINT('',(-23.42506937471,-46.91629072046,6.35));
#2414 = CARTESIAN_POINT('',(-24.31210323634,-45.73905976951,6.35));
#2415 = CARTESIAN_POINT('',(-25.15967990534,-44.5339710483,6.35));
#2416 = CARTESIAN_POINT('',(-26.70844740669,-42.17941779797,6.35));
#2417 = CARTESIAN_POINT('',(-27.4158408567,-41.0343286824,6.35));
#2418 = CARTESIAN_POINT('',(-28.0921229071,-39.87026027607,6.35));
#2419 = CARTESIAN_POINT('',(-28.73812725343,-38.68901822352,6.35));
#2420 = CARTESIAN_POINT('',(-29.35464014721,-37.49221552434,6.35));
#2421 = CARTESIAN_POINT('',(-29.9424121974,-36.28127903908,6.35));
#2422 = CARTESIAN_POINT('',(-30.50216208609,-35.05745162039,6.35));
#2423 = CARTESIAN_POINT('',(-31.48287621085,-32.78132818527,6.35));
#2424 = CARTESIAN_POINT('',(-31.91177859299,-31.73251877569,6.35));
#2425 = CARTESIAN_POINT('',(-32.32167855956,-30.67601603997,6.35));
#2426 = CARTESIAN_POINT('',(-32.71294460466,-29.61242540863,6.35));
#2427 = CARTESIAN_POINT('',(-33.08591743882,-28.54230441831,6.35));
#2428 = CARTESIAN_POINT('',(-33.44091292561,-27.46616378683,6.35));
#2429 = CARTESIAN_POINT('',(-33.77822501835,-26.38446848838,6.35));
#2430 = CARTESIAN_POINT('',(-35.01550083554,-22.18098842979,6.35));
#2431 = CARTESIAN_POINT('',(-35.78945696854,-19.02297821149,6.35));
#2432 = CARTESIAN_POINT('',(-36.42685811719,-15.83262181877,6.35));
#2433 = CARTESIAN_POINT('',(-36.93227192367,-12.617914908,6.35));
#2434 = CARTESIAN_POINT('',(-37.30905203337,-9.386006858283,6.35));
#2435 = CARTESIAN_POINT('',(-37.55944718825,-6.143221446693,6.35));
#2436 = CARTESIAN_POINT('',(-37.68469193517,-2.895076081757,6.35));
#2437 = CARTESIAN_POINT('',(-37.68469193545,3.602586969324,6.35));
#2438 = CARTESIAN_POINT('',(-37.55944718863,6.850732333718,6.35));
#2439 = CARTESIAN_POINT('',(-37.30905203432,10.093517745746,6.35));
#2440 = CARTESIAN_POINT('',(-36.93227192385,13.325425794002,6.35));
#2441 = CARTESIAN_POINT('',(-36.42685811751,16.540132705585,6.35));
#2442 = CARTESIAN_POINT('',(-35.78945696782,19.730489097062,6.35));
#2443 = CARTESIAN_POINT('',(-35.01550083431,22.888499315237,6.35));
#2444 = CARTESIAN_POINT('',(-33.77822501671,27.091979373209,6.35));
#2445 = CARTESIAN_POINT('',(-33.4409129239,28.173674671538,6.35));
#2446 = CARTESIAN_POINT('',(-33.08591743711,29.249815302908,6.35));
#2447 = CARTESIAN_POINT('',(-32.712944603,30.319936293152,6.35));
#2448 = CARTESIAN_POINT('',(-32.32167855802,31.383526924431,6.35));
#2449 = CARTESIAN_POINT('',(-31.91177859166,32.440029660124,6.35));
#2450 = CARTESIAN_POINT('',(-31.48287620981,33.488839069717,6.35));
#2451 = CARTESIAN_POINT('',(-30.5021620859,35.76496250491,6.35));
#2452 = CARTESIAN_POINT('',(-29.9424121978,36.988789923691,6.35));
#2453 = CARTESIAN_POINT('',(-29.35464014834,38.199726409097,6.35));
#2454 = CARTESIAN_POINT('',(-28.73812725539,39.396529108502,6.35));
#2455 = CARTESIAN_POINT('',(-28.09212290999,40.577771161354,6.35));
#2456 = CARTESIAN_POINT('',(-27.41584086057,41.74183956806,6.35));
#2457 = CARTESIAN_POINT('',(-26.70844741155,42.886928684033,6.35));
#2458 = CARTESIAN_POINT('',(-25.15967991185,45.241481935689,6.35));
#2459 = CARTESIAN_POINT('',(-24.31210324347,46.446570657808,6.35));
#2460 = CARTESIAN_POINT('',(-23.42506938228,47.623801609585,6.35));
#2461 = CARTESIAN_POINT('',(-22.49741181182,48.77007576364,6.35));
#2462 = CARTESIAN_POINT('',(-21.52807841276,49.881721135751,6.35));
#2463 = CARTESIAN_POINT('',(-20.51616447112,50.954520104445,6.35));
#2464 = CARTESIAN_POINT('',(-19.46093992999,51.983731875277,6.35));
#2465 = CARTESIAN_POINT('',(-17.59588421663,53.647376026012,6.35));
#2466 = CARTESIAN_POINT('',(-16.8087081709,54.306827140362,6.35));
#2467 = CARTESIAN_POINT('',(-16.00020588064,54.94066674779,6.35));
#2468 = CARTESIAN_POINT('',(-15.17039486421,55.546899177046,6.35));
#2469 = CARTESIAN_POINT('',(-14.3194680478,56.123359668038,6.35));
#2470 = CARTESIAN_POINT('',(-13.44782248686,56.667755644995,6.35));
#2471 = CARTESIAN_POINT('',(-12.55609578648,57.177719365447,6.35));
#2472 = CARTESIAN_POINT('',(-10.2999647546,58.349649729049,6.35));
#2473 = CARTESIAN_POINT('',(-8.912375123318,58.968428871817,6.35));
#2474 = CARTESIAN_POINT('',(-7.48622115204,59.498986974881,6.35));
#2475 = CARTESIAN_POINT('',(-6.026470050035,59.933498533361,6.35));
#2476 = CARTESIAN_POINT('',(-4.539401001578,60.265029661805,6.35));
#2477 = CARTESIAN_POINT('',(-3.032741933523,60.488104116761,6.35));
#2478 = CARTESIAN_POINT('',(-1.515854084399,60.599509059478,6.35));
#2479 = CARTESIAN_POINT('',(3.749128942389E-15,60.599509002119,6.35));
#2480 = PCURVE('',#1985,#2481);
#2481 = DEFINITIONAL_REPRESENTATION('',(#2482),#2667);
#2482 = B_SPLINE_CURVE_WITH_KNOTS('',8,(#2483,#2484,#2485,#2486,#2487,
    #2488,#2489,#2490,#2491,#2492,#2493,#2494,#2495,#2496,#2497,#2498,
    #2499,#2500,#2501,#2502,#2503,#2504,#2505,#2506,#2507,#2508,#2509,
    #2510,#2511,#2512,#2513,#2514,#2515,#2516,#2517,#2518,#2519,#2520,
    #2521,#2522,#2523,#2524,#2525,#2526,#2527,#2528,#2529,#2530,#2531,
    #2532,#2533,#2534,#2535,#2536,#2537,#2538,#2539,#2540,#2541,#2542,
    #2543,#2544,#2545,#2546,#2547,#2548,#2549,#2550,#2551,#2552,#2553,
    #2554,#2555,#2556,#2557,#2558,#2559,#2560,#2561,#2562,#2563,#2564,
    #2565,#2566,#2567,#2568,#2569,#2570,#2571,#2572,#2573,#2574,#2575,
    #2576,#2577,#2578,#2579,#2580,#2581,#2582,#2583,#2584,#2585,#2586,
    #2587,#2588,#2589,#2590,#2591,#2592,#2593,#2594,#2595,#2596,#2597,
    #2598,#2599,#2600,#2601,#2602,#2603,#2604,#2605,#2606,#2607,#2608,
    #2609,#2610,#2611,#2612,#2613,#2614,#2615,#2616,#2617,#2618,#2619,
    #2620,#2621,#2622,#2623,#2624,#2625,#2626,#2627,#2628,#2629,#2630,
    #2631,#2632,#2633,#2634,#2635,#2636,#2637,#2638,#2639,#2640,#2641,
    #2642,#2643,#2644,#2645,#2646,#2647,#2648,#2649,#2650,#2651,#2652,
    #2653,#2654,#2655,#2656,#2657,#2658,#2659,#2660,#2661,#2662,#2663,
    #2664,#2665,#2666),.UNSPECIFIED.,.F.,.F.,(9,7,7,7,7,7,7,7,7,7,7,7,7,
    7,7,7,7,7,7,7,7,7,7,7,7,7,9),(0.,3.889914435276E-02,
    6.523833065353E-02,0.1030308728,0.13755688428,0.166628744505,
    0.249996729581,0.333364714666,0.362436574893,0.396962586378,
    0.434755128515,0.461094314768,0.482439145386,0.500000942956,
    0.525337025412,0.538906530651,0.565245668611,0.603038141455,
    0.637564089636,0.666635896559,0.750003728788,0.833371561009,
    0.862443367931,0.896969316108,0.934761788962,0.961100926969,1.),
  .UNSPECIFIED.);
#2483 = CARTESIAN_POINT('',(1.,3.01228270831E-02));
#2484 = CARTESIAN_POINT('',(0.993598045611,3.01228270831E-02));
#2485 = CARTESIAN_POINT('',(0.987191726591,3.01228270831E-02));
#2486 = CARTESIAN_POINT('',(0.980812818419,3.01228270831E-02));
#2487 = CARTESIAN_POINT('',(0.974484994102,3.01228270831E-02));
#2488 = CARTESIAN_POINT('',(0.968226636433,3.01228270831E-02));
#2489 = CARTESIAN_POINT('',(0.962052366761,3.01228270831E-02));
#2490 = CARTESIAN_POINT('',(0.955973795549,3.01228270831E-02));
#2491 = CARTESIAN_POINT('',(0.945955054629,3.01228270831E-02));
#2492 = CARTESIAN_POINT('',(0.941957013376,3.01228270831E-02));
#2493 = CARTESIAN_POINT('',(0.938007538611,3.01228270831E-02));
#2494 = CARTESIAN_POINT('',(0.934107534595,3.01228270831E-02));
#2495 = CARTESIAN_POINT('',(0.930257282241,3.01228270831E-02));
#2496 = CARTESIAN_POINT('',(0.926456526586,3.01228270831E-02));
#2497 = CARTESIAN_POINT('',(0.922704516982,3.01228270831E-02));
#2498 = CARTESIAN_POINT('',(0.913684607468,3.01228270831E-02));
#2499 = CARTESIAN_POINT('',(0.908468057247,3.01228270831E-02));
#2500 = CARTESIAN_POINT('',(0.903346102431,3.01228270831E-02));
#2501 = CARTESIAN_POINT('',(0.898314524947,3.01228270831E-02));
#2502 = CARTESIAN_POINT('',(0.893368974039,3.01228270831E-02));
#2503 = CARTESIAN_POINT('',(0.88850481935,3.01228270831E-02));
#2504 = CARTESIAN_POINT('',(0.883717018623,3.01228270831E-02));
#2505 = CARTESIAN_POINT('',(0.87469068843,3.01228270831E-02));
#2506 = CARTESIAN_POINT('',(0.870441139456,3.01228270831E-02));
#2507 = CARTESIAN_POINT('',(0.866247441892,3.01228270831E-02));
#2508 = CARTESIAN_POINT('',(0.862106074132,3.01228270831E-02));
#2509 = CARTESIAN_POINT('',(0.858013762066,3.01228270831E-02));
#2510 = CARTESIAN_POINT('',(0.853967367431,3.01228270831E-02));
#2511 = CARTESIAN_POINT('',(0.849963806632,3.01228270831E-02));
#2512 = CARTESIAN_POINT('',(0.842662364767,3.01228270831E-02));
#2513 = CARTESIAN_POINT('',(0.839353048747,3.01228270831E-02));
#2514 = CARTESIAN_POINT('',(0.836070285746,3.01228270831E-02));
#2515 = CARTESIAN_POINT('',(0.832812430639,3.01228270831E-02));
#2516 = CARTESIAN_POINT('',(0.829577933938,3.01228270831E-02));
#2517 = CARTESIAN_POINT('',(0.826365316366,3.01228270831E-02));
#2518 = CARTESIAN_POINT('',(0.823173143432,3.01228270831E-02));
#2519 = CARTESIAN_POINT('',(0.810900528131,3.01228270831E-02));
#2520 = CARTESIAN_POINT('',(0.801960082035,3.01228270831E-02));
#2521 = CARTESIAN_POINT('',(0.793142555214,3.01228270831E-02));
#2522 = CARTESIAN_POINT('',(0.784420140487,3.01228270831E-02));
#2523 = CARTESIAN_POINT('',(0.775768160738,3.01228270831E-02));
#2524 = CARTESIAN_POINT('',(0.76716346849,3.01228270831E-02));
#2525 = CARTESIAN_POINT('',(0.758582639419,3.01228270831E-02));
#2526 = CARTESIAN_POINT('',(0.74141736058,3.01228270831E-02));
#2527 = CARTESIAN_POINT('',(0.732836531509,3.01228270831E-02));
#2528 = CARTESIAN_POINT('',(0.724231839261,3.01228270831E-02));
#2529 = CARTESIAN_POINT('',(0.715579859512,3.01228270831E-02));
#2530 = CARTESIAN_POINT('',(0.706857444785,3.01228270831E-02));
#2531 = CARTESIAN_POINT('',(0.698039917965,3.01228270831E-02));
#2532 = CARTESIAN_POINT('',(0.689099471869,3.01228270831E-02));
#2533 = CARTESIAN_POINT('',(0.676826856568,3.01228270831E-02));
#2534 = CARTESIAN_POINT('',(0.673634683634,3.01228270831E-02));
#2535 = CARTESIAN_POINT('',(0.670422066062,3.01228270831E-02));
#2536 = CARTESIAN_POINT('',(0.667187569361,3.01228270831E-02));
#2537 = CARTESIAN_POINT('',(0.663929714254,3.01228270831E-02));
#2538 = CARTESIAN_POINT('',(0.660646951253,3.01228270831E-02));
#2539 = CARTESIAN_POINT('',(0.657337635233,3.01228270831E-02));
#2540 = CARTESIAN_POINT('',(0.650036193367,3.01228270831E-02));
#2541 = CARTESIAN_POINT('',(0.646032632569,3.01228270831E-02));
#2542 = CARTESIAN_POINT('',(0.641986237934,3.01228270831E-02));
#2543 = CARTESIAN_POINT('',(0.637893925867,3.01228270831E-02));
#2544 = CARTESIAN_POINT('',(0.633752558108,3.01228270831E-02));
#2545 = CARTESIAN_POINT('',(0.629558860543,3.01228270831E-02));
#2546 = CARTESIAN_POINT('',(0.62530931157,3.01228270831E-02));
#2547 = CARTESIAN_POINT('',(0.616282981379,3.01228270831E-02));
#2548 = CARTESIAN_POINT('',(0.611495180654,3.01228270831E-02));
#2549 = CARTESIAN_POINT('',(0.606631025966,3.01228270831E-02));
#2550 = CARTESIAN_POINT('',(0.601685475059,3.01228270831E-02));
#2551 = CARTESIAN_POINT('',(0.596653897576,3.01228270831E-02));
#2552 = CARTESIAN_POINT('',(0.59153194276,3.01228270831E-02));
#2553 = CARTESIAN_POINT('',(0.586315392536,3.01228270831E-02));
#2554 = CARTESIAN_POINT('',(0.577295483021,3.01228270831E-02));
#2555 = CARTESIAN_POINT('',(0.573543473419,3.01228270831E-02));
#2556 = CARTESIAN_POINT('',(0.569742717765,3.01228270831E-02));
#2557 = CARTESIAN_POINT('',(0.56589246541,3.01228270831E-02));
#2558 = CARTESIAN_POINT('',(0.561992461393,3.01228270831E-02));
#2559 = CARTESIAN_POINT('',(0.558042986627,3.01228270831E-02));
#2560 = CARTESIAN_POINT('',(0.554044945372,3.01228270831E-02));
#2561 = CARTESIAN_POINT('',(0.546722044751,3.01228270831E-02));
#2562 = CARTESIAN_POINT('',(0.543413310406,3.01228270831E-02));
#2563 = CARTESIAN_POINT('',(0.540074846005,3.01228270831E-02));
#2564 = CARTESIAN_POINT('',(0.536708052836,3.01228270831E-02));
#2565 = CARTESIAN_POINT('',(0.533314707776,3.01228270831E-02));
#2566 = CARTESIAN_POINT('',(0.529897013279,3.01228270831E-02));
#2567 = CARTESIAN_POINT('',(0.526457673988,3.01228270831E-02));
#2568 = CARTESIAN_POINT('',(0.520155143944,3.01228270831E-02));
#2569 = CARTESIAN_POINT('',(0.517297699997,3.01228270831E-02));
#2570 = CARTESIAN_POINT('',(0.514429560792,3.01228270831E-02));
#2571 = CARTESIAN_POINT('',(0.511552674572,3.01228270831E-02));
#2572 = CARTESIAN_POINT('',(0.508669070711,3.01228270831E-02));
#2573 = CARTESIAN_POINT('',(0.50578088524,3.01228270831E-02));
#2574 = CARTESIAN_POINT('',(0.502890386366,3.01228270831E-02));
#2575 = CARTESIAN_POINT('',(0.495830092734,3.01228270831E-02));
#2576 = CARTESIAN_POINT('',(0.491659537353,3.01228270831E-02));
#2577 = CARTESIAN_POINT('',(0.487496110635,3.01228270831E-02));
#2578 = CARTESIAN_POINT('',(0.483346594194,3.01228270831E-02));
#2579 = CARTESIAN_POINT('',(0.479217004906,3.01228270831E-02));
#2580 = CARTESIAN_POINT('',(0.475112777601,3.01228270831E-02));
#2581 = CARTESIAN_POINT('',(0.471038900013,3.01228270831E-02));
#2582 = CARTESIAN_POINT('',(0.464836844943,3.01228270831E-02));
#2583 = CARTESIAN_POINT('',(0.462683564213,3.01228270831E-02));
#2584 = CARTESIAN_POINT('',(0.460540769141,3.01228270831E-02));
#2585 = CARTESIAN_POINT('',(0.458408987943,3.01228270831E-02));
#2586 = CARTESIAN_POINT('',(0.456288671836,3.01228270831E-02));
#2587 = CARTESIAN_POINT('',(0.454180201174,3.01228270831E-02));
#2588 = CARTESIAN_POINT('',(0.452083891565,3.01228270831E-02));
#2589 = CARTESIAN_POINT('',(0.445955054628,3.01228270831E-02));
#2590 = CARTESIAN_POINT('',(0.441957013373,3.01228270831E-02));
#2591 = CARTESIAN_POINT('',(0.438007538607,3.01228270831E-02));
#2592 = CARTESIAN_POINT('',(0.43410753459,3.01228270831E-02));
#2593 = CARTESIAN_POINT('',(0.430257282235,3.01228270831E-02));
#2594 = CARTESIAN_POINT('',(0.426456526581,3.01228270831E-02));
#2595 = CARTESIAN_POINT('',(0.422704516979,3.01228270831E-02));
#2596 = CARTESIAN_POINT('',(0.413684607464,3.01228270831E-02));
#2597 = CARTESIAN_POINT('',(0.40846805724,3.01228270831E-02));
#2598 = CARTESIAN_POINT('',(0.403346102424,3.01228270831E-02));
#2599 = CARTESIAN_POINT('',(0.398314524941,3.01228270831E-02));
#2600 = CARTESIAN_POINT('',(0.393368974034,3.01228270831E-02));
#2601 = CARTESIAN_POINT('',(0.388504819346,3.01228270831E-02));
#2602 = CARTESIAN_POINT('',(0.383717018621,3.01228270831E-02));
#2603 = CARTESIAN_POINT('',(0.37469068843,3.01228270831E-02));
#2604 = CARTESIAN_POINT('',(0.370441139456,3.01228270831E-02));
#2605 = CARTESIAN_POINT('',(0.366247441892,3.01228270831E-02));
#2606 = CARTESIAN_POINT('',(0.362106074133,3.01228270831E-02));
#2607 = CARTESIAN_POINT('',(0.358013762066,3.01228270831E-02));
#2608 = CARTESIAN_POINT('',(0.353967367431,3.01228270831E-02));
#2609 = CARTESIAN_POINT('',(0.349963806633,3.01228270831E-02));
#2610 = CARTESIAN_POINT('',(0.342662364767,3.01228270831E-02));
#2611 = CARTESIAN_POINT('',(0.339353048747,3.01228270831E-02));
#2612 = CARTESIAN_POINT('',(0.336070285746,3.01228270831E-02));
#2613 = CARTESIAN_POINT('',(0.332812430639,3.01228270831E-02));
#2614 = CARTESIAN_POINT('',(0.329577933938,3.01228270831E-02));
#2615 = CARTESIAN_POINT('',(0.326365316366,3.01228270831E-02));
#2616 = CARTESIAN_POINT('',(0.323173143432,3.01228270831E-02));
#2617 = CARTESIAN_POINT('',(0.310900528131,3.01228270831E-02));
#2618 = CARTESIAN_POINT('',(0.301960082036,3.01228270831E-02));
#2619 = CARTESIAN_POINT('',(0.293142555213,3.01228270831E-02));
#2620 = CARTESIAN_POINT('',(0.284420140489,3.01228270831E-02));
#2621 = CARTESIAN_POINT('',(0.275768160738,3.01228270831E-02));
#2622 = CARTESIAN_POINT('',(0.267163468492,3.01228270831E-02));
#2623 = CARTESIAN_POINT('',(0.25858263942,3.01228270831E-02));
#2624 = CARTESIAN_POINT('',(0.241417360581,3.01228270831E-02));
#2625 = CARTESIAN_POINT('',(0.23283653151,3.01228270831E-02));
#2626 = CARTESIAN_POINT('',(0.224231839263,3.01228270831E-02));
#2627 = CARTESIAN_POINT('',(0.215579859512,3.01228270831E-02));
#2628 = CARTESIAN_POINT('',(0.206857444786,3.01228270831E-02));
#2629 = CARTESIAN_POINT('',(0.198039917965,3.01228270831E-02));
#2630 = CARTESIAN_POINT('',(0.189099471869,3.01228270831E-02));
#2631 = CARTESIAN_POINT('',(0.176826856568,3.01228270831E-02));
#2632 = CARTESIAN_POINT('',(0.173634683634,3.01228270831E-02));
#2633 = CARTESIAN_POINT('',(0.170422066062,3.01228270831E-02));
#2634 = CARTESIAN_POINT('',(0.167187569361,3.01228270831E-02));
#2635 = CARTESIAN_POINT('',(0.163929714254,3.01228270831E-02));
#2636 = CARTESIAN_POINT('',(0.160646951253,3.01228270831E-02));
#2637 = CARTESIAN_POINT('',(0.157337635233,3.01228270831E-02));
#2638 = CARTESIAN_POINT('',(0.150036193368,3.01228270831E-02));
#2639 = CARTESIAN_POINT('',(0.146032632569,3.01228270831E-02));
#2640 = CARTESIAN_POINT('',(0.141986237934,3.01228270831E-02));
#2641 = CARTESIAN_POINT('',(0.137893925868,3.01228270831E-02));
#2642 = CARTESIAN_POINT('',(0.133752558108,3.01228270831E-02));
#2643 = CARTESIAN_POINT('',(0.129558860544,3.01228270831E-02));
#2644 = CARTESIAN_POINT('',(0.12530931157,3.01228270831E-02));
#2645 = CARTESIAN_POINT('',(0.116282981378,3.01228270831E-02));
#2646 = CARTESIAN_POINT('',(0.11149518065,3.01228270831E-02));
#2647 = CARTESIAN_POINT('',(0.106631025961,3.01228270831E-02));
#2648 = CARTESIAN_POINT('',(0.101685475053,3.01228270831E-02));
#2649 = CARTESIAN_POINT('',(9.66538975693E-02,3.01228270831E-02));
#2650 = CARTESIAN_POINT('',(9.153194275315E-02,3.01228270831E-02));
#2651 = CARTESIAN_POINT('',(8.63153925319E-02,3.01228270831E-02));
#2652 = CARTESIAN_POINT('',(7.72954830184E-02,3.01228270831E-02));
#2653 = CARTESIAN_POINT('',(7.354347341442E-02,3.01228270831E-02));
#2654 = CARTESIAN_POINT('',(6.974271775922E-02,3.01228270831E-02));
#2655 = CARTESIAN_POINT('',(6.589246540485E-02,3.01228270831E-02));
#2656 = CARTESIAN_POINT('',(6.199246138894E-02,3.01228270831E-02));
#2657 = CARTESIAN_POINT('',(5.804298662401E-02,3.01228270831E-02));
#2658 = CARTESIAN_POINT('',(5.404494537142E-02,3.01228270831E-02));
#2659 = CARTESIAN_POINT('',(4.402620445053E-02,3.01228270831E-02));
#2660 = CARTESIAN_POINT('',(3.794763323899E-02,3.01228270831E-02));
#2661 = CARTESIAN_POINT('',(3.177336356737E-02,3.01228270831E-02));
#2662 = CARTESIAN_POINT('',(2.551500589819E-02,3.01228270831E-02));
#2663 = CARTESIAN_POINT('',(1.91871815811E-02,3.01228270831E-02));
#2664 = CARTESIAN_POINT('',(1.280827340957E-02,3.01228270831E-02));
#2665 = CARTESIAN_POINT('',(6.401954389348E-03,3.01228270831E-02));
#2666 = CARTESIAN_POINT('',(0.,3.01228270831E-02));
#2667 = ( GEOMETRIC_REPRESENTATION_CONTEXT(2) 
PARAMETRIC_REPRESENTATION_CONTEXT() REPRESENTATION_CONTEXT('2D SPACE',''
  ) );
#2668 = PCURVE('',#1083,#2669);
#2669 = DEFINITIONAL_REPRESENTATION('',(#2670),#2855);
#2670 = B_SPLINE_CURVE_WITH_KNOTS('',8,(#2671,#2672,#2673,#2674,#2675,
    #2676,#2677,#2678,#2679,#2680,#2681,#2682,#2683,#2684,#2685,#2686,
    #2687,#2688,#2689,#2690,#2691,#2692,#2693,#2694,#2695,#2696,#2697,
    #2698,#2699,#2700,#2701,#2702,#2703,#2704,#2705,#2706,#2707,#2708,
    #2709,#2710,#2711,#2712,#2713,#2714,#2715,#2716,#2717,#2718,#2719,
    #2720,#2721,#2722,#2723,#2724,#2725,#2726,#2727,#2728,#2729,#2730,
    #2731,#2732,#2733,#2734,#2735,#2736,#2737,#2738,#2739,#2740,#2741,
    #2742,#2743,#2744,#2745,#2746,#2747,#2748,#2749,#2750,#2751,#2752,
    #2753,#2754,#2755,#2756,#2757,#2758,#2759,#2760,#2761,#2762,#2763,
    #2764,#2765,#2766,#2767,#2768,#2769,#2770,#2771,#2772,#2773,#2774,
    #2775,#2776,#2777,#2778,#2779,#2780,#2781,#2782,#2783,#2784,#2785,
    #2786,#2787,#2788,#2789,#2790,#2791,#2792,#2793,#2794,#2795,#2796,
    #2797,#2798,#2799,#2800,#2801,#2802,#2803,#2804,#2805,#2806,#2807,
    #2808,#2809,#2810,#2811,#2812,#2813,#2814,#2815,#2816,#2817,#2818,
    #2819,#2820,#2821,#2822,#2823,#2824,#2825,#2826,#2827,#2828,#2829,
    #2830,#2831,#2832,#2833,#2834,#2835,#2836,#2837,#2838,#2839,#2840,
    #2841,#2842,#2843,#2844,#2845,#2846,#2847,#2848,#2849,#2850,#2851,
    #2852,#2853,#2854),.UNSPECIFIED.,.F.,.F.,(9,7,7,7,7,7,7,7,7,7,7,7,7,
    7,7,7,7,7,7,7,7,7,7,7,7,7,9),(0.,3.889914435276E-02,
    6.523833065353E-02,0.1030308728,0.13755688428,0.166628744505,
    0.249996729581,0.333364714666,0.362436574893,0.396962586378,
    0.434755128515,0.461094314768,0.482439145386,0.500000942956,
    0.525337025412,0.538906530651,0.565245668611,0.603038141455,
    0.637564089636,0.666635896559,0.750003728788,0.833371561009,
    0.862443367931,0.896969316108,0.934761788962,0.961100926969,1.),
  .UNSPECIFIED.);
#2671 = CARTESIAN_POINT('',(2.398851326673,8.870931983199E-02));
#2672 = CARTESIAN_POINT('',(2.454869136077,-1.426109352559));
#2673 = CARTESIAN_POINT('',(2.622254052055,-2.937844150057));
#2674 = CARTESIAN_POINT('',(2.900854202592,-4.435230444889));
#2675 = CARTESIAN_POINT('',(3.287113002125,-5.909032122111));
#2676 = CARTESIAN_POINT('',(3.775272364909,-7.351728906183));
#2677 = CARTESIAN_POINT('',(4.358171096636,-8.757302141231));
#2678 = CARTESIAN_POINT('',(5.027805476169,-10.1210771997));
#2679 = CARTESIAN_POINT('',(6.282309891909,-12.33235888258));
#2680 = CARTESIAN_POINT('',(6.824878732026,-13.20463094913));
#2681 = CARTESIAN_POINT('',(7.40111421786,-14.05556316059));
#2682 = CARTESIAN_POINT('',(8.008626661767,-14.8846058465));
#2683 = CARTESIAN_POINT('',(8.645110380889,-15.69144694397));
#2684 = CARTESIAN_POINT('',(9.308394964266,-16.47597365655));
#2685 = CARTESIAN_POINT('',(9.996485456419,-17.2382422272));
#2686 = CARTESIAN_POINT('',(11.727915736953,-19.04054460411));
#2687 = CARTESIAN_POINT('',(12.795419958159,-20.0570141999));
#2688 = CARTESIAN_POINT('',(13.904881076383,-21.02859202985));
#2689 = CARTESIAN_POINT('',(15.051588514415,-21.95618284665));
#2690 = CARTESIAN_POINT('',(16.231360965051,-22.84084660708));
#2691 = CARTESIAN_POINT('',(17.44056783295,-23.68377040871));
#2692 = CARTESIAN_POINT('',(18.676155315755,-24.48623449469));
#2693 = CARTESIAN_POINT('',(21.086334444961,-25.94693239233));
#2694 = CARTESIAN_POINT('',(22.256782882052,-26.61152627685));
#2695 = CARTESIAN_POINT('',(23.44504793487,-27.24432863945));
#2696 = CARTESIAN_POINT('',(24.649356001116,-27.84623933322));
#2697 = CARTESIAN_POINT('',(25.868124238621,-28.41810368053));
#2698 = CARTESIAN_POINT('',(27.099954499956,-28.96072450677));
#2699 = CARTESIAN_POINT('',(28.34363134009,-29.47486593236));
#2700 = CARTESIAN_POINT('',(30.654442007559,-30.37079681372));
#2701 = CARTESIAN_POINT('',(31.718384961085,-30.76064783969));
#2702 = CARTESIAN_POINT('',(32.789313758,-31.13122512567));
#2703 = CARTESIAN_POINT('',(33.866636998907,-31.48291928756));
#2704 = CARTESIAN_POINT('',(34.949810118853,-31.81609140669));
#2705 = CARTESIAN_POINT('',(36.038334421478,-32.13107600429));
#2706 = CARTESIAN_POINT('',(37.131756113162,-32.42818401586));
#2707 = CARTESIAN_POINT('',(41.378088058996,-33.50927654316));
#2708 = CARTESIAN_POINT('',(44.562542460272,-34.16600083849));
#2709 = CARTESIAN_POINT('',(47.774274598488,-34.68506808328));
#2710 = CARTESIAN_POINT('',(51.005463076398,-35.07133827408));
#2711 = CARTESIAN_POINT('',(54.24908732845,-35.3284269714));
#2712 = CARTESIAN_POINT('',(57.498911001136,-35.45881507112));
#2713 = CARTESIAN_POINT('',(60.749466075084,-35.4639401731));
#2714 = CARTESIAN_POINT('',(67.242690854595,-35.2238212679));
#2715 = CARTESIAN_POINT('',(70.483989175519,-34.97862797438));
#2716 = CARTESIAN_POINT('',(73.715306315117,-34.60856783366));
#2717 = CARTESIAN_POINT('',(76.931083007863,-34.11261103407));
#2718 = CARTESIAN_POINT('',(80.124916699817,-33.48874406553));
#2719 = CARTESIAN_POINT('',(83.289538957196,-32.73387977342));
#2720 = CARTESIAN_POINT('',(86.416790793285,-31.84374911415));
#2721 = CARTESIAN_POINT('',(90.571676534422,-30.45198026542));
#2722 = CARTESIAN_POINT('',(91.640167721303,-30.07492489792));
#2723 = CARTESIAN_POINT('',(92.702454551613,-29.68040348596));
#2724 = CARTESIAN_POINT('',(93.758061505837,-29.26813945993));
#2725 = CARTESIAN_POINT('',(94.806466542351,-28.83783604543));
#2726 = CARTESIAN_POINT('',(95.847099914516,-28.38917336824));
#2727 = CARTESIAN_POINT('',(96.879342987782,-27.92180555942));
#2728 = CARTESIAN_POINT('',(99.117669748343,-26.85764795862));
#2729 = CARTESIAN_POINT('',(100.31997585889,-26.25305428912));
#2730 = CARTESIAN_POINT('',(101.50836429188,-25.62093397887));
#2731 = CARTESIAN_POINT('',(102.68156648497,-24.96061476585));
#2732 = CARTESIAN_POINT('',(103.83812881375,-24.27139928297));
#2733 = CARTESIAN_POINT('',(104.97641032474,-23.55256142358));
#2734 = CARTESIAN_POINT('',(106.0945757978,-22.80333478862));
#2735 = CARTESIAN_POINT('',(108.39028658426,-21.16861347696));
#2736 = CARTESIAN_POINT('',(109.56323025718,-20.27708211127));
#2737 = CARTESIAN_POINT('',(110.70687706125,-19.34714997876));
#2738 = CARTESIAN_POINT('',(111.8180869778,-18.37776588335));
#2739 = CARTESIAN_POINT('',(112.89315165019,-17.36801412136));
#2740 = CARTESIAN_POINT('',(113.92782290451,-16.3171464576));
#2741 = CARTESIAN_POINT('',(114.91733620564,-15.22460852823));
#2742 = CARTESIAN_POINT('',(116.51092150093,-13.29934735898));
#2743 = CARTESIAN_POINT('',(117.14083235255,-12.48833921203));
#2744 = CARTESIAN_POINT('',(117.74436108764,-11.6569658522));
#2745 = CARTESIAN_POINT('',(118.31951404546,-10.80531853518));
#2746 = CARTESIAN_POINT('',(118.86413507405,-9.933670053269));
#2747 = CARTESIAN_POINT('',(119.37594783655,-9.042501911991));
#2748 = CARTESIAN_POINT('',(119.85260977014,-8.132538779951));
#2749 = CARTESIAN_POINT('',(120.64767200559,-6.452958478374));
#2750 = CARTESIAN_POINT('',(120.97894133768,-5.689452001668));
#2751 = CARTESIAN_POINT('',(121.28432185011,-4.914845912868));
#2752 = CARTESIAN_POINT('',(121.56255848028,-4.129844440746));
#2753 = CARTESIAN_POINT('',(121.81243267865,-3.335290090667));
#2754 = CARTESIAN_POINT('',(122.03279792741,-2.532175289174));
#2755 = CARTESIAN_POINT('',(122.22262304588,-1.721656494318));
#2756 = CARTESIAN_POINT('',(122.51138625548,-0.233211830036));
#2757 = CARTESIAN_POINT('',(122.62047748296,0.442795462921));
#2758 = CARTESIAN_POINT('',(122.7078301795,1.122195922042));
#2759 = CARTESIAN_POINT('',(122.77304449909,1.804202962667));
#2760 = CARTESIAN_POINT('',(122.81581632019,2.487997980799));
#2761 = CARTESIAN_POINT('',(122.8359460306,3.172729733347));
#2762 = CARTESIAN_POINT('',(122.8333473124,3.857513718346));
#2763 = CARTESIAN_POINT('',(122.7715688026,5.528107341368));
#2764 = CARTESIAN_POINT('',(122.68784392124,6.513190022947));
#2765 = CARTESIAN_POINT('',(122.55696276229,7.493805897025));
#2766 = CARTESIAN_POINT('',(122.37955849493,8.467337456764));
#2767 = CARTESIAN_POINT('',(122.15672177874,9.431405524276));
#2768 = CARTESIAN_POINT('',(121.88992194667,10.383854172926));
#2769 = CARTESIAN_POINT('',(121.58094357023,11.32273843907));
#2770 = CARTESIAN_POINT('',(121.0448646055,12.740964086462));
#2771 = CARTESIAN_POINT('',(120.8463664832,13.231258784243));
#2772 = CARTESIAN_POINT('',(120.63664783404,13.716953219296));
#2773 = CARTESIAN_POINT('',(120.41602556818,14.1978302336));
#2774 = CARTESIAN_POINT('',(120.18482597279,14.673699454586));
#2775 = CARTESIAN_POINT('',(119.94338097289,15.144395541351));
#2776 = CARTESIAN_POINT('',(119.69202439208,15.609776430867));
#2777 = CARTESIAN_POINT('',(118.92459736012,16.962499770194));
#2778 = CARTESIAN_POINT('',(118.38202851923,17.83477183412));
#2779 = CARTESIAN_POINT('',(117.80579303265,18.685704042869));
#2780 = CARTESIAN_POINT('',(117.19828058815,19.514746726071));
#2781 = CARTESIAN_POINT('',(116.56179686867,20.321587820915));
#2782 = CARTESIAN_POINT('',(115.89851228522,21.106114531023));
#2783 = CARTESIAN_POINT('',(115.21042179329,21.868383099394));
#2784 = CARTESIAN_POINT('',(113.47899151243,23.670685472949));
#2785 = CARTESIAN_POINT('',(112.41148729085,24.687155067731));
#2786 = CARTESIAN_POINT('',(111.30202617269,25.658732897119));
#2787 = CARTESIAN_POINT('',(110.15531873508,26.586323713781));
#2788 = CARTESIAN_POINT('',(108.9755462851,27.470987474413));
#2789 = CARTESIAN_POINT('',(107.76633941801,28.313911276508));
#2790 = CARTESIAN_POINT('',(106.53075193609,29.116375363142));
#2791 = CARTESIAN_POINT('',(104.12057280815,30.577073262477));
#2792 = CARTESIAN_POINT('',(102.95012437143,31.241667147998));
#2793 = CARTESIAN_POINT('',(101.76185931894,31.874469511597));
#2794 = CARTESIAN_POINT('',(100.55755125297,32.476380206306));
#2795 = CARTESIAN_POINT('',(99.338783015663,33.048244554459));
#2796 = CARTESIAN_POINT('',(98.106952754447,33.590865381431));
#2797 = CARTESIAN_POINT('',(96.863275914375,34.105006807616));
#2798 = CARTESIAN_POINT('',(94.552465246947,35.00093768983));
#2799 = CARTESIAN_POINT('',(93.488522293425,35.390788716092));
#2800 = CARTESIAN_POINT('',(92.417593496478,35.761366002279));
#2801 = CARTESIAN_POINT('',(91.340270255509,36.113060164284));
#2802 = CARTESIAN_POINT('',(90.257097135477,36.446232283466));
#2803 = CARTESIAN_POINT('',(89.168572832748,36.76121688105));
#2804 = CARTESIAN_POINT('',(88.075151140945,37.058324892542));
#2805 = CARTESIAN_POINT('',(83.82881919453,38.139417419403));
#2806 = CARTESIAN_POINT('',(80.644364793033,38.796141714279));
#2807 = CARTESIAN_POINT('',(77.432632653896,39.315208957832));
#2808 = CARTESIAN_POINT('',(74.201444176363,39.701479149018));
#2809 = CARTESIAN_POINT('',(70.957819923292,39.958567845332));
#2810 = CARTESIAN_POINT('',(67.70799625077,40.08895594574));
#2811 = CARTESIAN_POINT('',(64.457441176368,40.094081047762));
#2812 = CARTESIAN_POINT('',(57.964216396877,39.853962143088));
#2813 = CARTESIAN_POINT('',(54.722918076171,39.608768849892));
#2814 = CARTESIAN_POINT('',(51.491600936978,39.238708709214));
#2815 = CARTESIAN_POINT('',(48.275824244321,38.742751909698));
#2816 = CARTESIAN_POINT('',(45.081990553009,38.118884940497));
#2817 = CARTESIAN_POINT('',(41.917368295932,37.364020647871));
#2818 = CARTESIAN_POINT('',(38.790116460386,36.473889987927));
#2819 = CARTESIAN_POINT('',(34.635230719806,35.082121138831));
#2820 = CARTESIAN_POINT('',(33.566739533047,34.705065771278));
#2821 = CARTESIAN_POINT('',(32.504452702844,34.310544359303));
#2822 = CARTESIAN_POINT('',(31.448845748702,33.898280333332));
#2823 = CARTESIAN_POINT('',(30.400440712242,33.467976918954));
#2824 = CARTESIAN_POINT('',(29.359807340093,33.019314241969));
#2825 = CARTESIAN_POINT('',(28.327564266802,32.551946433439));
#2826 = CARTESIAN_POINT('',(26.089237506132,31.48778883349));
#2827 = CARTESIAN_POINT('',(24.886931395481,30.883195164586));
#2828 = CARTESIAN_POINT('',(23.698542962313,30.251074855048));
#2829 = CARTESIAN_POINT('',(22.525340768961,29.590755642855));
#2830 = CARTESIAN_POINT('',(21.368778439851,28.901540160891));
#2831 = CARTESIAN_POINT('',(20.230496928461,28.182702302478));
#2832 = CARTESIAN_POINT('',(19.112331454954,27.433475668481));
#2833 = CARTESIAN_POINT('',(16.8166206671,25.798754358422));
#2834 = CARTESIAN_POINT('',(15.643676993268,24.907222993309));
#2835 = CARTESIAN_POINT('',(14.500030188343,23.977290861215));
#2836 = CARTESIAN_POINT('',(13.38882027111,23.007906765959));
#2837 = CARTESIAN_POINT('',(12.313755598326,21.998155003794));
#2838 = CARTESIAN_POINT('',(11.279084343984,20.947287339459));
#2839 = CARTESIAN_POINT('',(10.2895710433,19.854749409132));
#2840 = CARTESIAN_POINT('',(8.695985748584,17.92948823655));
#2841 = CARTESIAN_POINT('',(8.066074896902,17.118480087313));
#2842 = CARTESIAN_POINT('',(7.462546162071,16.287106725018));
#2843 = CARTESIAN_POINT('',(6.887393204798,15.435459405404));
#2844 = CARTESIAN_POINT('',(6.342772177003,14.563810920839));
#2845 = CARTESIAN_POINT('',(5.830959415448,13.672642776917));
#2846 = CARTESIAN_POINT('',(5.354297482824,12.762679642309));
#2847 = CARTESIAN_POINT('',(4.266542160888,10.464781391789));
#2848 = CARTESIAN_POINT('',(3.699463577236,9.055272792194));
#2849 = CARTESIAN_POINT('',(3.221970905255,7.610486372434));
#2850 = CARTESIAN_POINT('',(2.841700743051,6.135675137734));
#2851 = CARTESIAN_POINT('',(2.565350194744,4.637370222686));
#2852 = CARTESIAN_POINT('',(2.398106180321,3.123496648227));
#2853 = CARTESIAN_POINT('',(2.342833402629,1.603527987982));
#2854 = CARTESIAN_POINT('',(2.398851326673,8.870931983203E-02));
#2855 = ( GEOMETRIC_REPRESENTATION_CONTEXT(2) 
PARAMETRIC_REPRESENTATION_CONTEXT() REPRESENTATION_CONTEXT('2D SPACE',''
  ) );
#2856 = ORIENTED_EDGE('',*,*,#2857,.T.);
#2857 = EDGE_CURVE('',#2290,#2858,#2860,.T.);
#2858 = VERTEX_POINT('',#2859);
#2859 = CARTESIAN_POINT('',(2.22044604925E-16,15.,51.5));
#2860 = SEAM_CURVE('',#2861,(#2868,#2875),.PCURVE_S1.);
#2861 = ( BOUNDED_CURVE() B_SPLINE_CURVE(5,(#2862,#2863,#2864,#2865,
#2866,#2867),.UNSPECIFIED.,.F.,.F.) B_SPLINE_CURVE_WITH_KNOTS((6,6),(0.,
1.),.PIECEWISE_BEZIER_KNOTS.) CURVE() GEOMETRIC_REPRESENTATION_ITEM() 
RATIONAL_B_SPLINE_CURVE((1.,1.,1.,1.,1.,1.)) REPRESENTATION_ITEM('') );
#2862 = CARTESIAN_POINT('',(7.105427357601E-15,60.65,4.));
#2863 = CARTESIAN_POINT('',(3.136271617798E-15,59.916730839895,
    19.6340105272));
#2864 = CARTESIAN_POINT('',(-1.398691766275E-13,66.785259549914,
    34.756385399204));
#2865 = CARTESIAN_POINT('',(2.270295258189E-13,47.240513126361,
    49.393344283054));
#2866 = CARTESIAN_POINT('',(-9.315478868752E-14,33.382332550939,
    46.790280878217));
#2867 = CARTESIAN_POINT('',(1.417936864559E-15,15.,51.5));
#2868 = PCURVE('',#1985,#2869);
#2869 = DEFINITIONAL_REPRESENTATION('',(#2870),#2874);
#2870 = LINE('',#2871,#2872);
#2871 = CARTESIAN_POINT('',(0.,0.));
#2872 = VECTOR('',#2873,1.);
#2873 = DIRECTION('',(0.,1.));
#2874 = ( GEOMETRIC_REPRESENTATION_CONTEXT(2) 
PARAMETRIC_REPRESENTATION_CONTEXT() REPRESENTATION_CONTEXT('2D SPACE',''
  ) );
#2875 = PCURVE('',#1985,#2876);
#2876 = DEFINITIONAL_REPRESENTATION('',(#2877),#2881);
#2877 = LINE('',#2878,#2879);
#2878 = CARTESIAN_POINT('',(1.,0.));
#2879 = VECTOR('',#2880,1.);
#2880 = DIRECTION('',(0.,1.));
#2881 = ( GEOMETRIC_REPRESENTATION_CONTEXT(2) 
PARAMETRIC_REPRESENTATION_CONTEXT() REPRESENTATION_CONTEXT('2D SPACE',''
  ) );
#2882 = ORIENTED_EDGE('',*,*,#2883,.F.);
#2883 = EDGE_CURVE('',#2858,#2858,#2884,.T.);
#2884 = SURFACE_CURVE('',#2885,(#2914,#2921),.PCURVE_S1.);
#2885 = B_SPLINE_CURVE_WITH_KNOTS('',14,(#2886,#2887,#2888,#2889,#2890,
    #2891,#2892,#2893,#2894,#2895,#2896,#2897,#2898,#2899,#2900,#2901,
    #2902,#2903,#2904,#2905,#2906,#2907,#2908,#2909,#2910,#2911,#2912,
    #2913),.UNSPECIFIED.,.T.,.F.,(15,13,15),(0.,0.5,1.),.UNSPECIFIED.);
#2886 = CARTESIAN_POINT('',(1.417936864559E-15,15.,51.5));
#2887 = CARTESIAN_POINT('',(-0.224399475256,15.,51.5));
#2888 = CARTESIAN_POINT('',(-0.448798991929,14.891542213643,51.5));
#2889 = CARTESIAN_POINT('',(-0.659001299772,14.674629600389,51.5));
#2890 = CARTESIAN_POINT('',(-0.840809949018,14.357365795023,51.5));
#2891 = CARTESIAN_POINT('',(-0.981301053916,13.955974070233,51.5));
#2892 = CARTESIAN_POINT('',(-1.070099405993,13.493892656624,51.5));
#2893 = CARTESIAN_POINT('',(-1.100476217469,13.000000297357,51.5));
#2894 = CARTESIAN_POINT('',(-1.070099446977,12.506107564073,51.5));
#2895 = CARTESIAN_POINT('',(-0.981301062818,12.044025282098,51.5));
#2896 = CARTESIAN_POINT('',(-0.840809851031,11.64263372679,51.5));
#2897 = CARTESIAN_POINT('',(-0.659001410306,11.325371513651,51.5));
#2898 = CARTESIAN_POINT('',(-0.448798947548,11.108457189338,51.5));
#2899 = CARTESIAN_POINT('',(-0.224399473774,11.000000027181,51.5));
#2900 = CARTESIAN_POINT('',(0.224399473774,11.000000027181,51.5));
#2901 = CARTESIAN_POINT('',(0.448798947548,11.108457189338,51.5));
#2902 = CARTESIAN_POINT('',(0.659001410306,11.325371513651,51.5));
#2903 = CARTESIAN_POINT('',(0.840809851031,11.64263372679,51.5));
#2904 = CARTESIAN_POINT('',(0.981301062818,12.044025282098,51.5));
#2905 = CARTESIAN_POINT('',(1.070099446977,12.506107564073,51.5));
#2906 = CARTESIAN_POINT('',(1.100476217469,13.000000297357,51.5));
#2907 = CARTESIAN_POINT('',(1.070099405993,13.493892656624,51.5));
#2908 = CARTESIAN_POINT('',(0.981301053916,13.955974070233,51.5));
#2909 = CARTESIAN_POINT('',(0.840809949018,14.357365795023,51.5));
#2910 = CARTESIAN_POINT('',(0.659001299772,14.674629600389,51.5));
#2911 = CARTESIAN_POINT('',(0.448798991929,14.891542213643,51.5));
#2912 = CARTESIAN_POINT('',(0.224399475256,15.,51.5));
#2913 = CARTESIAN_POINT('',(-3.584199656246E-16,15.,51.5));
#2914 = PCURVE('',#1985,#2915);
#2915 = DEFINITIONAL_REPRESENTATION('',(#2916),#2920);
#2916 = LINE('',#2917,#2918);
#2917 = CARTESIAN_POINT('',(0.,1.));
#2918 = VECTOR('',#2919,1.);
#2919 = DIRECTION('',(1.,0.));
#2920 = ( GEOMETRIC_REPRESENTATION_CONTEXT(2) 
PARAMETRIC_REPRESENTATION_CONTEXT() REPRESENTATION_CONTEXT('2D SPACE',''
  ) );
#2921 = PCURVE('',#2922,#2927);
#2922 = PLANE('',#2923);
#2923 = AXIS2_PLACEMENT_3D('',#2924,#2925,#2926);
#2924 = CARTESIAN_POINT('',(1.417936864559E-15,15.,51.5));
#2925 = DIRECTION('',(0.,-0.,-1.));
#2926 = DIRECTION('',(2.91093429243E-02,-0.999576233288,0.));
#2927 = DEFINITIONAL_REPRESENTATION('',(#2928),#2957);
#2928 = B_SPLINE_CURVE_WITH_KNOTS('',14,(#2929,#2930,#2931,#2932,#2933,
    #2934,#2935,#2936,#2937,#2938,#2939,#2940,#2941,#2942,#2943,#2944,
    #2945,#2946,#2947,#2948,#2949,#2950,#2951,#2952,#2953,#2954,#2955,
    #2956),.UNSPECIFIED.,.F.,.F.,(15,13,15),(0.,0.5,1.),.UNSPECIFIED.);
#2929 = CARTESIAN_POINT('',(0.,0.));
#2930 = CARTESIAN_POINT('',(-6.532121277283E-03,0.224304382229));
#2931 = CARTESIAN_POINT('',(9.534758179721E-02,0.451765940751));
#2932 = CARTESIAN_POINT('',(0.306049423644,0.668193355498));
#2933 = CARTESIAN_POINT('',(0.617886452853,0.859160301199));
#2934 = CARTESIAN_POINT('',(1.015018477441,1.011276120007));
#2935 = CARTESIAN_POINT('',(1.474319214647,1.113487728626));
#2936 = CARTESIAN_POINT('',(1.967118029751,1.158228549474));
#2937 = CARTESIAN_POINT('',(2.461685715565,1.142241544587));
#2938 = CARTESIAN_POINT('',(2.926157045066,1.066931701833));
#2939 = CARTESIAN_POINT('',(3.331468110856,0.938184269975));
#2940 = CARTESIAN_POINT('',(3.653888203078,0.765688168173));
#2941 = CARTESIAN_POINT('',(3.876829461893,0.561889015674));
#2942 = CARTESIAN_POINT('',(3.991772784749,0.340741751653));
#2943 = CARTESIAN_POINT('',(4.004837027217,-0.107867009841));
#2944 = CARTESIAN_POINT('',(3.90295794683,-0.335328507313));
#2945 = CARTESIAN_POINT('',(3.692254399159,-0.551756126716));
#2946 = CARTESIAN_POINT('',(3.380418955431,-0.742722817636));
#2947 = CARTESIAN_POINT('',(2.983287103365,-0.894838738355));
#2948 = CARTESIAN_POINT('',(2.523985499095,-0.997050404319));
#2949 = CARTESIAN_POINT('',(2.03118630894,-1.041791195088));
#2950 = CARTESIAN_POINT('',(1.536618995791,-1.025804138348));
#2951 = CARTESIAN_POINT('',(1.072148535222,-0.950494302384));
#2952 = CARTESIAN_POINT('',(0.666837303133,-0.821746982304));
#2953 = CARTESIAN_POINT('',(0.344415613289,-0.649250718418));
#2954 = CARTESIAN_POINT('',(0.121476069317,-0.44545167096));
#2955 = CARTESIAN_POINT('',(6.532121277248E-03,-0.224304382229));
#2956 = CARTESIAN_POINT('',(0.,1.7763568394E-15));
#2957 = ( GEOMETRIC_REPRESENTATION_CONTEXT(2) 
PARAMETRIC_REPRESENTATION_CONTEXT() REPRESENTATION_CONTEXT('2D SPACE',''
  ) );
#2958 = ORIENTED_EDGE('',*,*,#2857,.F.);
#2959 = ORIENTED_EDGE('',*,*,#2960,.F.);
#2960 = EDGE_CURVE('',#2961,#2290,#2963,.T.);
#2961 = VERTEX_POINT('',#2962);
#2962 = CARTESIAN_POINT('',(-21.26149611345,50.095174346702,6.35));
#2963 = SURFACE_CURVE('',#2964,(#3149,#3337),.PCURVE_S1.);
#2964 = B_SPLINE_CURVE_WITH_KNOTS('',8,(#2965,#2966,#2967,#2968,#2969,
    #2970,#2971,#2972,#2973,#2974,#2975,#2976,#2977,#2978,#2979,#2980,
    #2981,#2982,#2983,#2984,#2985,#2986,#2987,#2988,#2989,#2990,#2991,
    #2992,#2993,#2994,#2995,#2996,#2997,#2998,#2999,#3000,#3001,#3002,
    #3003,#3004,#3005,#3006,#3007,#3008,#3009,#3010,#3011,#3012,#3013,
    #3014,#3015,#3016,#3017,#3018,#3019,#3020,#3021,#3022,#3023,#3024,
    #3025,#3026,#3027,#3028,#3029,#3030,#3031,#3032,#3033,#3034,#3035,
    #3036,#3037,#3038,#3039,#3040,#3041,#3042,#3043,#3044,#3045,#3046,
    #3047,#3048,#3049,#3050,#3051,#3052,#3053,#3054,#3055,#3056,#3057,
    #3058,#3059,#3060,#3061,#3062,#3063,#3064,#3065,#3066,#3067,#3068,
    #3069,#3070,#3071,#3072,#3073,#3074,#3075,#3076,#3077,#3078,#3079,
    #3080,#3081,#3082,#3083,#3084,#3085,#3086,#3087,#3088,#3089,#3090,
    #3091,#3092,#3093,#3094,#3095,#3096,#3097,#3098,#3099,#3100,#3101,
    #3102,#3103,#3104,#3105,#3106,#3107,#3108,#3109,#3110,#3111,#3112,
    #3113,#3114,#3115,#3116,#3117,#3118,#3119,#3120,#3121,#3122,#3123,
    #3124,#3125,#3126,#3127,#3128,#3129,#3130,#3131,#3132,#3133,#3134,
    #3135,#3136,#3137,#3138,#3139,#3140,#3141,#3142,#3143,#3144,#3145,
    #3146,#3147,#3148),.UNSPECIFIED.,.T.,.F.,(9,7,7,7,7,7,7,7,7,7,7,7,7,
    7,7,7,7,7,7,7,7,7,7,7,7,7,9),(0.,3.889914435276E-02,
    6.523833065353E-02,0.1030308728,0.13755688428,0.166628744505,
    0.249996729581,0.333364714666,0.362436574893,0.396962586378,
    0.434755128515,0.461094314768,0.482439145386,0.500000942956,
    0.525337025412,0.538906530651,0.565245668611,0.603038141455,
    0.637564089636,0.666635896559,0.750003728788,0.833371561009,
    0.862443367931,0.896969316108,0.934761788962,0.961100926969,1.),
  .UNSPECIFIED.);
#2965 = CARTESIAN_POINT('',(3.558628717824E-14,60.59950900212,6.35));
#2966 = CARTESIAN_POINT('',(1.515854084401,60.599509059478,6.35));
#2967 = CARTESIAN_POINT('',(3.032741933519,60.488104116763,6.35));
#2968 = CARTESIAN_POINT('',(4.539401001582,60.265029661805,6.35));
#2969 = CARTESIAN_POINT('',(6.026470050037,59.933498533362,6.35));
#2970 = CARTESIAN_POINT('',(7.486221152037,59.498986974882,6.35));
#2971 = CARTESIAN_POINT('',(8.912375123319,58.968428871816,6.35));
#2972 = CARTESIAN_POINT('',(10.299964754602,58.34964972905,6.35));
#2973 = CARTESIAN_POINT('',(12.556095786482,57.177719365448,6.35));
#2974 = CARTESIAN_POINT('',(13.447822486865,56.667755644994,6.35));
#2975 = CARTESIAN_POINT('',(14.319468047807,56.123359668038,6.35));
#2976 = CARTESIAN_POINT('',(15.170394864219,55.546899177046,6.35));
#2977 = CARTESIAN_POINT('',(16.000205880644,54.94066674779,6.35));
#2978 = CARTESIAN_POINT('',(16.808708170903,54.306827140361,6.35));
#2979 = CARTESIAN_POINT('',(17.595884216639,53.647376026012,6.35));
#2980 = CARTESIAN_POINT('',(19.460939929991,51.983731875278,6.35));
#2981 = CARTESIAN_POINT('',(20.51616447113,50.954520104444,6.35));
#2982 = CARTESIAN_POINT('',(21.528078412763,49.881721135751,6.35));
#2983 = CARTESIAN_POINT('',(22.497411811818,48.77007576364,6.35));
#2984 = CARTESIAN_POINT('',(23.425069382283,47.623801609585,6.35));
#2985 = CARTESIAN_POINT('',(24.312103243473,46.446570657807,6.35));
#2986 = CARTESIAN_POINT('',(25.159679911852,45.24148193569,6.35));
#2987 = CARTESIAN_POINT('',(26.708447411561,42.886928684032,6.35));
#2988 = CARTESIAN_POINT('',(27.415840860574,41.741839568061,6.35));
#2989 = CARTESIAN_POINT('',(28.092122909998,40.577771161354,6.35));
#2990 = CARTESIAN_POINT('',(28.738127255396,39.396529108501,6.35));
#2991 = CARTESIAN_POINT('',(29.354640148342,38.199726409096,6.35));
#2992 = CARTESIAN_POINT('',(29.942412197805,36.988789923692,6.35));
#2993 = CARTESIAN_POINT('',(30.502162085907,35.764962504909,6.35));
#2994 = CARTESIAN_POINT('',(31.48287620981,33.488839069717,6.35));
#2995 = CARTESIAN_POINT('',(31.911778591661,32.440029660123,6.35));
#2996 = CARTESIAN_POINT('',(32.32167855802,31.38352692443,6.35));
#2997 = CARTESIAN_POINT('',(32.712944603003,30.319936293151,6.35));
#2998 = CARTESIAN_POINT('',(33.085917437111,29.249815302908,6.35));
#2999 = CARTESIAN_POINT('',(33.440912923908,28.173674671538,6.35));
#3000 = CARTESIAN_POINT('',(33.778225016714,27.091979373209,6.35));
#3001 = CARTESIAN_POINT('',(35.015500834332,22.888499315216,6.35));
#3002 = CARTESIAN_POINT('',(35.789456967768,19.730489097153,6.35));
#3003 = CARTESIAN_POINT('',(36.426858117626,16.540132705395,6.35));
#3004 = CARTESIAN_POINT('',(36.932271923739,13.325425794233,6.35));
#3005 = CARTESIAN_POINT('',(37.3090520344,10.093517745573,6.35));
#3006 = CARTESIAN_POINT('',(37.559447188604,6.850732333793,6.35));
#3007 = CARTESIAN_POINT('',(37.684691935458,3.602586969308,6.35));
#3008 = CARTESIAN_POINT('',(37.684691935213,-2.895076081812,6.35));
#3009 = CARTESIAN_POINT('',(37.559447188082,-6.143221446435,6.35));
#3010 = CARTESIAN_POINT('',(37.309052033744,-9.386006858869,6.35));
#3011 = CARTESIAN_POINT('',(36.932271923206,-12.61791490721,6.35));
#3012 = CARTESIAN_POINT('',(36.426858117548,-15.83262181941,6.35));
#3013 = CARTESIAN_POINT('',(35.789456968383,-19.02297821117,6.35));
#3014 = CARTESIAN_POINT('',(35.015500835576,-22.18098842987,6.35));
#3015 = CARTESIAN_POINT('',(33.778225018351,-26.38446848838,6.35));
#3016 = CARTESIAN_POINT('',(33.440912925609,-27.46616378683,6.35));
#3017 = CARTESIAN_POINT('',(33.085917438826,-28.54230441831,6.35));
#3018 = CARTESIAN_POINT('',(32.712944604669,-29.61242540863,6.35));
#3019 = CARTESIAN_POINT('',(32.321678559562,-30.67601603997,6.35));
#3020 = CARTESIAN_POINT('',(31.911778592998,-31.73251877569,6.35));
#3021 = CARTESIAN_POINT('',(31.482876210855,-32.78132818527,6.35));
#3022 = CARTESIAN_POINT('',(30.502162086102,-35.05745162038,6.35));
#3023 = CARTESIAN_POINT('',(29.9424121974,-36.28127903909,6.35));
#3024 = CARTESIAN_POINT('',(29.354640147215,-37.49221552434,6.35));
#3025 = CARTESIAN_POINT('',(28.738127253434,-38.68901822352,6.35));
#3026 = CARTESIAN_POINT('',(28.092122907108,-39.87026027607,6.35));
#3027 = CARTESIAN_POINT('',(27.415840856697,-41.03432868241,6.35));
#3028 = CARTESIAN_POINT('',(26.708447406695,-42.17941779797,6.35));
#3029 = CARTESIAN_POINT('',(25.159679905342,-44.5339710483,6.35));
#3030 = CARTESIAN_POINT('',(24.312103236349,-45.73905976952,6.35));
#3031 = CARTESIAN_POINT('',(23.425069374717,-46.91629072046,6.35));
#3032 = CARTESIAN_POINT('',(22.49741180407,-48.06256487384,6.35));
#3033 = CARTESIAN_POINT('',(21.528078405177,-49.17421024555,6.35));
#3034 = CARTESIAN_POINT('',(20.516164464112,-50.24700921421,6.35));
#3035 = CARTESIAN_POINT('',(19.460939923953,-51.27622098544,6.35));
#3036 = CARTESIAN_POINT('',(17.595884213949,-52.93986513663,6.35));
#3037 = CARTESIAN_POINT('',(16.808708170498,-53.59931625084,6.35));
#3038 = CARTESIAN_POINT('',(16.000205882711,-54.23315585843,6.35));
#3039 = CARTESIAN_POINT('',(15.170394868893,-54.83938828814,6.35));
#3040 = CARTESIAN_POINT('',(14.319468055163,-55.41584877983,6.35));
#3041 = CARTESIAN_POINT('',(13.447822496901,-55.96024475763,6.35));
#3042 = CARTESIAN_POINT('',(12.556095799117,-56.47020847895,6.35));
#3043 = CARTESIAN_POINT('',(10.907043997609,-57.32679595471,6.35));
#3044 = CARTESIAN_POINT('',(10.156300983355,-57.68605413054,6.35));
#3045 = CARTESIAN_POINT('',(9.393509226236,-58.0198513526,6.35));
#3046 = CARTESIAN_POINT('',(8.619326093591,-58.32690739102,6.35));
#3047 = CARTESIAN_POINT('',(7.834548484226,-58.60597339411,6.35));
#3048 = CARTESIAN_POINT('',(7.040125777628,-58.85586695241,6.35));
#3049 = CARTESIAN_POINT('',(6.237175534995,-59.07551485309,6.35));
#3050 = CARTESIAN_POINT('',(4.760418707827,-59.41908578209,6.35));
#3051 = CARTESIAN_POINT('',(4.088904594929,-59.55308411127,6.35));
#3052 = CARTESIAN_POINT('',(3.413196293651,-59.66548415145,6.35));
#3053 = CARTESIAN_POINT('',(2.734065075202,-59.75585726177,6.35));
#3054 = CARTESIAN_POINT('',(2.052317745715,-59.82386927718,6.35));
#3055 = CARTESIAN_POINT('',(1.368797590236,-59.86928926444,6.35));
#3056 = CARTESIAN_POINT('',(0.684385316717,-59.89199827814,6.35));
#3057 = CARTESIAN_POINT('',(-0.98735019991,-59.89199817976,6.35));
#3058 = CARTESIAN_POINT('',(-1.974854038483,-59.84473387917,6.35));
#3059 = CARTESIAN_POINT('',(-2.95963676467,-59.75018044207,6.35));
#3060 = CARTESIAN_POINT('',(-3.939059260987,-59.60887387608,6.35));
#3061 = CARTESIAN_POINT('',(-4.91070366971,-59.42181617408,6.35));
#3062 = CARTESIAN_POINT('',(-5.87236123813,-59.19039599387,6.35));
#3063 = CARTESIAN_POINT('',(-6.822022382897,-58.91632481253,6.35));
#3064 = CARTESIAN_POINT('',(-8.25908991581,-58.43302206146,6.35));
#3065 = CARTESIAN_POINT('',(-8.756385144454,-58.25277819666,6.35));
#3066 = CARTESIAN_POINT('',(-9.249497903324,-58.06115146814,6.35));
#3067 = CARTESIAN_POINT('',(-9.738199471424,-57.85845054457,6.35));
#3068 = CARTESIAN_POINT('',(-10.22228754839,-57.6449944551,6.35));
#3069 = CARTESIAN_POINT('',(-10.70158464008,-57.42110878792,6.35));
#3070 = CARTESIAN_POINT('',(-11.17593644416,-57.18712188871,6.35));
#3071 = CARTESIAN_POINT('',(-12.55609579911,-56.47020847895,6.35));
#3072 = CARTESIAN_POINT('',(-13.4478224969,-55.96024475762,6.35));
#3073 = CARTESIAN_POINT('',(-14.31946805516,-55.41584877983,6.35));
#3074 = CARTESIAN_POINT('',(-15.17039486889,-54.83938828814,6.35));
#3075 = CARTESIAN_POINT('',(-16.00020588271,-54.23315585843,6.35));
#3076 = CARTESIAN_POINT('',(-16.8087081705,-53.59931625083,6.35));
#3077 = CARTESIAN_POINT('',(-17.59588421394,-52.93986513663,6.35));
#3078 = CARTESIAN_POINT('',(-19.46093992395,-51.27622098545,6.35));
#3079 = CARTESIAN_POINT('',(-20.5161644641,-50.2470092142,6.35));
#3080 = CARTESIAN_POINT('',(-21.52807840517,-49.17421024555,6.35));
#3081 = CARTESIAN_POINT('',(-22.49741180407,-48.06256487385,6.35));
#3082 = CARTESIAN_POINT('',(-23.42506937471,-46.91629072046,6.35));
#3083 = CARTESIAN_POINT('',(-24.31210323634,-45.73905976951,6.35));
#3084 = CARTESIAN_POINT('',(-25.15967990534,-44.5339710483,6.35));
#3085 = CARTESIAN_POINT('',(-26.70844740669,-42.17941779797,6.35));
#3086 = CARTESIAN_POINT('',(-27.4158408567,-41.0343286824,6.35));
#3087 = CARTESIAN_POINT('',(-28.0921229071,-39.87026027607,6.35));
#3088 = CARTESIAN_POINT('',(-28.73812725343,-38.68901822352,6.35));
#3089 = CARTESIAN_POINT('',(-29.35464014721,-37.49221552434,6.35));
#3090 = CARTESIAN_POINT('',(-29.9424121974,-36.28127903908,6.35));
#3091 = CARTESIAN_POINT('',(-30.50216208609,-35.05745162039,6.35));
#3092 = CARTESIAN_POINT('',(-31.48287621085,-32.78132818527,6.35));
#3093 = CARTESIAN_POINT('',(-31.91177859299,-31.73251877569,6.35));
#3094 = CARTESIAN_POINT('',(-32.32167855956,-30.67601603997,6.35));
#3095 = CARTESIAN_POINT('',(-32.71294460466,-29.61242540863,6.35));
#3096 = CARTESIAN_POINT('',(-33.08591743882,-28.54230441831,6.35));
#3097 = CARTESIAN_POINT('',(-33.44091292561,-27.46616378683,6.35));
#3098 = CARTESIAN_POINT('',(-33.77822501835,-26.38446848838,6.35));
#3099 = CARTESIAN_POINT('',(-35.01550083554,-22.18098842979,6.35));
#3100 = CARTESIAN_POINT('',(-35.78945696854,-19.02297821149,6.35));
#3101 = CARTESIAN_POINT('',(-36.42685811719,-15.83262181877,6.35));
#3102 = CARTESIAN_POINT('',(-36.93227192367,-12.617914908,6.35));
#3103 = CARTESIAN_POINT('',(-37.30905203337,-9.386006858283,6.35));
#3104 = CARTESIAN_POINT('',(-37.55944718825,-6.143221446693,6.35));
#3105 = CARTESIAN_POINT('',(-37.68469193517,-2.895076081757,6.35));
#3106 = CARTESIAN_POINT('',(-37.68469193545,3.602586969324,6.35));
#3107 = CARTESIAN_POINT('',(-37.55944718863,6.850732333718,6.35));
#3108 = CARTESIAN_POINT('',(-37.30905203432,10.093517745746,6.35));
#3109 = CARTESIAN_POINT('',(-36.93227192385,13.325425794002,6.35));
#3110 = CARTESIAN_POINT('',(-36.42685811751,16.540132705585,6.35));
#3111 = CARTESIAN_POINT('',(-35.78945696782,19.730489097062,6.35));
#3112 = CARTESIAN_POINT('',(-35.01550083431,22.888499315237,6.35));
#3113 = CARTESIAN_POINT('',(-33.77822501671,27.091979373209,6.35));
#3114 = CARTESIAN_POINT('',(-33.4409129239,28.173674671538,6.35));
#3115 = CARTESIAN_POINT('',(-33.08591743711,29.249815302908,6.35));
#3116 = CARTESIAN_POINT('',(-32.712944603,30.319936293152,6.35));
#3117 = CARTESIAN_POINT('',(-32.32167855802,31.383526924431,6.35));
#3118 = CARTESIAN_POINT('',(-31.91177859166,32.440029660124,6.35));
#3119 = CARTESIAN_POINT('',(-31.48287620981,33.488839069717,6.35));
#3120 = CARTESIAN_POINT('',(-30.5021620859,35.76496250491,6.35));
#3121 = CARTESIAN_POINT('',(-29.9424121978,36.988789923691,6.35));
#3122 = CARTESIAN_POINT('',(-29.35464014834,38.199726409097,6.35));
#3123 = CARTESIAN_POINT('',(-28.73812725539,39.396529108502,6.35));
#3124 = CARTESIAN_POINT('',(-28.09212290999,40.577771161354,6.35));
#3125 = CARTESIAN_POINT('',(-27.41584086057,41.74183956806,6.35));
#3126 = CARTESIAN_POINT('',(-26.70844741155,42.886928684033,6.35));
#3127 = CARTESIAN_POINT('',(-25.15967991185,45.241481935689,6.35));
#3128 = CARTESIAN_POINT('',(-24.31210324347,46.446570657808,6.35));
#3129 = CARTESIAN_POINT('',(-23.42506938228,47.623801609585,6.35));
#3130 = CARTESIAN_POINT('',(-22.49741181182,48.77007576364,6.35));
#3131 = CARTESIAN_POINT('',(-21.52807841276,49.881721135751,6.35));
#3132 = CARTESIAN_POINT('',(-20.51616447112,50.954520104445,6.35));
#3133 = CARTESIAN_POINT('',(-19.46093992999,51.983731875277,6.35));
#3134 = CARTESIAN_POINT('',(-17.59588421663,53.647376026012,6.35));
#3135 = CARTESIAN_POINT('',(-16.8087081709,54.306827140362,6.35));
#3136 = CARTESIAN_POINT('',(-16.00020588064,54.94066674779,6.35));
#3137 = CARTESIAN_POINT('',(-15.17039486421,55.546899177046,6.35));
#3138 = CARTESIAN_POINT('',(-14.3194680478,56.123359668038,6.35));
#3139 = CARTESIAN_POINT('',(-13.44782248686,56.667755644995,6.35));
#3140 = CARTESIAN_POINT('',(-12.55609578648,57.177719365447,6.35));
#3141 = CARTESIAN_POINT('',(-10.2999647546,58.349649729049,6.35));
#3142 = CARTESIAN_POINT('',(-8.912375123318,58.968428871817,6.35));
#3143 = CARTESIAN_POINT('',(-7.48622115204,59.498986974881,6.35));
#3144 = CARTESIAN_POINT('',(-6.026470050035,59.933498533361,6.35));
#3145 = CARTESIAN_POINT('',(-4.539401001578,60.265029661805,6.35));
#3146 = CARTESIAN_POINT('',(-3.032741933523,60.488104116761,6.35));
#3147 = CARTESIAN_POINT('',(-1.515854084399,60.599509059478,6.35));
#3148 = CARTESIAN_POINT('',(3.749128942389E-15,60.599509002119,6.35));
#3149 = PCURVE('',#1985,#3150);
#3150 = DEFINITIONAL_REPRESENTATION('',(#3151),#3336);
#3151 = B_SPLINE_CURVE_WITH_KNOTS('',8,(#3152,#3153,#3154,#3155,#3156,
    #3157,#3158,#3159,#3160,#3161,#3162,#3163,#3164,#3165,#3166,#3167,
    #3168,#3169,#3170,#3171,#3172,#3173,#3174,#3175,#3176,#3177,#3178,
    #3179,#3180,#3181,#3182,#3183,#3184,#3185,#3186,#3187,#3188,#3189,
    #3190,#3191,#3192,#3193,#3194,#3195,#3196,#3197,#3198,#3199,#3200,
    #3201,#3202,#3203,#3204,#3205,#3206,#3207,#3208,#3209,#3210,#3211,
    #3212,#3213,#3214,#3215,#3216,#3217,#3218,#3219,#3220,#3221,#3222,
    #3223,#3224,#3225,#3226,#3227,#3228,#3229,#3230,#3231,#3232,#3233,
    #3234,#3235,#3236,#3237,#3238,#3239,#3240,#3241,#3242,#3243,#3244,
    #3245,#3246,#3247,#3248,#3249,#3250,#3251,#3252,#3253,#3254,#3255,
    #3256,#3257,#3258,#3259,#3260,#3261,#3262,#3263,#3264,#3265,#3266,
    #3267,#3268,#3269,#3270,#3271,#3272,#3273,#3274,#3275,#3276,#3277,
    #3278,#3279,#3280,#3281,#3282,#3283,#3284,#3285,#3286,#3287,#3288,
    #3289,#3290,#3291,#3292,#3293,#3294,#3295,#3296,#3297,#3298,#3299,
    #3300,#3301,#3302,#3303,#3304,#3305,#3306,#3307,#3308,#3309,#3310,
    #3311,#3312,#3313,#3314,#3315,#3316,#3317,#3318,#3319,#3320,#3321,
    #3322,#3323,#3324,#3325,#3326,#3327,#3328,#3329,#3330,#3331,#3332,
    #3333,#3334,#3335),.UNSPECIFIED.,.F.,.F.,(9,7,7,7,7,7,7,7,7,7,7,7,7,
    7,7,7,7,7,7,7,7,7,7,7,7,7,9),(0.,3.889914435276E-02,
    6.523833065353E-02,0.1030308728,0.13755688428,0.166628744505,
    0.249996729581,0.333364714666,0.362436574893,0.396962586378,
    0.434755128515,0.461094314768,0.482439145386,0.500000942956,
    0.525337025412,0.538906530651,0.565245668611,0.603038141455,
    0.637564089636,0.666635896559,0.750003728788,0.833371561009,
    0.862443367931,0.896969316108,0.934761788962,0.961100926969,1.),
  .UNSPECIFIED.);
#3152 = CARTESIAN_POINT('',(1.,3.01228270831E-02));
#3153 = CARTESIAN_POINT('',(0.993598045611,3.01228270831E-02));
#3154 = CARTESIAN_POINT('',(0.987191726591,3.01228270831E-02));
#3155 = CARTESIAN_POINT('',(0.980812818419,3.01228270831E-02));
#3156 = CARTESIAN_POINT('',(0.974484994102,3.01228270831E-02));
#3157 = CARTESIAN_POINT('',(0.968226636433,3.01228270831E-02));
#3158 = CARTESIAN_POINT('',(0.962052366761,3.01228270831E-02));
#3159 = CARTESIAN_POINT('',(0.955973795549,3.01228270831E-02));
#3160 = CARTESIAN_POINT('',(0.945955054629,3.01228270831E-02));
#3161 = CARTESIAN_POINT('',(0.941957013376,3.01228270831E-02));
#3162 = CARTESIAN_POINT('',(0.938007538611,3.01228270831E-02));
#3163 = CARTESIAN_POINT('',(0.934107534595,3.01228270831E-02));
#3164 = CARTESIAN_POINT('',(0.930257282241,3.01228270831E-02));
#3165 = CARTESIAN_POINT('',(0.926456526586,3.01228270831E-02));
#3166 = CARTESIAN_POINT('',(0.922704516982,3.01228270831E-02));
#3167 = CARTESIAN_POINT('',(0.913684607468,3.01228270831E-02));
#3168 = CARTESIAN_POINT('',(0.908468057247,3.01228270831E-02));
#3169 = CARTESIAN_POINT('',(0.903346102431,3.01228270831E-02));
#3170 = CARTESIAN_POINT('',(0.898314524947,3.01228270831E-02));
#3171 = CARTESIAN_POINT('',(0.893368974039,3.01228270831E-02));
#3172 = CARTESIAN_POINT('',(0.88850481935,3.01228270831E-02));
#3173 = CARTESIAN_POINT('',(0.883717018623,3.01228270831E-02));
#3174 = CARTESIAN_POINT('',(0.87469068843,3.01228270831E-02));
#3175 = CARTESIAN_POINT('',(0.870441139456,3.01228270831E-02));
#3176 = CARTESIAN_POINT('',(0.866247441892,3.01228270831E-02));
#3177 = CARTESIAN_POINT('',(0.862106074132,3.01228270831E-02));
#3178 = CARTESIAN_POINT('',(0.858013762066,3.01228270831E-02));
#3179 = CARTESIAN_POINT('',(0.853967367431,3.01228270831E-02));
#3180 = CARTESIAN_POINT('',(0.849963806632,3.01228270831E-02));
#3181 = CARTESIAN_POINT('',(0.842662364767,3.01228270831E-02));
#3182 = CARTESIAN_POINT('',(0.839353048747,3.01228270831E-02));
#3183 = CARTESIAN_POINT('',(0.836070285746,3.01228270831E-02));
#3184 = CARTESIAN_POINT('',(0.832812430639,3.01228270831E-02));
#3185 = CARTESIAN_POINT('',(0.829577933938,3.01228270831E-02));
#3186 = CARTESIAN_POINT('',(0.826365316366,3.01228270831E-02));
#3187 = CARTESIAN_POINT('',(0.823173143432,3.01228270831E-02));
#3188 = CARTESIAN_POINT('',(0.810900528131,3.01228270831E-02));
#3189 = CARTESIAN_POINT('',(0.801960082035,3.01228270831E-02));
#3190 = CARTESIAN_POINT('',(0.793142555214,3.01228270831E-02));
#3191 = CARTESIAN_POINT('',(0.784420140487,3.01228270831E-02));
#3192 = CARTESIAN_POINT('',(0.775768160738,3.01228270831E-02));
#3193 = CARTESIAN_POINT('',(0.76716346849,3.01228270831E-02));
#3194 = CARTESIAN_POINT('',(0.758582639419,3.01228270831E-02));
#3195 = CARTESIAN_POINT('',(0.74141736058,3.01228270831E-02));
#3196 = CARTESIAN_POINT('',(0.732836531509,3.01228270831E-02));
#3197 = CARTESIAN_POINT('',(0.724231839261,3.01228270831E-02));
#3198 = CARTESIAN_POINT('',(0.715579859512,3.01228270831E-02));
#3199 = CARTESIAN_POINT('',(0.706857444785,3.01228270831E-02));
#3200 = CARTESIAN_POINT('',(0.698039917965,3.01228270831E-02));
#3201 = CARTESIAN_POINT('',(0.689099471869,3.01228270831E-02));
#3202 = CARTESIAN_POINT('',(0.676826856568,3.01228270831E-02));
#3203 = CARTESIAN_POINT('',(0.673634683634,3.01228270831E-02));
#3204 = CARTESIAN_POINT('',(0.670422066062,3.01228270831E-02));
#3205 = CARTESIAN_POINT('',(0.667187569361,3.01228270831E-02));
#3206 = CARTESIAN_POINT('',(0.663929714254,3.01228270831E-02));
#3207 = CARTESIAN_POINT('',(0.660646951253,3.01228270831E-02));
#3208 = CARTESIAN_POINT('',(0.657337635233,3.01228270831E-02));
#3209 = CARTESIAN_POINT('',(0.650036193367,3.01228270831E-02));
#3210 = CARTESIAN_POINT('',(0.646032632569,3.01228270831E-02));
#3211 = CARTESIAN_POINT('',(0.641986237934,3.01228270831E-02));
#3212 = CARTESIAN_POINT('',(0.637893925867,3.01228270831E-02));
#3213 = CARTESIAN_POINT('',(0.633752558108,3.01228270831E-02));
#3214 = CARTESIAN_POINT('',(0.629558860543,3.01228270831E-02));
#3215 = CARTESIAN_POINT('',(0.62530931157,3.01228270831E-02));
#3216 = CARTESIAN_POINT('',(0.616282981379,3.01228270831E-02));
#3217 = CARTESIAN_POINT('',(0.611495180654,3.01228270831E-02));
#3218 = CARTESIAN_POINT('',(0.606631025966,3.01228270831E-02));
#3219 = CARTESIAN_POINT('',(0.601685475059,3.01228270831E-02));
#3220 = CARTESIAN_POINT('',(0.596653897576,3.01228270831E-02));
#3221 = CARTESIAN_POINT('',(0.59153194276,3.01228270831E-02));
#3222 = CARTESIAN_POINT('',(0.586315392536,3.01228270831E-02));
#3223 = CARTESIAN_POINT('',(0.577295483021,3.01228270831E-02));
#3224 = CARTESIAN_POINT('',(0.573543473419,3.01228270831E-02));
#3225 = CARTESIAN_POINT('',(0.569742717765,3.01228270831E-02));
#3226 = CARTESIAN_POINT('',(0.56589246541,3.01228270831E-02));
#3227 = CARTESIAN_POINT('',(0.561992461393,3.01228270831E-02));
#3228 = CARTESIAN_POINT('',(0.558042986627,3.01228270831E-02));
#3229 = CARTESIAN_POINT('',(0.554044945372,3.01228270831E-02));
#3230 = CARTESIAN_POINT('',(0.546722044751,3.01228270831E-02));
#3231 = CARTESIAN_POINT('',(0.543413310406,3.01228270831E-02));
#3232 = CARTESIAN_POINT('',(0.540074846005,3.01228270831E-02));
#3233 = CARTESIAN_POINT('',(0.536708052836,3.01228270831E-02));
#3234 = CARTESIAN_POINT('',(0.533314707776,3.01228270831E-02));
#3235 = CARTESIAN_POINT('',(0.529897013279,3.01228270831E-02));
#3236 = CARTESIAN_POINT('',(0.526457673988,3.01228270831E-02));
#3237 = CARTESIAN_POINT('',(0.520155143944,3.01228270831E-02));
#3238 = CARTESIAN_POINT('',(0.517297699997,3.01228270831E-02));
#3239 = CARTESIAN_POINT('',(0.514429560792,3.01228270831E-02));
#3240 = CARTESIAN_POINT('',(0.511552674572,3.01228270831E-02));
#3241 = CARTESIAN_POINT('',(0.508669070711,3.01228270831E-02));
#3242 = CARTESIAN_POINT('',(0.50578088524,3.01228270831E-02));
#3243 = CARTESIAN_POINT('',(0.502890386366,3.01228270831E-02));
#3244 = CARTESIAN_POINT('',(0.495830092734,3.01228270831E-02));
#3245 = CARTESIAN_POINT('',(0.491659537353,3.01228270831E-02));
#3246 = CARTESIAN_POINT('',(0.487496110635,3.01228270831E-02));
#3247 = CARTESIAN_POINT('',(0.483346594194,3.01228270831E-02));
#3248 = CARTESIAN_POINT('',(0.479217004906,3.01228270831E-02));
#3249 = CARTESIAN_POINT('',(0.475112777601,3.01228270831E-02));
#3250 = CARTESIAN_POINT('',(0.471038900013,3.01228270831E-02));
#3251 = CARTESIAN_POINT('',(0.464836844943,3.01228270831E-02));
#3252 = CARTESIAN_POINT('',(0.462683564213,3.01228270831E-02));
#3253 = CARTESIAN_POINT('',(0.460540769141,3.01228270831E-02));
#3254 = CARTESIAN_POINT('',(0.458408987943,3.01228270831E-02));
#3255 = CARTESIAN_POINT('',(0.456288671836,3.01228270831E-02));
#3256 = CARTESIAN_POINT('',(0.454180201174,3.01228270831E-02));
#3257 = CARTESIAN_POINT('',(0.452083891565,3.01228270831E-02));
#3258 = CARTESIAN_POINT('',(0.445955054628,3.01228270831E-02));
#3259 = CARTESIAN_POINT('',(0.441957013373,3.01228270831E-02));
#3260 = CARTESIAN_POINT('',(0.438007538607,3.01228270831E-02));
#3261 = CARTESIAN_POINT('',(0.43410753459,3.01228270831E-02));
#3262 = CARTESIAN_POINT('',(0.430257282235,3.01228270831E-02));
#3263 = CARTESIAN_POINT('',(0.426456526581,3.01228270831E-02));
#3264 = CARTESIAN_POINT('',(0.422704516979,3.01228270831E-02));
#3265 = CARTESIAN_POINT('',(0.413684607464,3.01228270831E-02));
#3266 = CARTESIAN_POINT('',(0.40846805724,3.01228270831E-02));
#3267 = CARTESIAN_POINT('',(0.403346102424,3.01228270831E-02));
#3268 = CARTESIAN_POINT('',(0.398314524941,3.01228270831E-02));
#3269 = CARTESIAN_POINT('',(0.393368974034,3.01228270831E-02));
#3270 = CARTESIAN_POINT('',(0.388504819346,3.01228270831E-02));
#3271 = CARTESIAN_POINT('',(0.383717018621,3.01228270831E-02));
#3272 = CARTESIAN_POINT('',(0.37469068843,3.01228270831E-02));
#3273 = CARTESIAN_POINT('',(0.370441139456,3.01228270831E-02));
#3274 = CARTESIAN_POINT('',(0.366247441892,3.01228270831E-02));
#3275 = CARTESIAN_POINT('',(0.362106074133,3.01228270831E-02));
#3276 = CARTESIAN_POINT('',(0.358013762066,3.01228270831E-02));
#3277 = CARTESIAN_POINT('',(0.353967367431,3.01228270831E-02));
#3278 = CARTESIAN_POINT('',(0.349963806633,3.01228270831E-02));
#3279 = CARTESIAN_POINT('',(0.342662364767,3.01228270831E-02));
#3280 = CARTESIAN_POINT('',(0.339353048747,3.01228270831E-02));
#3281 = CARTESIAN_POINT('',(0.336070285746,3.01228270831E-02));
#3282 = CARTESIAN_POINT('',(0.332812430639,3.01228270831E-02));
#3283 = CARTESIAN_POINT('',(0.329577933938,3.01228270831E-02));
#3284 = CARTESIAN_POINT('',(0.326365316366,3.01228270831E-02));
#3285 = CARTESIAN_POINT('',(0.323173143432,3.01228270831E-02));
#3286 = CARTESIAN_POINT('',(0.310900528131,3.01228270831E-02));
#3287 = CARTESIAN_POINT('',(0.301960082036,3.01228270831E-02));
#3288 = CARTESIAN_POINT('',(0.293142555213,3.01228270831E-02));
#3289 = CARTESIAN_POINT('',(0.284420140489,3.01228270831E-02));
#3290 = CARTESIAN_POINT('',(0.275768160738,3.01228270831E-02));
#3291 = CARTESIAN_POINT('',(0.267163468492,3.01228270831E-02));
#3292 = CARTESIAN_POINT('',(0.25858263942,3.01228270831E-02));
#3293 = CARTESIAN_POINT('',(0.241417360581,3.01228270831E-02));
#3294 = CARTESIAN_POINT('',(0.23283653151,3.01228270831E-02));
#3295 = CARTESIAN_POINT('',(0.224231839263,3.01228270831E-02));
#3296 = CARTESIAN_POINT('',(0.215579859512,3.01228270831E-02));
#3297 = CARTESIAN_POINT('',(0.206857444786,3.01228270831E-02));
#3298 = CARTESIAN_POINT('',(0.198039917965,3.01228270831E-02));
#3299 = CARTESIAN_POINT('',(0.189099471869,3.01228270831E-02));
#3300 = CARTESIAN_POINT('',(0.176826856568,3.01228270831E-02));
#3301 = CARTESIAN_POINT('',(0.173634683634,3.01228270831E-02));
#3302 = CARTESIAN_POINT('',(0.170422066062,3.01228270831E-02));
#3303 = CARTESIAN_POINT('',(0.167187569361,3.01228270831E-02));
#3304 = CARTESIAN_POINT('',(0.163929714254,3.01228270831E-02));
#3305 = CARTESIAN_POINT('',(0.160646951253,3.01228270831E-02));
#3306 = CARTESIAN_POINT('',(0.157337635233,3.01228270831E-02));
#3307 = CARTESIAN_POINT('',(0.150036193368,3.01228270831E-02));
#3308 = CARTESIAN_POINT('',(0.146032632569,3.01228270831E-02));
#3309 = CARTESIAN_POINT('',(0.141986237934,3.01228270831E-02));
#3310 = CARTESIAN_POINT('',(0.137893925868,3.01228270831E-02));
#3311 = CARTESIAN_POINT('',(0.133752558108,3.01228270831E-02));
#3312 = CARTESIAN_POINT('',(0.129558860544,3.01228270831E-02));
#3313 = CARTESIAN_POINT('',(0.12530931157,3.01228270831E-02));
#3314 = CARTESIAN_POINT('',(0.116282981378,3.01228270831E-02));
#3315 = CARTESIAN_POINT('',(0.11149518065,3.01228270831E-02));
#3316 = CARTESIAN_POINT('',(0.106631025961,3.01228270831E-02));
#3317 = CARTESIAN_POINT('',(0.101685475053,3.01228270831E-02));
#3318 = CARTESIAN_POINT('',(9.66538975693E-02,3.01228270831E-02));
#3319 = CARTESIAN_POINT('',(9.153194275315E-02,3.01228270831E-02));
#3320 = CARTESIAN_POINT('',(8.63153925319E-02,3.01228270831E-02));
#3321 = CARTESIAN_POINT('',(7.72954830184E-02,3.01228270831E-02));
#3322 = CARTESIAN_POINT('',(7.354347341442E-02,3.01228270831E-02));
#3323 = CARTESIAN_POINT('',(6.974271775922E-02,3.01228270831E-02));
#3324 = CARTESIAN_POINT('',(6.589246540485E-02,3.01228270831E-02));
#3325 = CARTESIAN_POINT('',(6.199246138894E-02,3.01228270831E-02));
#3326 = CARTESIAN_POINT('',(5.804298662401E-02,3.01228270831E-02));
#3327 = CARTESIAN_POINT('',(5.404494537142E-02,3.01228270831E-02));
#3328 = CARTESIAN_POINT('',(4.402620445053E-02,3.01228270831E-02));
#3329 = CARTESIAN_POINT('',(3.794763323899E-02,3.01228270831E-02));
#3330 = CARTESIAN_POINT('',(3.177336356737E-02,3.01228270831E-02));
#3331 = CARTESIAN_POINT('',(2.551500589819E-02,3.01228270831E-02));
#3332 = CARTESIAN_POINT('',(1.91871815811E-02,3.01228270831E-02));
#3333 = CARTESIAN_POINT('',(1.280827340957E-02,3.01228270831E-02));
#3334 = CARTESIAN_POINT('',(6.401954389348E-03,3.01228270831E-02));
#3335 = CARTESIAN_POINT('',(0.,3.01228270831E-02));
#3336 = ( GEOMETRIC_REPRESENTATION_CONTEXT(2) 
PARAMETRIC_REPRESENTATION_CONTEXT() REPRESENTATION_CONTEXT('2D SPACE',''
  ) );
#3337 = PCURVE('',#1083,#3338);
#3338 = DEFINITIONAL_REPRESENTATION('',(#3339),#3524);
#3339 = B_SPLINE_CURVE_WITH_KNOTS('',8,(#3340,#3341,#3342,#3343,#3344,
    #3345,#3346,#3347,#3348,#3349,#3350,#3351,#3352,#3353,#3354,#3355,
    #3356,#3357,#3358,#3359,#3360,#3361,#3362,#3363,#3364,#3365,#3366,
    #3367,#3368,#3369,#3370,#3371,#3372,#3373,#3374,#3375,#3376,#3377,
    #3378,#3379,#3380,#3381,#3382,#3383,#3384,#3385,#3386,#3387,#3388,
    #3389,#3390,#3391,#3392,#3393,#3394,#3395,#3396,#3397,#3398,#3399,
    #3400,#3401,#3402,#3403,#3404,#3405,#3406,#3407,#3408,#3409,#3410,
    #3411,#3412,#3413,#3414,#3415,#3416,#3417,#3418,#3419,#3420,#3421,
    #3422,#3423,#3424,#3425,#3426,#3427,#3428,#3429,#3430,#3431,#3432,
    #3433,#3434,#3435,#3436,#3437,#3438,#3439,#3440,#3441,#3442,#3443,
    #3444,#3445,#3446,#3447,#3448,#3449,#3450,#3451,#3452,#3453,#3454,
    #3455,#3456,#3457,#3458,#3459,#3460,#3461,#3462,#3463,#3464,#3465,
    #3466,#3467,#3468,#3469,#3470,#3471,#3472,#3473,#3474,#3475,#3476,
    #3477,#3478,#3479,#3480,#3481,#3482,#3483,#3484,#3485,#3486,#3487,
    #3488,#3489,#3490,#3491,#3492,#3493,#3494,#3495,#3496,#3497,#3498,
    #3499,#3500,#3501,#3502,#3503,#3504,#3505,#3506,#3507,#3508,#3509,
    #3510,#3511,#3512,#3513,#3514,#3515,#3516,#3517,#3518,#3519,#3520,
    #3521,#3522,#3523),.UNSPECIFIED.,.F.,.F.,(9,7,7,7,7,7,7,7,7,7,7,7,7,
    7,7,7,7,7,7,7,7,7,7,7,7,7,9),(0.,3.889914435276E-02,
    6.523833065353E-02,0.1030308728,0.13755688428,0.166628744505,
    0.249996729581,0.333364714666,0.362436574893,0.396962586378,
    0.434755128515,0.461094314768,0.482439145386,0.500000942956,
    0.525337025412,0.538906530651,0.565245668611,0.603038141455,
    0.637564089636,0.666635896559,0.750003728788,0.833371561009,
    0.862443367931,0.896969316108,0.934761788962,0.961100926969,1.),
  .UNSPECIFIED.);
#3340 = CARTESIAN_POINT('',(2.398851326673,8.870931983199E-02));
#3341 = CARTESIAN_POINT('',(2.454869136077,-1.426109352559));
#3342 = CARTESIAN_POINT('',(2.622254052055,-2.937844150057));
#3343 = CARTESIAN_POINT('',(2.900854202592,-4.435230444889));
#3344 = CARTESIAN_POINT('',(3.287113002125,-5.909032122111));
#3345 = CARTESIAN_POINT('',(3.775272364909,-7.351728906183));
#3346 = CARTESIAN_POINT('',(4.358171096636,-8.757302141231));
#3347 = CARTESIAN_POINT('',(5.027805476169,-10.1210771997));
#3348 = CARTESIAN_POINT('',(6.282309891909,-12.33235888258));
#3349 = CARTESIAN_POINT('',(6.824878732026,-13.20463094913));
#3350 = CARTESIAN_POINT('',(7.40111421786,-14.05556316059));
#3351 = CARTESIAN_POINT('',(8.008626661767,-14.8846058465));
#3352 = CARTESIAN_POINT('',(8.645110380889,-15.69144694397));
#3353 = CARTESIAN_POINT('',(9.308394964266,-16.47597365655));
#3354 = CARTESIAN_POINT('',(9.996485456419,-17.2382422272));
#3355 = CARTESIAN_POINT('',(11.727915736953,-19.04054460411));
#3356 = CARTESIAN_POINT('',(12.795419958159,-20.0570141999));
#3357 = CARTESIAN_POINT('',(13.904881076383,-21.02859202985));
#3358 = CARTESIAN_POINT('',(15.051588514415,-21.95618284665));
#3359 = CARTESIAN_POINT('',(16.231360965051,-22.84084660708));
#3360 = CARTESIAN_POINT('',(17.44056783295,-23.68377040871));
#3361 = CARTESIAN_POINT('',(18.676155315755,-24.48623449469));
#3362 = CARTESIAN_POINT('',(21.086334444961,-25.94693239233));
#3363 = CARTESIAN_POINT('',(22.256782882052,-26.61152627685));
#3364 = CARTESIAN_POINT('',(23.44504793487,-27.24432863945));
#3365 = CARTESIAN_POINT('',(24.649356001116,-27.84623933322));
#3366 = CARTESIAN_POINT('',(25.868124238621,-28.41810368053));
#3367 = CARTESIAN_POINT('',(27.099954499956,-28.96072450677));
#3368 = CARTESIAN_POINT('',(28.34363134009,-29.47486593236));
#3369 = CARTESIAN_POINT('',(30.654442007559,-30.37079681372));
#3370 = CARTESIAN_POINT('',(31.718384961085,-30.76064783969));
#3371 = CARTESIAN_POINT('',(32.789313758,-31.13122512567));
#3372 = CARTESIAN_POINT('',(33.866636998907,-31.48291928756));
#3373 = CARTESIAN_POINT('',(34.949810118853,-31.81609140669));
#3374 = CARTESIAN_POINT('',(36.038334421478,-32.13107600429));
#3375 = CARTESIAN_POINT('',(37.131756113162,-32.42818401586));
#3376 = CARTESIAN_POINT('',(41.378088058996,-33.50927654316));
#3377 = CARTESIAN_POINT('',(44.562542460272,-34.16600083849));
#3378 = CARTESIAN_POINT('',(47.774274598488,-34.68506808328));
#3379 = CARTESIAN_POINT('',(51.005463076398,-35.07133827408));
#3380 = CARTESIAN_POINT('',(54.24908732845,-35.3284269714));
#3381 = CARTESIAN_POINT('',(57.498911001136,-35.45881507112));
#3382 = CARTESIAN_POINT('',(60.749466075084,-35.4639401731));
#3383 = CARTESIAN_POINT('',(67.242690854595,-35.2238212679));
#3384 = CARTESIAN_POINT('',(70.483989175519,-34.97862797438));
#3385 = CARTESIAN_POINT('',(73.715306315117,-34.60856783366));
#3386 = CARTESIAN_POINT('',(76.931083007863,-34.11261103407));
#3387 = CARTESIAN_POINT('',(80.124916699817,-33.48874406553));
#3388 = CARTESIAN_POINT('',(83.289538957196,-32.73387977342));
#3389 = CARTESIAN_POINT('',(86.416790793285,-31.84374911415));
#3390 = CARTESIAN_POINT('',(90.571676534422,-30.45198026542));
#3391 = CARTESIAN_POINT('',(91.640167721303,-30.07492489792));
#3392 = CARTESIAN_POINT('',(92.702454551613,-29.68040348596));
#3393 = CARTESIAN_POINT('',(93.758061505837,-29.26813945993));
#3394 = CARTESIAN_POINT('',(94.806466542351,-28.83783604543));
#3395 = CARTESIAN_POINT('',(95.847099914516,-28.38917336824));
#3396 = CARTESIAN_POINT('',(96.879342987782,-27.92180555942));
#3397 = CARTESIAN_POINT('',(99.117669748343,-26.85764795862));
#3398 = CARTESIAN_POINT('',(100.31997585889,-26.25305428912));
#3399 = CARTESIAN_POINT('',(101.50836429188,-25.62093397887));
#3400 = CARTESIAN_POINT('',(102.68156648497,-24.96061476585));
#3401 = CARTESIAN_POINT('',(103.83812881375,-24.27139928297));
#3402 = CARTESIAN_POINT('',(104.97641032474,-23.55256142358));
#3403 = CARTESIAN_POINT('',(106.0945757978,-22.80333478862));
#3404 = CARTESIAN_POINT('',(108.39028658426,-21.16861347696));
#3405 = CARTESIAN_POINT('',(109.56323025718,-20.27708211127));
#3406 = CARTESIAN_POINT('',(110.70687706125,-19.34714997876));
#3407 = CARTESIAN_POINT('',(111.8180869778,-18.37776588335));
#3408 = CARTESIAN_POINT('',(112.89315165019,-17.36801412136));
#3409 = CARTESIAN_POINT('',(113.92782290451,-16.3171464576));
#3410 = CARTESIAN_POINT('',(114.91733620564,-15.22460852823));
#3411 = CARTESIAN_POINT('',(116.51092150093,-13.29934735898));
#3412 = CARTESIAN_POINT('',(117.14083235255,-12.48833921203));
#3413 = CARTESIAN_POINT('',(117.74436108764,-11.6569658522));
#3414 = CARTESIAN_POINT('',(118.31951404546,-10.80531853518));
#3415 = CARTESIAN_POINT('',(118.86413507405,-9.933670053269));
#3416 = CARTESIAN_POINT('',(119.37594783655,-9.042501911991));
#3417 = CARTESIAN_POINT('',(119.85260977014,-8.132538779951));
#3418 = CARTESIAN_POINT('',(120.64767200559,-6.452958478374));
#3419 = CARTESIAN_POINT('',(120.97894133768,-5.689452001668));
#3420 = CARTESIAN_POINT('',(121.28432185011,-4.914845912868));
#3421 = CARTESIAN_POINT('',(121.56255848028,-4.129844440746));
#3422 = CARTESIAN_POINT('',(121.81243267865,-3.335290090667));
#3423 = CARTESIAN_POINT('',(122.03279792741,-2.532175289174));
#3424 = CARTESIAN_POINT('',(122.22262304588,-1.721656494318));
#3425 = CARTESIAN_POINT('',(122.51138625548,-0.233211830036));
#3426 = CARTESIAN_POINT('',(122.62047748296,0.442795462921));
#3427 = CARTESIAN_POINT('',(122.7078301795,1.122195922042));
#3428 = CARTESIAN_POINT('',(122.77304449909,1.804202962667));
#3429 = CARTESIAN_POINT('',(122.81581632019,2.487997980799));
#3430 = CARTESIAN_POINT('',(122.8359460306,3.172729733347));
#3431 = CARTESIAN_POINT('',(122.8333473124,3.857513718346));
#3432 = CARTESIAN_POINT('',(122.7715688026,5.528107341368));
#3433 = CARTESIAN_POINT('',(122.68784392124,6.513190022947));
#3434 = CARTESIAN_POINT('',(122.55696276229,7.493805897025));
#3435 = CARTESIAN_POINT('',(122.37955849493,8.467337456764));
#3436 = CARTESIAN_POINT('',(122.15672177874,9.431405524276));
#3437 = CARTESIAN_POINT('',(121.88992194667,10.383854172926));
#3438 = CARTESIAN_POINT('',(121.58094357023,11.32273843907));
#3439 = CARTESIAN_POINT('',(121.0448646055,12.740964086462));
#3440 = CARTESIAN_POINT('',(120.8463664832,13.231258784243));
#3441 = CARTESIAN_POINT('',(120.63664783404,13.716953219296));
#3442 = CARTESIAN_POINT('',(120.41602556818,14.1978302336));
#3443 = CARTESIAN_POINT('',(120.18482597279,14.673699454586));
#3444 = CARTESIAN_POINT('',(119.94338097289,15.144395541351));
#3445 = CARTESIAN_POINT('',(119.69202439208,15.609776430867));
#3446 = CARTESIAN_POINT('',(118.92459736012,16.962499770194));
#3447 = CARTESIAN_POINT('',(118.38202851923,17.83477183412));
#3448 = CARTESIAN_POINT('',(117.80579303265,18.685704042869));
#3449 = CARTESIAN_POINT('',(117.19828058815,19.514746726071));
#3450 = CARTESIAN_POINT('',(116.56179686867,20.321587820915));
#3451 = CARTESIAN_POINT('',(115.89851228522,21.106114531023));
#3452 = CARTESIAN_POINT('',(115.21042179329,21.868383099394));
#3453 = CARTESIAN_POINT('',(113.47899151243,23.670685472949));
#3454 = CARTESIAN_POINT('',(112.41148729085,24.687155067731));
#3455 = CARTESIAN_POINT('',(111.30202617269,25.658732897119));
#3456 = CARTESIAN_POINT('',(110.15531873508,26.586323713781));
#3457 = CARTESIAN_POINT('',(108.9755462851,27.470987474413));
#3458 = CARTESIAN_POINT('',(107.76633941801,28.313911276508));
#3459 = CARTESIAN_POINT('',(106.53075193609,29.116375363142));
#3460 = CARTESIAN_POINT('',(104.12057280815,30.577073262477));
#3461 = CARTESIAN_POINT('',(102.95012437143,31.241667147998));
#3462 = CARTESIAN_POINT('',(101.76185931894,31.874469511597));
#3463 = CARTESIAN_POINT('',(100.55755125297,32.476380206306));
#3464 = CARTESIAN_POINT('',(99.338783015663,33.048244554459));
#3465 = CARTESIAN_POINT('',(98.106952754447,33.590865381431));
#3466 = CARTESIAN_POINT('',(96.863275914375,34.105006807616));
#3467 = CARTESIAN_POINT('',(94.552465246947,35.00093768983));
#3468 = CARTESIAN_POINT('',(93.488522293425,35.390788716092));
#3469 = CARTESIAN_POINT('',(92.417593496478,35.761366002279));
#3470 = CARTESIAN_POINT('',(91.340270255509,36.113060164284));
#3471 = CARTESIAN_POINT('',(90.257097135477,36.446232283466));
#3472 = CARTESIAN_POINT('',(89.168572832748,36.76121688105));
#3473 = CARTESIAN_POINT('',(88.075151140945,37.058324892542));
#3474 = CARTESIAN_POINT('',(83.82881919453,38.139417419403));
#3475 = CARTESIAN_POINT('',(80.644364793033,38.796141714279));
#3476 = CARTESIAN_POINT('',(77.432632653896,39.315208957832));
#3477 = CARTESIAN_POINT('',(74.201444176363,39.701479149018));
#3478 = CARTESIAN_POINT('',(70.957819923292,39.958567845332));
#3479 = CARTESIAN_POINT('',(67.70799625077,40.08895594574));
#3480 = CARTESIAN_POINT('',(64.457441176368,40.094081047762));
#3481 = CARTESIAN_POINT('',(57.964216396877,39.853962143088));
#3482 = CARTESIAN_POINT('',(54.722918076171,39.608768849892));
#3483 = CARTESIAN_POINT('',(51.491600936978,39.238708709214));
#3484 = CARTESIAN_POINT('',(48.275824244321,38.742751909698));
#3485 = CARTESIAN_POINT('',(45.081990553009,38.118884940497));
#3486 = CARTESIAN_POINT('',(41.917368295932,37.364020647871));
#3487 = CARTESIAN_POINT('',(38.790116460386,36.473889987927));
#3488 = CARTESIAN_POINT('',(34.635230719806,35.082121138831));
#3489 = CARTESIAN_POINT('',(33.566739533047,34.705065771278));
#3490 = CARTESIAN_POINT('',(32.504452702844,34.310544359303));
#3491 = CARTESIAN_POINT('',(31.448845748702,33.898280333332));
#3492 = CARTESIAN_POINT('',(30.400440712242,33.467976918954));
#3493 = CARTESIAN_POINT('',(29.359807340093,33.019314241969));
#3494 = CARTESIAN_POINT('',(28.327564266802,32.551946433439));
#3495 = CARTESIAN_POINT('',(26.089237506132,31.48778883349));
#3496 = CARTESIAN_POINT('',(24.886931395481,30.883195164586));
#3497 = CARTESIAN_POINT('',(23.698542962313,30.251074855048));
#3498 = CARTESIAN_POINT('',(22.525340768961,29.590755642855));
#3499 = CARTESIAN_POINT('',(21.368778439851,28.901540160891));
#3500 = CARTESIAN_POINT('',(20.230496928461,28.182702302478));
#3501 = CARTESIAN_POINT('',(19.112331454954,27.433475668481));
#3502 = CARTESIAN_POINT('',(16.8166206671,25.798754358422));
#3503 = CARTESIAN_POINT('',(15.643676993268,24.907222993309));
#3504 = CARTESIAN_POINT('',(14.500030188343,23.977290861215));
#3505 = CARTESIAN_POINT('',(13.38882027111,23.007906765959));
#3506 = CARTESIAN_POINT('',(12.313755598326,21.998155003794));
#3507 = CARTESIAN_POINT('',(11.279084343984,20.947287339459));
#3508 = CARTESIAN_POINT('',(10.2895710433,19.854749409132));
#3509 = CARTESIAN_POINT('',(8.695985748584,17.92948823655));
#3510 = CARTESIAN_POINT('',(8.066074896902,17.118480087313));
#3511 = CARTESIAN_POINT('',(7.462546162071,16.287106725018));
#3512 = CARTESIAN_POINT('',(6.887393204798,15.435459405404));
#3513 = CARTESIAN_POINT('',(6.342772177003,14.563810920839));
#3514 = CARTESIAN_POINT('',(5.830959415448,13.672642776917));
#3515 = CARTESIAN_POINT('',(5.354297482824,12.762679642309));
#3516 = CARTESIAN_POINT('',(4.266542160888,10.464781391789));
#3517 = CARTESIAN_POINT('',(3.699463577236,9.055272792194));
#3518 = CARTESIAN_POINT('',(3.221970905255,7.610486372434));
#3519 = CARTESIAN_POINT('',(2.841700743051,6.135675137734));
#3520 = CARTESIAN_POINT('',(2.565350194744,4.637370222686));
#3521 = CARTESIAN_POINT('',(2.398106180321,3.123496648227));
#3522 = CARTESIAN_POINT('',(2.342833402629,1.603527987982));
#3523 = CARTESIAN_POINT('',(2.398851326673,8.870931983203E-02));
#3524 = ( GEOMETRIC_REPRESENTATION_CONTEXT(2) 
PARAMETRIC_REPRESENTATION_CONTEXT() REPRESENTATION_CONTEXT('2D SPACE',''
  ) );
#3525 = ORIENTED_EDGE('',*,*,#3526,.T.);
#3526 = EDGE_CURVE('',#2961,#3527,#3529,.T.);
#3527 = VERTEX_POINT('',#3528);
#3528 = CARTESIAN_POINT('',(-21.42175042271,50.179878656771,10.35));
#3529 = SURFACE_CURVE('',#3530,(#3538,#3549),.PCURVE_S1.);
#3530 = B_SPLINE_CURVE_WITH_KNOTS('',6,(#3531,#3532,#3533,#3534,#3535,
    #3536,#3537),.UNSPECIFIED.,.F.,.F.,(7,7),(0.,1.),
  .PIECEWISE_BEZIER_KNOTS.);
#3531 = CARTESIAN_POINT('',(-21.26149494832,50.095173692268,
    6.349953287698));
#3532 = CARTESIAN_POINT('',(-21.27820495414,50.104559410941,
    7.016860940002));
#3533 = CARTESIAN_POINT('',(-21.30049500501,50.116937001781,
    7.683665067464));
#3534 = CARTESIAN_POINT('',(-21.32714492693,50.131444257675,
    8.350359925334));
#3535 = CARTESIAN_POINT('',(-21.35700665311,50.147238093052,
    9.016957519641));
#3536 = CARTESIAN_POINT('',(-21.3889301927,50.163589194649,
    9.683488116899));
#3537 = CARTESIAN_POINT('',(-21.42175045225,50.179878671435,10.3500006)
  );
#3538 = PCURVE('',#1985,#3539);
#3539 = DEFINITIONAL_REPRESENTATION('',(#3540),#3548);
#3540 = B_SPLINE_CURVE_WITH_KNOTS('',6,(#3541,#3542,#3543,#3544,#3545,
    #3546,#3547),.UNSPECIFIED.,.F.,.F.,(7,7),(0.,1.),
  .PIECEWISE_BEZIER_KNOTS.);
#3541 = CARTESIAN_POINT('',(9.540659395293E-02,3.012222708125E-02));
#3542 = CARTESIAN_POINT('',(9.54538887902E-02,3.868840318657E-02));
#3543 = CARTESIAN_POINT('',(9.552515404384E-02,4.726576691789E-02));
#3544 = CARTESIAN_POINT('',(9.561677486432E-02,5.585511828619E-02));
#3545 = CARTESIAN_POINT('',(9.572543403618E-02,6.445795390158E-02));
#3546 = CARTESIAN_POINT('',(9.584775176876E-02,7.307645518442E-02));
#3547 = CARTESIAN_POINT('',(9.598023831137E-02,8.171350622389E-02));
#3548 = ( GEOMETRIC_REPRESENTATION_CONTEXT(2) 
PARAMETRIC_REPRESENTATION_CONTEXT() REPRESENTATION_CONTEXT('2D SPACE',''
  ) );
#3549 = PCURVE('',#1320,#3550);
#3550 = DEFINITIONAL_REPRESENTATION('',(#3551),#3559);
#3551 = B_SPLINE_CURVE_WITH_KNOTS('',6,(#3552,#3553,#3554,#3555,#3556,
    #3557,#3558),.UNSPECIFIED.,.F.,.F.,(7,7),(0.,1.),
  .PIECEWISE_BEZIER_KNOTS.);
#3552 = CARTESIAN_POINT('',(-1.059028054424,-6.349953287698));
#3553 = CARTESIAN_POINT('',(-1.064426784018,-7.016860940002));
#3554 = CARTESIAN_POINT('',(-1.071608703121,-7.683665067464));
#3555 = CARTESIAN_POINT('',(-1.080155453594,-8.350359925334));
#3556 = CARTESIAN_POINT('',(-1.089670056637,-9.016957519641));
#3557 = CARTESIAN_POINT('',(-1.099772749449,-9.683488116899));
#3558 = CARTESIAN_POINT('',(-1.110093979579,-10.3500006));
#3559 = ( GEOMETRIC_REPRESENTATION_CONTEXT(2) 
PARAMETRIC_REPRESENTATION_CONTEXT() REPRESENTATION_CONTEXT('2D SPACE',''
  ) );
#3560 = ORIENTED_EDGE('',*,*,#3561,.F.);
#3561 = EDGE_CURVE('',#3562,#3527,#3564,.T.);
#3562 = VERTEX_POINT('',#3563);
#3563 = CARTESIAN_POINT('',(-21.66836614653,49.909768251992,10.35));
#3564 = SURFACE_CURVE('',#3565,(#3573,#3584),.PCURVE_S1.);
#3565 = B_SPLINE_CURVE_WITH_KNOTS('',6,(#3566,#3567,#3568,#3569,#3570,
    #3571,#3572),.UNSPECIFIED.,.F.,.F.,(7,7),(0.,1.),
  .PIECEWISE_BEZIER_KNOTS.);
#3566 = CARTESIAN_POINT('',(-26.55,43.487467452819,10.35));
#3567 = CARTESIAN_POINT('',(-25.7446762123,44.742655539041,10.35));
#3568 = CARTESIAN_POINT('',(-24.89834337199,45.971446455214,10.35));
#3569 = CARTESIAN_POINT('',(-24.00962946336,47.170774471886,10.35));
#3570 = CARTESIAN_POINT('',(-23.07723421536,48.33680262181,10.35));
#3571 = CARTESIAN_POINT('',(-22.09999147249,49.464970690668,10.35));
#3572 = CARTESIAN_POINT('',(-21.07687769706,50.55,10.35));
#3573 = PCURVE('',#1985,#3574);
#3574 = DEFINITIONAL_REPRESENTATION('',(#3575),#3583);
#3575 = B_SPLINE_CURVE_WITH_KNOTS('',6,(#3576,#3577,#3578,#3579,#3580,
    #3581,#3582),.UNSPECIFIED.,.F.,.F.,(7,7),(0.,1.),
  .PIECEWISE_BEZIER_KNOTS.);
#3576 = CARTESIAN_POINT('',(0.124065621526,8.171349844875E-02));
#3577 = CARTESIAN_POINT('',(0.119294432292,8.171349844875E-02));
#3578 = CARTESIAN_POINT('',(0.114449917217,8.171349844875E-02));
#3579 = CARTESIAN_POINT('',(0.109526006029,8.171349844875E-02));
#3580 = CARTESIAN_POINT('',(0.104517098939,8.171349844875E-02));
#3581 = CARTESIAN_POINT('',(9.941778984536E-02,8.171349844875E-02));
#3582 = CARTESIAN_POINT('',(9.422240703343E-02,8.171349844875E-02));
#3583 = ( GEOMETRIC_REPRESENTATION_CONTEXT(2) 
PARAMETRIC_REPRESENTATION_CONTEXT() REPRESENTATION_CONTEXT('2D SPACE',''
  ) );
#3584 = PCURVE('',#1356,#3585);
#3585 = DEFINITIONAL_REPRESENTATION('',(#3586),#3594);
#3586 = B_SPLINE_CURVE_WITH_KNOTS('',6,(#3587,#3588,#3589,#3590,#3591,
    #3592,#3593),.UNSPECIFIED.,.F.,.F.,(7,7),(0.,1.),
  .PIECEWISE_BEZIER_KNOTS.);
#3587 = CARTESIAN_POINT('',(-3.55,-3.512532547181));
#3588 = CARTESIAN_POINT('',(-2.744676212304,-2.257344460959));
#3589 = CARTESIAN_POINT('',(-1.898343371997,-1.028553544786));
#3590 = CARTESIAN_POINT('',(-1.009629463369,0.170774471886));
#3591 = CARTESIAN_POINT('',(-7.723421536524E-02,1.33680262181));
#3592 = CARTESIAN_POINT('',(0.90000852751,2.464970690668));
#3593 = CARTESIAN_POINT('',(1.923122302939,3.55));
#3594 = ( GEOMETRIC_REPRESENTATION_CONTEXT(2) 
PARAMETRIC_REPRESENTATION_CONTEXT() REPRESENTATION_CONTEXT('2D SPACE',''
  ) );
#3595 = ORIENTED_EDGE('',*,*,#3596,.T.);
#3596 = EDGE_CURVE('',#3562,#3597,#3599,.T.);
#3597 = VERTEX_POINT('',#3598);
#3598 = CARTESIAN_POINT('',(-21.81806085736,49.973721551038,13.35));
#3599 = SURFACE_CURVE('',#3600,(#3609,#3621),.PCURVE_S1.);
#3600 = B_SPLINE_CURVE_WITH_KNOTS('',4,(#3601,#3602,#3603,#3604,#3605,
    #3606,#3607,#3608),.UNSPECIFIED.,.F.,.F.,(5,3,5),(0.,0.592409842236,
    1.),.UNSPECIFIED.);
#3601 = CARTESIAN_POINT('',(-21.66836611616,49.909768238094,10.3499994)
  );
#3602 = CARTESIAN_POINT('',(-21.6908546332,49.920059941363,
    10.794288941426));
#3603 = CARTESIAN_POINT('',(-21.71380891428,49.930284454327,
    11.238566162039));
#3604 = CARTESIAN_POINT('',(-21.73671067415,49.94018470691,
    11.682849075164));
#3605 = CARTESIAN_POINT('',(-21.77437648803,49.956031870262,
    12.43284532753));
#3606 = CARTESIAN_POINT('',(-21.78945029013,49.962248414287,
    12.738546842441));
#3607 = CARTESIAN_POINT('',(-21.8040710678,49.96816115167,
    13.044264048771));
#3608 = CARTESIAN_POINT('',(-21.81806088482,49.973721561951,13.3500006)
  );
#3609 = PCURVE('',#1985,#3610);
#3610 = DEFINITIONAL_REPRESENTATION('',(#3611),#3620);
#3611 = B_SPLINE_CURVE_WITH_KNOTS('',4,(#3612,#3613,#3614,#3615,#3616,
    #3617,#3618,#3619),.UNSPECIFIED.,.F.,.F.,(5,3,5),(0.,0.592409842236,
    1.),.UNSPECIFIED.);
#3612 = CARTESIAN_POINT('',(9.724548039501E-02,8.171349067361E-02));
#3613 = CARTESIAN_POINT('',(9.733715285015E-02,8.747084935836E-02));
#3614 = CARTESIAN_POINT('',(9.743402678169E-02,9.323732264754E-02));
#3615 = CARTESIAN_POINT('',(9.75345391531E-02,9.901413055695E-02));
#3616 = CARTESIAN_POINT('',(9.770753226321E-02,0.108785434424));
#3617 = CARTESIAN_POINT('',(9.777897540303E-02,0.112773710316));
#3618 = CARTESIAN_POINT('',(9.78508074817E-02,0.116768053377));
#3619 = CARTESIAN_POINT('',(9.792246495202E-02,0.12076898452));
#3620 = ( GEOMETRIC_REPRESENTATION_CONTEXT(2) 
PARAMETRIC_REPRESENTATION_CONTEXT() REPRESENTATION_CONTEXT('2D SPACE',''
  ) );
#3621 = PCURVE('',#3622,#3627);
#3622 = CYLINDRICAL_SURFACE('',#3623,3.2);
#3623 = AXIS2_PLACEMENT_3D('',#3624,#3625,#3626);
#3624 = CARTESIAN_POINT('',(-23.,47.,10.35));
#3625 = DIRECTION('',(-0.,-0.,-1.));
#3626 = DIRECTION('',(1.,0.,0.));
#3627 = DEFINITIONAL_REPRESENTATION('',(#3628),#3637);
#3628 = B_SPLINE_CURVE_WITH_KNOTS('',4,(#3629,#3630,#3631,#3632,#3633,
    #3634,#3635,#3636),.UNSPECIFIED.,.F.,.F.,(5,3,5),(2.000080302522E-07
    ,0.592409842236,0.999999800029),.UNSPECIFIED.);
#3629 = CARTESIAN_POINT('',(-7.424790340995,1.895619108112E-15));
#3630 = CARTESIAN_POINT('',(-7.432518966773,-0.444289391413));
#3631 = CARTESIAN_POINT('',(-7.440371176802,-0.888566462035));
#3632 = CARTESIAN_POINT('',(-7.448167667223,-1.332849225169));
#3633 = CARTESIAN_POINT('',(-7.460937584208,-2.082845177552));
#3634 = CARTESIAN_POINT('',(-7.466032877249,-2.388546542475));
#3635 = CARTESIAN_POINT('',(-7.47096125262,-2.6942635988));
#3636 = CARTESIAN_POINT('',(-7.475665731785,-3.));
#3637 = ( GEOMETRIC_REPRESENTATION_CONTEXT(2) 
PARAMETRIC_REPRESENTATION_CONTEXT() REPRESENTATION_CONTEXT('2D SPACE',''
  ) );
#3638 = ORIENTED_EDGE('',*,*,#3639,.F.);
#3639 = EDGE_CURVE('',#3640,#3597,#3642,.T.);
#3640 = VERTEX_POINT('',#3641);
#3641 = CARTESIAN_POINT('',(-23.4646265752,48.051961095105,13.35));
#3642 = SURFACE_CURVE('',#3643,(#3650,#3679),.PCURVE_S1.);
#3643 = B_SPLINE_CURVE_WITH_KNOTS('',5,(#3644,#3645,#3646,#3647,#3648,
    #3649),.UNSPECIFIED.,.F.,.F.,(6,6),(0.136763725714,0.958913579853),
  .PIECEWISE_BEZIER_KNOTS.);
#3644 = CARTESIAN_POINT('',(-25.62573707356,45.170927861651,13.35));
#3645 = CARTESIAN_POINT('',(-24.92542461354,46.178030860968,13.35));
#3646 = CARTESIAN_POINT('',(-24.19527701579,47.16438190767,13.35));
#3647 = CARTESIAN_POINT('',(-23.43447798452,48.127702996809,13.35));
#3648 = CARTESIAN_POINT('',(-22.6422836744,49.065226092862,13.35));
#3649 = CARTESIAN_POINT('',(-21.81806086191,49.973721555163,13.35));
#3650 = PCURVE('',#1985,#3651);
#3651 = DEFINITIONAL_REPRESENTATION('',(#3652),#3678);
#3652 = B_SPLINE_CURVE_WITH_KNOTS('',3,(#3653,#3654,#3655,#3656,#3657,
    #3658,#3659,#3660,#3661,#3662,#3663,#3664,#3665,#3666,#3667,#3668,
    #3669,#3670,#3671,#3672,#3673,#3674,#3675,#3676,#3677),
  .UNSPECIFIED.,.F.,.F.,(4,1,1,1,1,1,1,1,1,1,1,1,1,1,1,1,1,1,1,1,1,1,4),
  (0.136763725714,0.174134173629,0.211504621545,0.24887506946,
    0.286245517376,0.323615965291,0.360986413206,0.398356861122,
    0.435727309037,0.473097756953,0.510468204868,0.547838652784,
    0.585209100699,0.622579548614,0.65994999653,0.697320444445,
    0.734690892361,0.772061340276,0.809431788191,0.846802236107,
    0.884172684022,0.921543131938,0.958913579853),
  .QUASI_UNIFORM_KNOTS.);
#3653 = CARTESIAN_POINT('',(0.118555578218,0.120768976688));
#3654 = CARTESIAN_POINT('',(0.118251732783,0.120768976689));
#3655 = CARTESIAN_POINT('',(0.117643293029,0.120768976691));
#3656 = CARTESIAN_POINT('',(0.116728366303,0.120768976691));
#3657 = CARTESIAN_POINT('',(0.11581115199,0.120768976687));
#3658 = CARTESIAN_POINT('',(0.114891629761,0.120768976681));
#3659 = CARTESIAN_POINT('',(0.113969779386,0.120768976674));
#3660 = CARTESIAN_POINT('',(0.113045580743,0.120768976666));
#3661 = CARTESIAN_POINT('',(0.112119013804,0.120768976659));
#3662 = CARTESIAN_POINT('',(0.111190058634,0.120768976654));
#3663 = CARTESIAN_POINT('',(0.110258695381,0.120768976651));
#3664 = CARTESIAN_POINT('',(0.109324904267,0.12076897665));
#3665 = CARTESIAN_POINT('',(0.108388665586,0.120768976652));
#3666 = CARTESIAN_POINT('',(0.107449959694,0.120768976656));
#3667 = CARTESIAN_POINT('',(0.106508767001,0.120768976662));
#3668 = CARTESIAN_POINT('',(0.105565067964,0.120768976669));
#3669 = CARTESIAN_POINT('',(0.104618843079,0.120768976677));
#3670 = CARTESIAN_POINT('',(0.103670072877,0.120768976684));
#3671 = CARTESIAN_POINT('',(0.102718737911,0.120768976688));
#3672 = CARTESIAN_POINT('',(0.101764818751,0.120768976691));
#3673 = CARTESIAN_POINT('',(0.100808295976,0.120768976689));
#3674 = CARTESIAN_POINT('',(9.98491501648E-02,0.120768976685));
#3675 = CARTESIAN_POINT('',(9.888736189113E-02,0.120768976679));
#3676 = CARTESIAN_POINT('',(9.824439509989E-02,0.120768976674));
#3677 = CARTESIAN_POINT('',(9.792246481144E-02,0.120768976672));
#3678 = ( GEOMETRIC_REPRESENTATION_CONTEXT(2) 
PARAMETRIC_REPRESENTATION_CONTEXT() REPRESENTATION_CONTEXT('2D SPACE',''
  ) );
#3679 = PCURVE('',#3680,#3685);
#3680 = PLANE('',#3681);
#3681 = AXIS2_PLACEMENT_3D('',#3682,#3683,#3684);
#3682 = CARTESIAN_POINT('',(-23.,47.,13.35));
#3683 = DIRECTION('',(0.,0.,1.));
#3684 = DIRECTION('',(1.,0.,-0.));
#3685 = DEFINITIONAL_REPRESENTATION('',(#3686),#3693);
#3686 = B_SPLINE_CURVE_WITH_KNOTS('',5,(#3687,#3688,#3689,#3690,#3691,
    #3692),.UNSPECIFIED.,.F.,.F.,(6,6),(0.136763725714,0.958913579853),
  .PIECEWISE_BEZIER_KNOTS.);
#3687 = CARTESIAN_POINT('',(-2.625737073566,-1.829072138349));
#3688 = CARTESIAN_POINT('',(-1.925424613549,-0.821969139032));
#3689 = CARTESIAN_POINT('',(-1.195277015795,0.16438190767));
#3690 = CARTESIAN_POINT('',(-0.434477984525,1.127702996809));
#3691 = CARTESIAN_POINT('',(0.357716325597,2.065226092862));
#3692 = CARTESIAN_POINT('',(1.181939138087,2.973721555163));
#3693 = ( GEOMETRIC_REPRESENTATION_CONTEXT(2) 
PARAMETRIC_REPRESENTATION_CONTEXT() REPRESENTATION_CONTEXT('2D SPACE',''
  ) );
#3694 = ORIENTED_EDGE('',*,*,#3695,.T.);
#3695 = EDGE_CURVE('',#3640,#3696,#3698,.T.);
#3696 = VERTEX_POINT('',#3697);
#3697 = CARTESIAN_POINT('',(-23.71957394535,47.89705815707,16.));
#3698 = SURFACE_CURVE('',#3699,(#3716,#3736),.PCURVE_S1.);
#3699 = B_SPLINE_CURVE_WITH_KNOTS('',8,(#3700,#3701,#3702,#3703,#3704,
    #3705,#3706,#3707,#3708,#3709,#3710,#3711,#3712,#3713,#3714,#3715),
  .UNSPECIFIED.,.F.,.F.,(9,7,9),(0.,0.567094662547,1.),.UNSPECIFIED.);
#3700 = CARTESIAN_POINT('',(-22.94211247885,48.148542134576,
    6.349953287842));
#3701 = CARTESIAN_POINT('',(-22.96864339934,48.149879316012,
    7.035969153467));
#3702 = CARTESIAN_POINT('',(-23.00304738662,48.150911263355,
    7.721702144886));
#3703 = CARTESIAN_POINT('',(-23.044262562,48.150857505467,8.407124716906
    ));
#3704 = CARTESIAN_POINT('',(-23.09138637257,48.148809363183,
    9.092214953917));
#3705 = CARTESIAN_POINT('',(-23.14356641132,48.143875548473,
    9.776961464106));
#3706 = CARTESIAN_POINT('',(-23.19995552356,48.135238441876,
    10.461365565762));
#3707 = CARTESIAN_POINT('',(-23.25969796616,48.122166126719,
    11.145442111256));
#3708 = CARTESIAN_POINT('',(-23.3694070221,48.090176991129,
    12.351198800937));
#3709 = CARTESIAN_POINT('',(-23.4183410635,48.073374867153,
    12.872991110613));
#3710 = CARTESIAN_POINT('',(-23.46832061358,48.053340715222,
    13.394603897393));
#3711 = CARTESIAN_POINT('',(-23.51895476618,48.029813799458,
    13.916038902091));
#3712 = CARTESIAN_POINT('',(-23.56981022765,48.002607360058,
    14.437301139984));
#3713 = CARTESIAN_POINT('',(-23.62049793129,47.971497940648,
    14.958383835804));
#3714 = CARTESIAN_POINT('',(-23.67053895904,47.936391507795,
    15.479290482579));
#3715 = CARTESIAN_POINT('',(-23.71957400185,47.897058111747,16.0000006)
  );
#3716 = PCURVE('',#1985,#3717);
#3717 = DEFINITIONAL_REPRESENTATION('',(#3718),#3735);
#3718 = B_SPLINE_CURVE_WITH_KNOTS('',8,(#3719,#3720,#3721,#3722,#3723,
    #3724,#3725,#3726,#3727,#3728,#3729,#3730,#3731,#3732,#3733,#3734),
  .UNSPECIFIED.,.F.,.F.,(9,7,9),(0.,0.567094662547,1.),.UNSPECIFIED.);
#3719 = CARTESIAN_POINT('',(0.104172661708,3.01222270831E-02));
#3720 = CARTESIAN_POINT('',(0.104269795538,3.893384094851E-02));
#3721 = CARTESIAN_POINT('',(0.104403682522,4.775443559264E-02));
#3722 = CARTESIAN_POINT('',(0.104571418993,5.658445106446E-02));
#3723 = CARTESIAN_POINT('',(0.104770901243,6.542475024621E-02));
#3724 = CARTESIAN_POINT('',(0.105000256671,7.427667077546E-02));
#3725 = CARTESIAN_POINT('',(0.105257621038,8.314204545999E-02));
#3726 = CARTESIAN_POINT('',(0.105541082159,9.202321320716E-02));
#3727 = CARTESIAN_POINT('',(0.106083369469,0.107716941027));
#3728 = CARTESIAN_POINT('',(0.106332150168,0.11452155389));
#3729 = CARTESIAN_POINT('',(0.106594031635,0.121338074047));
#3730 = CARTESIAN_POINT('',(0.10686811984,0.128167744753));
#3731 = CARTESIAN_POINT('',(0.107153299104,0.135011970475));
#3732 = CARTESIAN_POINT('',(0.10744870489,0.141872118515));
#3733 = CARTESIAN_POINT('',(0.107752996896,0.148749819416));
#3734 = CARTESIAN_POINT('',(0.108065496762,0.155646515972));
#3735 = ( GEOMETRIC_REPRESENTATION_CONTEXT(2) 
PARAMETRIC_REPRESENTATION_CONTEXT() REPRESENTATION_CONTEXT('2D SPACE',''
  ) );
#3736 = PCURVE('',#3737,#3742);
#3737 = CYLINDRICAL_SURFACE('',#3738,1.15);
#3738 = AXIS2_PLACEMENT_3D('',#3739,#3740,#3741);
#3739 = CARTESIAN_POINT('',(-23.,47.,4.));
#3740 = DIRECTION('',(-0.,-0.,-1.));
#3741 = DIRECTION('',(1.,0.,0.));
#3742 = DEFINITIONAL_REPRESENTATION('',(#3743),#3760);
#3743 = B_SPLINE_CURVE_WITH_KNOTS('',8,(#3744,#3745,#3746,#3747,#3748,
    #3749,#3750,#3751,#3752,#3753,#3754,#3755,#3756,#3757,#3758,#3759),
  .UNSPECIFIED.,.F.,.F.,(9,7,9),(0.,0.567094662547,1.),.UNSPECIFIED.);
#3744 = CARTESIAN_POINT('',(-1.520438070218,-2.349953287842));
#3745 = CARTESIAN_POINT('',(-1.543537719493,-3.035969153467));
#3746 = CARTESIAN_POINT('',(-1.573461426469,-3.721702144886));
#3747 = CARTESIAN_POINT('',(-1.609271935919,-4.407124716906));
#3748 = CARTESIAN_POINT('',(-1.650209959038,-5.092214953917));
#3749 = CARTESIAN_POINT('',(-1.695654819864,-5.776961464106));
#3750 = CARTESIAN_POINT('',(-1.745103669639,-6.461365565762));
#3751 = CARTESIAN_POINT('',(-1.798158724559,-7.145442111256));
#3752 = CARTESIAN_POINT('',(-1.897530595874,-8.351198800937));
#3753 = CARTESIAN_POINT('',(-1.942470763695,-8.872991110611));
#3754 = CARTESIAN_POINT('',(-1.989191140401,-9.394603897398));
#3755 = CARTESIAN_POINT('',(-2.037598158674,-9.916038902084));
#3756 = CARTESIAN_POINT('',(-2.087582414676,-10.43730113998));
#3757 = CARTESIAN_POINT('',(-2.139139467655,-10.9583838358));
#3758 = CARTESIAN_POINT('',(-2.192184023568,-11.47929048257));
#3759 = CARTESIAN_POINT('',(-2.246846081879,-12.0000006));
#3760 = ( GEOMETRIC_REPRESENTATION_CONTEXT(2) 
PARAMETRIC_REPRESENTATION_CONTEXT() REPRESENTATION_CONTEXT('2D SPACE',''
  ) );
#3761 = ORIENTED_EDGE('',*,*,#3762,.F.);
#3762 = EDGE_CURVE('',#3763,#3696,#3765,.T.);
#3763 = VERTEX_POINT('',#3764);
#3764 = CARTESIAN_POINT('',(-24.03665045671,47.497851213303,16.));
#3765 = SURFACE_CURVE('',#3766,(#3772,#3781),.PCURVE_S1.);
#3766 = B_SPLINE_CURVE_WITH_KNOTS('',4,(#3767,#3768,#3769,#3770,#3771),
  .UNSPECIFIED.,.F.,.F.,(5,5),(0.,1.),.PIECEWISE_BEZIER_KNOTS.);
#3767 = CARTESIAN_POINT('',(-24.15,47.35298233054,16.));
#3768 = CARTESIAN_POINT('',(-23.99339225653,47.553933470895,16.));
#3769 = CARTESIAN_POINT('',(-23.83535870309,47.753774975434,16.));
#3770 = CARTESIAN_POINT('',(-23.67589262313,47.952474204279,16.));
#3771 = CARTESIAN_POINT('',(-23.51498511331,48.15,16.));
#3772 = PCURVE('',#1985,#3773);
#3773 = DEFINITIONAL_REPRESENTATION('',(#3774),#3780);
#3774 = B_SPLINE_CURVE_WITH_KNOTS('',4,(#3775,#3776,#3777,#3778,#3779),
  .UNSPECIFIED.,.F.,.F.,(5,5),(0.,1.),.PIECEWISE_BEZIER_KNOTS.);
#3775 = CARTESIAN_POINT('',(0.110410217651,0.155646508025));
#3776 = CARTESIAN_POINT('',(0.109551910857,0.155646508025));
#3777 = CARTESIAN_POINT('',(0.108690922275,0.155646508025));
#3778 = CARTESIAN_POINT('',(0.107827220599,0.155646508025));
#3779 = CARTESIAN_POINT('',(0.10696076099,0.155646508025));
#3780 = ( GEOMETRIC_REPRESENTATION_CONTEXT(2) 
PARAMETRIC_REPRESENTATION_CONTEXT() REPRESENTATION_CONTEXT('2D SPACE',''
  ) );
#3781 = PCURVE('',#3782,#3787);
#3782 = PLANE('',#3783);
#3783 = AXIS2_PLACEMENT_3D('',#3784,#3785,#3786);
#3784 = CARTESIAN_POINT('',(-23.,47.,16.));
#3785 = DIRECTION('',(0.,0.,1.));
#3786 = DIRECTION('',(1.,0.,-0.));
#3787 = DEFINITIONAL_REPRESENTATION('',(#3788),#3794);
#3788 = B_SPLINE_CURVE_WITH_KNOTS('',4,(#3789,#3790,#3791,#3792,#3793),
  .UNSPECIFIED.,.F.,.F.,(5,5),(0.,1.),.PIECEWISE_BEZIER_KNOTS.);
#3789 = CARTESIAN_POINT('',(-1.15,0.35298233054));
#3790 = CARTESIAN_POINT('',(-0.993392256532,0.553933470895));
#3791 = CARTESIAN_POINT('',(-0.835358703097,0.753774975434));
#3792 = CARTESIAN_POINT('',(-0.675892623133,0.952474204279));
#3793 = CARTESIAN_POINT('',(-0.514985113318,1.15));
#3794 = ( GEOMETRIC_REPRESENTATION_CONTEXT(2) 
PARAMETRIC_REPRESENTATION_CONTEXT() REPRESENTATION_CONTEXT('2D SPACE',''
  ) );
#3795 = ORIENTED_EDGE('',*,*,#3796,.T.);
#3796 = EDGE_CURVE('',#3763,#3797,#3799,.T.);
#3797 = VERTEX_POINT('',#3798);
#3798 = CARTESIAN_POINT('',(-24.13060041938,47.210339467739,13.35));
#3799 = SURFACE_CURVE('',#3800,(#3817,#3837),.PCURVE_S1.);
#3800 = B_SPLINE_CURVE_WITH_KNOTS('',8,(#3801,#3802,#3803,#3804,#3805,
    #3806,#3807,#3808,#3809,#3810,#3811,#3812,#3813,#3814,#3815,#3816),
  .UNSPECIFIED.,.F.,.F.,(9,7,9),(0.,0.465421489018,1.),.UNSPECIFIED.);
#3801 = CARTESIAN_POINT('',(-24.03665042489,47.497851279569,16.0000006)
  );
#3802 = CARTESIAN_POINT('',(-24.0663418918,47.43602624657,
    15.440216879871));
#3803 = CARTESIAN_POINT('',(-24.09085780153,47.374180825164,
    14.880195204389));
#3804 = CARTESIAN_POINT('',(-24.1105963999,47.312701670539,
    14.319962408327));
#3805 = CARTESIAN_POINT('',(-24.12582163762,47.252153798033,
    13.759514347287));
#3806 = CARTESIAN_POINT('',(-24.13694014737,47.192935841983,
    13.198861559647));
#3807 = CARTESIAN_POINT('',(-24.1443186511,47.135512193117,
    12.637998275853));
#3808 = CARTESIAN_POINT('',(-24.14840577385,47.080263961818,
    12.076923545063));
#3809 = CARTESIAN_POINT('',(-24.15112088205,46.967048795749,
    10.870932490638));
#3810 = CARTESIAN_POINT('',(-24.14884815517,46.909898341309,
    10.225962882001));
#3811 = CARTESIAN_POINT('',(-24.14356620559,46.856687596267,
    9.580699672694));
#3812 = CARTESIAN_POINT('',(-24.13605446242,46.807944711251,
    8.935132743292));
#3813 = CARTESIAN_POINT('',(-24.12715076022,46.764174913277,
    8.289261994691));
#3814 = CARTESIAN_POINT('',(-24.11774469404,46.72587525221,
    7.643096626084));
#3815 = CARTESIAN_POINT('',(-24.10874782434,46.693577240694,
    6.996653454844));
#3816 = CARTESIAN_POINT('',(-24.10101814584,46.66794722932,
    6.349953287842));
#3817 = PCURVE('',#1985,#3818);
#3818 = DEFINITIONAL_REPRESENTATION('',(#3819),#3836);
#3819 = B_SPLINE_CURVE_WITH_KNOTS('',8,(#3820,#3821,#3822,#3823,#3824,
    #3825,#3826,#3827,#3828,#3829,#3830,#3831,#3832,#3833,#3834,#3835),
  .UNSPECIFIED.,.F.,.F.,(9,7,9),(0.,0.465421489018,1.),.UNSPECIFIED.);
#3820 = CARTESIAN_POINT('',(0.109789995731,0.155646515972));
#3821 = CARTESIAN_POINT('',(0.10990056184,0.148232297723));
#3822 = CARTESIAN_POINT('',(0.109997983196,0.140839889562));
#3823 = CARTESIAN_POINT('',(0.110083109413,0.13346751896));
#3824 = CARTESIAN_POINT('',(0.110156033342,0.126113175863));
#3825 = CARTESIAN_POINT('',(0.110217609003,0.118775213361));
#3826 = CARTESIAN_POINT('',(0.110268447097,0.111451926));
#3827 = CARTESIAN_POINT('',(0.110309582259,0.104141828382));
#3828 = CARTESIAN_POINT('',(0.110379508709,8.846070344276E-02));
#3829 = CARTESIAN_POINT('',(0.110405560689,8.009365030405E-02));
#3830 = CARTESIAN_POINT('',(0.110422002053,7.174006179709E-02));
#3831 = CARTESIAN_POINT('',(0.110430857977,6.339807213232E-02));
#3832 = CARTESIAN_POINT('',(0.110434420266,5.506620666174E-02));
#3833 = CARTESIAN_POINT('',(0.110435206827,4.674337307444E-02));
#3834 = CARTESIAN_POINT('',(0.110435795096,3.842884569624E-02));
#3835 = CARTESIAN_POINT('',(0.11043840396,3.01222270831E-02));
#3836 = ( GEOMETRIC_REPRESENTATION_CONTEXT(2) 
PARAMETRIC_REPRESENTATION_CONTEXT() REPRESENTATION_CONTEXT('2D SPACE',''
  ) );
#3837 = PCURVE('',#3737,#3838);
#3838 = DEFINITIONAL_REPRESENTATION('',(#3839),#3856);
#3839 = B_SPLINE_CURVE_WITH_KNOTS('',8,(#3840,#3841,#3842,#3843,#3844,
    #3845,#3846,#3847,#3848,#3849,#3850,#3851,#3852,#3853,#3854,#3855),
  .UNSPECIFIED.,.F.,.F.,(9,7,9),(0.,0.465421489018,1.),.UNSPECIFIED.);
#3840 = CARTESIAN_POINT('',(-2.693869580478,-12.0000006));
#3841 = CARTESIAN_POINT('',(-2.753508810362,-11.44021687987));
#3842 = CARTESIAN_POINT('',(-2.811215742747,-10.88019520438));
#3843 = CARTESIAN_POINT('',(-2.867160037559,-10.31996240832));
#3844 = CARTESIAN_POINT('',(-2.921235558326,-9.759514347288));
#3845 = CARTESIAN_POINT('',(-2.973449957678,-9.198861559647));
#3846 = CARTESIAN_POINT('',(-3.023668945777,-8.637998275853));
#3847 = CARTESIAN_POINT('',(-3.071782432548,-8.076923545063));
#3848 = CARTESIAN_POINT('',(-3.170258709101,-6.870932490638));
#3849 = CARTESIAN_POINT('',(-3.219893085301,-6.225962882001));
#3850 = CARTESIAN_POINT('',(-3.266262220211,-5.580699672694));
#3851 = CARTESIAN_POINT('',(-3.309038670357,-4.935132743292));
#3852 = CARTESIAN_POINT('',(-3.347811868932,-4.289261994691));
#3853 = CARTESIAN_POINT('',(-3.382078418513,-3.643096626084));
#3854 = CARTESIAN_POINT('',(-3.411226319844,-2.996653454844));
#3855 = CARTESIAN_POINT('',(-3.434504783937,-2.349953287842));
#3856 = ( GEOMETRIC_REPRESENTATION_CONTEXT(2) 
PARAMETRIC_REPRESENTATION_CONTEXT() REPRESENTATION_CONTEXT('2D SPACE',''
  ) );
#3857 = ORIENTED_EDGE('',*,*,#3858,.F.);
#3858 = EDGE_CURVE('',#3859,#3797,#3861,.T.);
#3859 = VERTEX_POINT('',#3860);
#3860 = CARTESIAN_POINT('',(-25.6257370489,45.170927844499,13.35));
#3861 = SURFACE_CURVE('',#3862,(#3869,#3898),.PCURVE_S1.);
#3862 = B_SPLINE_CURVE_WITH_KNOTS('',5,(#3863,#3864,#3865,#3866,#3867,
    #3868),.UNSPECIFIED.,.F.,.F.,(6,6),(0.136763725714,0.958913579853),
  .PIECEWISE_BEZIER_KNOTS.);
#3863 = CARTESIAN_POINT('',(-25.62573707356,45.170927861651,13.35));
#3864 = CARTESIAN_POINT('',(-24.92542461354,46.178030860968,13.35));
#3865 = CARTESIAN_POINT('',(-24.19527701579,47.16438190767,13.35));
#3866 = CARTESIAN_POINT('',(-23.43447798452,48.127702996809,13.35));
#3867 = CARTESIAN_POINT('',(-22.6422836744,49.065226092862,13.35));
#3868 = CARTESIAN_POINT('',(-21.81806086191,49.973721555163,13.35));
#3869 = PCURVE('',#1985,#3870);
#3870 = DEFINITIONAL_REPRESENTATION('',(#3871),#3897);
#3871 = B_SPLINE_CURVE_WITH_KNOTS('',3,(#3872,#3873,#3874,#3875,#3876,
    #3877,#3878,#3879,#3880,#3881,#3882,#3883,#3884,#3885,#3886,#3887,
    #3888,#3889,#3890,#3891,#3892,#3893,#3894,#3895,#3896),
  .UNSPECIFIED.,.F.,.F.,(4,1,1,1,1,1,1,1,1,1,1,1,1,1,1,1,1,1,1,1,1,1,4),
  (0.136763725714,0.174134173629,0.211504621545,0.24887506946,
    0.286245517376,0.323615965291,0.360986413206,0.398356861122,
    0.435727309037,0.473097756953,0.510468204868,0.547838652784,
    0.585209100699,0.622579548614,0.65994999653,0.697320444445,
    0.734690892361,0.772061340276,0.809431788191,0.846802236107,
    0.884172684022,0.921543131938,0.958913579853),
  .QUASI_UNIFORM_KNOTS.);
#3872 = CARTESIAN_POINT('',(0.118555578218,0.120768976688));
#3873 = CARTESIAN_POINT('',(0.118251732783,0.120768976689));
#3874 = CARTESIAN_POINT('',(0.117643293029,0.120768976691));
#3875 = CARTESIAN_POINT('',(0.116728366303,0.120768976691));
#3876 = CARTESIAN_POINT('',(0.11581115199,0.120768976687));
#3877 = CARTESIAN_POINT('',(0.114891629761,0.120768976681));
#3878 = CARTESIAN_POINT('',(0.113969779386,0.120768976674));
#3879 = CARTESIAN_POINT('',(0.113045580743,0.120768976666));
#3880 = CARTESIAN_POINT('',(0.112119013804,0.120768976659));
#3881 = CARTESIAN_POINT('',(0.111190058634,0.120768976654));
#3882 = CARTESIAN_POINT('',(0.110258695381,0.120768976651));
#3883 = CARTESIAN_POINT('',(0.109324904267,0.12076897665));
#3884 = CARTESIAN_POINT('',(0.108388665586,0.120768976652));
#3885 = CARTESIAN_POINT('',(0.107449959694,0.120768976656));
#3886 = CARTESIAN_POINT('',(0.106508767001,0.120768976662));
#3887 = CARTESIAN_POINT('',(0.105565067964,0.120768976669));
#3888 = CARTESIAN_POINT('',(0.104618843079,0.120768976677));
#3889 = CARTESIAN_POINT('',(0.103670072877,0.120768976684));
#3890 = CARTESIAN_POINT('',(0.102718737911,0.120768976688));
#3891 = CARTESIAN_POINT('',(0.101764818751,0.120768976691));
#3892 = CARTESIAN_POINT('',(0.100808295976,0.120768976689));
#3893 = CARTESIAN_POINT('',(9.98491501648E-02,0.120768976685));
#3894 = CARTESIAN_POINT('',(9.888736189113E-02,0.120768976679));
#3895 = CARTESIAN_POINT('',(9.824439509989E-02,0.120768976674));
#3896 = CARTESIAN_POINT('',(9.792246481144E-02,0.120768976672));
#3897 = ( GEOMETRIC_REPRESENTATION_CONTEXT(2) 
PARAMETRIC_REPRESENTATION_CONTEXT() REPRESENTATION_CONTEXT('2D SPACE',''
  ) );
#3898 = PCURVE('',#3680,#3899);
#3899 = DEFINITIONAL_REPRESENTATION('',(#3900),#3907);
#3900 = B_SPLINE_CURVE_WITH_KNOTS('',5,(#3901,#3902,#3903,#3904,#3905,
    #3906),.UNSPECIFIED.,.F.,.F.,(6,6),(0.136763725714,0.958913579853),
  .PIECEWISE_BEZIER_KNOTS.);
#3901 = CARTESIAN_POINT('',(-2.625737073566,-1.829072138349));
#3902 = CARTESIAN_POINT('',(-1.925424613549,-0.821969139032));
#3903 = CARTESIAN_POINT('',(-1.195277015795,0.16438190767));
#3904 = CARTESIAN_POINT('',(-0.434477984525,1.127702996809));
#3905 = CARTESIAN_POINT('',(0.357716325597,2.065226092862));
#3906 = CARTESIAN_POINT('',(1.181939138087,2.973721555163));
#3907 = ( GEOMETRIC_REPRESENTATION_CONTEXT(2) 
PARAMETRIC_REPRESENTATION_CONTEXT() REPRESENTATION_CONTEXT('2D SPACE',''
  ) );
#3908 = ORIENTED_EDGE('',*,*,#3909,.T.);
#3909 = EDGE_CURVE('',#3859,#3910,#3912,.T.);
#3910 = VERTEX_POINT('',#3911);
#3911 = CARTESIAN_POINT('',(-25.52209051709,45.030467206774,10.35));
#3912 = SURFACE_CURVE('',#3913,(#3922,#3934),.PCURVE_S1.);
#3913 = B_SPLINE_CURVE_WITH_KNOTS('',4,(#3914,#3915,#3916,#3917,#3918,
    #3919,#3920,#3921),.UNSPECIFIED.,.F.,.F.,(5,3,5),(0.,0.613859464948,
    1.),.UNSPECIFIED.);
#3914 = CARTESIAN_POINT('',(-25.62573706714,45.170927870686,13.3500006)
  );
#3915 = CARTESIAN_POINT('',(-25.61173789723,45.150831266098,
    12.889535151966));
#3916 = CARTESIAN_POINT('',(-25.59663554896,45.129587567221,
    12.42911566498));
#3917 = CARTESIAN_POINT('',(-25.580702777,45.107718946685,
    11.968728865882));
#3918 = CARTESIAN_POINT('',(-25.55393624284,45.071864066597,
    11.218763090096));
#3919 = CARTESIAN_POINT('',(-25.54340362227,45.057963092576,
    10.929176218121));
#3920 = CARTESIAN_POINT('',(-25.53275707091,45.044126290652,
    10.639589927936));
#3921 = CARTESIAN_POINT('',(-25.52209049499,45.030467178474,10.3499994)
  );
#3922 = PCURVE('',#1985,#3923);
#3923 = DEFINITIONAL_REPRESENTATION('',(#3924),#3933);
#3924 = B_SPLINE_CURVE_WITH_KNOTS('',4,(#3925,#3926,#3927,#3928,#3929,
    #3930,#3931,#3932),.UNSPECIFIED.,.F.,.F.,(5,3,5),(0.,0.613859464948,
    1.),.UNSPECIFIED.);
#3925 = CARTESIAN_POINT('',(0.118555578321,0.12076898452));
#3926 = CARTESIAN_POINT('',(0.118476328024,0.114743239336));
#3927 = CARTESIAN_POINT('',(0.118399829242,0.108732464894));
#3928 = CARTESIAN_POINT('',(0.118326083211,0.102734871942));
#3929 = CARTESIAN_POINT('',(0.118210970006,9.298352262775E-02));
#3930 = CARTESIAN_POINT('',(0.118167740406,8.922273618564E-02));
#3931 = CARTESIAN_POINT('',(0.118125814692,8.546617081927E-02));
#3932 = CARTESIAN_POINT('',(0.118085333499,8.171349067361E-02));
#3933 = ( GEOMETRIC_REPRESENTATION_CONTEXT(2) 
PARAMETRIC_REPRESENTATION_CONTEXT() REPRESENTATION_CONTEXT('2D SPACE',''
  ) );
#3934 = PCURVE('',#3622,#3935);
#3935 = DEFINITIONAL_REPRESENTATION('',(#3936),#3945);
#3936 = B_SPLINE_CURVE_WITH_KNOTS('',4,(#3937,#3938,#3939,#3940,#3941,
    #3942,#3943,#3944),.UNSPECIFIED.,.F.,.F.,(5,3,5),(1.999692264245E-07
    ,0.613859464948,0.99999979999),.UNSPECIFIED.);
#3937 = CARTESIAN_POINT('',(-3.750028919408,-3.));
#3938 = CARTESIAN_POINT('',(-3.757682617698,-2.539534702011));
#3939 = CARTESIAN_POINT('',(-3.765827475048,-2.079115365032));
#3940 = CARTESIAN_POINT('',(-3.774282234667,-1.618728715912));
#3941 = CARTESIAN_POINT('',(-3.788264708964,-0.868763240097));
#3942 = CARTESIAN_POINT('',(-3.793714739329,-0.579176518117));
#3943 = CARTESIAN_POINT('',(-3.799170435954,-0.289590377929));
#3944 = CARTESIAN_POINT('',(-3.804586223091,-1.486566818702E-15));
#3945 = ( GEOMETRIC_REPRESENTATION_CONTEXT(2) 
PARAMETRIC_REPRESENTATION_CONTEXT() REPRESENTATION_CONTEXT('2D SPACE',''
  ) );
#3946 = ORIENTED_EDGE('',*,*,#3947,.F.);
#3947 = EDGE_CURVE('',#3948,#3910,#3950,.T.);
#3948 = VERTEX_POINT('',#3949);
#3949 = CARTESIAN_POINT('',(-25.72884419344,44.729337240387,10.35));
#3950 = SURFACE_CURVE('',#3951,(#3959,#3970),.PCURVE_S1.);
#3951 = B_SPLINE_CURVE_WITH_KNOTS('',6,(#3952,#3953,#3954,#3955,#3956,
    #3957,#3958),.UNSPECIFIED.,.F.,.F.,(7,7),(0.,1.),
  .PIECEWISE_BEZIER_KNOTS.);
#3952 = CARTESIAN_POINT('',(-26.55,43.487467452819,10.35));
#3953 = CARTESIAN_POINT('',(-25.7446762123,44.742655539041,10.35));
#3954 = CARTESIAN_POINT('',(-24.89834337199,45.971446455214,10.35));
#3955 = CARTESIAN_POINT('',(-24.00962946336,47.170774471886,10.35));
#3956 = CARTESIAN_POINT('',(-23.07723421536,48.33680262181,10.35));
#3957 = CARTESIAN_POINT('',(-22.09999147249,49.464970690668,10.35));
#3958 = CARTESIAN_POINT('',(-21.07687769706,50.55,10.35));
#3959 = PCURVE('',#1985,#3960);
#3960 = DEFINITIONAL_REPRESENTATION('',(#3961),#3969);
#3961 = B_SPLINE_CURVE_WITH_KNOTS('',6,(#3962,#3963,#3964,#3965,#3966,
    #3967,#3968),.UNSPECIFIED.,.F.,.F.,(7,7),(0.,1.),
  .PIECEWISE_BEZIER_KNOTS.);
#3962 = CARTESIAN_POINT('',(0.124065621526,8.171349844875E-02));
#3963 = CARTESIAN_POINT('',(0.119294432292,8.171349844875E-02));
#3964 = CARTESIAN_POINT('',(0.114449917217,8.171349844875E-02));
#3965 = CARTESIAN_POINT('',(0.109526006029,8.171349844875E-02));
#3966 = CARTESIAN_POINT('',(0.104517098939,8.171349844875E-02));
#3967 = CARTESIAN_POINT('',(9.941778984536E-02,8.171349844875E-02));
#3968 = CARTESIAN_POINT('',(9.422240703343E-02,8.171349844875E-02));
#3969 = ( GEOMETRIC_REPRESENTATION_CONTEXT(2) 
PARAMETRIC_REPRESENTATION_CONTEXT() REPRESENTATION_CONTEXT('2D SPACE',''
  ) );
#3970 = PCURVE('',#1356,#3971);
#3971 = DEFINITIONAL_REPRESENTATION('',(#3972),#3980);
#3972 = B_SPLINE_CURVE_WITH_KNOTS('',6,(#3973,#3974,#3975,#3976,#3977,
    #3978,#3979),.UNSPECIFIED.,.F.,.F.,(7,7),(0.,1.),
  .PIECEWISE_BEZIER_KNOTS.);
#3973 = CARTESIAN_POINT('',(-3.55,-3.512532547181));
#3974 = CARTESIAN_POINT('',(-2.744676212304,-2.257344460959));
#3975 = CARTESIAN_POINT('',(-1.898343371997,-1.028553544786));
#3976 = CARTESIAN_POINT('',(-1.009629463369,0.170774471886));
#3977 = CARTESIAN_POINT('',(-7.723421536524E-02,1.33680262181));
#3978 = CARTESIAN_POINT('',(0.90000852751,2.464970690668));
#3979 = CARTESIAN_POINT('',(1.923122302939,3.55));
#3980 = ( GEOMETRIC_REPRESENTATION_CONTEXT(2) 
PARAMETRIC_REPRESENTATION_CONTEXT() REPRESENTATION_CONTEXT('2D SPACE',''
  ) );
#3981 = ORIENTED_EDGE('',*,*,#3982,.T.);
#3982 = EDGE_CURVE('',#3948,#3983,#3985,.T.);
#3983 = VERTEX_POINT('',#3984);
#3984 = CARTESIAN_POINT('',(-25.59283095994,44.575185035278,6.35));
#3985 = SURFACE_CURVE('',#3986,(#3997,#4011),.PCURVE_S1.);
#3986 = B_SPLINE_CURVE_WITH_KNOTS('',5,(#3987,#3988,#3989,#3990,#3991,
    #3992,#3993,#3994,#3995,#3996),.UNSPECIFIED.,.F.,.F.,(6,4,6),(0.,
    0.388439794337,1.),.UNSPECIFIED.);
#3987 = CARTESIAN_POINT('',(-25.72884421632,44.729337267877,10.3500006)
  );
#3988 = CARTESIAN_POINT('',(-25.71699975165,44.715102789794,
    10.039317651044));
#3989 = CARTESIAN_POINT('',(-25.70514381757,44.701043374969,
    9.72863062961));
#3990 = CARTESIAN_POINT('',(-25.69336901685,44.68726485128,9.41793495074
    ));
#3991 = CARTESIAN_POINT('',(-25.68177447668,44.67387011656,
    9.107226460817));
#3992 = CARTESIAN_POINT('',(-25.65266152735,44.640632075186,
    8.30729548623));
#3993 = CARTESIAN_POINT('',(-25.63556595757,44.621504228223,
    7.818049230929));
#3994 = CARTESIAN_POINT('',(-25.61959051,44.603967285025,7.328747079696)
  );
#3995 = CARTESIAN_POINT('',(-25.60518723568,44.58839746741,
    6.839381594946));
#3996 = CARTESIAN_POINT('',(-25.59282978478,44.575183778689,
    6.349953287698));
#3997 = PCURVE('',#1985,#3998);
#3998 = DEFINITIONAL_REPRESENTATION('',(#3999),#4010);
#3999 = B_SPLINE_CURVE_WITH_KNOTS('',5,(#4000,#4001,#4002,#4003,#4004,
    #4005,#4006,#4007,#4008,#4009),.UNSPECIFIED.,.F.,.F.,(6,4,6),(0.,
    0.388439794337,1.),.UNSPECIFIED.);
#4000 = CARTESIAN_POINT('',(0.11927127316,8.171350622389E-02));
#4001 = CARTESIAN_POINT('',(0.119225414921,7.768749837668E-02));
#4002 = CARTESIAN_POINT('',(0.119181198972,7.36656892906E-02));
#4003 = CARTESIAN_POINT('',(0.119138770211,6.964775576087E-02));
#4004 = CARTESIAN_POINT('',(0.119098306183,6.563341143492E-02));
#4005 = CARTESIAN_POINT('',(0.118999734661,5.530747500676E-02));
#4006 = CARTESIAN_POINT('',(0.118944843312,4.900083015501E-02));
#4007 = CARTESIAN_POINT('',(0.118896156942,4.270148487756E-02));
#4008 = CARTESIAN_POINT('',(0.118854687319,3.640874824551E-02));
#4009 = CARTESIAN_POINT('',(0.118821523869,3.012222708125E-02));
#4010 = ( GEOMETRIC_REPRESENTATION_CONTEXT(2) 
PARAMETRIC_REPRESENTATION_CONTEXT() REPRESENTATION_CONTEXT('2D SPACE',''
  ) );
#4011 = PCURVE('',#1660,#4012);
#4012 = DEFINITIONAL_REPRESENTATION('',(#4013),#4024);
#4013 = B_SPLINE_CURVE_WITH_KNOTS('',5,(#4014,#4015,#4016,#4017,#4018,
    #4019,#4020,#4021,#4022,#4023),.UNSPECIFIED.,.F.,.F.,(6,4,6),(0.,
    0.388439794337,1.),.UNSPECIFIED.);
#4014 = CARTESIAN_POINT('',(-3.83560077006,-10.3500006));
#4015 = CARTESIAN_POINT('',(-3.840817072991,-10.03931765104));
#4016 = CARTESIAN_POINT('',(-3.845997529811,-9.72863062961));
#4017 = CARTESIAN_POINT('',(-3.85110286007,-9.41793495074));
#4018 = CARTESIAN_POINT('',(-3.856093156554,-9.107226460817));
#4019 = CARTESIAN_POINT('',(-3.868539689577,-8.30729548623));
#4020 = CARTESIAN_POINT('',(-3.87576582835,-7.818049230929));
#4021 = CARTESIAN_POINT('',(-3.882447913301,-7.328747079696));
#4022 = CARTESIAN_POINT('',(-3.888422541745,-6.839381594946));
#4023 = CARTESIAN_POINT('',(-3.893518784005,-6.349953287698));
#4024 = ( GEOMETRIC_REPRESENTATION_CONTEXT(2) 
PARAMETRIC_REPRESENTATION_CONTEXT() REPRESENTATION_CONTEXT('2D SPACE',''
  ) );
#4025 = ORIENTED_EDGE('',*,*,#4026,.F.);
#4026 = EDGE_CURVE('',#4027,#3983,#4029,.T.);
#4027 = VERTEX_POINT('',#4028);
#4028 = CARTESIAN_POINT('',(-37.0951102109,-10.26138193315,6.35));
#4029 = SURFACE_CURVE('',#4030,(#4215,#4403),.PCURVE_S1.);
#4030 = B_SPLINE_CURVE_WITH_KNOTS('',8,(#4031,#4032,#4033,#4034,#4035,
    #4036,#4037,#4038,#4039,#4040,#4041,#4042,#4043,#4044,#4045,#4046,
    #4047,#4048,#4049,#4050,#4051,#4052,#4053,#4054,#4055,#4056,#4057,
    #4058,#4059,#4060,#4061,#4062,#4063,#4064,#4065,#4066,#4067,#4068,
    #4069,#4070,#4071,#4072,#4073,#4074,#4075,#4076,#4077,#4078,#4079,
    #4080,#4081,#4082,#4083,#4084,#4085,#4086,#4087,#4088,#4089,#4090,
    #4091,#4092,#4093,#4094,#4095,#4096,#4097,#4098,#4099,#4100,#4101,
    #4102,#4103,#4104,#4105,#4106,#4107,#4108,#4109,#4110,#4111,#4112,
    #4113,#4114,#4115,#4116,#4117,#4118,#4119,#4120,#4121,#4122,#4123,
    #4124,#4125,#4126,#4127,#4128,#4129,#4130,#4131,#4132,#4133,#4134,
    #4135,#4136,#4137,#4138,#4139,#4140,#4141,#4142,#4143,#4144,#4145,
    #4146,#4147,#4148,#4149,#4150,#4151,#4152,#4153,#4154,#4155,#4156,
    #4157,#4158,#4159,#4160,#4161,#4162,#4163,#4164,#4165,#4166,#4167,
    #4168,#4169,#4170,#4171,#4172,#4173,#4174,#4175,#4176,#4177,#4178,
    #4179,#4180,#4181,#4182,#4183,#4184,#4185,#4186,#4187,#4188,#4189,
    #4190,#4191,#4192,#4193,#4194,#4195,#4196,#4197,#4198,#4199,#4200,
    #4201,#4202,#4203,#4204,#4205,#4206,#4207,#4208,#4209,#4210,#4211,
    #4212,#4213,#4214),.UNSPECIFIED.,.T.,.F.,(9,7,7,7,7,7,7,7,7,7,7,7,7,
    7,7,7,7,7,7,7,7,7,7,7,7,7,9),(0.,3.889914435276E-02,
    6.523833065353E-02,0.1030308728,0.13755688428,0.166628744505,
    0.249996729581,0.333364714666,0.362436574893,0.396962586378,
    0.434755128515,0.461094314768,0.482439145386,0.500000942956,
    0.525337025412,0.538906530651,0.565245668611,0.603038141455,
    0.637564089636,0.666635896559,0.750003728788,0.833371561009,
    0.862443367931,0.896969316108,0.934761788962,0.961100926969,1.),
  .UNSPECIFIED.);
#4031 = CARTESIAN_POINT('',(3.558628717824E-14,60.59950900212,6.35));
#4032 = CARTESIAN_POINT('',(1.515854084401,60.599509059478,6.35));
#4033 = CARTESIAN_POINT('',(3.032741933519,60.488104116763,6.35));
#4034 = CARTESIAN_POINT('',(4.539401001582,60.265029661805,6.35));
#4035 = CARTESIAN_POINT('',(6.026470050037,59.933498533362,6.35));
#4036 = CARTESIAN_POINT('',(7.486221152037,59.498986974882,6.35));
#4037 = CARTESIAN_POINT('',(8.912375123319,58.968428871816,6.35));
#4038 = CARTESIAN_POINT('',(10.299964754602,58.34964972905,6.35));
#4039 = CARTESIAN_POINT('',(12.556095786482,57.177719365448,6.35));
#4040 = CARTESIAN_POINT('',(13.447822486865,56.667755644994,6.35));
#4041 = CARTESIAN_POINT('',(14.319468047807,56.123359668038,6.35));
#4042 = CARTESIAN_POINT('',(15.170394864219,55.546899177046,6.35));
#4043 = CARTESIAN_POINT('',(16.000205880644,54.94066674779,6.35));
#4044 = CARTESIAN_POINT('',(16.808708170903,54.306827140361,6.35));
#4045 = CARTESIAN_POINT('',(17.595884216639,53.647376026012,6.35));
#4046 = CARTESIAN_POINT('',(19.460939929991,51.983731875278,6.35));
#4047 = CARTESIAN_POINT('',(20.51616447113,50.954520104444,6.35));
#4048 = CARTESIAN_POINT('',(21.528078412763,49.881721135751,6.35));
#4049 = CARTESIAN_POINT('',(22.497411811818,48.77007576364,6.35));
#4050 = CARTESIAN_POINT('',(23.425069382283,47.623801609585,6.35));
#4051 = CARTESIAN_POINT('',(24.312103243473,46.446570657807,6.35));
#4052 = CARTESIAN_POINT('',(25.159679911852,45.24148193569,6.35));
#4053 = CARTESIAN_POINT('',(26.708447411561,42.886928684032,6.35));
#4054 = CARTESIAN_POINT('',(27.415840860574,41.741839568061,6.35));
#4055 = CARTESIAN_POINT('',(28.092122909998,40.577771161354,6.35));
#4056 = CARTESIAN_POINT('',(28.738127255396,39.396529108501,6.35));
#4057 = CARTESIAN_POINT('',(29.354640148342,38.199726409096,6.35));
#4058 = CARTESIAN_POINT('',(29.942412197805,36.988789923692,6.35));
#4059 = CARTESIAN_POINT('',(30.502162085907,35.764962504909,6.35));
#4060 = CARTESIAN_POINT('',(31.48287620981,33.488839069717,6.35));
#4061 = CARTESIAN_POINT('',(31.911778591661,32.440029660123,6.35));
#4062 = CARTESIAN_POINT('',(32.32167855802,31.38352692443,6.35));
#4063 = CARTESIAN_POINT('',(32.712944603003,30.319936293151,6.35));
#4064 = CARTESIAN_POINT('',(33.085917437111,29.249815302908,6.35));
#4065 = CARTESIAN_POINT('',(33.440912923908,28.173674671538,6.35));
#4066 = CARTESIAN_POINT('',(33.778225016714,27.091979373209,6.35));
#4067 = CARTESIAN_POINT('',(35.015500834332,22.888499315216,6.35));
#4068 = CARTESIAN_POINT('',(35.789456967768,19.730489097153,6.35));
#4069 = CARTESIAN_POINT('',(36.426858117626,16.540132705395,6.35));
#4070 = CARTESIAN_POINT('',(36.932271923739,13.325425794233,6.35));
#4071 = CARTESIAN_POINT('',(37.3090520344,10.093517745573,6.35));
#4072 = CARTESIAN_POINT('',(37.559447188604,6.850732333793,6.35));
#4073 = CARTESIAN_POINT('',(37.684691935458,3.602586969308,6.35));
#4074 = CARTESIAN_POINT('',(37.684691935213,-2.895076081812,6.35));
#4075 = CARTESIAN_POINT('',(37.559447188082,-6.143221446435,6.35));
#4076 = CARTESIAN_POINT('',(37.309052033744,-9.386006858869,6.35));
#4077 = CARTESIAN_POINT('',(36.932271923206,-12.61791490721,6.35));
#4078 = CARTESIAN_POINT('',(36.426858117548,-15.83262181941,6.35));
#4079 = CARTESIAN_POINT('',(35.789456968383,-19.02297821117,6.35));
#4080 = CARTESIAN_POINT('',(35.015500835576,-22.18098842987,6.35));
#4081 = CARTESIAN_POINT('',(33.778225018351,-26.38446848838,6.35));
#4082 = CARTESIAN_POINT('',(33.440912925609,-27.46616378683,6.35));
#4083 = CARTESIAN_POINT('',(33.085917438826,-28.54230441831,6.35));
#4084 = CARTESIAN_POINT('',(32.712944604669,-29.61242540863,6.35));
#4085 = CARTESIAN_POINT('',(32.321678559562,-30.67601603997,6.35));
#4086 = CARTESIAN_POINT('',(31.911778592998,-31.73251877569,6.35));
#4087 = CARTESIAN_POINT('',(31.482876210855,-32.78132818527,6.35));
#4088 = CARTESIAN_POINT('',(30.502162086102,-35.05745162038,6.35));
#4089 = CARTESIAN_POINT('',(29.9424121974,-36.28127903909,6.35));
#4090 = CARTESIAN_POINT('',(29.354640147215,-37.49221552434,6.35));
#4091 = CARTESIAN_POINT('',(28.738127253434,-38.68901822352,6.35));
#4092 = CARTESIAN_POINT('',(28.092122907108,-39.87026027607,6.35));
#4093 = CARTESIAN_POINT('',(27.415840856697,-41.03432868241,6.35));
#4094 = CARTESIAN_POINT('',(26.708447406695,-42.17941779797,6.35));
#4095 = CARTESIAN_POINT('',(25.159679905342,-44.5339710483,6.35));
#4096 = CARTESIAN_POINT('',(24.312103236349,-45.73905976952,6.35));
#4097 = CARTESIAN_POINT('',(23.425069374717,-46.91629072046,6.35));
#4098 = CARTESIAN_POINT('',(22.49741180407,-48.06256487384,6.35));
#4099 = CARTESIAN_POINT('',(21.528078405177,-49.17421024555,6.35));
#4100 = CARTESIAN_POINT('',(20.516164464112,-50.24700921421,6.35));
#4101 = CARTESIAN_POINT('',(19.460939923953,-51.27622098544,6.35));
#4102 = CARTESIAN_POINT('',(17.595884213949,-52.93986513663,6.35));
#4103 = CARTESIAN_POINT('',(16.808708170498,-53.59931625084,6.35));
#4104 = CARTESIAN_POINT('',(16.000205882711,-54.23315585843,6.35));
#4105 = CARTESIAN_POINT('',(15.170394868893,-54.83938828814,6.35));
#4106 = CARTESIAN_POINT('',(14.319468055163,-55.41584877983,6.35));
#4107 = CARTESIAN_POINT('',(13.447822496901,-55.96024475763,6.35));
#4108 = CARTESIAN_POINT('',(12.556095799117,-56.47020847895,6.35));
#4109 = CARTESIAN_POINT('',(10.907043997609,-57.32679595471,6.35));
#4110 = CARTESIAN_POINT('',(10.156300983355,-57.68605413054,6.35));
#4111 = CARTESIAN_POINT('',(9.393509226236,-58.0198513526,6.35));
#4112 = CARTESIAN_POINT('',(8.619326093591,-58.32690739102,6.35));
#4113 = CARTESIAN_POINT('',(7.834548484226,-58.60597339411,6.35));
#4114 = CARTESIAN_POINT('',(7.040125777628,-58.85586695241,6.35));
#4115 = CARTESIAN_POINT('',(6.237175534995,-59.07551485309,6.35));
#4116 = CARTESIAN_POINT('',(4.760418707827,-59.41908578209,6.35));
#4117 = CARTESIAN_POINT('',(4.088904594929,-59.55308411127,6.35));
#4118 = CARTESIAN_POINT('',(3.413196293651,-59.66548415145,6.35));
#4119 = CARTESIAN_POINT('',(2.734065075202,-59.75585726177,6.35));
#4120 = CARTESIAN_POINT('',(2.052317745715,-59.82386927718,6.35));
#4121 = CARTESIAN_POINT('',(1.368797590236,-59.86928926444,6.35));
#4122 = CARTESIAN_POINT('',(0.684385316717,-59.89199827814,6.35));
#4123 = CARTESIAN_POINT('',(-0.98735019991,-59.89199817976,6.35));
#4124 = CARTESIAN_POINT('',(-1.974854038483,-59.84473387917,6.35));
#4125 = CARTESIAN_POINT('',(-2.95963676467,-59.75018044207,6.35));
#4126 = CARTESIAN_POINT('',(-3.939059260987,-59.60887387608,6.35));
#4127 = CARTESIAN_POINT('',(-4.91070366971,-59.42181617408,6.35));
#4128 = CARTESIAN_POINT('',(-5.87236123813,-59.19039599387,6.35));
#4129 = CARTESIAN_POINT('',(-6.822022382897,-58.91632481253,6.35));
#4130 = CARTESIAN_POINT('',(-8.25908991581,-58.43302206146,6.35));
#4131 = CARTESIAN_POINT('',(-8.756385144454,-58.25277819666,6.35));
#4132 = CARTESIAN_POINT('',(-9.249497903324,-58.06115146814,6.35));
#4133 = CARTESIAN_POINT('',(-9.738199471424,-57.85845054457,6.35));
#4134 = CARTESIAN_POINT('',(-10.22228754839,-57.6449944551,6.35));
#4135 = CARTESIAN_POINT('',(-10.70158464008,-57.42110878792,6.35));
#4136 = CARTESIAN_POINT('',(-11.17593644416,-57.18712188871,6.35));
#4137 = CARTESIAN_POINT('',(-12.55609579911,-56.47020847895,6.35));
#4138 = CARTESIAN_POINT('',(-13.4478224969,-55.96024475762,6.35));
#4139 = CARTESIAN_POINT('',(-14.31946805516,-55.41584877983,6.35));
#4140 = CARTESIAN_POINT('',(-15.17039486889,-54.83938828814,6.35));
#4141 = CARTESIAN_POINT('',(-16.00020588271,-54.23315585843,6.35));
#4142 = CARTESIAN_POINT('',(-16.8087081705,-53.59931625083,6.35));
#4143 = CARTESIAN_POINT('',(-17.59588421394,-52.93986513663,6.35));
#4144 = CARTESIAN_POINT('',(-19.46093992395,-51.27622098545,6.35));
#4145 = CARTESIAN_POINT('',(-20.5161644641,-50.2470092142,6.35));
#4146 = CARTESIAN_POINT('',(-21.52807840517,-49.17421024555,6.35));
#4147 = CARTESIAN_POINT('',(-22.49741180407,-48.06256487385,6.35));
#4148 = CARTESIAN_POINT('',(-23.42506937471,-46.91629072046,6.35));
#4149 = CARTESIAN_POINT('',(-24.31210323634,-45.73905976951,6.35));
#4150 = CARTESIAN_POINT('',(-25.15967990534,-44.5339710483,6.35));
#4151 = CARTESIAN_POINT('',(-26.70844740669,-42.17941779797,6.35));
#4152 = CARTESIAN_POINT('',(-27.4158408567,-41.0343286824,6.35));
#4153 = CARTESIAN_POINT('',(-28.0921229071,-39.87026027607,6.35));
#4154 = CARTESIAN_POINT('',(-28.73812725343,-38.68901822352,6.35));
#4155 = CARTESIAN_POINT('',(-29.35464014721,-37.49221552434,6.35));
#4156 = CARTESIAN_POINT('',(-29.9424121974,-36.28127903908,6.35));
#4157 = CARTESIAN_POINT('',(-30.50216208609,-35.05745162039,6.35));
#4158 = CARTESIAN_POINT('',(-31.48287621085,-32.78132818527,6.35));
#4159 = CARTESIAN_POINT('',(-31.91177859299,-31.73251877569,6.35));
#4160 = CARTESIAN_POINT('',(-32.32167855956,-30.67601603997,6.35));
#4161 = CARTESIAN_POINT('',(-32.71294460466,-29.61242540863,6.35));
#4162 = CARTESIAN_POINT('',(-33.08591743882,-28.54230441831,6.35));
#4163 = CARTESIAN_POINT('',(-33.44091292561,-27.46616378683,6.35));
#4164 = CARTESIAN_POINT('',(-33.77822501835,-26.38446848838,6.35));
#4165 = CARTESIAN_POINT('',(-35.01550083554,-22.18098842979,6.35));
#4166 = CARTESIAN_POINT('',(-35.78945696854,-19.02297821149,6.35));
#4167 = CARTESIAN_POINT('',(-36.42685811719,-15.83262181877,6.35));
#4168 = CARTESIAN_POINT('',(-36.93227192367,-12.617914908,6.35));
#4169 = CARTESIAN_POINT('',(-37.30905203337,-9.386006858283,6.35));
#4170 = CARTESIAN_POINT('',(-37.55944718825,-6.143221446693,6.35));
#4171 = CARTESIAN_POINT('',(-37.68469193517,-2.895076081757,6.35));
#4172 = CARTESIAN_POINT('',(-37.68469193545,3.602586969324,6.35));
#4173 = CARTESIAN_POINT('',(-37.55944718863,6.850732333718,6.35));
#4174 = CARTESIAN_POINT('',(-37.30905203432,10.093517745746,6.35));
#4175 = CARTESIAN_POINT('',(-36.93227192385,13.325425794002,6.35));
#4176 = CARTESIAN_POINT('',(-36.42685811751,16.540132705585,6.35));
#4177 = CARTESIAN_POINT('',(-35.78945696782,19.730489097062,6.35));
#4178 = CARTESIAN_POINT('',(-35.01550083431,22.888499315237,6.35));
#4179 = CARTESIAN_POINT('',(-33.77822501671,27.091979373209,6.35));
#4180 = CARTESIAN_POINT('',(-33.4409129239,28.173674671538,6.35));
#4181 = CARTESIAN_POINT('',(-33.08591743711,29.249815302908,6.35));
#4182 = CARTESIAN_POINT('',(-32.712944603,30.319936293152,6.35));
#4183 = CARTESIAN_POINT('',(-32.32167855802,31.383526924431,6.35));
#4184 = CARTESIAN_POINT('',(-31.91177859166,32.440029660124,6.35));
#4185 = CARTESIAN_POINT('',(-31.48287620981,33.488839069717,6.35));
#4186 = CARTESIAN_POINT('',(-30.5021620859,35.76496250491,6.35));
#4187 = CARTESIAN_POINT('',(-29.9424121978,36.988789923691,6.35));
#4188 = CARTESIAN_POINT('',(-29.35464014834,38.199726409097,6.35));
#4189 = CARTESIAN_POINT('',(-28.73812725539,39.396529108502,6.35));
#4190 = CARTESIAN_POINT('',(-28.09212290999,40.577771161354,6.35));
#4191 = CARTESIAN_POINT('',(-27.41584086057,41.74183956806,6.35));
#4192 = CARTESIAN_POINT('',(-26.70844741155,42.886928684033,6.35));
#4193 = CARTESIAN_POINT('',(-25.15967991185,45.241481935689,6.35));
#4194 = CARTESIAN_POINT('',(-24.31210324347,46.446570657808,6.35));
#4195 = CARTESIAN_POINT('',(-23.42506938228,47.623801609585,6.35));
#4196 = CARTESIAN_POINT('',(-22.49741181182,48.77007576364,6.35));
#4197 = CARTESIAN_POINT('',(-21.52807841276,49.881721135751,6.35));
#4198 = CARTESIAN_POINT('',(-20.51616447112,50.954520104445,6.35));
#4199 = CARTESIAN_POINT('',(-19.46093992999,51.983731875277,6.35));
#4200 = CARTESIAN_POINT('',(-17.59588421663,53.647376026012,6.35));
#4201 = CARTESIAN_POINT('',(-16.8087081709,54.306827140362,6.35));
#4202 = CARTESIAN_POINT('',(-16.00020588064,54.94066674779,6.35));
#4203 = CARTESIAN_POINT('',(-15.17039486421,55.546899177046,6.35));
#4204 = CARTESIAN_POINT('',(-14.3194680478,56.123359668038,6.35));
#4205 = CARTESIAN_POINT('',(-13.44782248686,56.667755644995,6.35));
#4206 = CARTESIAN_POINT('',(-12.55609578648,57.177719365447,6.35));
#4207 = CARTESIAN_POINT('',(-10.2999647546,58.349649729049,6.35));
#4208 = CARTESIAN_POINT('',(-8.912375123318,58.968428871817,6.35));
#4209 = CARTESIAN_POINT('',(-7.48622115204,59.498986974881,6.35));
#4210 = CARTESIAN_POINT('',(-6.026470050035,59.933498533361,6.35));
#4211 = CARTESIAN_POINT('',(-4.539401001578,60.265029661805,6.35));
#4212 = CARTESIAN_POINT('',(-3.032741933523,60.488104116761,6.35));
#4213 = CARTESIAN_POINT('',(-1.515854084399,60.599509059478,6.35));
#4214 = CARTESIAN_POINT('',(3.749128942389E-15,60.599509002119,6.35));
#4215 = PCURVE('',#1985,#4216);
#4216 = DEFINITIONAL_REPRESENTATION('',(#4217),#4402);
#4217 = B_SPLINE_CURVE_WITH_KNOTS('',8,(#4218,#4219,#4220,#4221,#4222,
    #4223,#4224,#4225,#4226,#4227,#4228,#4229,#4230,#4231,#4232,#4233,
    #4234,#4235,#4236,#4237,#4238,#4239,#4240,#4241,#4242,#4243,#4244,
    #4245,#4246,#4247,#4248,#4249,#4250,#4251,#4252,#4253,#4254,#4255,
    #4256,#4257,#4258,#4259,#4260,#4261,#4262,#4263,#4264,#4265,#4266,
    #4267,#4268,#4269,#4270,#4271,#4272,#4273,#4274,#4275,#4276,#4277,
    #4278,#4279,#4280,#4281,#4282,#4283,#4284,#4285,#4286,#4287,#4288,
    #4289,#4290,#4291,#4292,#4293,#4294,#4295,#4296,#4297,#4298,#4299,
    #4300,#4301,#4302,#4303,#4304,#4305,#4306,#4307,#4308,#4309,#4310,
    #4311,#4312,#4313,#4314,#4315,#4316,#4317,#4318,#4319,#4320,#4321,
    #4322,#4323,#4324,#4325,#4326,#4327,#4328,#4329,#4330,#4331,#4332,
    #4333,#4334,#4335,#4336,#4337,#4338,#4339,#4340,#4341,#4342,#4343,
    #4344,#4345,#4346,#4347,#4348,#4349,#4350,#4351,#4352,#4353,#4354,
    #4355,#4356,#4357,#4358,#4359,#4360,#4361,#4362,#4363,#4364,#4365,
    #4366,#4367,#4368,#4369,#4370,#4371,#4372,#4373,#4374,#4375,#4376,
    #4377,#4378,#4379,#4380,#4381,#4382,#4383,#4384,#4385,#4386,#4387,
    #4388,#4389,#4390,#4391,#4392,#4393,#4394,#4395,#4396,#4397,#4398,
    #4399,#4400,#4401),.UNSPECIFIED.,.F.,.F.,(9,7,7,7,7,7,7,7,7,7,7,7,7,
    7,7,7,7,7,7,7,7,7,7,7,7,7,9),(0.,3.889914435276E-02,
    6.523833065353E-02,0.1030308728,0.13755688428,0.166628744505,
    0.249996729581,0.333364714666,0.362436574893,0.396962586378,
    0.434755128515,0.461094314768,0.482439145386,0.500000942956,
    0.525337025412,0.538906530651,0.565245668611,0.603038141455,
    0.637564089636,0.666635896559,0.750003728788,0.833371561009,
    0.862443367931,0.896969316108,0.934761788962,0.961100926969,1.),
  .UNSPECIFIED.);
#4218 = CARTESIAN_POINT('',(1.,3.01228270831E-02));
#4219 = CARTESIAN_POINT('',(0.993598045611,3.01228270831E-02));
#4220 = CARTESIAN_POINT('',(0.987191726591,3.01228270831E-02));
#4221 = CARTESIAN_POINT('',(0.980812818419,3.01228270831E-02));
#4222 = CARTESIAN_POINT('',(0.974484994102,3.01228270831E-02));
#4223 = CARTESIAN_POINT('',(0.968226636433,3.01228270831E-02));
#4224 = CARTESIAN_POINT('',(0.962052366761,3.01228270831E-02));
#4225 = CARTESIAN_POINT('',(0.955973795549,3.01228270831E-02));
#4226 = CARTESIAN_POINT('',(0.945955054629,3.01228270831E-02));
#4227 = CARTESIAN_POINT('',(0.941957013376,3.01228270831E-02));
#4228 = CARTESIAN_POINT('',(0.938007538611,3.01228270831E-02));
#4229 = CARTESIAN_POINT('',(0.934107534595,3.01228270831E-02));
#4230 = CARTESIAN_POINT('',(0.930257282241,3.01228270831E-02));
#4231 = CARTESIAN_POINT('',(0.926456526586,3.01228270831E-02));
#4232 = CARTESIAN_POINT('',(0.922704516982,3.01228270831E-02));
#4233 = CARTESIAN_POINT('',(0.913684607468,3.01228270831E-02));
#4234 = CARTESIAN_POINT('',(0.908468057247,3.01228270831E-02));
#4235 = CARTESIAN_POINT('',(0.903346102431,3.01228270831E-02));
#4236 = CARTESIAN_POINT('',(0.898314524947,3.01228270831E-02));
#4237 = CARTESIAN_POINT('',(0.893368974039,3.01228270831E-02));
#4238 = CARTESIAN_POINT('',(0.88850481935,3.01228270831E-02));
#4239 = CARTESIAN_POINT('',(0.883717018623,3.01228270831E-02));
#4240 = CARTESIAN_POINT('',(0.87469068843,3.01228270831E-02));
#4241 = CARTESIAN_POINT('',(0.870441139456,3.01228270831E-02));
#4242 = CARTESIAN_POINT('',(0.866247441892,3.01228270831E-02));
#4243 = CARTESIAN_POINT('',(0.862106074132,3.01228270831E-02));
#4244 = CARTESIAN_POINT('',(0.858013762066,3.01228270831E-02));
#4245 = CARTESIAN_POINT('',(0.853967367431,3.01228270831E-02));
#4246 = CARTESIAN_POINT('',(0.849963806632,3.01228270831E-02));
#4247 = CARTESIAN_POINT('',(0.842662364767,3.01228270831E-02));
#4248 = CARTESIAN_POINT('',(0.839353048747,3.01228270831E-02));
#4249 = CARTESIAN_POINT('',(0.836070285746,3.01228270831E-02));
#4250 = CARTESIAN_POINT('',(0.832812430639,3.01228270831E-02));
#4251 = CARTESIAN_POINT('',(0.829577933938,3.01228270831E-02));
#4252 = CARTESIAN_POINT('',(0.826365316366,3.01228270831E-02));
#4253 = CARTESIAN_POINT('',(0.823173143432,3.01228270831E-02));
#4254 = CARTESIAN_POINT('',(0.810900528131,3.01228270831E-02));
#4255 = CARTESIAN_POINT('',(0.801960082035,3.01228270831E-02));
#4256 = CARTESIAN_POINT('',(0.793142555214,3.01228270831E-02));
#4257 = CARTESIAN_POINT('',(0.784420140487,3.01228270831E-02));
#4258 = CARTESIAN_POINT('',(0.775768160738,3.01228270831E-02));
#4259 = CARTESIAN_POINT('',(0.76716346849,3.01228270831E-02));
#4260 = CARTESIAN_POINT('',(0.758582639419,3.01228270831E-02));
#4261 = CARTESIAN_POINT('',(0.74141736058,3.01228270831E-02));
#4262 = CARTESIAN_POINT('',(0.732836531509,3.01228270831E-02));
#4263 = CARTESIAN_POINT('',(0.724231839261,3.01228270831E-02));
#4264 = CARTESIAN_POINT('',(0.715579859512,3.01228270831E-02));
#4265 = CARTESIAN_POINT('',(0.706857444785,3.01228270831E-02));
#4266 = CARTESIAN_POINT('',(0.698039917965,3.01228270831E-02));
#4267 = CARTESIAN_POINT('',(0.689099471869,3.01228270831E-02));
#4268 = CARTESIAN_POINT('',(0.676826856568,3.01228270831E-02));
#4269 = CARTESIAN_POINT('',(0.673634683634,3.01228270831E-02));
#4270 = CARTESIAN_POINT('',(0.670422066062,3.01228270831E-02));
#4271 = CARTESIAN_POINT('',(0.667187569361,3.01228270831E-02));
#4272 = CARTESIAN_POINT('',(0.663929714254,3.01228270831E-02));
#4273 = CARTESIAN_POINT('',(0.660646951253,3.01228270831E-02));
#4274 = CARTESIAN_POINT('',(0.657337635233,3.01228270831E-02));
#4275 = CARTESIAN_POINT('',(0.650036193367,3.01228270831E-02));
#4276 = CARTESIAN_POINT('',(0.646032632569,3.01228270831E-02));
#4277 = CARTESIAN_POINT('',(0.641986237934,3.01228270831E-02));
#4278 = CARTESIAN_POINT('',(0.637893925867,3.01228270831E-02));
#4279 = CARTESIAN_POINT('',(0.633752558108,3.01228270831E-02));
#4280 = CARTESIAN_POINT('',(0.629558860543,3.01228270831E-02));
#4281 = CARTESIAN_POINT('',(0.62530931157,3.01228270831E-02));
#4282 = CARTESIAN_POINT('',(0.616282981379,3.01228270831E-02));
#4283 = CARTESIAN_POINT('',(0.611495180654,3.01228270831E-02));
#4284 = CARTESIAN_POINT('',(0.606631025966,3.01228270831E-02));
#4285 = CARTESIAN_POINT('',(0.601685475059,3.01228270831E-02));
#4286 = CARTESIAN_POINT('',(0.596653897576,3.01228270831E-02));
#4287 = CARTESIAN_POINT('',(0.59153194276,3.01228270831E-02));
#4288 = CARTESIAN_POINT('',(0.586315392536,3.01228270831E-02));
#4289 = CARTESIAN_POINT('',(0.577295483021,3.01228270831E-02));
#4290 = CARTESIAN_POINT('',(0.573543473419,3.01228270831E-02));
#4291 = CARTESIAN_POINT('',(0.569742717765,3.01228270831E-02));
#4292 = CARTESIAN_POINT('',(0.56589246541,3.01228270831E-02));
#4293 = CARTESIAN_POINT('',(0.561992461393,3.01228270831E-02));
#4294 = CARTESIAN_POINT('',(0.558042986627,3.01228270831E-02));
#4295 = CARTESIAN_POINT('',(0.554044945372,3.01228270831E-02));
#4296 = CARTESIAN_POINT('',(0.546722044751,3.01228270831E-02));
#4297 = CARTESIAN_POINT('',(0.543413310406,3.01228270831E-02));
#4298 = CARTESIAN_POINT('',(0.540074846005,3.01228270831E-02));
#4299 = CARTESIAN_POINT('',(0.536708052836,3.01228270831E-02));
#4300 = CARTESIAN_POINT('',(0.533314707776,3.01228270831E-02));
#4301 = CARTESIAN_POINT('',(0.529897013279,3.01228270831E-02));
#4302 = CARTESIAN_POINT('',(0.526457673988,3.01228270831E-02));
#4303 = CARTESIAN_POINT('',(0.520155143944,3.01228270831E-02));
#4304 = CARTESIAN_POINT('',(0.517297699997,3.01228270831E-02));
#4305 = CARTESIAN_POINT('',(0.514429560792,3.01228270831E-02));
#4306 = CARTESIAN_POINT('',(0.511552674572,3.01228270831E-02));
#4307 = CARTESIAN_POINT('',(0.508669070711,3.01228270831E-02));
#4308 = CARTESIAN_POINT('',(0.50578088524,3.01228270831E-02));
#4309 = CARTESIAN_POINT('',(0.502890386366,3.01228270831E-02));
#4310 = CARTESIAN_POINT('',(0.495830092734,3.01228270831E-02));
#4311 = CARTESIAN_POINT('',(0.491659537353,3.01228270831E-02));
#4312 = CARTESIAN_POINT('',(0.487496110635,3.01228270831E-02));
#4313 = CARTESIAN_POINT('',(0.483346594194,3.01228270831E-02));
#4314 = CARTESIAN_POINT('',(0.479217004906,3.01228270831E-02));
#4315 = CARTESIAN_POINT('',(0.475112777601,3.01228270831E-02));
#4316 = CARTESIAN_POINT('',(0.471038900013,3.01228270831E-02));
#4317 = CARTESIAN_POINT('',(0.464836844943,3.01228270831E-02));
#4318 = CARTESIAN_POINT('',(0.462683564213,3.01228270831E-02));
#4319 = CARTESIAN_POINT('',(0.460540769141,3.01228270831E-02));
#4320 = CARTESIAN_POINT('',(0.458408987943,3.01228270831E-02));
#4321 = CARTESIAN_POINT('',(0.456288671836,3.01228270831E-02));
#4322 = CARTESIAN_POINT('',(0.454180201174,3.01228270831E-02));
#4323 = CARTESIAN_POINT('',(0.452083891565,3.01228270831E-02));
#4324 = CARTESIAN_POINT('',(0.445955054628,3.01228270831E-02));
#4325 = CARTESIAN_POINT('',(0.441957013373,3.01228270831E-02));
#4326 = CARTESIAN_POINT('',(0.438007538607,3.01228270831E-02));
#4327 = CARTESIAN_POINT('',(0.43410753459,3.01228270831E-02));
#4328 = CARTESIAN_POINT('',(0.430257282235,3.01228270831E-02));
#4329 = CARTESIAN_POINT('',(0.426456526581,3.01228270831E-02));
#4330 = CARTESIAN_POINT('',(0.422704516979,3.01228270831E-02));
#4331 = CARTESIAN_POINT('',(0.413684607464,3.01228270831E-02));
#4332 = CARTESIAN_POINT('',(0.40846805724,3.01228270831E-02));
#4333 = CARTESIAN_POINT('',(0.403346102424,3.01228270831E-02));
#4334 = CARTESIAN_POINT('',(0.398314524941,3.01228270831E-02));
#4335 = CARTESIAN_POINT('',(0.393368974034,3.01228270831E-02));
#4336 = CARTESIAN_POINT('',(0.388504819346,3.01228270831E-02));
#4337 = CARTESIAN_POINT('',(0.383717018621,3.01228270831E-02));
#4338 = CARTESIAN_POINT('',(0.37469068843,3.01228270831E-02));
#4339 = CARTESIAN_POINT('',(0.370441139456,3.01228270831E-02));
#4340 = CARTESIAN_POINT('',(0.366247441892,3.01228270831E-02));
#4341 = CARTESIAN_POINT('',(0.362106074133,3.01228270831E-02));
#4342 = CARTESIAN_POINT('',(0.358013762066,3.01228270831E-02));
#4343 = CARTESIAN_POINT('',(0.353967367431,3.01228270831E-02));
#4344 = CARTESIAN_POINT('',(0.349963806633,3.01228270831E-02));
#4345 = CARTESIAN_POINT('',(0.342662364767,3.01228270831E-02));
#4346 = CARTESIAN_POINT('',(0.339353048747,3.01228270831E-02));
#4347 = CARTESIAN_POINT('',(0.336070285746,3.01228270831E-02));
#4348 = CARTESIAN_POINT('',(0.332812430639,3.01228270831E-02));
#4349 = CARTESIAN_POINT('',(0.329577933938,3.01228270831E-02));
#4350 = CARTESIAN_POINT('',(0.326365316366,3.01228270831E-02));
#4351 = CARTESIAN_POINT('',(0.323173143432,3.01228270831E-02));
#4352 = CARTESIAN_POINT('',(0.310900528131,3.01228270831E-02));
#4353 = CARTESIAN_POINT('',(0.301960082036,3.01228270831E-02));
#4354 = CARTESIAN_POINT('',(0.293142555213,3.01228270831E-02));
#4355 = CARTESIAN_POINT('',(0.284420140489,3.01228270831E-02));
#4356 = CARTESIAN_POINT('',(0.275768160738,3.01228270831E-02));
#4357 = CARTESIAN_POINT('',(0.267163468492,3.01228270831E-02));
#4358 = CARTESIAN_POINT('',(0.25858263942,3.01228270831E-02));
#4359 = CARTESIAN_POINT('',(0.241417360581,3.01228270831E-02));
#4360 = CARTESIAN_POINT('',(0.23283653151,3.01228270831E-02));
#4361 = CARTESIAN_POINT('',(0.224231839263,3.01228270831E-02));
#4362 = CARTESIAN_POINT('',(0.215579859512,3.01228270831E-02));
#4363 = CARTESIAN_POINT('',(0.206857444786,3.01228270831E-02));
#4364 = CARTESIAN_POINT('',(0.198039917965,3.01228270831E-02));
#4365 = CARTESIAN_POINT('',(0.189099471869,3.01228270831E-02));
#4366 = CARTESIAN_POINT('',(0.176826856568,3.01228270831E-02));
#4367 = CARTESIAN_POINT('',(0.173634683634,3.01228270831E-02));
#4368 = CARTESIAN_POINT('',(0.170422066062,3.01228270831E-02));
#4369 = CARTESIAN_POINT('',(0.167187569361,3.01228270831E-02));
#4370 = CARTESIAN_POINT('',(0.163929714254,3.01228270831E-02));
#4371 = CARTESIAN_POINT('',(0.160646951253,3.01228270831E-02));
#4372 = CARTESIAN_POINT('',(0.157337635233,3.01228270831E-02));
#4373 = CARTESIAN_POINT('',(0.150036193368,3.01228270831E-02));
#4374 = CARTESIAN_POINT('',(0.146032632569,3.01228270831E-02));
#4375 = CARTESIAN_POINT('',(0.141986237934,3.01228270831E-02));
#4376 = CARTESIAN_POINT('',(0.137893925868,3.01228270831E-02));
#4377 = CARTESIAN_POINT('',(0.133752558108,3.01228270831E-02));
#4378 = CARTESIAN_POINT('',(0.129558860544,3.01228270831E-02));
#4379 = CARTESIAN_POINT('',(0.12530931157,3.01228270831E-02));
#4380 = CARTESIAN_POINT('',(0.116282981378,3.01228270831E-02));
#4381 = CARTESIAN_POINT('',(0.11149518065,3.01228270831E-02));
#4382 = CARTESIAN_POINT('',(0.106631025961,3.01228270831E-02));
#4383 = CARTESIAN_POINT('',(0.101685475053,3.01228270831E-02));
#4384 = CARTESIAN_POINT('',(9.66538975693E-02,3.01228270831E-02));
#4385 = CARTESIAN_POINT('',(9.153194275315E-02,3.01228270831E-02));
#4386 = CARTESIAN_POINT('',(8.63153925319E-02,3.01228270831E-02));
#4387 = CARTESIAN_POINT('',(7.72954830184E-02,3.01228270831E-02));
#4388 = CARTESIAN_POINT('',(7.354347341442E-02,3.01228270831E-02));
#4389 = CARTESIAN_POINT('',(6.974271775922E-02,3.01228270831E-02));
#4390 = CARTESIAN_POINT('',(6.589246540485E-02,3.01228270831E-02));
#4391 = CARTESIAN_POINT('',(6.199246138894E-02,3.01228270831E-02));
#4392 = CARTESIAN_POINT('',(5.804298662401E-02,3.01228270831E-02));
#4393 = CARTESIAN_POINT('',(5.404494537142E-02,3.01228270831E-02));
#4394 = CARTESIAN_POINT('',(4.402620445053E-02,3.01228270831E-02));
#4395 = CARTESIAN_POINT('',(3.794763323899E-02,3.01228270831E-02));
#4396 = CARTESIAN_POINT('',(3.177336356737E-02,3.01228270831E-02));
#4397 = CARTESIAN_POINT('',(2.551500589819E-02,3.01228270831E-02));
#4398 = CARTESIAN_POINT('',(1.91871815811E-02,3.01228270831E-02));
#4399 = CARTESIAN_POINT('',(1.280827340957E-02,3.01228270831E-02));
#4400 = CARTESIAN_POINT('',(6.401954389348E-03,3.01228270831E-02));
#4401 = CARTESIAN_POINT('',(0.,3.01228270831E-02));
#4402 = ( GEOMETRIC_REPRESENTATION_CONTEXT(2) 
PARAMETRIC_REPRESENTATION_CONTEXT() REPRESENTATION_CONTEXT('2D SPACE',''
  ) );
#4403 = PCURVE('',#233,#4404);
#4404 = DEFINITIONAL_REPRESENTATION('',(#4405),#4590);
#4405 = B_SPLINE_CURVE_WITH_KNOTS('',8,(#4406,#4407,#4408,#4409,#4410,
    #4411,#4412,#4413,#4414,#4415,#4416,#4417,#4418,#4419,#4420,#4421,
    #4422,#4423,#4424,#4425,#4426,#4427,#4428,#4429,#4430,#4431,#4432,
    #4433,#4434,#4435,#4436,#4437,#4438,#4439,#4440,#4441,#4442,#4443,
    #4444,#4445,#4446,#4447,#4448,#4449,#4450,#4451,#4452,#4453,#4454,
    #4455,#4456,#4457,#4458,#4459,#4460,#4461,#4462,#4463,#4464,#4465,
    #4466,#4467,#4468,#4469,#4470,#4471,#4472,#4473,#4474,#4475,#4476,
    #4477,#4478,#4479,#4480,#4481,#4482,#4483,#4484,#4485,#4486,#4487,
    #4488,#4489,#4490,#4491,#4492,#4493,#4494,#4495,#4496,#4497,#4498,
    #4499,#4500,#4501,#4502,#4503,#4504,#4505,#4506,#4507,#4508,#4509,
    #4510,#4511,#4512,#4513,#4514,#4515,#4516,#4517,#4518,#4519,#4520,
    #4521,#4522,#4523,#4524,#4525,#4526,#4527,#4528,#4529,#4530,#4531,
    #4532,#4533,#4534,#4535,#4536,#4537,#4538,#4539,#4540,#4541,#4542,
    #4543,#4544,#4545,#4546,#4547,#4548,#4549,#4550,#4551,#4552,#4553,
    #4554,#4555,#4556,#4557,#4558,#4559,#4560,#4561,#4562,#4563,#4564,
    #4565,#4566,#4567,#4568,#4569,#4570,#4571,#4572,#4573,#4574,#4575,
    #4576,#4577,#4578,#4579,#4580,#4581,#4582,#4583,#4584,#4585,#4586,
    #4587,#4588,#4589),.UNSPECIFIED.,.F.,.F.,(9,7,7,7,7,7,7,7,7,7,7,7,7,
    7,7,7,7,7,7,7,7,7,7,7,7,7,9),(0.,3.889914435276E-02,
    6.523833065353E-02,0.1030308728,0.13755688428,0.166628744505,
    0.249996729581,0.333364714666,0.362436574893,0.396962586378,
    0.434755128515,0.461094314768,0.482439145386,0.500000942956,
    0.525337025412,0.538906530651,0.565245668611,0.603038141455,
    0.637564089636,0.666635896559,0.750003728788,0.833371561009,
    0.862443367931,0.896969316108,0.934761788962,0.961100926969,1.),
  .UNSPECIFIED.);
#4406 = CARTESIAN_POINT('',(2.398851326673,8.870931983199E-02));
#4407 = CARTESIAN_POINT('',(2.454869136077,-1.426109352559));
#4408 = CARTESIAN_POINT('',(2.622254052055,-2.937844150057));
#4409 = CARTESIAN_POINT('',(2.900854202592,-4.435230444889));
#4410 = CARTESIAN_POINT('',(3.287113002125,-5.909032122111));
#4411 = CARTESIAN_POINT('',(3.775272364909,-7.351728906183));
#4412 = CARTESIAN_POINT('',(4.358171096636,-8.757302141231));
#4413 = CARTESIAN_POINT('',(5.027805476169,-10.1210771997));
#4414 = CARTESIAN_POINT('',(6.282309891909,-12.33235888258));
#4415 = CARTESIAN_POINT('',(6.824878732026,-13.20463094913));
#4416 = CARTESIAN_POINT('',(7.40111421786,-14.05556316059));
#4417 = CARTESIAN_POINT('',(8.008626661767,-14.8846058465));
#4418 = CARTESIAN_POINT('',(8.645110380889,-15.69144694397));
#4419 = CARTESIAN_POINT('',(9.308394964266,-16.47597365655));
#4420 = CARTESIAN_POINT('',(9.996485456419,-17.2382422272));
#4421 = CARTESIAN_POINT('',(11.727915736953,-19.04054460411));
#4422 = CARTESIAN_POINT('',(12.795419958159,-20.0570141999));
#4423 = CARTESIAN_POINT('',(13.904881076383,-21.02859202985));
#4424 = CARTESIAN_POINT('',(15.051588514415,-21.95618284665));
#4425 = CARTESIAN_POINT('',(16.231360965051,-22.84084660708));
#4426 = CARTESIAN_POINT('',(17.44056783295,-23.68377040871));
#4427 = CARTESIAN_POINT('',(18.676155315755,-24.48623449469));
#4428 = CARTESIAN_POINT('',(21.086334444961,-25.94693239233));
#4429 = CARTESIAN_POINT('',(22.256782882052,-26.61152627685));
#4430 = CARTESIAN_POINT('',(23.44504793487,-27.24432863945));
#4431 = CARTESIAN_POINT('',(24.649356001116,-27.84623933322));
#4432 = CARTESIAN_POINT('',(25.868124238621,-28.41810368053));
#4433 = CARTESIAN_POINT('',(27.099954499956,-28.96072450677));
#4434 = CARTESIAN_POINT('',(28.34363134009,-29.47486593236));
#4435 = CARTESIAN_POINT('',(30.654442007559,-30.37079681372));
#4436 = CARTESIAN_POINT('',(31.718384961085,-30.76064783969));
#4437 = CARTESIAN_POINT('',(32.789313758,-31.13122512567));
#4438 = CARTESIAN_POINT('',(33.866636998907,-31.48291928756));
#4439 = CARTESIAN_POINT('',(34.949810118853,-31.81609140669));
#4440 = CARTESIAN_POINT('',(36.038334421478,-32.13107600429));
#4441 = CARTESIAN_POINT('',(37.131756113162,-32.42818401586));
#4442 = CARTESIAN_POINT('',(41.378088058996,-33.50927654316));
#4443 = CARTESIAN_POINT('',(44.562542460272,-34.16600083849));
#4444 = CARTESIAN_POINT('',(47.774274598488,-34.68506808328));
#4445 = CARTESIAN_POINT('',(51.005463076398,-35.07133827408));
#4446 = CARTESIAN_POINT('',(54.24908732845,-35.3284269714));
#4447 = CARTESIAN_POINT('',(57.498911001136,-35.45881507112));
#4448 = CARTESIAN_POINT('',(60.749466075084,-35.4639401731));
#4449 = CARTESIAN_POINT('',(67.242690854595,-35.2238212679));
#4450 = CARTESIAN_POINT('',(70.483989175519,-34.97862797438));
#4451 = CARTESIAN_POINT('',(73.715306315117,-34.60856783366));
#4452 = CARTESIAN_POINT('',(76.931083007863,-34.11261103407));
#4453 = CARTESIAN_POINT('',(80.124916699817,-33.48874406553));
#4454 = CARTESIAN_POINT('',(83.289538957196,-32.73387977342));
#4455 = CARTESIAN_POINT('',(86.416790793285,-31.84374911415));
#4456 = CARTESIAN_POINT('',(90.571676534422,-30.45198026542));
#4457 = CARTESIAN_POINT('',(91.640167721303,-30.07492489792));
#4458 = CARTESIAN_POINT('',(92.702454551613,-29.68040348596));
#4459 = CARTESIAN_POINT('',(93.758061505837,-29.26813945993));
#4460 = CARTESIAN_POINT('',(94.806466542351,-28.83783604543));
#4461 = CARTESIAN_POINT('',(95.847099914516,-28.38917336824));
#4462 = CARTESIAN_POINT('',(96.879342987782,-27.92180555942));
#4463 = CARTESIAN_POINT('',(99.117669748343,-26.85764795862));
#4464 = CARTESIAN_POINT('',(100.31997585889,-26.25305428912));
#4465 = CARTESIAN_POINT('',(101.50836429188,-25.62093397887));
#4466 = CARTESIAN_POINT('',(102.68156648497,-24.96061476585));
#4467 = CARTESIAN_POINT('',(103.83812881375,-24.27139928297));
#4468 = CARTESIAN_POINT('',(104.97641032474,-23.55256142358));
#4469 = CARTESIAN_POINT('',(106.0945757978,-22.80333478862));
#4470 = CARTESIAN_POINT('',(108.39028658426,-21.16861347696));
#4471 = CARTESIAN_POINT('',(109.56323025718,-20.27708211127));
#4472 = CARTESIAN_POINT('',(110.70687706125,-19.34714997876));
#4473 = CARTESIAN_POINT('',(111.8180869778,-18.37776588335));
#4474 = CARTESIAN_POINT('',(112.89315165019,-17.36801412136));
#4475 = CARTESIAN_POINT('',(113.92782290451,-16.3171464576));
#4476 = CARTESIAN_POINT('',(114.91733620564,-15.22460852823));
#4477 = CARTESIAN_POINT('',(116.51092150093,-13.29934735898));
#4478 = CARTESIAN_POINT('',(117.14083235255,-12.48833921203));
#4479 = CARTESIAN_POINT('',(117.74436108764,-11.6569658522));
#4480 = CARTESIAN_POINT('',(118.31951404546,-10.80531853518));
#4481 = CARTESIAN_POINT('',(118.86413507405,-9.933670053269));
#4482 = CARTESIAN_POINT('',(119.37594783655,-9.042501911991));
#4483 = CARTESIAN_POINT('',(119.85260977014,-8.132538779951));
#4484 = CARTESIAN_POINT('',(120.64767200559,-6.452958478374));
#4485 = CARTESIAN_POINT('',(120.97894133768,-5.689452001668));
#4486 = CARTESIAN_POINT('',(121.28432185011,-4.914845912868));
#4487 = CARTESIAN_POINT('',(121.56255848028,-4.129844440746));
#4488 = CARTESIAN_POINT('',(121.81243267865,-3.335290090667));
#4489 = CARTESIAN_POINT('',(122.03279792741,-2.532175289174));
#4490 = CARTESIAN_POINT('',(122.22262304588,-1.721656494318));
#4491 = CARTESIAN_POINT('',(122.51138625548,-0.233211830036));
#4492 = CARTESIAN_POINT('',(122.62047748296,0.442795462921));
#4493 = CARTESIAN_POINT('',(122.7078301795,1.122195922042));
#4494 = CARTESIAN_POINT('',(122.77304449909,1.804202962667));
#4495 = CARTESIAN_POINT('',(122.81581632019,2.487997980799));
#4496 = CARTESIAN_POINT('',(122.8359460306,3.172729733347));
#4497 = CARTESIAN_POINT('',(122.8333473124,3.857513718346));
#4498 = CARTESIAN_POINT('',(122.7715688026,5.528107341368));
#4499 = CARTESIAN_POINT('',(122.68784392124,6.513190022947));
#4500 = CARTESIAN_POINT('',(122.55696276229,7.493805897025));
#4501 = CARTESIAN_POINT('',(122.37955849493,8.467337456764));
#4502 = CARTESIAN_POINT('',(122.15672177874,9.431405524276));
#4503 = CARTESIAN_POINT('',(121.88992194667,10.383854172926));
#4504 = CARTESIAN_POINT('',(121.58094357023,11.32273843907));
#4505 = CARTESIAN_POINT('',(121.0448646055,12.740964086462));
#4506 = CARTESIAN_POINT('',(120.8463664832,13.231258784243));
#4507 = CARTESIAN_POINT('',(120.63664783404,13.716953219296));
#4508 = CARTESIAN_POINT('',(120.41602556818,14.1978302336));
#4509 = CARTESIAN_POINT('',(120.18482597279,14.673699454586));
#4510 = CARTESIAN_POINT('',(119.94338097289,15.144395541351));
#4511 = CARTESIAN_POINT('',(119.69202439208,15.609776430867));
#4512 = CARTESIAN_POINT('',(118.92459736012,16.962499770194));
#4513 = CARTESIAN_POINT('',(118.38202851923,17.83477183412));
#4514 = CARTESIAN_POINT('',(117.80579303265,18.685704042869));
#4515 = CARTESIAN_POINT('',(117.19828058815,19.514746726071));
#4516 = CARTESIAN_POINT('',(116.56179686867,20.321587820915));
#4517 = CARTESIAN_POINT('',(115.89851228522,21.106114531023));
#4518 = CARTESIAN_POINT('',(115.21042179329,21.868383099394));
#4519 = CARTESIAN_POINT('',(113.47899151243,23.670685472949));
#4520 = CARTESIAN_POINT('',(112.41148729085,24.687155067731));
#4521 = CARTESIAN_POINT('',(111.30202617269,25.658732897119));
#4522 = CARTESIAN_POINT('',(110.15531873508,26.586323713781));
#4523 = CARTESIAN_POINT('',(108.9755462851,27.470987474413));
#4524 = CARTESIAN_POINT('',(107.76633941801,28.313911276508));
#4525 = CARTESIAN_POINT('',(106.53075193609,29.116375363142));
#4526 = CARTESIAN_POINT('',(104.12057280815,30.577073262477));
#4527 = CARTESIAN_POINT('',(102.95012437143,31.241667147998));
#4528 = CARTESIAN_POINT('',(101.76185931894,31.874469511597));
#4529 = CARTESIAN_POINT('',(100.55755125297,32.476380206306));
#4530 = CARTESIAN_POINT('',(99.338783015663,33.048244554459));
#4531 = CARTESIAN_POINT('',(98.106952754447,33.590865381431));
#4532 = CARTESIAN_POINT('',(96.863275914375,34.105006807616));
#4533 = CARTESIAN_POINT('',(94.552465246947,35.00093768983));
#4534 = CARTESIAN_POINT('',(93.488522293425,35.390788716092));
#4535 = CARTESIAN_POINT('',(92.417593496478,35.761366002279));
#4536 = CARTESIAN_POINT('',(91.340270255509,36.113060164284));
#4537 = CARTESIAN_POINT('',(90.257097135477,36.446232283466));
#4538 = CARTESIAN_POINT('',(89.168572832748,36.76121688105));
#4539 = CARTESIAN_POINT('',(88.075151140945,37.058324892542));
#4540 = CARTESIAN_POINT('',(83.82881919453,38.139417419403));
#4541 = CARTESIAN_POINT('',(80.644364793033,38.796141714279));
#4542 = CARTESIAN_POINT('',(77.432632653896,39.315208957832));
#4543 = CARTESIAN_POINT('',(74.201444176363,39.701479149018));
#4544 = CARTESIAN_POINT('',(70.957819923292,39.958567845332));
#4545 = CARTESIAN_POINT('',(67.70799625077,40.08895594574));
#4546 = CARTESIAN_POINT('',(64.457441176368,40.094081047762));
#4547 = CARTESIAN_POINT('',(57.964216396877,39.853962143088));
#4548 = CARTESIAN_POINT('',(54.722918076171,39.608768849892));
#4549 = CARTESIAN_POINT('',(51.491600936978,39.238708709214));
#4550 = CARTESIAN_POINT('',(48.275824244321,38.742751909698));
#4551 = CARTESIAN_POINT('',(45.081990553009,38.118884940497));
#4552 = CARTESIAN_POINT('',(41.917368295932,37.364020647871));
#4553 = CARTESIAN_POINT('',(38.790116460386,36.473889987927));
#4554 = CARTESIAN_POINT('',(34.635230719806,35.082121138831));
#4555 = CARTESIAN_POINT('',(33.566739533047,34.705065771278));
#4556 = CARTESIAN_POINT('',(32.504452702844,34.310544359303));
#4557 = CARTESIAN_POINT('',(31.448845748702,33.898280333332));
#4558 = CARTESIAN_POINT('',(30.400440712242,33.467976918954));
#4559 = CARTESIAN_POINT('',(29.359807340093,33.019314241969));
#4560 = CARTESIAN_POINT('',(28.327564266802,32.551946433439));
#4561 = CARTESIAN_POINT('',(26.089237506132,31.48778883349));
#4562 = CARTESIAN_POINT('',(24.886931395481,30.883195164586));
#4563 = CARTESIAN_POINT('',(23.698542962313,30.251074855048));
#4564 = CARTESIAN_POINT('',(22.525340768961,29.590755642855));
#4565 = CARTESIAN_POINT('',(21.368778439851,28.901540160891));
#4566 = CARTESIAN_POINT('',(20.230496928461,28.182702302478));
#4567 = CARTESIAN_POINT('',(19.112331454954,27.433475668481));
#4568 = CARTESIAN_POINT('',(16.8166206671,25.798754358422));
#4569 = CARTESIAN_POINT('',(15.643676993268,24.907222993309));
#4570 = CARTESIAN_POINT('',(14.500030188343,23.977290861215));
#4571 = CARTESIAN_POINT('',(13.38882027111,23.007906765959));
#4572 = CARTESIAN_POINT('',(12.313755598326,21.998155003794));
#4573 = CARTESIAN_POINT('',(11.279084343984,20.947287339459));
#4574 = CARTESIAN_POINT('',(10.2895710433,19.854749409132));
#4575 = CARTESIAN_POINT('',(8.695985748584,17.92948823655));
#4576 = CARTESIAN_POINT('',(8.066074896902,17.118480087313));
#4577 = CARTESIAN_POINT('',(7.462546162071,16.287106725018));
#4578 = CARTESIAN_POINT('',(6.887393204798,15.435459405404));
#4579 = CARTESIAN_POINT('',(6.342772177003,14.563810920839));
#4580 = CARTESIAN_POINT('',(5.830959415448,13.672642776917));
#4581 = CARTESIAN_POINT('',(5.354297482824,12.762679642309));
#4582 = CARTESIAN_POINT('',(4.266542160888,10.464781391789));
#4583 = CARTESIAN_POINT('',(3.699463577236,9.055272792194));
#4584 = CARTESIAN_POINT('',(3.221970905255,7.610486372434));
#4585 = CARTESIAN_POINT('',(2.841700743051,6.135675137734));
#4586 = CARTESIAN_POINT('',(2.565350194744,4.637370222686));
#4587 = CARTESIAN_POINT('',(2.398106180321,3.123496648227));
#4588 = CARTESIAN_POINT('',(2.342833402629,1.603527987982));
#4589 = CARTESIAN_POINT('',(2.398851326673,8.870931983203E-02));
#4590 = ( GEOMETRIC_REPRESENTATION_CONTEXT(2) 
PARAMETRIC_REPRESENTATION_CONTEXT() REPRESENTATION_CONTEXT('2D SPACE',''
  ) );
#4591 = ORIENTED_EDGE('',*,*,#4592,.T.);
#4592 = EDGE_CURVE('',#4027,#4593,#4595,.T.);
#4593 = VERTEX_POINT('',#4594);
#4594 = CARTESIAN_POINT('',(-37.07732781102,-10.23009787177,10.35));
#4595 = SURFACE_CURVE('',#4596,(#4607,#4621),.PCURVE_S1.);
#4596 = B_SPLINE_CURVE_WITH_KNOTS('',5,(#4597,#4598,#4599,#4600,#4601,
    #4602,#4603,#4604,#4605,#4606),.UNSPECIFIED.,.F.,.F.,(6,4,6),(0.,
    0.376986341887,1.),.UNSPECIFIED.);
#4597 = CARTESIAN_POINT('',(-37.09511030403,-10.26138209895,
    6.349953287698));
#4598 = CARTESIAN_POINT('',(-37.09451896554,-10.26032939044,
    6.651553795272));
#4599 = CARTESIAN_POINT('',(-37.09401539372,-10.2594339935,
    6.953154597536));
#4600 = CARTESIAN_POINT('',(-37.09351055556,-10.25853675453,
    7.254755444226));
#4601 = CARTESIAN_POINT('',(-37.09291748962,-10.25748347638,
    7.556355928342));
#4602 = CARTESIAN_POINT('',(-37.0908850988,-10.25387974352,
    8.356383739171));
#4603 = CARTESIAN_POINT('',(-37.08914611227,-10.2508007756,
    8.854808662107));
#4604 = CARTESIAN_POINT('',(-37.08655085271,-10.24621673641,
    9.353228612016));
#4605 = CARTESIAN_POINT('',(-37.08273178546,-10.23949375893,
    9.851632595866));
#4606 = CARTESIAN_POINT('',(-37.07732780451,-10.23009786046,10.3500006)
  );
#4607 = PCURVE('',#1985,#4608);
#4608 = DEFINITIONAL_REPRESENTATION('',(#4609),#4620);
#4609 = B_SPLINE_CURVE_WITH_KNOTS('',5,(#4610,#4611,#4612,#4613,#4614,
    #4615,#4616,#4617,#4618,#4619),.UNSPECIFIED.,.F.,.F.,(6,4,6),(0.,
    0.376986341887,1.),.UNSPECIFIED.);
#4610 = CARTESIAN_POINT('',(0.278189807663,3.012222708125E-02));
#4611 = CARTESIAN_POINT('',(0.278345145013,3.399617132587E-02));
#4612 = CARTESIAN_POINT('',(0.278505183849,3.787278601535E-02));
#4613 = CARTESIAN_POINT('',(0.278669600232,4.175216243045E-02));
#4614 = CARTESIAN_POINT('',(0.278838076892,4.563441788181E-02));
#4615 = CARTESIAN_POINT('',(0.279294927241,5.594056798987E-02));
#4616 = CARTESIAN_POINT('',(0.279589791836,6.236968438447E-02));
#4617 = CARTESIAN_POINT('',(0.279893503289,6.880770295871E-02));
#4618 = CARTESIAN_POINT('',(0.280204720429,7.525536778345E-02));
#4619 = CARTESIAN_POINT('',(0.280522334995,8.171350622389E-02));
#4620 = ( GEOMETRIC_REPRESENTATION_CONTEXT(2) 
PARAMETRIC_REPRESENTATION_CONTEXT() REPRESENTATION_CONTEXT('2D SPACE',''
  ) );
#4621 = PCURVE('',#4622,#4627);
#4622 = CYLINDRICAL_SURFACE('',#4623,3.55);
#4623 = AXIS2_PLACEMENT_3D('',#4624,#4625,#4626);
#4624 = CARTESIAN_POINT('',(-34.,-12.,0.));
#4625 = DIRECTION('',(-0.,-0.,-1.));
#4626 = DIRECTION('',(1.,0.,0.));
#4627 = DEFINITIONAL_REPRESENTATION('',(#4628),#4639);
#4628 = B_SPLINE_CURVE_WITH_KNOTS('',5,(#4629,#4630,#4631,#4632,#4633,
    #4634,#4635,#4636,#4637,#4638),.UNSPECIFIED.,.F.,.F.,(6,4,6),(0.,
    0.376986341887,1.),.UNSPECIFIED.);
#4629 = CARTESIAN_POINT('',(-2.629787921057,-6.349953287698));
#4630 = CARTESIAN_POINT('',(-2.629447801188,-6.651553795272));
#4631 = CARTESIAN_POINT('',(-2.629158424338,-6.953154597536));
#4632 = CARTESIAN_POINT('',(-2.628868420422,-7.254755444226));
#4633 = CARTESIAN_POINT('',(-2.628527922201,-7.556355928342));
#4634 = CARTESIAN_POINT('',(-2.627362477015,-8.356383739171));
#4635 = CARTESIAN_POINT('',(-2.626366390783,-8.854808662107));
#4636 = CARTESIAN_POINT('',(-2.624882518992,-9.353228612016));
#4637 = CARTESIAN_POINT('',(-2.622704520817,-9.851632595866));
#4638 = CARTESIAN_POINT('',(-2.619651255428,-10.3500006));
#4639 = ( GEOMETRIC_REPRESENTATION_CONTEXT(2) 
PARAMETRIC_REPRESENTATION_CONTEXT() REPRESENTATION_CONTEXT('2D SPACE',''
  ) );
#4640 = ORIENTED_EDGE('',*,*,#4641,.F.);
#4641 = EDGE_CURVE('',#4642,#4593,#4644,.T.);
#4642 = VERTEX_POINT('',#4643);
#4643 = CARTESIAN_POINT('',(-37.04368707187,-10.5,10.35));
#4644 = SURFACE_CURVE('',#4645,(#4652,#4662),.PCURVE_S1.);
#4645 = B_SPLINE_CURVE_WITH_KNOTS('',5,(#4646,#4647,#4648,#4649,#4650,
    #4651),.UNSPECIFIED.,.F.,.F.,(6,6),(0.,1.),
  .PIECEWISE_BEZIER_KNOTS.);
#4646 = CARTESIAN_POINT('',(-36.25986819279,-15.55,10.35));
#4647 = CARTESIAN_POINT('',(-36.52074985491,-14.13898486762,10.35));
#4648 = CARTESIAN_POINT('',(-36.75267694254,-12.72261972299,10.35));
#4649 = CARTESIAN_POINT('',(-36.95610657044,-11.30179805421,10.35));
#4650 = CARTESIAN_POINT('',(-37.13138509776,-9.877340977733,10.35));
#4651 = CARTESIAN_POINT('',(-37.27876509732,-8.45,10.35));
#4652 = PCURVE('',#1985,#4653);
#4653 = DEFINITIONAL_REPRESENTATION('',(#4654),#4661);
#4654 = B_SPLINE_CURVE_WITH_KNOTS('',5,(#4655,#4656,#4657,#4658,#4659,
    #4660),.UNSPECIFIED.,.F.,.F.,(6,6),(0.,1.),
  .PIECEWISE_BEZIER_KNOTS.);
#4655 = CARTESIAN_POINT('',(0.295153727665,8.171349844875E-02));
#4656 = CARTESIAN_POINT('',(0.291226484349,8.171349844875E-02));
#4657 = CARTESIAN_POINT('',(0.287319669727,8.171349844875E-02));
#4658 = CARTESIAN_POINT('',(0.283430055935,8.171349844875E-02));
#4659 = CARTESIAN_POINT('',(0.279554665854,8.171349844875E-02));
#4660 = CARTESIAN_POINT('',(0.275690563909,8.171349844875E-02));
#4661 = ( GEOMETRIC_REPRESENTATION_CONTEXT(2) 
PARAMETRIC_REPRESENTATION_CONTEXT() REPRESENTATION_CONTEXT('2D SPACE',''
  ) );
#4662 = PCURVE('',#4663,#4668);
#4663 = PLANE('',#4664);
#4664 = AXIS2_PLACEMENT_3D('',#4665,#4666,#4667);
#4665 = CARTESIAN_POINT('',(-34.,-12.,10.35));
#4666 = DIRECTION('',(0.,0.,1.));
#4667 = DIRECTION('',(1.,0.,-0.));
#4668 = DEFINITIONAL_REPRESENTATION('',(#4669),#4676);
#4669 = B_SPLINE_CURVE_WITH_KNOTS('',5,(#4670,#4671,#4672,#4673,#4674,
    #4675),.UNSPECIFIED.,.F.,.F.,(6,6),(0.,1.),
  .PIECEWISE_BEZIER_KNOTS.);
#4670 = CARTESIAN_POINT('',(-2.259868192792,-3.55));
#4671 = CARTESIAN_POINT('',(-2.520749854915,-2.138984867622));
#4672 = CARTESIAN_POINT('',(-2.752676942548,-0.722619722995));
#4673 = CARTESIAN_POINT('',(-2.956106570442,0.698201945784));
#4674 = CARTESIAN_POINT('',(-3.131385097765,2.122659022267));
#4675 = CARTESIAN_POINT('',(-3.278765097328,3.55));
#4676 = ( GEOMETRIC_REPRESENTATION_CONTEXT(2) 
PARAMETRIC_REPRESENTATION_CONTEXT() REPRESENTATION_CONTEXT('2D SPACE',''
  ) );
#4677 = ORIENTED_EDGE('',*,*,#4678,.T.);
#4678 = EDGE_CURVE('',#4642,#4679,#4681,.T.);
#4679 = VERTEX_POINT('',#4680);
#4680 = CARTESIAN_POINT('',(-36.96511481893,-10.5,13.35));
#4681 = SURFACE_CURVE('',#4682,(#4688,#4697),.PCURVE_S1.);
#4682 = B_SPLINE_CURVE_WITH_KNOTS('',4,(#4683,#4684,#4685,#4686,#4687),
  .UNSPECIFIED.,.F.,.F.,(5,5),(0.,1.),.PIECEWISE_BEZIER_KNOTS.);
#4683 = CARTESIAN_POINT('',(-37.04368707187,-10.5,10.35));
#4684 = CARTESIAN_POINT('',(-37.03314260319,-10.5,11.100206719168));
#4685 = CARTESIAN_POINT('',(-37.01783590077,-10.5,11.850343949157));
#4686 = CARTESIAN_POINT('',(-36.99579824529,-10.5,12.600348105827));
#4687 = CARTESIAN_POINT('',(-36.96511481893,-10.5,13.35));
#4688 = PCURVE('',#1985,#4689);
#4689 = DEFINITIONAL_REPRESENTATION('',(#4690),#4696);
#4690 = B_SPLINE_CURVE_WITH_KNOTS('',4,(#4691,#4692,#4693,#4694,#4695),
  .UNSPECIFIED.,.F.,.F.,(5,5),(0.,1.),.PIECEWISE_BEZIER_KNOTS.);
#4691 = CARTESIAN_POINT('',(0.281257316328,8.171349844875E-02));
#4692 = CARTESIAN_POINT('',(0.281776099394,9.143510738681E-02));
#4693 = CARTESIAN_POINT('',(0.2823283999,0.101182257486));
#4694 = CARTESIAN_POINT('',(0.282916125956,0.11095887843));
#4695 = CARTESIAN_POINT('',(0.283541308846,0.120768976668));
#4696 = ( GEOMETRIC_REPRESENTATION_CONTEXT(2) 
PARAMETRIC_REPRESENTATION_CONTEXT() REPRESENTATION_CONTEXT('2D SPACE',''
  ) );
#4697 = PCURVE('',#4698,#4703);
#4698 = PLANE('',#4699);
#4699 = AXIS2_PLACEMENT_3D('',#4700,#4701,#4702);
#4700 = CARTESIAN_POINT('',(-41.,-10.5,10.35));
#4701 = DIRECTION('',(0.,1.,0.));
#4702 = DIRECTION('',(0.,0.,1.));
#4703 = DEFINITIONAL_REPRESENTATION('',(#4704),#4710);
#4704 = B_SPLINE_CURVE_WITH_KNOTS('',4,(#4705,#4706,#4707,#4708,#4709),
  .UNSPECIFIED.,.F.,.F.,(5,5),(0.,1.),.PIECEWISE_BEZIER_KNOTS.);
#4705 = CARTESIAN_POINT('',(0.,3.956312928122));
#4706 = CARTESIAN_POINT('',(0.750206719168,3.966857396806));
#4707 = CARTESIAN_POINT('',(1.500343949157,3.982164099226));
#4708 = CARTESIAN_POINT('',(2.250348105827,4.004201754703));
#4709 = CARTESIAN_POINT('',(3.,4.034885181065));
#4710 = ( GEOMETRIC_REPRESENTATION_CONTEXT(2) 
PARAMETRIC_REPRESENTATION_CONTEXT() REPRESENTATION_CONTEXT('2D SPACE',''
  ) );
#4711 = ORIENTED_EDGE('',*,*,#4712,.F.);
#4712 = EDGE_CURVE('',#4713,#4679,#4715,.T.);
#4713 = VERTEX_POINT('',#4714);
#4714 = CARTESIAN_POINT('',(-36.93421650575,-10.72313920203,13.35));
#4715 = SURFACE_CURVE('',#4716,(#4722,#4731),.PCURVE_S1.);
#4716 = B_SPLINE_CURVE_WITH_KNOTS('',4,(#4717,#4718,#4719,#4720,#4721),
  .UNSPECIFIED.,.F.,.F.,(5,5),(0.,1.),.PIECEWISE_BEZIER_KNOTS.);
#4717 = CARTESIAN_POINT('',(-36.50062611964,-13.5,13.35));
#4718 = CARTESIAN_POINT('',(-36.62979746991,-12.7520983672,13.35));
#4719 = CARTESIAN_POINT('',(-36.75021905972,-12.002685607,13.35));
#4720 = CARTESIAN_POINT('',(-36.86197056347,-11.25193292871,13.35));
#4721 = CARTESIAN_POINT('',(-36.96511481893,-10.5,13.35));
#4722 = PCURVE('',#1985,#4723);
#4723 = DEFINITIONAL_REPRESENTATION('',(#4724),#4730);
#4724 = B_SPLINE_CURVE_WITH_KNOTS('',4,(#4725,#4726,#4727,#4728,#4729),
  .UNSPECIFIED.,.F.,.F.,(5,5),(0.,1.),.PIECEWISE_BEZIER_KNOTS.);
#4725 = CARTESIAN_POINT('',(0.291874211472,0.120768976668));
#4726 = CARTESIAN_POINT('',(0.289783118644,0.120768976668));
#4727 = CARTESIAN_POINT('',(0.287697667356,0.120768976668));
#4728 = CARTESIAN_POINT('',(0.285617255503,0.120768976668));
#4729 = CARTESIAN_POINT('',(0.283541308846,0.120768976668));
#4730 = ( GEOMETRIC_REPRESENTATION_CONTEXT(2) 
PARAMETRIC_REPRESENTATION_CONTEXT() REPRESENTATION_CONTEXT('2D SPACE',''
  ) );
#4731 = PCURVE('',#4732,#4737);
#4732 = PLANE('',#4733);
#4733 = AXIS2_PLACEMENT_3D('',#4734,#4735,#4736);
#4734 = CARTESIAN_POINT('',(-34.,-12.,13.35));
#4735 = DIRECTION('',(0.,0.,1.));
#4736 = DIRECTION('',(1.,0.,-0.));
#4737 = DEFINITIONAL_REPRESENTATION('',(#4738),#4744);
#4738 = B_SPLINE_CURVE_WITH_KNOTS('',4,(#4739,#4740,#4741,#4742,#4743),
  .UNSPECIFIED.,.F.,.F.,(5,5),(0.,1.),.PIECEWISE_BEZIER_KNOTS.);
#4739 = CARTESIAN_POINT('',(-2.500626119647,-1.5));
#4740 = CARTESIAN_POINT('',(-2.629797469912,-0.752098367201));
#4741 = CARTESIAN_POINT('',(-2.750219059725,-2.685607005015E-03));
#4742 = CARTESIAN_POINT('',(-2.861970563478,0.748067071289));
#4743 = CARTESIAN_POINT('',(-2.965114818935,1.5));
#4744 = ( GEOMETRIC_REPRESENTATION_CONTEXT(2) 
PARAMETRIC_REPRESENTATION_CONTEXT() REPRESENTATION_CONTEXT('2D SPACE',''
  ) );
#4745 = ORIENTED_EDGE('',*,*,#4746,.F.);
#4746 = EDGE_CURVE('',#4747,#4713,#4749,.T.);
#4747 = VERTEX_POINT('',#4748);
#4748 = CARTESIAN_POINT('',(-36.38974176288,-14.12817628657,13.35));
#4749 = SURFACE_CURVE('',#4750,(#4757,#4786),.PCURVE_S1.);
#4750 = B_SPLINE_CURVE_WITH_KNOTS('',5,(#4751,#4752,#4753,#4754,#4755,
    #4756),.UNSPECIFIED.,.F.,.F.,(6,6),(0.168324011119,0.70067251509),
  .PIECEWISE_BEZIER_KNOTS.);
#4751 = CARTESIAN_POINT('',(-36.38974176764,-14.12817628743,13.35));
#4752 = CARTESIAN_POINT('',(-36.51214552778,-13.44942130884,13.35));
#4753 = CARTESIAN_POINT('',(-36.62774886811,-12.76943993631,13.35));
#4754 = CARTESIAN_POINT('',(-36.7366006799,-12.08833449205,13.35));
#4755 = CARTESIAN_POINT('',(-36.83874400856,-11.4062029877,13.35));
#4756 = CARTESIAN_POINT('',(-36.93421650792,-10.72313920234,13.35));
#4757 = PCURVE('',#1985,#4758);
#4758 = DEFINITIONAL_REPRESENTATION('',(#4759),#4785);
#4759 = B_SPLINE_CURVE_WITH_KNOTS('',3,(#4760,#4761,#4762,#4763,#4764,
    #4765,#4766,#4767,#4768,#4769,#4770,#4771,#4772,#4773,#4774,#4775,
    #4776,#4777,#4778,#4779,#4780,#4781,#4782,#4783,#4784),
  .UNSPECIFIED.,.F.,.F.,(4,1,1,1,1,1,1,1,1,1,1,1,1,1,1,1,1,1,1,1,1,1,4),
  (0.168324011119,0.192521670391,0.216719329662,0.240916988933,
    0.265114648205,0.289312307476,0.313509966748,0.337707626019,
    0.36190528529,0.386102944562,0.410300603833,0.434498263105,
    0.458695922376,0.482893581648,0.507091240919,0.53128890019,
    0.555486559462,0.579684218733,0.603881878005,0.628079537276,
    0.652277196547,0.676474855819,0.70067251509),.QUASI_UNIFORM_KNOTS.);
#4760 = CARTESIAN_POINT('',(0.293633212593,0.120768976665));
#4761 = CARTESIAN_POINT('',(0.293489004621,0.120768976665));
#4762 = CARTESIAN_POINT('',(0.293200651546,0.120768976665));
#4763 = CARTESIAN_POINT('',(0.292768308532,0.120768976665));
#4764 = CARTESIAN_POINT('',(0.292336150111,0.120768976665));
#4765 = CARTESIAN_POINT('',(0.291904174287,0.120768976666));
#4766 = CARTESIAN_POINT('',(0.291472379067,0.120768976667));
#4767 = CARTESIAN_POINT('',(0.291040762466,0.120768976667));
#4768 = CARTESIAN_POINT('',(0.290609322502,0.120768976668));
#4769 = CARTESIAN_POINT('',(0.290178057199,0.120768976669));
#4770 = CARTESIAN_POINT('',(0.289746964587,0.120768976669));
#4771 = CARTESIAN_POINT('',(0.2893160427,0.12076897667));
#4772 = CARTESIAN_POINT('',(0.288885289576,0.12076897667));
#4773 = CARTESIAN_POINT('',(0.288454703259,0.120768976671));
#4774 = CARTESIAN_POINT('',(0.288024281798,0.120768976671));
#4775 = CARTESIAN_POINT('',(0.287594023244,0.120768976671));
#4776 = CARTESIAN_POINT('',(0.287163925655,0.120768976671));
#4777 = CARTESIAN_POINT('',(0.286733987091,0.12076897667));
#4778 = CARTESIAN_POINT('',(0.286304205617,0.12076897667));
#4779 = CARTESIAN_POINT('',(0.285874579303,0.120768976669));
#4780 = CARTESIAN_POINT('',(0.28544510622,0.120768976669));
#4781 = CARTESIAN_POINT('',(0.285015784444,0.120768976668));
#4782 = CARTESIAN_POINT('',(0.284586612056,0.120768976668));
#4783 = CARTESIAN_POINT('',(0.284300595444,0.120768976667));
#4784 = CARTESIAN_POINT('',(0.284157611397,0.120768976667));
#4785 = ( GEOMETRIC_REPRESENTATION_CONTEXT(2) 
PARAMETRIC_REPRESENTATION_CONTEXT() REPRESENTATION_CONTEXT('2D SPACE',''
  ) );
#4786 = PCURVE('',#4732,#4787);
#4787 = DEFINITIONAL_REPRESENTATION('',(#4788),#4795);
#4788 = B_SPLINE_CURVE_WITH_KNOTS('',5,(#4789,#4790,#4791,#4792,#4793,
    #4794),.UNSPECIFIED.,.F.,.F.,(6,6),(0.168324011119,0.70067251509),
  .PIECEWISE_BEZIER_KNOTS.);
#4789 = CARTESIAN_POINT('',(-2.389741767644,-2.128176287433));
#4790 = CARTESIAN_POINT('',(-2.512145527785,-1.449421308843));
#4791 = CARTESIAN_POINT('',(-2.627748868118,-0.769439936311));
#4792 = CARTESIAN_POINT('',(-2.736600679901,-8.833449205629E-02));
#4793 = CARTESIAN_POINT('',(-2.838744008562,0.593797012299));
#4794 = CARTESIAN_POINT('',(-2.934216507929,1.27686079766));
#4795 = ( GEOMETRIC_REPRESENTATION_CONTEXT(2) 
PARAMETRIC_REPRESENTATION_CONTEXT() REPRESENTATION_CONTEXT('2D SPACE',''
  ) );
#4796 = ORIENTED_EDGE('',*,*,#4797,.T.);
#4797 = EDGE_CURVE('',#4747,#4798,#4800,.T.);
#4798 = VERTEX_POINT('',#4799);
#4799 = CARTESIAN_POINT('',(-36.54129154282,-13.94469465325,10.35));
#4800 = SURFACE_CURVE('',#4801,(#4809,#4820),.PCURVE_S1.);
#4801 = B_SPLINE_CURVE_WITH_KNOTS('',6,(#4802,#4803,#4804,#4805,#4806,
    #4807,#4808),.UNSPECIFIED.,.F.,.F.,(7,7),(0.,1.),
  .PIECEWISE_BEZIER_KNOTS.);
#4802 = CARTESIAN_POINT('',(-36.38974172037,-14.12817633431,13.3500006)
  );
#4803 = CARTESIAN_POINT('',(-36.4251219099,-14.08844771143,12.8506602136
    ));
#4804 = CARTESIAN_POINT('',(-36.45586316054,-14.05233239462,
    12.350979568304));
#4805 = CARTESIAN_POINT('',(-36.48238329906,-14.02001165274,
    11.851019290341));
#4806 = CARTESIAN_POINT('',(-36.50513446719,-13.99147866082,
    11.350835206093));
#4807 = CARTESIAN_POINT('',(-36.5246016549,-13.96650469517,
    10.850479641043));
#4808 = CARTESIAN_POINT('',(-36.54129156283,-13.9446946271,10.3499994));
#4809 = PCURVE('',#1985,#4810);
#4810 = DEFINITIONAL_REPRESENTATION('',(#4811),#4819);
#4811 = B_SPLINE_CURVE_WITH_KNOTS('',6,(#4812,#4813,#4814,#4815,#4816,
    #4817,#4818),.UNSPECIFIED.,.F.,.F.,(7,7),(0.,1.),
  .PIECEWISE_BEZIER_KNOTS.);
#4812 = CARTESIAN_POINT('',(0.293633213259,0.12076898452));
#4813 = CARTESIAN_POINT('',(0.293079137896,0.114234513928));
#4814 = CARTESIAN_POINT('',(0.292552138838,0.107710799114));
#4815 = CARTESIAN_POINT('',(0.292052013792,0.101197285658));
#4816 = CARTESIAN_POINT('',(0.291578073318,9.469348653944E-02));
#4817 = CARTESIAN_POINT('',(0.291129057538,8.819900067024E-02));
#4818 = CARTESIAN_POINT('',(0.290703282456,8.171349067361E-02));
#4819 = ( GEOMETRIC_REPRESENTATION_CONTEXT(2) 
PARAMETRIC_REPRESENTATION_CONTEXT() REPRESENTATION_CONTEXT('2D SPACE',''
  ) );
#4820 = PCURVE('',#4821,#4826);
#4821 = CYLINDRICAL_SURFACE('',#4822,3.2);
#4822 = AXIS2_PLACEMENT_3D('',#4823,#4824,#4825);
#4823 = CARTESIAN_POINT('',(-34.,-12.,10.35));
#4824 = DIRECTION('',(-0.,-0.,-1.));
#4825 = DIRECTION('',(1.,0.,0.));
#4826 = DEFINITIONAL_REPRESENTATION('',(#4827),#4835);
#4827 = B_SPLINE_CURVE_WITH_KNOTS('',6,(#4828,#4829,#4830,#4831,#4832,
    #4833,#4834),.UNSPECIFIED.,.F.,.F.,(7,7),(2.002641934157E-07,
    0.999999800192),.PIECEWISE_BEZIER_KNOTS.);
#4828 = CARTESIAN_POINT('',(-3.869160237212,-3.));
#4829 = CARTESIAN_POINT('',(-3.852535594341,-2.500659813032));
#4830 = CARTESIAN_POINT('',(-3.837718311218,-2.000979367488));
#4831 = CARTESIAN_POINT('',(-3.82465556182,-1.501019289523));
#4832 = CARTESIAN_POINT('',(-3.813252591124,-1.000835405449));
#4833 = CARTESIAN_POINT('',(-3.803357687519,-0.50048004069));
#4834 = CARTESIAN_POINT('',(-3.794775412667,-2.178444338473E-15));
#4835 = ( GEOMETRIC_REPRESENTATION_CONTEXT(2) 
PARAMETRIC_REPRESENTATION_CONTEXT() REPRESENTATION_CONTEXT('2D SPACE',''
  ) );
#4836 = ORIENTED_EDGE('',*,*,#4837,.F.);
#4837 = EDGE_CURVE('',#4838,#4798,#4840,.T.);
#4838 = VERTEX_POINT('',#4839);
#4839 = CARTESIAN_POINT('',(-36.43262341986,-14.58550639085,10.35));
#4840 = SURFACE_CURVE('',#4841,(#4848,#4858),.PCURVE_S1.);
#4841 = B_SPLINE_CURVE_WITH_KNOTS('',5,(#4842,#4843,#4844,#4845,#4846,
    #4847),.UNSPECIFIED.,.F.,.F.,(6,6),(0.,1.),
  .PIECEWISE_BEZIER_KNOTS.);
#4842 = CARTESIAN_POINT('',(-36.25986819279,-15.55,10.35));
#4843 = CARTESIAN_POINT('',(-36.52074985491,-14.13898486762,10.35));
#4844 = CARTESIAN_POINT('',(-36.75267694254,-12.72261972299,10.35));
#4845 = CARTESIAN_POINT('',(-36.95610657044,-11.30179805421,10.35));
#4846 = CARTESIAN_POINT('',(-37.13138509776,-9.877340977733,10.35));
#4847 = CARTESIAN_POINT('',(-37.27876509732,-8.45,10.35));
#4848 = PCURVE('',#1985,#4849);
#4849 = DEFINITIONAL_REPRESENTATION('',(#4850),#4857);
#4850 = B_SPLINE_CURVE_WITH_KNOTS('',5,(#4851,#4852,#4853,#4854,#4855,
    #4856),.UNSPECIFIED.,.F.,.F.,(6,6),(0.,1.),
  .PIECEWISE_BEZIER_KNOTS.);
#4851 = CARTESIAN_POINT('',(0.295153727665,8.171349844875E-02));
#4852 = CARTESIAN_POINT('',(0.291226484349,8.171349844875E-02));
#4853 = CARTESIAN_POINT('',(0.287319669727,8.171349844875E-02));
#4854 = CARTESIAN_POINT('',(0.283430055935,8.171349844875E-02));
#4855 = CARTESIAN_POINT('',(0.279554665854,8.171349844875E-02));
#4856 = CARTESIAN_POINT('',(0.275690563909,8.171349844875E-02));
#4857 = ( GEOMETRIC_REPRESENTATION_CONTEXT(2) 
PARAMETRIC_REPRESENTATION_CONTEXT() REPRESENTATION_CONTEXT('2D SPACE',''
  ) );
#4858 = PCURVE('',#4663,#4859);
#4859 = DEFINITIONAL_REPRESENTATION('',(#4860),#4867);
#4860 = B_SPLINE_CURVE_WITH_KNOTS('',5,(#4861,#4862,#4863,#4864,#4865,
    #4866),.UNSPECIFIED.,.F.,.F.,(6,6),(0.,1.),
  .PIECEWISE_BEZIER_KNOTS.);
#4861 = CARTESIAN_POINT('',(-2.259868192792,-3.55));
#4862 = CARTESIAN_POINT('',(-2.520749854915,-2.138984867622));
#4863 = CARTESIAN_POINT('',(-2.752676942548,-0.722619722995));
#4864 = CARTESIAN_POINT('',(-2.956106570442,0.698201945784));
#4865 = CARTESIAN_POINT('',(-3.131385097765,2.122659022267));
#4866 = CARTESIAN_POINT('',(-3.278765097328,3.55));
#4867 = ( GEOMETRIC_REPRESENTATION_CONTEXT(2) 
PARAMETRIC_REPRESENTATION_CONTEXT() REPRESENTATION_CONTEXT('2D SPACE',''
  ) );
#4868 = ORIENTED_EDGE('',*,*,#4869,.T.);
#4869 = EDGE_CURVE('',#4838,#4870,#4872,.T.);
#4870 = VERTEX_POINT('',#4871);
#4871 = CARTESIAN_POINT('',(-36.52151886078,-14.49888827975,6.35));
#4872 = SURFACE_CURVE('',#4873,(#4884,#4898),.PCURVE_S1.);
#4873 = B_SPLINE_CURVE_WITH_KNOTS('',5,(#4874,#4875,#4876,#4877,#4878,
    #4879,#4880,#4881,#4882,#4883),.UNSPECIFIED.,.F.,.F.,(6,4,6),(0.,
    0.679949218477,1.),.UNSPECIFIED.);
#4874 = CARTESIAN_POINT('',(-36.43262339941,-14.58550641009,10.3500006)
  );
#4875 = CARTESIAN_POINT('',(-36.45115457875,-14.56807099384,
    9.806207328066));
#4876 = CARTESIAN_POINT('',(-36.46640773962,-14.55340697393,
    9.262306645418));
#4877 = CARTESIAN_POINT('',(-36.47910919694,-14.54104067139,
    8.718342129237));
#4878 = CARTESIAN_POINT('',(-36.49000680873,-14.53032776705,
    8.174343297306));
#4879 = CARTESIAN_POINT('',(-36.5044953755,-14.51595818076,
    7.374255283164));
#4880 = CARTESIAN_POINT('',(-36.5089006921,-14.51156791712,
    7.118182220222));
#4881 = CARTESIAN_POINT('',(-36.51315330511,-14.50731188655,
    6.862106560146));
#4882 = CARTESIAN_POINT('',(-36.51733286651,-14.50311218605,
    6.606029805076));
#4883 = CARTESIAN_POINT('',(-36.52151962331,-14.49888751032,
    6.349953287698));
#4884 = PCURVE('',#1985,#4885);
#4885 = DEFINITIONAL_REPRESENTATION('',(#4886),#4897);
#4886 = B_SPLINE_CURVE_WITH_KNOTS('',5,(#4887,#4888,#4889,#4890,#4891,
    #4892,#4893,#4894,#4895,#4896),.UNSPECIFIED.,.F.,.F.,(6,4,6),(0.,
    0.679949218477,1.),.UNSPECIFIED.);
#4887 = CARTESIAN_POINT('',(0.292475719934,8.171350622389E-02));
#4888 = CARTESIAN_POINT('',(0.292026085934,7.466672110928E-02));
#4889 = CARTESIAN_POINT('',(0.291602100555,6.76315691472E-02));
#4890 = CARTESIAN_POINT('',(0.291201556736,6.060720943976E-02));
#4891 = CARTESIAN_POINT('',(0.290821832906,5.359289738169E-02));
#4892 = CARTESIAN_POINT('',(0.290289887558,4.329077834339E-02));
#4893 = CARTESIAN_POINT('',(0.290123632252,3.999566167738E-02));
#4894 = CARTESIAN_POINT('',(0.289961079355,3.670256421718E-02));
#4895 = CARTESIAN_POINT('',(0.28980192826,3.341143292065E-02));
#4896 = CARTESIAN_POINT('',(0.289645869568,3.012222708125E-02));
#4897 = ( GEOMETRIC_REPRESENTATION_CONTEXT(2) 
PARAMETRIC_REPRESENTATION_CONTEXT() REPRESENTATION_CONTEXT('2D SPACE',''
  ) );
#4898 = PCURVE('',#4622,#4899);
#4899 = DEFINITIONAL_REPRESENTATION('',(#4900),#4911);
#4900 = B_SPLINE_CURVE_WITH_KNOTS('',5,(#4901,#4902,#4903,#4904,#4905,
    #4906,#4907,#4908,#4909,#4910),.UNSPECIFIED.,.F.,.F.,(6,4,6),(0.,
    0.679949218477,1.),.UNSPECIFIED.);
#4901 = CARTESIAN_POINT('',(-3.957447529259,-10.3500006));
#4902 = CARTESIAN_POINT('',(-3.950280198609,-9.806207328066));
#4903 = CARTESIAN_POINT('',(-3.944320319652,-9.262306645418));
#4904 = CARTESIAN_POINT('',(-3.939326784774,-8.718342129237));
#4905 = CARTESIAN_POINT('',(-3.935022192324,-8.174343297306));
#4906 = CARTESIAN_POINT('',(-3.929274031997,-7.374255283164));
#4907 = CARTESIAN_POINT('',(-3.927522086177,-7.118182220222));
#4908 = CARTESIAN_POINT('',(-3.92582729748,-6.862106560146));
#4909 = CARTESIAN_POINT('',(-3.92415827238,-6.606029805076));
#4910 = CARTESIAN_POINT('',(-3.922482824094,-6.349953287698));
#4911 = ( GEOMETRIC_REPRESENTATION_CONTEXT(2) 
PARAMETRIC_REPRESENTATION_CONTEXT() REPRESENTATION_CONTEXT('2D SPACE',''
  ) );
#4912 = ORIENTED_EDGE('',*,*,#4913,.F.);
#4913 = EDGE_CURVE('',#1679,#4870,#4914,.T.);
#4914 = SURFACE_CURVE('',#4915,(#5100,#5288),.PCURVE_S1.);
#4915 = B_SPLINE_CURVE_WITH_KNOTS('',8,(#4916,#4917,#4918,#4919,#4920,
    #4921,#4922,#4923,#4924,#4925,#4926,#4927,#4928,#4929,#4930,#4931,
    #4932,#4933,#4934,#4935,#4936,#4937,#4938,#4939,#4940,#4941,#4942,
    #4943,#4944,#4945,#4946,#4947,#4948,#4949,#4950,#4951,#4952,#4953,
    #4954,#4955,#4956,#4957,#4958,#4959,#4960,#4961,#4962,#4963,#4964,
    #4965,#4966,#4967,#4968,#4969,#4970,#4971,#4972,#4973,#4974,#4975,
    #4976,#4977,#4978,#4979,#4980,#4981,#4982,#4983,#4984,#4985,#4986,
    #4987,#4988,#4989,#4990,#4991,#4992,#4993,#4994,#4995,#4996,#4997,
    #4998,#4999,#5000,#5001,#5002,#5003,#5004,#5005,#5006,#5007,#5008,
    #5009,#5010,#5011,#5012,#5013,#5014,#5015,#5016,#5017,#5018,#5019,
    #5020,#5021,#5022,#5023,#5024,#5025,#5026,#5027,#5028,#5029,#5030,
    #5031,#5032,#5033,#5034,#5035,#5036,#5037,#5038,#5039,#5040,#5041,
    #5042,#5043,#5044,#5045,#5046,#5047,#5048,#5049,#5050,#5051,#5052,
    #5053,#5054,#5055,#5056,#5057,#5058,#5059,#5060,#5061,#5062,#5063,
    #5064,#5065,#5066,#5067,#5068,#5069,#5070,#5071,#5072,#5073,#5074,
    #5075,#5076,#5077,#5078,#5079,#5080,#5081,#5082,#5083,#5084,#5085,
    #5086,#5087,#5088,#5089,#5090,#5091,#5092,#5093,#5094,#5095,#5096,
    #5097,#5098,#5099),.UNSPECIFIED.,.T.,.F.,(9,7,7,7,7,7,7,7,7,7,7,7,7,
    7,7,7,7,7,7,7,7,7,7,7,7,7,9),(0.,3.889914435276E-02,
    6.523833065353E-02,0.1030308728,0.13755688428,0.166628744505,
    0.249996729581,0.333364714666,0.362436574893,0.396962586378,
    0.434755128515,0.461094314768,0.482439145386,0.500000942956,
    0.525337025412,0.538906530651,0.565245668611,0.603038141455,
    0.637564089636,0.666635896559,0.750003728788,0.833371561009,
    0.862443367931,0.896969316108,0.934761788962,0.961100926969,1.),
  .UNSPECIFIED.);
#4916 = CARTESIAN_POINT('',(3.558628717824E-14,60.59950900212,6.35));
#4917 = CARTESIAN_POINT('',(1.515854084401,60.599509059478,6.35));
#4918 = CARTESIAN_POINT('',(3.032741933519,60.488104116763,6.35));
#4919 = CARTESIAN_POINT('',(4.539401001582,60.265029661805,6.35));
#4920 = CARTESIAN_POINT('',(6.026470050037,59.933498533362,6.35));
#4921 = CARTESIAN_POINT('',(7.486221152037,59.498986974882,6.35));
#4922 = CARTESIAN_POINT('',(8.912375123319,58.968428871816,6.35));
#4923 = CARTESIAN_POINT('',(10.299964754602,58.34964972905,6.35));
#4924 = CARTESIAN_POINT('',(12.556095786482,57.177719365448,6.35));
#4925 = CARTESIAN_POINT('',(13.447822486865,56.667755644994,6.35));
#4926 = CARTESIAN_POINT('',(14.319468047807,56.123359668038,6.35));
#4927 = CARTESIAN_POINT('',(15.170394864219,55.546899177046,6.35));
#4928 = CARTESIAN_POINT('',(16.000205880644,54.94066674779,6.35));
#4929 = CARTESIAN_POINT('',(16.808708170903,54.306827140361,6.35));
#4930 = CARTESIAN_POINT('',(17.595884216639,53.647376026012,6.35));
#4931 = CARTESIAN_POINT('',(19.460939929991,51.983731875278,6.35));
#4932 = CARTESIAN_POINT('',(20.51616447113,50.954520104444,6.35));
#4933 = CARTESIAN_POINT('',(21.528078412763,49.881721135751,6.35));
#4934 = CARTESIAN_POINT('',(22.497411811818,48.77007576364,6.35));
#4935 = CARTESIAN_POINT('',(23.425069382283,47.623801609585,6.35));
#4936 = CARTESIAN_POINT('',(24.312103243473,46.446570657807,6.35));
#4937 = CARTESIAN_POINT('',(25.159679911852,45.24148193569,6.35));
#4938 = CARTESIAN_POINT('',(26.708447411561,42.886928684032,6.35));
#4939 = CARTESIAN_POINT('',(27.415840860574,41.741839568061,6.35));
#4940 = CARTESIAN_POINT('',(28.092122909998,40.577771161354,6.35));
#4941 = CARTESIAN_POINT('',(28.738127255396,39.396529108501,6.35));
#4942 = CARTESIAN_POINT('',(29.354640148342,38.199726409096,6.35));
#4943 = CARTESIAN_POINT('',(29.942412197805,36.988789923692,6.35));
#4944 = CARTESIAN_POINT('',(30.502162085907,35.764962504909,6.35));
#4945 = CARTESIAN_POINT('',(31.48287620981,33.488839069717,6.35));
#4946 = CARTESIAN_POINT('',(31.911778591661,32.440029660123,6.35));
#4947 = CARTESIAN_POINT('',(32.32167855802,31.38352692443,6.35));
#4948 = CARTESIAN_POINT('',(32.712944603003,30.319936293151,6.35));
#4949 = CARTESIAN_POINT('',(33.085917437111,29.249815302908,6.35));
#4950 = CARTESIAN_POINT('',(33.440912923908,28.173674671538,6.35));
#4951 = CARTESIAN_POINT('',(33.778225016714,27.091979373209,6.35));
#4952 = CARTESIAN_POINT('',(35.015500834332,22.888499315216,6.35));
#4953 = CARTESIAN_POINT('',(35.789456967768,19.730489097153,6.35));
#4954 = CARTESIAN_POINT('',(36.426858117626,16.540132705395,6.35));
#4955 = CARTESIAN_POINT('',(36.932271923739,13.325425794233,6.35));
#4956 = CARTESIAN_POINT('',(37.3090520344,10.093517745573,6.35));
#4957 = CARTESIAN_POINT('',(37.559447188604,6.850732333793,6.35));
#4958 = CARTESIAN_POINT('',(37.684691935458,3.602586969308,6.35));
#4959 = CARTESIAN_POINT('',(37.684691935213,-2.895076081812,6.35));
#4960 = CARTESIAN_POINT('',(37.559447188082,-6.143221446435,6.35));
#4961 = CARTESIAN_POINT('',(37.309052033744,-9.386006858869,6.35));
#4962 = CARTESIAN_POINT('',(36.932271923206,-12.61791490721,6.35));
#4963 = CARTESIAN_POINT('',(36.426858117548,-15.83262181941,6.35));
#4964 = CARTESIAN_POINT('',(35.789456968383,-19.02297821117,6.35));
#4965 = CARTESIAN_POINT('',(35.015500835576,-22.18098842987,6.35));
#4966 = CARTESIAN_POINT('',(33.778225018351,-26.38446848838,6.35));
#4967 = CARTESIAN_POINT('',(33.440912925609,-27.46616378683,6.35));
#4968 = CARTESIAN_POINT('',(33.085917438826,-28.54230441831,6.35));
#4969 = CARTESIAN_POINT('',(32.712944604669,-29.61242540863,6.35));
#4970 = CARTESIAN_POINT('',(32.321678559562,-30.67601603997,6.35));
#4971 = CARTESIAN_POINT('',(31.911778592998,-31.73251877569,6.35));
#4972 = CARTESIAN_POINT('',(31.482876210855,-32.78132818527,6.35));
#4973 = CARTESIAN_POINT('',(30.502162086102,-35.05745162038,6.35));
#4974 = CARTESIAN_POINT('',(29.9424121974,-36.28127903909,6.35));
#4975 = CARTESIAN_POINT('',(29.354640147215,-37.49221552434,6.35));
#4976 = CARTESIAN_POINT('',(28.738127253434,-38.68901822352,6.35));
#4977 = CARTESIAN_POINT('',(28.092122907108,-39.87026027607,6.35));
#4978 = CARTESIAN_POINT('',(27.415840856697,-41.03432868241,6.35));
#4979 = CARTESIAN_POINT('',(26.708447406695,-42.17941779797,6.35));
#4980 = CARTESIAN_POINT('',(25.159679905342,-44.5339710483,6.35));
#4981 = CARTESIAN_POINT('',(24.312103236349,-45.73905976952,6.35));
#4982 = CARTESIAN_POINT('',(23.425069374717,-46.91629072046,6.35));
#4983 = CARTESIAN_POINT('',(22.49741180407,-48.06256487384,6.35));
#4984 = CARTESIAN_POINT('',(21.528078405177,-49.17421024555,6.35));
#4985 = CARTESIAN_POINT('',(20.516164464112,-50.24700921421,6.35));
#4986 = CARTESIAN_POINT('',(19.460939923953,-51.27622098544,6.35));
#4987 = CARTESIAN_POINT('',(17.595884213949,-52.93986513663,6.35));
#4988 = CARTESIAN_POINT('',(16.808708170498,-53.59931625084,6.35));
#4989 = CARTESIAN_POINT('',(16.000205882711,-54.23315585843,6.35));
#4990 = CARTESIAN_POINT('',(15.170394868893,-54.83938828814,6.35));
#4991 = CARTESIAN_POINT('',(14.319468055163,-55.41584877983,6.35));
#4992 = CARTESIAN_POINT('',(13.447822496901,-55.96024475763,6.35));
#4993 = CARTESIAN_POINT('',(12.556095799117,-56.47020847895,6.35));
#4994 = CARTESIAN_POINT('',(10.907043997609,-57.32679595471,6.35));
#4995 = CARTESIAN_POINT('',(10.156300983355,-57.68605413054,6.35));
#4996 = CARTESIAN_POINT('',(9.393509226236,-58.0198513526,6.35));
#4997 = CARTESIAN_POINT('',(8.619326093591,-58.32690739102,6.35));
#4998 = CARTESIAN_POINT('',(7.834548484226,-58.60597339411,6.35));
#4999 = CARTESIAN_POINT('',(7.040125777628,-58.85586695241,6.35));
#5000 = CARTESIAN_POINT('',(6.237175534995,-59.07551485309,6.35));
#5001 = CARTESIAN_POINT('',(4.760418707827,-59.41908578209,6.35));
#5002 = CARTESIAN_POINT('',(4.088904594929,-59.55308411127,6.35));
#5003 = CARTESIAN_POINT('',(3.413196293651,-59.66548415145,6.35));
#5004 = CARTESIAN_POINT('',(2.734065075202,-59.75585726177,6.35));
#5005 = CARTESIAN_POINT('',(2.052317745715,-59.82386927718,6.35));
#5006 = CARTESIAN_POINT('',(1.368797590236,-59.86928926444,6.35));
#5007 = CARTESIAN_POINT('',(0.684385316717,-59.89199827814,6.35));
#5008 = CARTESIAN_POINT('',(-0.98735019991,-59.89199817976,6.35));
#5009 = CARTESIAN_POINT('',(-1.974854038483,-59.84473387917,6.35));
#5010 = CARTESIAN_POINT('',(-2.95963676467,-59.75018044207,6.35));
#5011 = CARTESIAN_POINT('',(-3.939059260987,-59.60887387608,6.35));
#5012 = CARTESIAN_POINT('',(-4.91070366971,-59.42181617408,6.35));
#5013 = CARTESIAN_POINT('',(-5.87236123813,-59.19039599387,6.35));
#5014 = CARTESIAN_POINT('',(-6.822022382897,-58.91632481253,6.35));
#5015 = CARTESIAN_POINT('',(-8.25908991581,-58.43302206146,6.35));
#5016 = CARTESIAN_POINT('',(-8.756385144454,-58.25277819666,6.35));
#5017 = CARTESIAN_POINT('',(-9.249497903324,-58.06115146814,6.35));
#5018 = CARTESIAN_POINT('',(-9.738199471424,-57.85845054457,6.35));
#5019 = CARTESIAN_POINT('',(-10.22228754839,-57.6449944551,6.35));
#5020 = CARTESIAN_POINT('',(-10.70158464008,-57.42110878792,6.35));
#5021 = CARTESIAN_POINT('',(-11.17593644416,-57.18712188871,6.35));
#5022 = CARTESIAN_POINT('',(-12.55609579911,-56.47020847895,6.35));
#5023 = CARTESIAN_POINT('',(-13.4478224969,-55.96024475762,6.35));
#5024 = CARTESIAN_POINT('',(-14.31946805516,-55.41584877983,6.35));
#5025 = CARTESIAN_POINT('',(-15.17039486889,-54.83938828814,6.35));
#5026 = CARTESIAN_POINT('',(-16.00020588271,-54.23315585843,6.35));
#5027 = CARTESIAN_POINT('',(-16.8087081705,-53.59931625083,6.35));
#5028 = CARTESIAN_POINT('',(-17.59588421394,-52.93986513663,6.35));
#5029 = CARTESIAN_POINT('',(-19.46093992395,-51.27622098545,6.35));
#5030 = CARTESIAN_POINT('',(-20.5161644641,-50.2470092142,6.35));
#5031 = CARTESIAN_POINT('',(-21.52807840517,-49.17421024555,6.35));
#5032 = CARTESIAN_POINT('',(-22.49741180407,-48.06256487385,6.35));
#5033 = CARTESIAN_POINT('',(-23.42506937471,-46.91629072046,6.35));
#5034 = CARTESIAN_POINT('',(-24.31210323634,-45.73905976951,6.35));
#5035 = CARTESIAN_POINT('',(-25.15967990534,-44.5339710483,6.35));
#5036 = CARTESIAN_POINT('',(-26.70844740669,-42.17941779797,6.35));
#5037 = CARTESIAN_POINT('',(-27.4158408567,-41.0343286824,6.35));
#5038 = CARTESIAN_POINT('',(-28.0921229071,-39.87026027607,6.35));
#5039 = CARTESIAN_POINT('',(-28.73812725343,-38.68901822352,6.35));
#5040 = CARTESIAN_POINT('',(-29.35464014721,-37.49221552434,6.35));
#5041 = CARTESIAN_POINT('',(-29.9424121974,-36.28127903908,6.35));
#5042 = CARTESIAN_POINT('',(-30.50216208609,-35.05745162039,6.35));
#5043 = CARTESIAN_POINT('',(-31.48287621085,-32.78132818527,6.35));
#5044 = CARTESIAN_POINT('',(-31.91177859299,-31.73251877569,6.35));
#5045 = CARTESIAN_POINT('',(-32.32167855956,-30.67601603997,6.35));
#5046 = CARTESIAN_POINT('',(-32.71294460466,-29.61242540863,6.35));
#5047 = CARTESIAN_POINT('',(-33.08591743882,-28.54230441831,6.35));
#5048 = CARTESIAN_POINT('',(-33.44091292561,-27.46616378683,6.35));
#5049 = CARTESIAN_POINT('',(-33.77822501835,-26.38446848838,6.35));
#5050 = CARTESIAN_POINT('',(-35.01550083554,-22.18098842979,6.35));
#5051 = CARTESIAN_POINT('',(-35.78945696854,-19.02297821149,6.35));
#5052 = CARTESIAN_POINT('',(-36.42685811719,-15.83262181877,6.35));
#5053 = CARTESIAN_POINT('',(-36.93227192367,-12.617914908,6.35));
#5054 = CARTESIAN_POINT('',(-37.30905203337,-9.386006858283,6.35));
#5055 = CARTESIAN_POINT('',(-37.55944718825,-6.143221446693,6.35));
#5056 = CARTESIAN_POINT('',(-37.68469193517,-2.895076081757,6.35));
#5057 = CARTESIAN_POINT('',(-37.68469193545,3.602586969324,6.35));
#5058 = CARTESIAN_POINT('',(-37.55944718863,6.850732333718,6.35));
#5059 = CARTESIAN_POINT('',(-37.30905203432,10.093517745746,6.35));
#5060 = CARTESIAN_POINT('',(-36.93227192385,13.325425794002,6.35));
#5061 = CARTESIAN_POINT('',(-36.42685811751,16.540132705585,6.35));
#5062 = CARTESIAN_POINT('',(-35.78945696782,19.730489097062,6.35));
#5063 = CARTESIAN_POINT('',(-35.01550083431,22.888499315237,6.35));
#5064 = CARTESIAN_POINT('',(-33.77822501671,27.091979373209,6.35));
#5065 = CARTESIAN_POINT('',(-33.4409129239,28.173674671538,6.35));
#5066 = CARTESIAN_POINT('',(-33.08591743711,29.249815302908,6.35));
#5067 = CARTESIAN_POINT('',(-32.712944603,30.319936293152,6.35));
#5068 = CARTESIAN_POINT('',(-32.32167855802,31.383526924431,6.35));
#5069 = CARTESIAN_POINT('',(-31.91177859166,32.440029660124,6.35));
#5070 = CARTESIAN_POINT('',(-31.48287620981,33.488839069717,6.35));
#5071 = CARTESIAN_POINT('',(-30.5021620859,35.76496250491,6.35));
#5072 = CARTESIAN_POINT('',(-29.9424121978,36.988789923691,6.35));
#5073 = CARTESIAN_POINT('',(-29.35464014834,38.199726409097,6.35));
#5074 = CARTESIAN_POINT('',(-28.73812725539,39.396529108502,6.35));
#5075 = CARTESIAN_POINT('',(-28.09212290999,40.577771161354,6.35));
#5076 = CARTESIAN_POINT('',(-27.41584086057,41.74183956806,6.35));
#5077 = CARTESIAN_POINT('',(-26.70844741155,42.886928684033,6.35));
#5078 = CARTESIAN_POINT('',(-25.15967991185,45.241481935689,6.35));
#5079 = CARTESIAN_POINT('',(-24.31210324347,46.446570657808,6.35));
#5080 = CARTESIAN_POINT('',(-23.42506938228,47.623801609585,6.35));
#5081 = CARTESIAN_POINT('',(-22.49741181182,48.77007576364,6.35));
#5082 = CARTESIAN_POINT('',(-21.52807841276,49.881721135751,6.35));
#5083 = CARTESIAN_POINT('',(-20.51616447112,50.954520104445,6.35));
#5084 = CARTESIAN_POINT('',(-19.46093992999,51.983731875277,6.35));
#5085 = CARTESIAN_POINT('',(-17.59588421663,53.647376026012,6.35));
#5086 = CARTESIAN_POINT('',(-16.8087081709,54.306827140362,6.35));
#5087 = CARTESIAN_POINT('',(-16.00020588064,54.94066674779,6.35));
#5088 = CARTESIAN_POINT('',(-15.17039486421,55.546899177046,6.35));
#5089 = CARTESIAN_POINT('',(-14.3194680478,56.123359668038,6.35));
#5090 = CARTESIAN_POINT('',(-13.44782248686,56.667755644995,6.35));
#5091 = CARTESIAN_POINT('',(-12.55609578648,57.177719365447,6.35));
#5092 = CARTESIAN_POINT('',(-10.2999647546,58.349649729049,6.35));
#5093 = CARTESIAN_POINT('',(-8.912375123318,58.968428871817,6.35));
#5094 = CARTESIAN_POINT('',(-7.48622115204,59.498986974881,6.35));
#5095 = CARTESIAN_POINT('',(-6.026470050035,59.933498533361,6.35));
#5096 = CARTESIAN_POINT('',(-4.539401001578,60.265029661805,6.35));
#5097 = CARTESIAN_POINT('',(-3.032741933523,60.488104116761,6.35));
#5098 = CARTESIAN_POINT('',(-1.515854084399,60.599509059478,6.35));
#5099 = CARTESIAN_POINT('',(3.749128942389E-15,60.599509002119,6.35));
#5100 = PCURVE('',#1985,#5101);
#5101 = DEFINITIONAL_REPRESENTATION('',(#5102),#5287);
#5102 = B_SPLINE_CURVE_WITH_KNOTS('',8,(#5103,#5104,#5105,#5106,#5107,
    #5108,#5109,#5110,#5111,#5112,#5113,#5114,#5115,#5116,#5117,#5118,
    #5119,#5120,#5121,#5122,#5123,#5124,#5125,#5126,#5127,#5128,#5129,
    #5130,#5131,#5132,#5133,#5134,#5135,#5136,#5137,#5138,#5139,#5140,
    #5141,#5142,#5143,#5144,#5145,#5146,#5147,#5148,#5149,#5150,#5151,
    #5152,#5153,#5154,#5155,#5156,#5157,#5158,#5159,#5160,#5161,#5162,
    #5163,#5164,#5165,#5166,#5167,#5168,#5169,#5170,#5171,#5172,#5173,
    #5174,#5175,#5176,#5177,#5178,#5179,#5180,#5181,#5182,#5183,#5184,
    #5185,#5186,#5187,#5188,#5189,#5190,#5191,#5192,#5193,#5194,#5195,
    #5196,#5197,#5198,#5199,#5200,#5201,#5202,#5203,#5204,#5205,#5206,
    #5207,#5208,#5209,#5210,#5211,#5212,#5213,#5214,#5215,#5216,#5217,
    #5218,#5219,#5220,#5221,#5222,#5223,#5224,#5225,#5226,#5227,#5228,
    #5229,#5230,#5231,#5232,#5233,#5234,#5235,#5236,#5237,#5238,#5239,
    #5240,#5241,#5242,#5243,#5244,#5245,#5246,#5247,#5248,#5249,#5250,
    #5251,#5252,#5253,#5254,#5255,#5256,#5257,#5258,#5259,#5260,#5261,
    #5262,#5263,#5264,#5265,#5266,#5267,#5268,#5269,#5270,#5271,#5272,
    #5273,#5274,#5275,#5276,#5277,#5278,#5279,#5280,#5281,#5282,#5283,
    #5284,#5285,#5286),.UNSPECIFIED.,.F.,.F.,(9,7,7,7,7,7,7,7,7,7,7,7,7,
    7,7,7,7,7,7,7,7,7,7,7,7,7,9),(0.,3.889914435276E-02,
    6.523833065353E-02,0.1030308728,0.13755688428,0.166628744505,
    0.249996729581,0.333364714666,0.362436574893,0.396962586378,
    0.434755128515,0.461094314768,0.482439145386,0.500000942956,
    0.525337025412,0.538906530651,0.565245668611,0.603038141455,
    0.637564089636,0.666635896559,0.750003728788,0.833371561009,
    0.862443367931,0.896969316108,0.934761788962,0.961100926969,1.),
  .UNSPECIFIED.);
#5103 = CARTESIAN_POINT('',(1.,3.01228270831E-02));
#5104 = CARTESIAN_POINT('',(0.993598045611,3.01228270831E-02));
#5105 = CARTESIAN_POINT('',(0.987191726591,3.01228270831E-02));
#5106 = CARTESIAN_POINT('',(0.980812818419,3.01228270831E-02));
#5107 = CARTESIAN_POINT('',(0.974484994102,3.01228270831E-02));
#5108 = CARTESIAN_POINT('',(0.968226636433,3.01228270831E-02));
#5109 = CARTESIAN_POINT('',(0.962052366761,3.01228270831E-02));
#5110 = CARTESIAN_POINT('',(0.955973795549,3.01228270831E-02));
#5111 = CARTESIAN_POINT('',(0.945955054629,3.01228270831E-02));
#5112 = CARTESIAN_POINT('',(0.941957013376,3.01228270831E-02));
#5113 = CARTESIAN_POINT('',(0.938007538611,3.01228270831E-02));
#5114 = CARTESIAN_POINT('',(0.934107534595,3.01228270831E-02));
#5115 = CARTESIAN_POINT('',(0.930257282241,3.01228270831E-02));
#5116 = CARTESIAN_POINT('',(0.926456526586,3.01228270831E-02));
#5117 = CARTESIAN_POINT('',(0.922704516982,3.01228270831E-02));
#5118 = CARTESIAN_POINT('',(0.913684607468,3.01228270831E-02));
#5119 = CARTESIAN_POINT('',(0.908468057247,3.01228270831E-02));
#5120 = CARTESIAN_POINT('',(0.903346102431,3.01228270831E-02));
#5121 = CARTESIAN_POINT('',(0.898314524947,3.01228270831E-02));
#5122 = CARTESIAN_POINT('',(0.893368974039,3.01228270831E-02));
#5123 = CARTESIAN_POINT('',(0.88850481935,3.01228270831E-02));
#5124 = CARTESIAN_POINT('',(0.883717018623,3.01228270831E-02));
#5125 = CARTESIAN_POINT('',(0.87469068843,3.01228270831E-02));
#5126 = CARTESIAN_POINT('',(0.870441139456,3.01228270831E-02));
#5127 = CARTESIAN_POINT('',(0.866247441892,3.01228270831E-02));
#5128 = CARTESIAN_POINT('',(0.862106074132,3.01228270831E-02));
#5129 = CARTESIAN_POINT('',(0.858013762066,3.01228270831E-02));
#5130 = CARTESIAN_POINT('',(0.853967367431,3.01228270831E-02));
#5131 = CARTESIAN_POINT('',(0.849963806632,3.01228270831E-02));
#5132 = CARTESIAN_POINT('',(0.842662364767,3.01228270831E-02));
#5133 = CARTESIAN_POINT('',(0.839353048747,3.01228270831E-02));
#5134 = CARTESIAN_POINT('',(0.836070285746,3.01228270831E-02));
#5135 = CARTESIAN_POINT('',(0.832812430639,3.01228270831E-02));
#5136 = CARTESIAN_POINT('',(0.829577933938,3.01228270831E-02));
#5137 = CARTESIAN_POINT('',(0.826365316366,3.01228270831E-02));
#5138 = CARTESIAN_POINT('',(0.823173143432,3.01228270831E-02));
#5139 = CARTESIAN_POINT('',(0.810900528131,3.01228270831E-02));
#5140 = CARTESIAN_POINT('',(0.801960082035,3.01228270831E-02));
#5141 = CARTESIAN_POINT('',(0.793142555214,3.01228270831E-02));
#5142 = CARTESIAN_POINT('',(0.784420140487,3.01228270831E-02));
#5143 = CARTESIAN_POINT('',(0.775768160738,3.01228270831E-02));
#5144 = CARTESIAN_POINT('',(0.76716346849,3.01228270831E-02));
#5145 = CARTESIAN_POINT('',(0.758582639419,3.01228270831E-02));
#5146 = CARTESIAN_POINT('',(0.74141736058,3.01228270831E-02));
#5147 = CARTESIAN_POINT('',(0.732836531509,3.01228270831E-02));
#5148 = CARTESIAN_POINT('',(0.724231839261,3.01228270831E-02));
#5149 = CARTESIAN_POINT('',(0.715579859512,3.01228270831E-02));
#5150 = CARTESIAN_POINT('',(0.706857444785,3.01228270831E-02));
#5151 = CARTESIAN_POINT('',(0.698039917965,3.01228270831E-02));
#5152 = CARTESIAN_POINT('',(0.689099471869,3.01228270831E-02));
#5153 = CARTESIAN_POINT('',(0.676826856568,3.01228270831E-02));
#5154 = CARTESIAN_POINT('',(0.673634683634,3.01228270831E-02));
#5155 = CARTESIAN_POINT('',(0.670422066062,3.01228270831E-02));
#5156 = CARTESIAN_POINT('',(0.667187569361,3.01228270831E-02));
#5157 = CARTESIAN_POINT('',(0.663929714254,3.01228270831E-02));
#5158 = CARTESIAN_POINT('',(0.660646951253,3.01228270831E-02));
#5159 = CARTESIAN_POINT('',(0.657337635233,3.01228270831E-02));
#5160 = CARTESIAN_POINT('',(0.650036193367,3.01228270831E-02));
#5161 = CARTESIAN_POINT('',(0.646032632569,3.01228270831E-02));
#5162 = CARTESIAN_POINT('',(0.641986237934,3.01228270831E-02));
#5163 = CARTESIAN_POINT('',(0.637893925867,3.01228270831E-02));
#5164 = CARTESIAN_POINT('',(0.633752558108,3.01228270831E-02));
#5165 = CARTESIAN_POINT('',(0.629558860543,3.01228270831E-02));
#5166 = CARTESIAN_POINT('',(0.62530931157,3.01228270831E-02));
#5167 = CARTESIAN_POINT('',(0.616282981379,3.01228270831E-02));
#5168 = CARTESIAN_POINT('',(0.611495180654,3.01228270831E-02));
#5169 = CARTESIAN_POINT('',(0.606631025966,3.01228270831E-02));
#5170 = CARTESIAN_POINT('',(0.601685475059,3.01228270831E-02));
#5171 = CARTESIAN_POINT('',(0.596653897576,3.01228270831E-02));
#5172 = CARTESIAN_POINT('',(0.59153194276,3.01228270831E-02));
#5173 = CARTESIAN_POINT('',(0.586315392536,3.01228270831E-02));
#5174 = CARTESIAN_POINT('',(0.577295483021,3.01228270831E-02));
#5175 = CARTESIAN_POINT('',(0.573543473419,3.01228270831E-02));
#5176 = CARTESIAN_POINT('',(0.569742717765,3.01228270831E-02));
#5177 = CARTESIAN_POINT('',(0.56589246541,3.01228270831E-02));
#5178 = CARTESIAN_POINT('',(0.561992461393,3.01228270831E-02));
#5179 = CARTESIAN_POINT('',(0.558042986627,3.01228270831E-02));
#5180 = CARTESIAN_POINT('',(0.554044945372,3.01228270831E-02));
#5181 = CARTESIAN_POINT('',(0.546722044751,3.01228270831E-02));
#5182 = CARTESIAN_POINT('',(0.543413310406,3.01228270831E-02));
#5183 = CARTESIAN_POINT('',(0.540074846005,3.01228270831E-02));
#5184 = CARTESIAN_POINT('',(0.536708052836,3.01228270831E-02));
#5185 = CARTESIAN_POINT('',(0.533314707776,3.01228270831E-02));
#5186 = CARTESIAN_POINT('',(0.529897013279,3.01228270831E-02));
#5187 = CARTESIAN_POINT('',(0.526457673988,3.01228270831E-02));
#5188 = CARTESIAN_POINT('',(0.520155143944,3.01228270831E-02));
#5189 = CARTESIAN_POINT('',(0.517297699997,3.01228270831E-02));
#5190 = CARTESIAN_POINT('',(0.514429560792,3.01228270831E-02));
#5191 = CARTESIAN_POINT('',(0.511552674572,3.01228270831E-02));
#5192 = CARTESIAN_POINT('',(0.508669070711,3.01228270831E-02));
#5193 = CARTESIAN_POINT('',(0.50578088524,3.01228270831E-02));
#5194 = CARTESIAN_POINT('',(0.502890386366,3.01228270831E-02));
#5195 = CARTESIAN_POINT('',(0.495830092734,3.01228270831E-02));
#5196 = CARTESIAN_POINT('',(0.491659537353,3.01228270831E-02));
#5197 = CARTESIAN_POINT('',(0.487496110635,3.01228270831E-02));
#5198 = CARTESIAN_POINT('',(0.483346594194,3.01228270831E-02));
#5199 = CARTESIAN_POINT('',(0.479217004906,3.01228270831E-02));
#5200 = CARTESIAN_POINT('',(0.475112777601,3.01228270831E-02));
#5201 = CARTESIAN_POINT('',(0.471038900013,3.01228270831E-02));
#5202 = CARTESIAN_POINT('',(0.464836844943,3.01228270831E-02));
#5203 = CARTESIAN_POINT('',(0.462683564213,3.01228270831E-02));
#5204 = CARTESIAN_POINT('',(0.460540769141,3.01228270831E-02));
#5205 = CARTESIAN_POINT('',(0.458408987943,3.01228270831E-02));
#5206 = CARTESIAN_POINT('',(0.456288671836,3.01228270831E-02));
#5207 = CARTESIAN_POINT('',(0.454180201174,3.01228270831E-02));
#5208 = CARTESIAN_POINT('',(0.452083891565,3.01228270831E-02));
#5209 = CARTESIAN_POINT('',(0.445955054628,3.01228270831E-02));
#5210 = CARTESIAN_POINT('',(0.441957013373,3.01228270831E-02));
#5211 = CARTESIAN_POINT('',(0.438007538607,3.01228270831E-02));
#5212 = CARTESIAN_POINT('',(0.43410753459,3.01228270831E-02));
#5213 = CARTESIAN_POINT('',(0.430257282235,3.01228270831E-02));
#5214 = CARTESIAN_POINT('',(0.426456526581,3.01228270831E-02));
#5215 = CARTESIAN_POINT('',(0.422704516979,3.01228270831E-02));
#5216 = CARTESIAN_POINT('',(0.413684607464,3.01228270831E-02));
#5217 = CARTESIAN_POINT('',(0.40846805724,3.01228270831E-02));
#5218 = CARTESIAN_POINT('',(0.403346102424,3.01228270831E-02));
#5219 = CARTESIAN_POINT('',(0.398314524941,3.01228270831E-02));
#5220 = CARTESIAN_POINT('',(0.393368974034,3.01228270831E-02));
#5221 = CARTESIAN_POINT('',(0.388504819346,3.01228270831E-02));
#5222 = CARTESIAN_POINT('',(0.383717018621,3.01228270831E-02));
#5223 = CARTESIAN_POINT('',(0.37469068843,3.01228270831E-02));
#5224 = CARTESIAN_POINT('',(0.370441139456,3.01228270831E-02));
#5225 = CARTESIAN_POINT('',(0.366247441892,3.01228270831E-02));
#5226 = CARTESIAN_POINT('',(0.362106074133,3.01228270831E-02));
#5227 = CARTESIAN_POINT('',(0.358013762066,3.01228270831E-02));
#5228 = CARTESIAN_POINT('',(0.353967367431,3.01228270831E-02));
#5229 = CARTESIAN_POINT('',(0.349963806633,3.01228270831E-02));
#5230 = CARTESIAN_POINT('',(0.342662364767,3.01228270831E-02));
#5231 = CARTESIAN_POINT('',(0.339353048747,3.01228270831E-02));
#5232 = CARTESIAN_POINT('',(0.336070285746,3.01228270831E-02));
#5233 = CARTESIAN_POINT('',(0.332812430639,3.01228270831E-02));
#5234 = CARTESIAN_POINT('',(0.329577933938,3.01228270831E-02));
#5235 = CARTESIAN_POINT('',(0.326365316366,3.01228270831E-02));
#5236 = CARTESIAN_POINT('',(0.323173143432,3.01228270831E-02));
#5237 = CARTESIAN_POINT('',(0.310900528131,3.01228270831E-02));
#5238 = CARTESIAN_POINT('',(0.301960082036,3.01228270831E-02));
#5239 = CARTESIAN_POINT('',(0.293142555213,3.01228270831E-02));
#5240 = CARTESIAN_POINT('',(0.284420140489,3.01228270831E-02));
#5241 = CARTESIAN_POINT('',(0.275768160738,3.01228270831E-02));
#5242 = CARTESIAN_POINT('',(0.267163468492,3.01228270831E-02));
#5243 = CARTESIAN_POINT('',(0.25858263942,3.01228270831E-02));
#5244 = CARTESIAN_POINT('',(0.241417360581,3.01228270831E-02));
#5245 = CARTESIAN_POINT('',(0.23283653151,3.01228270831E-02));
#5246 = CARTESIAN_POINT('',(0.224231839263,3.01228270831E-02));
#5247 = CARTESIAN_POINT('',(0.215579859512,3.01228270831E-02));
#5248 = CARTESIAN_POINT('',(0.206857444786,3.01228270831E-02));
#5249 = CARTESIAN_POINT('',(0.198039917965,3.01228270831E-02));
#5250 = CARTESIAN_POINT('',(0.189099471869,3.01228270831E-02));
#5251 = CARTESIAN_POINT('',(0.176826856568,3.01228270831E-02));
#5252 = CARTESIAN_POINT('',(0.173634683634,3.01228270831E-02));
#5253 = CARTESIAN_POINT('',(0.170422066062,3.01228270831E-02));
#5254 = CARTESIAN_POINT('',(0.167187569361,3.01228270831E-02));
#5255 = CARTESIAN_POINT('',(0.163929714254,3.01228270831E-02));
#5256 = CARTESIAN_POINT('',(0.160646951253,3.01228270831E-02));
#5257 = CARTESIAN_POINT('',(0.157337635233,3.01228270831E-02));
#5258 = CARTESIAN_POINT('',(0.150036193368,3.01228270831E-02));
#5259 = CARTESIAN_POINT('',(0.146032632569,3.01228270831E-02));
#5260 = CARTESIAN_POINT('',(0.141986237934,3.01228270831E-02));
#5261 = CARTESIAN_POINT('',(0.137893925868,3.01228270831E-02));
#5262 = CARTESIAN_POINT('',(0.133752558108,3.01228270831E-02));
#5263 = CARTESIAN_POINT('',(0.129558860544,3.01228270831E-02));
#5264 = CARTESIAN_POINT('',(0.12530931157,3.01228270831E-02));
#5265 = CARTESIAN_POINT('',(0.116282981378,3.01228270831E-02));
#5266 = CARTESIAN_POINT('',(0.11149518065,3.01228270831E-02));
#5267 = CARTESIAN_POINT('',(0.106631025961,3.01228270831E-02));
#5268 = CARTESIAN_POINT('',(0.101685475053,3.01228270831E-02));
#5269 = CARTESIAN_POINT('',(9.66538975693E-02,3.01228270831E-02));
#5270 = CARTESIAN_POINT('',(9.153194275315E-02,3.01228270831E-02));
#5271 = CARTESIAN_POINT('',(8.63153925319E-02,3.01228270831E-02));
#5272 = CARTESIAN_POINT('',(7.72954830184E-02,3.01228270831E-02));
#5273 = CARTESIAN_POINT('',(7.354347341442E-02,3.01228270831E-02));
#5274 = CARTESIAN_POINT('',(6.974271775922E-02,3.01228270831E-02));
#5275 = CARTESIAN_POINT('',(6.589246540485E-02,3.01228270831E-02));
#5276 = CARTESIAN_POINT('',(6.199246138894E-02,3.01228270831E-02));
#5277 = CARTESIAN_POINT('',(5.804298662401E-02,3.01228270831E-02));
#5278 = CARTESIAN_POINT('',(5.404494537142E-02,3.01228270831E-02));
#5279 = CARTESIAN_POINT('',(4.402620445053E-02,3.01228270831E-02));
#5280 = CARTESIAN_POINT('',(3.794763323899E-02,3.01228270831E-02));
#5281 = CARTESIAN_POINT('',(3.177336356737E-02,3.01228270831E-02));
#5282 = CARTESIAN_POINT('',(2.551500589819E-02,3.01228270831E-02));
#5283 = CARTESIAN_POINT('',(1.91871815811E-02,3.01228270831E-02));
#5284 = CARTESIAN_POINT('',(1.280827340957E-02,3.01228270831E-02));
#5285 = CARTESIAN_POINT('',(6.401954389348E-03,3.01228270831E-02));
#5286 = CARTESIAN_POINT('',(0.,3.01228270831E-02));
#5287 = ( GEOMETRIC_REPRESENTATION_CONTEXT(2) 
PARAMETRIC_REPRESENTATION_CONTEXT() REPRESENTATION_CONTEXT('2D SPACE',''
  ) );
#5288 = PCURVE('',#233,#5289);
#5289 = DEFINITIONAL_REPRESENTATION('',(#5290),#5475);
#5290 = B_SPLINE_CURVE_WITH_KNOTS('',8,(#5291,#5292,#5293,#5294,#5295,
    #5296,#5297,#5298,#5299,#5300,#5301,#5302,#5303,#5304,#5305,#5306,
    #5307,#5308,#5309,#5310,#5311,#5312,#5313,#5314,#5315,#5316,#5317,
    #5318,#5319,#5320,#5321,#5322,#5323,#5324,#5325,#5326,#5327,#5328,
    #5329,#5330,#5331,#5332,#5333,#5334,#5335,#5336,#5337,#5338,#5339,
    #5340,#5341,#5342,#5343,#5344,#5345,#5346,#5347,#5348,#5349,#5350,
    #5351,#5352,#5353,#5354,#5355,#5356,#5357,#5358,#5359,#5360,#5361,
    #5362,#5363,#5364,#5365,#5366,#5367,#5368,#5369,#5370,#5371,#5372,
    #5373,#5374,#5375,#5376,#5377,#5378,#5379,#5380,#5381,#5382,#5383,
    #5384,#5385,#5386,#5387,#5388,#5389,#5390,#5391,#5392,#5393,#5394,
    #5395,#5396,#5397,#5398,#5399,#5400,#5401,#5402,#5403,#5404,#5405,
    #5406,#5407,#5408,#5409,#5410,#5411,#5412,#5413,#5414,#5415,#5416,
    #5417,#5418,#5419,#5420,#5421,#5422,#5423,#5424,#5425,#5426,#5427,
    #5428,#5429,#5430,#5431,#5432,#5433,#5434,#5435,#5436,#5437,#5438,
    #5439,#5440,#5441,#5442,#5443,#5444,#5445,#5446,#5447,#5448,#5449,
    #5450,#5451,#5452,#5453,#5454,#5455,#5456,#5457,#5458,#5459,#5460,
    #5461,#5462,#5463,#5464,#5465,#5466,#5467,#5468,#5469,#5470,#5471,
    #5472,#5473,#5474),.UNSPECIFIED.,.F.,.F.,(9,7,7,7,7,7,7,7,7,7,7,7,7,
    7,7,7,7,7,7,7,7,7,7,7,7,7,9),(0.,3.889914435276E-02,
    6.523833065353E-02,0.1030308728,0.13755688428,0.166628744505,
    0.249996729581,0.333364714666,0.362436574893,0.396962586378,
    0.434755128515,0.461094314768,0.482439145386,0.500000942956,
    0.525337025412,0.538906530651,0.565245668611,0.603038141455,
    0.637564089636,0.666635896559,0.750003728788,0.833371561009,
    0.862443367931,0.896969316108,0.934761788962,0.961100926969,1.),
  .UNSPECIFIED.);
#5291 = CARTESIAN_POINT('',(2.398851326673,8.870931983199E-02));
#5292 = CARTESIAN_POINT('',(2.454869136077,-1.426109352559));
#5293 = CARTESIAN_POINT('',(2.622254052055,-2.937844150057));
#5294 = CARTESIAN_POINT('',(2.900854202592,-4.435230444889));
#5295 = CARTESIAN_POINT('',(3.287113002125,-5.909032122111));
#5296 = CARTESIAN_POINT('',(3.775272364909,-7.351728906183));
#5297 = CARTESIAN_POINT('',(4.358171096636,-8.757302141231));
#5298 = CARTESIAN_POINT('',(5.027805476169,-10.1210771997));
#5299 = CARTESIAN_POINT('',(6.282309891909,-12.33235888258));
#5300 = CARTESIAN_POINT('',(6.824878732026,-13.20463094913));
#5301 = CARTESIAN_POINT('',(7.40111421786,-14.05556316059));
#5302 = CARTESIAN_POINT('',(8.008626661767,-14.8846058465));
#5303 = CARTESIAN_POINT('',(8.645110380889,-15.69144694397));
#5304 = CARTESIAN_POINT('',(9.308394964266,-16.47597365655));
#5305 = CARTESIAN_POINT('',(9.996485456419,-17.2382422272));
#5306 = CARTESIAN_POINT('',(11.727915736953,-19.04054460411));
#5307 = CARTESIAN_POINT('',(12.795419958159,-20.0570141999));
#5308 = CARTESIAN_POINT('',(13.904881076383,-21.02859202985));
#5309 = CARTESIAN_POINT('',(15.051588514415,-21.95618284665));
#5310 = CARTESIAN_POINT('',(16.231360965051,-22.84084660708));
#5311 = CARTESIAN_POINT('',(17.44056783295,-23.68377040871));
#5312 = CARTESIAN_POINT('',(18.676155315755,-24.48623449469));
#5313 = CARTESIAN_POINT('',(21.086334444961,-25.94693239233));
#5314 = CARTESIAN_POINT('',(22.256782882052,-26.61152627685));
#5315 = CARTESIAN_POINT('',(23.44504793487,-27.24432863945));
#5316 = CARTESIAN_POINT('',(24.649356001116,-27.84623933322));
#5317 = CARTESIAN_POINT('',(25.868124238621,-28.41810368053));
#5318 = CARTESIAN_POINT('',(27.099954499956,-28.96072450677));
#5319 = CARTESIAN_POINT('',(28.34363134009,-29.47486593236));
#5320 = CARTESIAN_POINT('',(30.654442007559,-30.37079681372));
#5321 = CARTESIAN_POINT('',(31.718384961085,-30.76064783969));
#5322 = CARTESIAN_POINT('',(32.789313758,-31.13122512567));
#5323 = CARTESIAN_POINT('',(33.866636998907,-31.48291928756));
#5324 = CARTESIAN_POINT('',(34.949810118853,-31.81609140669));
#5325 = CARTESIAN_POINT('',(36.038334421478,-32.13107600429));
#5326 = CARTESIAN_POINT('',(37.131756113162,-32.42818401586));
#5327 = CARTESIAN_POINT('',(41.378088058996,-33.50927654316));
#5328 = CARTESIAN_POINT('',(44.562542460272,-34.16600083849));
#5329 = CARTESIAN_POINT('',(47.774274598488,-34.68506808328));
#5330 = CARTESIAN_POINT('',(51.005463076398,-35.07133827408));
#5331 = CARTESIAN_POINT('',(54.24908732845,-35.3284269714));
#5332 = CARTESIAN_POINT('',(57.498911001136,-35.45881507112));
#5333 = CARTESIAN_POINT('',(60.749466075084,-35.4639401731));
#5334 = CARTESIAN_POINT('',(67.242690854595,-35.2238212679));
#5335 = CARTESIAN_POINT('',(70.483989175519,-34.97862797438));
#5336 = CARTESIAN_POINT('',(73.715306315117,-34.60856783366));
#5337 = CARTESIAN_POINT('',(76.931083007863,-34.11261103407));
#5338 = CARTESIAN_POINT('',(80.124916699817,-33.48874406553));
#5339 = CARTESIAN_POINT('',(83.289538957196,-32.73387977342));
#5340 = CARTESIAN_POINT('',(86.416790793285,-31.84374911415));
#5341 = CARTESIAN_POINT('',(90.571676534422,-30.45198026542));
#5342 = CARTESIAN_POINT('',(91.640167721303,-30.07492489792));
#5343 = CARTESIAN_POINT('',(92.702454551613,-29.68040348596));
#5344 = CARTESIAN_POINT('',(93.758061505837,-29.26813945993));
#5345 = CARTESIAN_POINT('',(94.806466542351,-28.83783604543));
#5346 = CARTESIAN_POINT('',(95.847099914516,-28.38917336824));
#5347 = CARTESIAN_POINT('',(96.879342987782,-27.92180555942));
#5348 = CARTESIAN_POINT('',(99.117669748343,-26.85764795862));
#5349 = CARTESIAN_POINT('',(100.31997585889,-26.25305428912));
#5350 = CARTESIAN_POINT('',(101.50836429188,-25.62093397887));
#5351 = CARTESIAN_POINT('',(102.68156648497,-24.96061476585));
#5352 = CARTESIAN_POINT('',(103.83812881375,-24.27139928297));
#5353 = CARTESIAN_POINT('',(104.97641032474,-23.55256142358));
#5354 = CARTESIAN_POINT('',(106.0945757978,-22.80333478862));
#5355 = CARTESIAN_POINT('',(108.39028658426,-21.16861347696));
#5356 = CARTESIAN_POINT('',(109.56323025718,-20.27708211127));
#5357 = CARTESIAN_POINT('',(110.70687706125,-19.34714997876));
#5358 = CARTESIAN_POINT('',(111.8180869778,-18.37776588335));
#5359 = CARTESIAN_POINT('',(112.89315165019,-17.36801412136));
#5360 = CARTESIAN_POINT('',(113.92782290451,-16.3171464576));
#5361 = CARTESIAN_POINT('',(114.91733620564,-15.22460852823));
#5362 = CARTESIAN_POINT('',(116.51092150093,-13.29934735898));
#5363 = CARTESIAN_POINT('',(117.14083235255,-12.48833921203));
#5364 = CARTESIAN_POINT('',(117.74436108764,-11.6569658522));
#5365 = CARTESIAN_POINT('',(118.31951404546,-10.80531853518));
#5366 = CARTESIAN_POINT('',(118.86413507405,-9.933670053269));
#5367 = CARTESIAN_POINT('',(119.37594783655,-9.042501911991));
#5368 = CARTESIAN_POINT('',(119.85260977014,-8.132538779951));
#5369 = CARTESIAN_POINT('',(120.64767200559,-6.452958478374));
#5370 = CARTESIAN_POINT('',(120.97894133768,-5.689452001668));
#5371 = CARTESIAN_POINT('',(121.28432185011,-4.914845912868));
#5372 = CARTESIAN_POINT('',(121.56255848028,-4.129844440746));
#5373 = CARTESIAN_POINT('',(121.81243267865,-3.335290090667));
#5374 = CARTESIAN_POINT('',(122.03279792741,-2.532175289174));
#5375 = CARTESIAN_POINT('',(122.22262304588,-1.721656494318));
#5376 = CARTESIAN_POINT('',(122.51138625548,-0.233211830036));
#5377 = CARTESIAN_POINT('',(122.62047748296,0.442795462921));
#5378 = CARTESIAN_POINT('',(122.7078301795,1.122195922042));
#5379 = CARTESIAN_POINT('',(122.77304449909,1.804202962667));
#5380 = CARTESIAN_POINT('',(122.81581632019,2.487997980799));
#5381 = CARTESIAN_POINT('',(122.8359460306,3.172729733347));
#5382 = CARTESIAN_POINT('',(122.8333473124,3.857513718346));
#5383 = CARTESIAN_POINT('',(122.7715688026,5.528107341368));
#5384 = CARTESIAN_POINT('',(122.68784392124,6.513190022947));
#5385 = CARTESIAN_POINT('',(122.55696276229,7.493805897025));
#5386 = CARTESIAN_POINT('',(122.37955849493,8.467337456764));
#5387 = CARTESIAN_POINT('',(122.15672177874,9.431405524276));
#5388 = CARTESIAN_POINT('',(121.88992194667,10.383854172926));
#5389 = CARTESIAN_POINT('',(121.58094357023,11.32273843907));
#5390 = CARTESIAN_POINT('',(121.0448646055,12.740964086462));
#5391 = CARTESIAN_POINT('',(120.8463664832,13.231258784243));
#5392 = CARTESIAN_POINT('',(120.63664783404,13.716953219296));
#5393 = CARTESIAN_POINT('',(120.41602556818,14.1978302336));
#5394 = CARTESIAN_POINT('',(120.18482597279,14.673699454586));
#5395 = CARTESIAN_POINT('',(119.94338097289,15.144395541351));
#5396 = CARTESIAN_POINT('',(119.69202439208,15.609776430867));
#5397 = CARTESIAN_POINT('',(118.92459736012,16.962499770194));
#5398 = CARTESIAN_POINT('',(118.38202851923,17.83477183412));
#5399 = CARTESIAN_POINT('',(117.80579303265,18.685704042869));
#5400 = CARTESIAN_POINT('',(117.19828058815,19.514746726071));
#5401 = CARTESIAN_POINT('',(116.56179686867,20.321587820915));
#5402 = CARTESIAN_POINT('',(115.89851228522,21.106114531023));
#5403 = CARTESIAN_POINT('',(115.21042179329,21.868383099394));
#5404 = CARTESIAN_POINT('',(113.47899151243,23.670685472949));
#5405 = CARTESIAN_POINT('',(112.41148729085,24.687155067731));
#5406 = CARTESIAN_POINT('',(111.30202617269,25.658732897119));
#5407 = CARTESIAN_POINT('',(110.15531873508,26.586323713781));
#5408 = CARTESIAN_POINT('',(108.9755462851,27.470987474413));
#5409 = CARTESIAN_POINT('',(107.76633941801,28.313911276508));
#5410 = CARTESIAN_POINT('',(106.53075193609,29.116375363142));
#5411 = CARTESIAN_POINT('',(104.12057280815,30.577073262477));
#5412 = CARTESIAN_POINT('',(102.95012437143,31.241667147998));
#5413 = CARTESIAN_POINT('',(101.76185931894,31.874469511597));
#5414 = CARTESIAN_POINT('',(100.55755125297,32.476380206306));
#5415 = CARTESIAN_POINT('',(99.338783015663,33.048244554459));
#5416 = CARTESIAN_POINT('',(98.106952754447,33.590865381431));
#5417 = CARTESIAN_POINT('',(96.863275914375,34.105006807616));
#5418 = CARTESIAN_POINT('',(94.552465246947,35.00093768983));
#5419 = CARTESIAN_POINT('',(93.488522293425,35.390788716092));
#5420 = CARTESIAN_POINT('',(92.417593496478,35.761366002279));
#5421 = CARTESIAN_POINT('',(91.340270255509,36.113060164284));
#5422 = CARTESIAN_POINT('',(90.257097135477,36.446232283466));
#5423 = CARTESIAN_POINT('',(89.168572832748,36.76121688105));
#5424 = CARTESIAN_POINT('',(88.075151140945,37.058324892542));
#5425 = CARTESIAN_POINT('',(83.82881919453,38.139417419403));
#5426 = CARTESIAN_POINT('',(80.644364793033,38.796141714279));
#5427 = CARTESIAN_POINT('',(77.432632653896,39.315208957832));
#5428 = CARTESIAN_POINT('',(74.201444176363,39.701479149018));
#5429 = CARTESIAN_POINT('',(70.957819923292,39.958567845332));
#5430 = CARTESIAN_POINT('',(67.70799625077,40.08895594574));
#5431 = CARTESIAN_POINT('',(64.457441176368,40.094081047762));
#5432 = CARTESIAN_POINT('',(57.964216396877,39.853962143088));
#5433 = CARTESIAN_POINT('',(54.722918076171,39.608768849892));
#5434 = CARTESIAN_POINT('',(51.491600936978,39.238708709214));
#5435 = CARTESIAN_POINT('',(48.275824244321,38.742751909698));
#5436 = CARTESIAN_POINT('',(45.081990553009,38.118884940497));
#5437 = CARTESIAN_POINT('',(41.917368295932,37.364020647871));
#5438 = CARTESIAN_POINT('',(38.790116460386,36.473889987927));
#5439 = CARTESIAN_POINT('',(34.635230719806,35.082121138831));
#5440 = CARTESIAN_POINT('',(33.566739533047,34.705065771278));
#5441 = CARTESIAN_POINT('',(32.504452702844,34.310544359303));
#5442 = CARTESIAN_POINT('',(31.448845748702,33.898280333332));
#5443 = CARTESIAN_POINT('',(30.400440712242,33.467976918954));
#5444 = CARTESIAN_POINT('',(29.359807340093,33.019314241969));
#5445 = CARTESIAN_POINT('',(28.327564266802,32.551946433439));
#5446 = CARTESIAN_POINT('',(26.089237506132,31.48778883349));
#5447 = CARTESIAN_POINT('',(24.886931395481,30.883195164586));
#5448 = CARTESIAN_POINT('',(23.698542962313,30.251074855048));
#5449 = CARTESIAN_POINT('',(22.525340768961,29.590755642855));
#5450 = CARTESIAN_POINT('',(21.368778439851,28.901540160891));
#5451 = CARTESIAN_POINT('',(20.230496928461,28.182702302478));
#5452 = CARTESIAN_POINT('',(19.112331454954,27.433475668481));
#5453 = CARTESIAN_POINT('',(16.8166206671,25.798754358422));
#5454 = CARTESIAN_POINT('',(15.643676993268,24.907222993309));
#5455 = CARTESIAN_POINT('',(14.500030188343,23.977290861215));
#5456 = CARTESIAN_POINT('',(13.38882027111,23.007906765959));
#5457 = CARTESIAN_POINT('',(12.313755598326,21.998155003794));
#5458 = CARTESIAN_POINT('',(11.279084343984,20.947287339459));
#5459 = CARTESIAN_POINT('',(10.2895710433,19.854749409132));
#5460 = CARTESIAN_POINT('',(8.695985748584,17.92948823655));
#5461 = CARTESIAN_POINT('',(8.066074896902,17.118480087313));
#5462 = CARTESIAN_POINT('',(7.462546162071,16.287106725018));
#5463 = CARTESIAN_POINT('',(6.887393204798,15.435459405404));
#5464 = CARTESIAN_POINT('',(6.342772177003,14.563810920839));
#5465 = CARTESIAN_POINT('',(5.830959415448,13.672642776917));
#5466 = CARTESIAN_POINT('',(5.354297482824,12.762679642309));
#5467 = CARTESIAN_POINT('',(4.266542160888,10.464781391789));
#5468 = CARTESIAN_POINT('',(3.699463577236,9.055272792194));
#5469 = CARTESIAN_POINT('',(3.221970905255,7.610486372434));
#5470 = CARTESIAN_POINT('',(2.841700743051,6.135675137734));
#5471 = CARTESIAN_POINT('',(2.565350194744,4.637370222686));
#5472 = CARTESIAN_POINT('',(2.398106180321,3.123496648227));
#5473 = CARTESIAN_POINT('',(2.342833402629,1.603527987982));
#5474 = CARTESIAN_POINT('',(2.398851326673,8.870931983203E-02));
#5475 = ( GEOMETRIC_REPRESENTATION_CONTEXT(2) 
PARAMETRIC_REPRESENTATION_CONTEXT() REPRESENTATION_CONTEXT('2D SPACE',''
  ) );
#5476 = ORIENTED_EDGE('',*,*,#1721,.T.);
#5477 = ORIENTED_EDGE('',*,*,#5478,.F.);
#5478 = EDGE_CURVE('',#5479,#1701,#5481,.T.);
#5479 = VERTEX_POINT('',#5480);
#5480 = CARTESIAN_POINT('',(36.521518860786,-14.49888827975,6.35));
#5481 = SURFACE_CURVE('',#5482,(#5667,#5855),.PCURVE_S1.);
#5482 = B_SPLINE_CURVE_WITH_KNOTS('',8,(#5483,#5484,#5485,#5486,#5487,
    #5488,#5489,#5490,#5491,#5492,#5493,#5494,#5495,#5496,#5497,#5498,
    #5499,#5500,#5501,#5502,#5503,#5504,#5505,#5506,#5507,#5508,#5509,
    #5510,#5511,#5512,#5513,#5514,#5515,#5516,#5517,#5518,#5519,#5520,
    #5521,#5522,#5523,#5524,#5525,#5526,#5527,#5528,#5529,#5530,#5531,
    #5532,#5533,#5534,#5535,#5536,#5537,#5538,#5539,#5540,#5541,#5542,
    #5543,#5544,#5545,#5546,#5547,#5548,#5549,#5550,#5551,#5552,#5553,
    #5554,#5555,#5556,#5557,#5558,#5559,#5560,#5561,#5562,#5563,#5564,
    #5565,#5566,#5567,#5568,#5569,#5570,#5571,#5572,#5573,#5574,#5575,
    #5576,#5577,#5578,#5579,#5580,#5581,#5582,#5583,#5584,#5585,#5586,
    #5587,#5588,#5589,#5590,#5591,#5592,#5593,#5594,#5595,#5596,#5597,
    #5598,#5599,#5600,#5601,#5602,#5603,#5604,#5605,#5606,#5607,#5608,
    #5609,#5610,#5611,#5612,#5613,#5614,#5615,#5616,#5617,#5618,#5619,
    #5620,#5621,#5622,#5623,#5624,#5625,#5626,#5627,#5628,#5629,#5630,
    #5631,#5632,#5633,#5634,#5635,#5636,#5637,#5638,#5639,#5640,#5641,
    #5642,#5643,#5644,#5645,#5646,#5647,#5648,#5649,#5650,#5651,#5652,
    #5653,#5654,#5655,#5656,#5657,#5658,#5659,#5660,#5661,#5662,#5663,
    #5664,#5665,#5666),.UNSPECIFIED.,.T.,.F.,(9,7,7,7,7,7,7,7,7,7,7,7,7,
    7,7,7,7,7,7,7,7,7,7,7,7,7,9),(0.,3.889914435276E-02,
    6.523833065353E-02,0.1030308728,0.13755688428,0.166628744505,
    0.249996729581,0.333364714666,0.362436574893,0.396962586378,
    0.434755128515,0.461094314768,0.482439145386,0.500000942956,
    0.525337025412,0.538906530651,0.565245668611,0.603038141455,
    0.637564089636,0.666635896559,0.750003728788,0.833371561009,
    0.862443367931,0.896969316108,0.934761788962,0.961100926969,1.),
  .UNSPECIFIED.);
#5483 = CARTESIAN_POINT('',(3.558628717824E-14,60.59950900212,6.35));
#5484 = CARTESIAN_POINT('',(1.515854084401,60.599509059478,6.35));
#5485 = CARTESIAN_POINT('',(3.032741933519,60.488104116763,6.35));
#5486 = CARTESIAN_POINT('',(4.539401001582,60.265029661805,6.35));
#5487 = CARTESIAN_POINT('',(6.026470050037,59.933498533362,6.35));
#5488 = CARTESIAN_POINT('',(7.486221152037,59.498986974882,6.35));
#5489 = CARTESIAN_POINT('',(8.912375123319,58.968428871816,6.35));
#5490 = CARTESIAN_POINT('',(10.299964754602,58.34964972905,6.35));
#5491 = CARTESIAN_POINT('',(12.556095786482,57.177719365448,6.35));
#5492 = CARTESIAN_POINT('',(13.447822486865,56.667755644994,6.35));
#5493 = CARTESIAN_POINT('',(14.319468047807,56.123359668038,6.35));
#5494 = CARTESIAN_POINT('',(15.170394864219,55.546899177046,6.35));
#5495 = CARTESIAN_POINT('',(16.000205880644,54.94066674779,6.35));
#5496 = CARTESIAN_POINT('',(16.808708170903,54.306827140361,6.35));
#5497 = CARTESIAN_POINT('',(17.595884216639,53.647376026012,6.35));
#5498 = CARTESIAN_POINT('',(19.460939929991,51.983731875278,6.35));
#5499 = CARTESIAN_POINT('',(20.51616447113,50.954520104444,6.35));
#5500 = CARTESIAN_POINT('',(21.528078412763,49.881721135751,6.35));
#5501 = CARTESIAN_POINT('',(22.497411811818,48.77007576364,6.35));
#5502 = CARTESIAN_POINT('',(23.425069382283,47.623801609585,6.35));
#5503 = CARTESIAN_POINT('',(24.312103243473,46.446570657807,6.35));
#5504 = CARTESIAN_POINT('',(25.159679911852,45.24148193569,6.35));
#5505 = CARTESIAN_POINT('',(26.708447411561,42.886928684032,6.35));
#5506 = CARTESIAN_POINT('',(27.415840860574,41.741839568061,6.35));
#5507 = CARTESIAN_POINT('',(28.092122909998,40.577771161354,6.35));
#5508 = CARTESIAN_POINT('',(28.738127255396,39.396529108501,6.35));
#5509 = CARTESIAN_POINT('',(29.354640148342,38.199726409096,6.35));
#5510 = CARTESIAN_POINT('',(29.942412197805,36.988789923692,6.35));
#5511 = CARTESIAN_POINT('',(30.502162085907,35.764962504909,6.35));
#5512 = CARTESIAN_POINT('',(31.48287620981,33.488839069717,6.35));
#5513 = CARTESIAN_POINT('',(31.911778591661,32.440029660123,6.35));
#5514 = CARTESIAN_POINT('',(32.32167855802,31.38352692443,6.35));
#5515 = CARTESIAN_POINT('',(32.712944603003,30.319936293151,6.35));
#5516 = CARTESIAN_POINT('',(33.085917437111,29.249815302908,6.35));
#5517 = CARTESIAN_POINT('',(33.440912923908,28.173674671538,6.35));
#5518 = CARTESIAN_POINT('',(33.778225016714,27.091979373209,6.35));
#5519 = CARTESIAN_POINT('',(35.015500834332,22.888499315216,6.35));
#5520 = CARTESIAN_POINT('',(35.789456967768,19.730489097153,6.35));
#5521 = CARTESIAN_POINT('',(36.426858117626,16.540132705395,6.35));
#5522 = CARTESIAN_POINT('',(36.932271923739,13.325425794233,6.35));
#5523 = CARTESIAN_POINT('',(37.3090520344,10.093517745573,6.35));
#5524 = CARTESIAN_POINT('',(37.559447188604,6.850732333793,6.35));
#5525 = CARTESIAN_POINT('',(37.684691935458,3.602586969308,6.35));
#5526 = CARTESIAN_POINT('',(37.684691935213,-2.895076081812,6.35));
#5527 = CARTESIAN_POINT('',(37.559447188082,-6.143221446435,6.35));
#5528 = CARTESIAN_POINT('',(37.309052033744,-9.386006858869,6.35));
#5529 = CARTESIAN_POINT('',(36.932271923206,-12.61791490721,6.35));
#5530 = CARTESIAN_POINT('',(36.426858117548,-15.83262181941,6.35));
#5531 = CARTESIAN_POINT('',(35.789456968383,-19.02297821117,6.35));
#5532 = CARTESIAN_POINT('',(35.015500835576,-22.18098842987,6.35));
#5533 = CARTESIAN_POINT('',(33.778225018351,-26.38446848838,6.35));
#5534 = CARTESIAN_POINT('',(33.440912925609,-27.46616378683,6.35));
#5535 = CARTESIAN_POINT('',(33.085917438826,-28.54230441831,6.35));
#5536 = CARTESIAN_POINT('',(32.712944604669,-29.61242540863,6.35));
#5537 = CARTESIAN_POINT('',(32.321678559562,-30.67601603997,6.35));
#5538 = CARTESIAN_POINT('',(31.911778592998,-31.73251877569,6.35));
#5539 = CARTESIAN_POINT('',(31.482876210855,-32.78132818527,6.35));
#5540 = CARTESIAN_POINT('',(30.502162086102,-35.05745162038,6.35));
#5541 = CARTESIAN_POINT('',(29.9424121974,-36.28127903909,6.35));
#5542 = CARTESIAN_POINT('',(29.354640147215,-37.49221552434,6.35));
#5543 = CARTESIAN_POINT('',(28.738127253434,-38.68901822352,6.35));
#5544 = CARTESIAN_POINT('',(28.092122907108,-39.87026027607,6.35));
#5545 = CARTESIAN_POINT('',(27.415840856697,-41.03432868241,6.35));
#5546 = CARTESIAN_POINT('',(26.708447406695,-42.17941779797,6.35));
#5547 = CARTESIAN_POINT('',(25.159679905342,-44.5339710483,6.35));
#5548 = CARTESIAN_POINT('',(24.312103236349,-45.73905976952,6.35));
#5549 = CARTESIAN_POINT('',(23.425069374717,-46.91629072046,6.35));
#5550 = CARTESIAN_POINT('',(22.49741180407,-48.06256487384,6.35));
#5551 = CARTESIAN_POINT('',(21.528078405177,-49.17421024555,6.35));
#5552 = CARTESIAN_POINT('',(20.516164464112,-50.24700921421,6.35));
#5553 = CARTESIAN_POINT('',(19.460939923953,-51.27622098544,6.35));
#5554 = CARTESIAN_POINT('',(17.595884213949,-52.93986513663,6.35));
#5555 = CARTESIAN_POINT('',(16.808708170498,-53.59931625084,6.35));
#5556 = CARTESIAN_POINT('',(16.000205882711,-54.23315585843,6.35));
#5557 = CARTESIAN_POINT('',(15.170394868893,-54.83938828814,6.35));
#5558 = CARTESIAN_POINT('',(14.319468055163,-55.41584877983,6.35));
#5559 = CARTESIAN_POINT('',(13.447822496901,-55.96024475763,6.35));
#5560 = CARTESIAN_POINT('',(12.556095799117,-56.47020847895,6.35));
#5561 = CARTESIAN_POINT('',(10.907043997609,-57.32679595471,6.35));
#5562 = CARTESIAN_POINT('',(10.156300983355,-57.68605413054,6.35));
#5563 = CARTESIAN_POINT('',(9.393509226236,-58.0198513526,6.35));
#5564 = CARTESIAN_POINT('',(8.619326093591,-58.32690739102,6.35));
#5565 = CARTESIAN_POINT('',(7.834548484226,-58.60597339411,6.35));
#5566 = CARTESIAN_POINT('',(7.040125777628,-58.85586695241,6.35));
#5567 = CARTESIAN_POINT('',(6.237175534995,-59.07551485309,6.35));
#5568 = CARTESIAN_POINT('',(4.760418707827,-59.41908578209,6.35));
#5569 = CARTESIAN_POINT('',(4.088904594929,-59.55308411127,6.35));
#5570 = CARTESIAN_POINT('',(3.413196293651,-59.66548415145,6.35));
#5571 = CARTESIAN_POINT('',(2.734065075202,-59.75585726177,6.35));
#5572 = CARTESIAN_POINT('',(2.052317745715,-59.82386927718,6.35));
#5573 = CARTESIAN_POINT('',(1.368797590236,-59.86928926444,6.35));
#5574 = CARTESIAN_POINT('',(0.684385316717,-59.89199827814,6.35));
#5575 = CARTESIAN_POINT('',(-0.98735019991,-59.89199817976,6.35));
#5576 = CARTESIAN_POINT('',(-1.974854038483,-59.84473387917,6.35));
#5577 = CARTESIAN_POINT('',(-2.95963676467,-59.75018044207,6.35));
#5578 = CARTESIAN_POINT('',(-3.939059260987,-59.60887387608,6.35));
#5579 = CARTESIAN_POINT('',(-4.91070366971,-59.42181617408,6.35));
#5580 = CARTESIAN_POINT('',(-5.87236123813,-59.19039599387,6.35));
#5581 = CARTESIAN_POINT('',(-6.822022382897,-58.91632481253,6.35));
#5582 = CARTESIAN_POINT('',(-8.25908991581,-58.43302206146,6.35));
#5583 = CARTESIAN_POINT('',(-8.756385144454,-58.25277819666,6.35));
#5584 = CARTESIAN_POINT('',(-9.249497903324,-58.06115146814,6.35));
#5585 = CARTESIAN_POINT('',(-9.738199471424,-57.85845054457,6.35));
#5586 = CARTESIAN_POINT('',(-10.22228754839,-57.6449944551,6.35));
#5587 = CARTESIAN_POINT('',(-10.70158464008,-57.42110878792,6.35));
#5588 = CARTESIAN_POINT('',(-11.17593644416,-57.18712188871,6.35));
#5589 = CARTESIAN_POINT('',(-12.55609579911,-56.47020847895,6.35));
#5590 = CARTESIAN_POINT('',(-13.4478224969,-55.96024475762,6.35));
#5591 = CARTESIAN_POINT('',(-14.31946805516,-55.41584877983,6.35));
#5592 = CARTESIAN_POINT('',(-15.17039486889,-54.83938828814,6.35));
#5593 = CARTESIAN_POINT('',(-16.00020588271,-54.23315585843,6.35));
#5594 = CARTESIAN_POINT('',(-16.8087081705,-53.59931625083,6.35));
#5595 = CARTESIAN_POINT('',(-17.59588421394,-52.93986513663,6.35));
#5596 = CARTESIAN_POINT('',(-19.46093992395,-51.27622098545,6.35));
#5597 = CARTESIAN_POINT('',(-20.5161644641,-50.2470092142,6.35));
#5598 = CARTESIAN_POINT('',(-21.52807840517,-49.17421024555,6.35));
#5599 = CARTESIAN_POINT('',(-22.49741180407,-48.06256487385,6.35));
#5600 = CARTESIAN_POINT('',(-23.42506937471,-46.91629072046,6.35));
#5601 = CARTESIAN_POINT('',(-24.31210323634,-45.73905976951,6.35));
#5602 = CARTESIAN_POINT('',(-25.15967990534,-44.5339710483,6.35));
#5603 = CARTESIAN_POINT('',(-26.70844740669,-42.17941779797,6.35));
#5604 = CARTESIAN_POINT('',(-27.4158408567,-41.0343286824,6.35));
#5605 = CARTESIAN_POINT('',(-28.0921229071,-39.87026027607,6.35));
#5606 = CARTESIAN_POINT('',(-28.73812725343,-38.68901822352,6.35));
#5607 = CARTESIAN_POINT('',(-29.35464014721,-37.49221552434,6.35));
#5608 = CARTESIAN_POINT('',(-29.9424121974,-36.28127903908,6.35));
#5609 = CARTESIAN_POINT('',(-30.50216208609,-35.05745162039,6.35));
#5610 = CARTESIAN_POINT('',(-31.48287621085,-32.78132818527,6.35));
#5611 = CARTESIAN_POINT('',(-31.91177859299,-31.73251877569,6.35));
#5612 = CARTESIAN_POINT('',(-32.32167855956,-30.67601603997,6.35));
#5613 = CARTESIAN_POINT('',(-32.71294460466,-29.61242540863,6.35));
#5614 = CARTESIAN_POINT('',(-33.08591743882,-28.54230441831,6.35));
#5615 = CARTESIAN_POINT('',(-33.44091292561,-27.46616378683,6.35));
#5616 = CARTESIAN_POINT('',(-33.77822501835,-26.38446848838,6.35));
#5617 = CARTESIAN_POINT('',(-35.01550083554,-22.18098842979,6.35));
#5618 = CARTESIAN_POINT('',(-35.78945696854,-19.02297821149,6.35));
#5619 = CARTESIAN_POINT('',(-36.42685811719,-15.83262181877,6.35));
#5620 = CARTESIAN_POINT('',(-36.93227192367,-12.617914908,6.35));
#5621 = CARTESIAN_POINT('',(-37.30905203337,-9.386006858283,6.35));
#5622 = CARTESIAN_POINT('',(-37.55944718825,-6.143221446693,6.35));
#5623 = CARTESIAN_POINT('',(-37.68469193517,-2.895076081757,6.35));
#5624 = CARTESIAN_POINT('',(-37.68469193545,3.602586969324,6.35));
#5625 = CARTESIAN_POINT('',(-37.55944718863,6.850732333718,6.35));
#5626 = CARTESIAN_POINT('',(-37.30905203432,10.093517745746,6.35));
#5627 = CARTESIAN_POINT('',(-36.93227192385,13.325425794002,6.35));
#5628 = CARTESIAN_POINT('',(-36.42685811751,16.540132705585,6.35));
#5629 = CARTESIAN_POINT('',(-35.78945696782,19.730489097062,6.35));
#5630 = CARTESIAN_POINT('',(-35.01550083431,22.888499315237,6.35));
#5631 = CARTESIAN_POINT('',(-33.77822501671,27.091979373209,6.35));
#5632 = CARTESIAN_POINT('',(-33.4409129239,28.173674671538,6.35));
#5633 = CARTESIAN_POINT('',(-33.08591743711,29.249815302908,6.35));
#5634 = CARTESIAN_POINT('',(-32.712944603,30.319936293152,6.35));
#5635 = CARTESIAN_POINT('',(-32.32167855802,31.383526924431,6.35));
#5636 = CARTESIAN_POINT('',(-31.91177859166,32.440029660124,6.35));
#5637 = CARTESIAN_POINT('',(-31.48287620981,33.488839069717,6.35));
#5638 = CARTESIAN_POINT('',(-30.5021620859,35.76496250491,6.35));
#5639 = CARTESIAN_POINT('',(-29.9424121978,36.988789923691,6.35));
#5640 = CARTESIAN_POINT('',(-29.35464014834,38.199726409097,6.35));
#5641 = CARTESIAN_POINT('',(-28.73812725539,39.396529108502,6.35));
#5642 = CARTESIAN_POINT('',(-28.09212290999,40.577771161354,6.35));
#5643 = CARTESIAN_POINT('',(-27.41584086057,41.74183956806,6.35));
#5644 = CARTESIAN_POINT('',(-26.70844741155,42.886928684033,6.35));
#5645 = CARTESIAN_POINT('',(-25.15967991185,45.241481935689,6.35));
#5646 = CARTESIAN_POINT('',(-24.31210324347,46.446570657808,6.35));
#5647 = CARTESIAN_POINT('',(-23.42506938228,47.623801609585,6.35));
#5648 = CARTESIAN_POINT('',(-22.49741181182,48.77007576364,6.35));
#5649 = CARTESIAN_POINT('',(-21.52807841276,49.881721135751,6.35));
#5650 = CARTESIAN_POINT('',(-20.51616447112,50.954520104445,6.35));
#5651 = CARTESIAN_POINT('',(-19.46093992999,51.983731875277,6.35));
#5652 = CARTESIAN_POINT('',(-17.59588421663,53.647376026012,6.35));
#5653 = CARTESIAN_POINT('',(-16.8087081709,54.306827140362,6.35));
#5654 = CARTESIAN_POINT('',(-16.00020588064,54.94066674779,6.35));
#5655 = CARTESIAN_POINT('',(-15.17039486421,55.546899177046,6.35));
#5656 = CARTESIAN_POINT('',(-14.3194680478,56.123359668038,6.35));
#5657 = CARTESIAN_POINT('',(-13.44782248686,56.667755644995,6.35));
#5658 = CARTESIAN_POINT('',(-12.55609578648,57.177719365447,6.35));
#5659 = CARTESIAN_POINT('',(-10.2999647546,58.349649729049,6.35));
#5660 = CARTESIAN_POINT('',(-8.912375123318,58.968428871817,6.35));
#5661 = CARTESIAN_POINT('',(-7.48622115204,59.498986974881,6.35));
#5662 = CARTESIAN_POINT('',(-6.026470050035,59.933498533361,6.35));
#5663 = CARTESIAN_POINT('',(-4.539401001578,60.265029661805,6.35));
#5664 = CARTESIAN_POINT('',(-3.032741933523,60.488104116761,6.35));
#5665 = CARTESIAN_POINT('',(-1.515854084399,60.599509059478,6.35));
#5666 = CARTESIAN_POINT('',(3.749128942389E-15,60.599509002119,6.35));
#5667 = PCURVE('',#1985,#5668);
#5668 = DEFINITIONAL_REPRESENTATION('',(#5669),#5854);
#5669 = B_SPLINE_CURVE_WITH_KNOTS('',8,(#5670,#5671,#5672,#5673,#5674,
    #5675,#5676,#5677,#5678,#5679,#5680,#5681,#5682,#5683,#5684,#5685,
    #5686,#5687,#5688,#5689,#5690,#5691,#5692,#5693,#5694,#5695,#5696,
    #5697,#5698,#5699,#5700,#5701,#5702,#5703,#5704,#5705,#5706,#5707,
    #5708,#5709,#5710,#5711,#5712,#5713,#5714,#5715,#5716,#5717,#5718,
    #5719,#5720,#5721,#5722,#5723,#5724,#5725,#5726,#5727,#5728,#5729,
    #5730,#5731,#5732,#5733,#5734,#5735,#5736,#5737,#5738,#5739,#5740,
    #5741,#5742,#5743,#5744,#5745,#5746,#5747,#5748,#5749,#5750,#5751,
    #5752,#5753,#5754,#5755,#5756,#5757,#5758,#5759,#5760,#5761,#5762,
    #5763,#5764,#5765,#5766,#5767,#5768,#5769,#5770,#5771,#5772,#5773,
    #5774,#5775,#5776,#5777,#5778,#5779,#5780,#5781,#5782,#5783,#5784,
    #5785,#5786,#5787,#5788,#5789,#5790,#5791,#5792,#5793,#5794,#5795,
    #5796,#5797,#5798,#5799,#5800,#5801,#5802,#5803,#5804,#5805,#5806,
    #5807,#5808,#5809,#5810,#5811,#5812,#5813,#5814,#5815,#5816,#5817,
    #5818,#5819,#5820,#5821,#5822,#5823,#5824,#5825,#5826,#5827,#5828,
    #5829,#5830,#5831,#5832,#5833,#5834,#5835,#5836,#5837,#5838,#5839,
    #5840,#5841,#5842,#5843,#5844,#5845,#5846,#5847,#5848,#5849,#5850,
    #5851,#5852,#5853),.UNSPECIFIED.,.F.,.F.,(9,7,7,7,7,7,7,7,7,7,7,7,7,
    7,7,7,7,7,7,7,7,7,7,7,7,7,9),(0.,3.889914435276E-02,
    6.523833065353E-02,0.1030308728,0.13755688428,0.166628744505,
    0.249996729581,0.333364714666,0.362436574893,0.396962586378,
    0.434755128515,0.461094314768,0.482439145386,0.500000942956,
    0.525337025412,0.538906530651,0.565245668611,0.603038141455,
    0.637564089636,0.666635896559,0.750003728788,0.833371561009,
    0.862443367931,0.896969316108,0.934761788962,0.961100926969,1.),
  .UNSPECIFIED.);
#5670 = CARTESIAN_POINT('',(1.,3.01228270831E-02));
#5671 = CARTESIAN_POINT('',(0.993598045611,3.01228270831E-02));
#5672 = CARTESIAN_POINT('',(0.987191726591,3.01228270831E-02));
#5673 = CARTESIAN_POINT('',(0.980812818419,3.01228270831E-02));
#5674 = CARTESIAN_POINT('',(0.974484994102,3.01228270831E-02));
#5675 = CARTESIAN_POINT('',(0.968226636433,3.01228270831E-02));
#5676 = CARTESIAN_POINT('',(0.962052366761,3.01228270831E-02));
#5677 = CARTESIAN_POINT('',(0.955973795549,3.01228270831E-02));
#5678 = CARTESIAN_POINT('',(0.945955054629,3.01228270831E-02));
#5679 = CARTESIAN_POINT('',(0.941957013376,3.01228270831E-02));
#5680 = CARTESIAN_POINT('',(0.938007538611,3.01228270831E-02));
#5681 = CARTESIAN_POINT('',(0.934107534595,3.01228270831E-02));
#5682 = CARTESIAN_POINT('',(0.930257282241,3.01228270831E-02));
#5683 = CARTESIAN_POINT('',(0.926456526586,3.01228270831E-02));
#5684 = CARTESIAN_POINT('',(0.922704516982,3.01228270831E-02));
#5685 = CARTESIAN_POINT('',(0.913684607468,3.01228270831E-02));
#5686 = CARTESIAN_POINT('',(0.908468057247,3.01228270831E-02));
#5687 = CARTESIAN_POINT('',(0.903346102431,3.01228270831E-02));
#5688 = CARTESIAN_POINT('',(0.898314524947,3.01228270831E-02));
#5689 = CARTESIAN_POINT('',(0.893368974039,3.01228270831E-02));
#5690 = CARTESIAN_POINT('',(0.88850481935,3.01228270831E-02));
#5691 = CARTESIAN_POINT('',(0.883717018623,3.01228270831E-02));
#5692 = CARTESIAN_POINT('',(0.87469068843,3.01228270831E-02));
#5693 = CARTESIAN_POINT('',(0.870441139456,3.01228270831E-02));
#5694 = CARTESIAN_POINT('',(0.866247441892,3.01228270831E-02));
#5695 = CARTESIAN_POINT('',(0.862106074132,3.01228270831E-02));
#5696 = CARTESIAN_POINT('',(0.858013762066,3.01228270831E-02));
#5697 = CARTESIAN_POINT('',(0.853967367431,3.01228270831E-02));
#5698 = CARTESIAN_POINT('',(0.849963806632,3.01228270831E-02));
#5699 = CARTESIAN_POINT('',(0.842662364767,3.01228270831E-02));
#5700 = CARTESIAN_POINT('',(0.839353048747,3.01228270831E-02));
#5701 = CARTESIAN_POINT('',(0.836070285746,3.01228270831E-02));
#5702 = CARTESIAN_POINT('',(0.832812430639,3.01228270831E-02));
#5703 = CARTESIAN_POINT('',(0.829577933938,3.01228270831E-02));
#5704 = CARTESIAN_POINT('',(0.826365316366,3.01228270831E-02));
#5705 = CARTESIAN_POINT('',(0.823173143432,3.01228270831E-02));
#5706 = CARTESIAN_POINT('',(0.810900528131,3.01228270831E-02));
#5707 = CARTESIAN_POINT('',(0.801960082035,3.01228270831E-02));
#5708 = CARTESIAN_POINT('',(0.793142555214,3.01228270831E-02));
#5709 = CARTESIAN_POINT('',(0.784420140487,3.01228270831E-02));
#5710 = CARTESIAN_POINT('',(0.775768160738,3.01228270831E-02));
#5711 = CARTESIAN_POINT('',(0.76716346849,3.01228270831E-02));
#5712 = CARTESIAN_POINT('',(0.758582639419,3.01228270831E-02));
#5713 = CARTESIAN_POINT('',(0.74141736058,3.01228270831E-02));
#5714 = CARTESIAN_POINT('',(0.732836531509,3.01228270831E-02));
#5715 = CARTESIAN_POINT('',(0.724231839261,3.01228270831E-02));
#5716 = CARTESIAN_POINT('',(0.715579859512,3.01228270831E-02));
#5717 = CARTESIAN_POINT('',(0.706857444785,3.01228270831E-02));
#5718 = CARTESIAN_POINT('',(0.698039917965,3.01228270831E-02));
#5719 = CARTESIAN_POINT('',(0.689099471869,3.01228270831E-02));
#5720 = CARTESIAN_POINT('',(0.676826856568,3.01228270831E-02));
#5721 = CARTESIAN_POINT('',(0.673634683634,3.01228270831E-02));
#5722 = CARTESIAN_POINT('',(0.670422066062,3.01228270831E-02));
#5723 = CARTESIAN_POINT('',(0.667187569361,3.01228270831E-02));
#5724 = CARTESIAN_POINT('',(0.663929714254,3.01228270831E-02));
#5725 = CARTESIAN_POINT('',(0.660646951253,3.01228270831E-02));
#5726 = CARTESIAN_POINT('',(0.657337635233,3.01228270831E-02));
#5727 = CARTESIAN_POINT('',(0.650036193367,3.01228270831E-02));
#5728 = CARTESIAN_POINT('',(0.646032632569,3.01228270831E-02));
#5729 = CARTESIAN_POINT('',(0.641986237934,3.01228270831E-02));
#5730 = CARTESIAN_POINT('',(0.637893925867,3.01228270831E-02));
#5731 = CARTESIAN_POINT('',(0.633752558108,3.01228270831E-02));
#5732 = CARTESIAN_POINT('',(0.629558860543,3.01228270831E-02));
#5733 = CARTESIAN_POINT('',(0.62530931157,3.01228270831E-02));
#5734 = CARTESIAN_POINT('',(0.616282981379,3.01228270831E-02));
#5735 = CARTESIAN_POINT('',(0.611495180654,3.01228270831E-02));
#5736 = CARTESIAN_POINT('',(0.606631025966,3.01228270831E-02));
#5737 = CARTESIAN_POINT('',(0.601685475059,3.01228270831E-02));
#5738 = CARTESIAN_POINT('',(0.596653897576,3.01228270831E-02));
#5739 = CARTESIAN_POINT('',(0.59153194276,3.01228270831E-02));
#5740 = CARTESIAN_POINT('',(0.586315392536,3.01228270831E-02));
#5741 = CARTESIAN_POINT('',(0.577295483021,3.01228270831E-02));
#5742 = CARTESIAN_POINT('',(0.573543473419,3.01228270831E-02));
#5743 = CARTESIAN_POINT('',(0.569742717765,3.01228270831E-02));
#5744 = CARTESIAN_POINT('',(0.56589246541,3.01228270831E-02));
#5745 = CARTESIAN_POINT('',(0.561992461393,3.01228270831E-02));
#5746 = CARTESIAN_POINT('',(0.558042986627,3.01228270831E-02));
#5747 = CARTESIAN_POINT('',(0.554044945372,3.01228270831E-02));
#5748 = CARTESIAN_POINT('',(0.546722044751,3.01228270831E-02));
#5749 = CARTESIAN_POINT('',(0.543413310406,3.01228270831E-02));
#5750 = CARTESIAN_POINT('',(0.540074846005,3.01228270831E-02));
#5751 = CARTESIAN_POINT('',(0.536708052836,3.01228270831E-02));
#5752 = CARTESIAN_POINT('',(0.533314707776,3.01228270831E-02));
#5753 = CARTESIAN_POINT('',(0.529897013279,3.01228270831E-02));
#5754 = CARTESIAN_POINT('',(0.526457673988,3.01228270831E-02));
#5755 = CARTESIAN_POINT('',(0.520155143944,3.01228270831E-02));
#5756 = CARTESIAN_POINT('',(0.517297699997,3.01228270831E-02));
#5757 = CARTESIAN_POINT('',(0.514429560792,3.01228270831E-02));
#5758 = CARTESIAN_POINT('',(0.511552674572,3.01228270831E-02));
#5759 = CARTESIAN_POINT('',(0.508669070711,3.01228270831E-02));
#5760 = CARTESIAN_POINT('',(0.50578088524,3.01228270831E-02));
#5761 = CARTESIAN_POINT('',(0.502890386366,3.01228270831E-02));
#5762 = CARTESIAN_POINT('',(0.495830092734,3.01228270831E-02));
#5763 = CARTESIAN_POINT('',(0.491659537353,3.01228270831E-02));
#5764 = CARTESIAN_POINT('',(0.487496110635,3.01228270831E-02));
#5765 = CARTESIAN_POINT('',(0.483346594194,3.01228270831E-02));
#5766 = CARTESIAN_POINT('',(0.479217004906,3.01228270831E-02));
#5767 = CARTESIAN_POINT('',(0.475112777601,3.01228270831E-02));
#5768 = CARTESIAN_POINT('',(0.471038900013,3.01228270831E-02));
#5769 = CARTESIAN_POINT('',(0.464836844943,3.01228270831E-02));
#5770 = CARTESIAN_POINT('',(0.462683564213,3.01228270831E-02));
#5771 = CARTESIAN_POINT('',(0.460540769141,3.01228270831E-02));
#5772 = CARTESIAN_POINT('',(0.458408987943,3.01228270831E-02));
#5773 = CARTESIAN_POINT('',(0.456288671836,3.01228270831E-02));
#5774 = CARTESIAN_POINT('',(0.454180201174,3.01228270831E-02));
#5775 = CARTESIAN_POINT('',(0.452083891565,3.01228270831E-02));
#5776 = CARTESIAN_POINT('',(0.445955054628,3.01228270831E-02));
#5777 = CARTESIAN_POINT('',(0.441957013373,3.01228270831E-02));
#5778 = CARTESIAN_POINT('',(0.438007538607,3.01228270831E-02));
#5779 = CARTESIAN_POINT('',(0.43410753459,3.01228270831E-02));
#5780 = CARTESIAN_POINT('',(0.430257282235,3.01228270831E-02));
#5781 = CARTESIAN_POINT('',(0.426456526581,3.01228270831E-02));
#5782 = CARTESIAN_POINT('',(0.422704516979,3.01228270831E-02));
#5783 = CARTESIAN_POINT('',(0.413684607464,3.01228270831E-02));
#5784 = CARTESIAN_POINT('',(0.40846805724,3.01228270831E-02));
#5785 = CARTESIAN_POINT('',(0.403346102424,3.01228270831E-02));
#5786 = CARTESIAN_POINT('',(0.398314524941,3.01228270831E-02));
#5787 = CARTESIAN_POINT('',(0.393368974034,3.01228270831E-02));
#5788 = CARTESIAN_POINT('',(0.388504819346,3.01228270831E-02));
#5789 = CARTESIAN_POINT('',(0.383717018621,3.01228270831E-02));
#5790 = CARTESIAN_POINT('',(0.37469068843,3.01228270831E-02));
#5791 = CARTESIAN_POINT('',(0.370441139456,3.01228270831E-02));
#5792 = CARTESIAN_POINT('',(0.366247441892,3.01228270831E-02));
#5793 = CARTESIAN_POINT('',(0.362106074133,3.01228270831E-02));
#5794 = CARTESIAN_POINT('',(0.358013762066,3.01228270831E-02));
#5795 = CARTESIAN_POINT('',(0.353967367431,3.01228270831E-02));
#5796 = CARTESIAN_POINT('',(0.349963806633,3.01228270831E-02));
#5797 = CARTESIAN_POINT('',(0.342662364767,3.01228270831E-02));
#5798 = CARTESIAN_POINT('',(0.339353048747,3.01228270831E-02));
#5799 = CARTESIAN_POINT('',(0.336070285746,3.01228270831E-02));
#5800 = CARTESIAN_POINT('',(0.332812430639,3.01228270831E-02));
#5801 = CARTESIAN_POINT('',(0.329577933938,3.01228270831E-02));
#5802 = CARTESIAN_POINT('',(0.326365316366,3.01228270831E-02));
#5803 = CARTESIAN_POINT('',(0.323173143432,3.01228270831E-02));
#5804 = CARTESIAN_POINT('',(0.310900528131,3.01228270831E-02));
#5805 = CARTESIAN_POINT('',(0.301960082036,3.01228270831E-02));
#5806 = CARTESIAN_POINT('',(0.293142555213,3.01228270831E-02));
#5807 = CARTESIAN_POINT('',(0.284420140489,3.01228270831E-02));
#5808 = CARTESIAN_POINT('',(0.275768160738,3.01228270831E-02));
#5809 = CARTESIAN_POINT('',(0.267163468492,3.01228270831E-02));
#5810 = CARTESIAN_POINT('',(0.25858263942,3.01228270831E-02));
#5811 = CARTESIAN_POINT('',(0.241417360581,3.01228270831E-02));
#5812 = CARTESIAN_POINT('',(0.23283653151,3.01228270831E-02));
#5813 = CARTESIAN_POINT('',(0.224231839263,3.01228270831E-02));
#5814 = CARTESIAN_POINT('',(0.215579859512,3.01228270831E-02));
#5815 = CARTESIAN_POINT('',(0.206857444786,3.01228270831E-02));
#5816 = CARTESIAN_POINT('',(0.198039917965,3.01228270831E-02));
#5817 = CARTESIAN_POINT('',(0.189099471869,3.01228270831E-02));
#5818 = CARTESIAN_POINT('',(0.176826856568,3.01228270831E-02));
#5819 = CARTESIAN_POINT('',(0.173634683634,3.01228270831E-02));
#5820 = CARTESIAN_POINT('',(0.170422066062,3.01228270831E-02));
#5821 = CARTESIAN_POINT('',(0.167187569361,3.01228270831E-02));
#5822 = CARTESIAN_POINT('',(0.163929714254,3.01228270831E-02));
#5823 = CARTESIAN_POINT('',(0.160646951253,3.01228270831E-02));
#5824 = CARTESIAN_POINT('',(0.157337635233,3.01228270831E-02));
#5825 = CARTESIAN_POINT('',(0.150036193368,3.01228270831E-02));
#5826 = CARTESIAN_POINT('',(0.146032632569,3.01228270831E-02));
#5827 = CARTESIAN_POINT('',(0.141986237934,3.01228270831E-02));
#5828 = CARTESIAN_POINT('',(0.137893925868,3.01228270831E-02));
#5829 = CARTESIAN_POINT('',(0.133752558108,3.01228270831E-02));
#5830 = CARTESIAN_POINT('',(0.129558860544,3.01228270831E-02));
#5831 = CARTESIAN_POINT('',(0.12530931157,3.01228270831E-02));
#5832 = CARTESIAN_POINT('',(0.116282981378,3.01228270831E-02));
#5833 = CARTESIAN_POINT('',(0.11149518065,3.01228270831E-02));
#5834 = CARTESIAN_POINT('',(0.106631025961,3.01228270831E-02));
#5835 = CARTESIAN_POINT('',(0.101685475053,3.01228270831E-02));
#5836 = CARTESIAN_POINT('',(9.66538975693E-02,3.01228270831E-02));
#5837 = CARTESIAN_POINT('',(9.153194275315E-02,3.01228270831E-02));
#5838 = CARTESIAN_POINT('',(8.63153925319E-02,3.01228270831E-02));
#5839 = CARTESIAN_POINT('',(7.72954830184E-02,3.01228270831E-02));
#5840 = CARTESIAN_POINT('',(7.354347341442E-02,3.01228270831E-02));
#5841 = CARTESIAN_POINT('',(6.974271775922E-02,3.01228270831E-02));
#5842 = CARTESIAN_POINT('',(6.589246540485E-02,3.01228270831E-02));
#5843 = CARTESIAN_POINT('',(6.199246138894E-02,3.01228270831E-02));
#5844 = CARTESIAN_POINT('',(5.804298662401E-02,3.01228270831E-02));
#5845 = CARTESIAN_POINT('',(5.404494537142E-02,3.01228270831E-02));
#5846 = CARTESIAN_POINT('',(4.402620445053E-02,3.01228270831E-02));
#5847 = CARTESIAN_POINT('',(3.794763323899E-02,3.01228270831E-02));
#5848 = CARTESIAN_POINT('',(3.177336356737E-02,3.01228270831E-02));
#5849 = CARTESIAN_POINT('',(2.551500589819E-02,3.01228270831E-02));
#5850 = CARTESIAN_POINT('',(1.91871815811E-02,3.01228270831E-02));
#5851 = CARTESIAN_POINT('',(1.280827340957E-02,3.01228270831E-02));
#5852 = CARTESIAN_POINT('',(6.401954389348E-03,3.01228270831E-02));
#5853 = CARTESIAN_POINT('',(0.,3.01228270831E-02));
#5854 = ( GEOMETRIC_REPRESENTATION_CONTEXT(2) 
PARAMETRIC_REPRESENTATION_CONTEXT() REPRESENTATION_CONTEXT('2D SPACE',''
  ) );
#5855 = PCURVE('',#624,#5856);
#5856 = DEFINITIONAL_REPRESENTATION('',(#5857),#6042);
#5857 = B_SPLINE_CURVE_WITH_KNOTS('',8,(#5858,#5859,#5860,#5861,#5862,
    #5863,#5864,#5865,#5866,#5867,#5868,#5869,#5870,#5871,#5872,#5873,
    #5874,#5875,#5876,#5877,#5878,#5879,#5880,#5881,#5882,#5883,#5884,
    #5885,#5886,#5887,#5888,#5889,#5890,#5891,#5892,#5893,#5894,#5895,
    #5896,#5897,#5898,#5899,#5900,#5901,#5902,#5903,#5904,#5905,#5906,
    #5907,#5908,#5909,#5910,#5911,#5912,#5913,#5914,#5915,#5916,#5917,
    #5918,#5919,#5920,#5921,#5922,#5923,#5924,#5925,#5926,#5927,#5928,
    #5929,#5930,#5931,#5932,#5933,#5934,#5935,#5936,#5937,#5938,#5939,
    #5940,#5941,#5942,#5943,#5944,#5945,#5946,#5947,#5948,#5949,#5950,
    #5951,#5952,#5953,#5954,#5955,#5956,#5957,#5958,#5959,#5960,#5961,
    #5962,#5963,#5964,#5965,#5966,#5967,#5968,#5969,#5970,#5971,#5972,
    #5973,#5974,#5975,#5976,#5977,#5978,#5979,#5980,#5981,#5982,#5983,
    #5984,#5985,#5986,#5987,#5988,#5989,#5990,#5991,#5992,#5993,#5994,
    #5995,#5996,#5997,#5998,#5999,#6000,#6001,#6002,#6003,#6004,#6005,
    #6006,#6007,#6008,#6009,#6010,#6011,#6012,#6013,#6014,#6015,#6016,
    #6017,#6018,#6019,#6020,#6021,#6022,#6023,#6024,#6025,#6026,#6027,
    #6028,#6029,#6030,#6031,#6032,#6033,#6034,#6035,#6036,#6037,#6038,
    #6039,#6040,#6041),.UNSPECIFIED.,.F.,.F.,(9,7,7,7,7,7,7,7,7,7,7,7,7,
    7,7,7,7,7,7,7,7,7,7,7,7,7,9),(0.,3.889914435276E-02,
    6.523833065353E-02,0.1030308728,0.13755688428,0.166628744505,
    0.249996729581,0.333364714666,0.362436574893,0.396962586378,
    0.434755128515,0.461094314768,0.482439145386,0.500000942956,
    0.525337025412,0.538906530651,0.565245668611,0.603038141455,
    0.637564089636,0.666635896559,0.750003728788,0.833371561009,
    0.862443367931,0.896969316108,0.934761788962,0.961100926969,1.),
  .UNSPECIFIED.);
#5858 = CARTESIAN_POINT('',(2.398851326673,8.870931983199E-02));
#5859 = CARTESIAN_POINT('',(2.454869136077,-1.426109352559));
#5860 = CARTESIAN_POINT('',(2.622254052055,-2.937844150057));
#5861 = CARTESIAN_POINT('',(2.900854202592,-4.435230444889));
#5862 = CARTESIAN_POINT('',(3.287113002125,-5.909032122111));
#5863 = CARTESIAN_POINT('',(3.775272364909,-7.351728906183));
#5864 = CARTESIAN_POINT('',(4.358171096636,-8.757302141231));
#5865 = CARTESIAN_POINT('',(5.027805476169,-10.1210771997));
#5866 = CARTESIAN_POINT('',(6.282309891909,-12.33235888258));
#5867 = CARTESIAN_POINT('',(6.824878732026,-13.20463094913));
#5868 = CARTESIAN_POINT('',(7.40111421786,-14.05556316059));
#5869 = CARTESIAN_POINT('',(8.008626661767,-14.8846058465));
#5870 = CARTESIAN_POINT('',(8.645110380889,-15.69144694397));
#5871 = CARTESIAN_POINT('',(9.308394964266,-16.47597365655));
#5872 = CARTESIAN_POINT('',(9.996485456419,-17.2382422272));
#5873 = CARTESIAN_POINT('',(11.727915736953,-19.04054460411));
#5874 = CARTESIAN_POINT('',(12.795419958159,-20.0570141999));
#5875 = CARTESIAN_POINT('',(13.904881076383,-21.02859202985));
#5876 = CARTESIAN_POINT('',(15.051588514415,-21.95618284665));
#5877 = CARTESIAN_POINT('',(16.231360965051,-22.84084660708));
#5878 = CARTESIAN_POINT('',(17.44056783295,-23.68377040871));
#5879 = CARTESIAN_POINT('',(18.676155315755,-24.48623449469));
#5880 = CARTESIAN_POINT('',(21.086334444961,-25.94693239233));
#5881 = CARTESIAN_POINT('',(22.256782882052,-26.61152627685));
#5882 = CARTESIAN_POINT('',(23.44504793487,-27.24432863945));
#5883 = CARTESIAN_POINT('',(24.649356001116,-27.84623933322));
#5884 = CARTESIAN_POINT('',(25.868124238621,-28.41810368053));
#5885 = CARTESIAN_POINT('',(27.099954499956,-28.96072450677));
#5886 = CARTESIAN_POINT('',(28.34363134009,-29.47486593236));
#5887 = CARTESIAN_POINT('',(30.654442007559,-30.37079681372));
#5888 = CARTESIAN_POINT('',(31.718384961085,-30.76064783969));
#5889 = CARTESIAN_POINT('',(32.789313758,-31.13122512567));
#5890 = CARTESIAN_POINT('',(33.866636998907,-31.48291928756));
#5891 = CARTESIAN_POINT('',(34.949810118853,-31.81609140669));
#5892 = CARTESIAN_POINT('',(36.038334421478,-32.13107600429));
#5893 = CARTESIAN_POINT('',(37.131756113162,-32.42818401586));
#5894 = CARTESIAN_POINT('',(41.378088058996,-33.50927654316));
#5895 = CARTESIAN_POINT('',(44.562542460272,-34.16600083849));
#5896 = CARTESIAN_POINT('',(47.774274598488,-34.68506808328));
#5897 = CARTESIAN_POINT('',(51.005463076398,-35.07133827408));
#5898 = CARTESIAN_POINT('',(54.24908732845,-35.3284269714));
#5899 = CARTESIAN_POINT('',(57.498911001136,-35.45881507112));
#5900 = CARTESIAN_POINT('',(60.749466075084,-35.4639401731));
#5901 = CARTESIAN_POINT('',(67.242690854595,-35.2238212679));
#5902 = CARTESIAN_POINT('',(70.483989175519,-34.97862797438));
#5903 = CARTESIAN_POINT('',(73.715306315117,-34.60856783366));
#5904 = CARTESIAN_POINT('',(76.931083007863,-34.11261103407));
#5905 = CARTESIAN_POINT('',(80.124916699817,-33.48874406553));
#5906 = CARTESIAN_POINT('',(83.289538957196,-32.73387977342));
#5907 = CARTESIAN_POINT('',(86.416790793285,-31.84374911415));
#5908 = CARTESIAN_POINT('',(90.571676534422,-30.45198026542));
#5909 = CARTESIAN_POINT('',(91.640167721303,-30.07492489792));
#5910 = CARTESIAN_POINT('',(92.702454551613,-29.68040348596));
#5911 = CARTESIAN_POINT('',(93.758061505837,-29.26813945993));
#5912 = CARTESIAN_POINT('',(94.806466542351,-28.83783604543));
#5913 = CARTESIAN_POINT('',(95.847099914516,-28.38917336824));
#5914 = CARTESIAN_POINT('',(96.879342987782,-27.92180555942));
#5915 = CARTESIAN_POINT('',(99.117669748343,-26.85764795862));
#5916 = CARTESIAN_POINT('',(100.31997585889,-26.25305428912));
#5917 = CARTESIAN_POINT('',(101.50836429188,-25.62093397887));
#5918 = CARTESIAN_POINT('',(102.68156648497,-24.96061476585));
#5919 = CARTESIAN_POINT('',(103.83812881375,-24.27139928297));
#5920 = CARTESIAN_POINT('',(104.97641032474,-23.55256142358));
#5921 = CARTESIAN_POINT('',(106.0945757978,-22.80333478862));
#5922 = CARTESIAN_POINT('',(108.39028658426,-21.16861347696));
#5923 = CARTESIAN_POINT('',(109.56323025718,-20.27708211127));
#5924 = CARTESIAN_POINT('',(110.70687706125,-19.34714997876));
#5925 = CARTESIAN_POINT('',(111.8180869778,-18.37776588335));
#5926 = CARTESIAN_POINT('',(112.89315165019,-17.36801412136));
#5927 = CARTESIAN_POINT('',(113.92782290451,-16.3171464576));
#5928 = CARTESIAN_POINT('',(114.91733620564,-15.22460852823));
#5929 = CARTESIAN_POINT('',(116.51092150093,-13.29934735898));
#5930 = CARTESIAN_POINT('',(117.14083235255,-12.48833921203));
#5931 = CARTESIAN_POINT('',(117.74436108764,-11.6569658522));
#5932 = CARTESIAN_POINT('',(118.31951404546,-10.80531853518));
#5933 = CARTESIAN_POINT('',(118.86413507405,-9.933670053269));
#5934 = CARTESIAN_POINT('',(119.37594783655,-9.042501911991));
#5935 = CARTESIAN_POINT('',(119.85260977014,-8.132538779951));
#5936 = CARTESIAN_POINT('',(120.64767200559,-6.452958478374));
#5937 = CARTESIAN_POINT('',(120.97894133768,-5.689452001668));
#5938 = CARTESIAN_POINT('',(121.28432185011,-4.914845912868));
#5939 = CARTESIAN_POINT('',(121.56255848028,-4.129844440746));
#5940 = CARTESIAN_POINT('',(121.81243267865,-3.335290090667));
#5941 = CARTESIAN_POINT('',(122.03279792741,-2.532175289174));
#5942 = CARTESIAN_POINT('',(122.22262304588,-1.721656494318));
#5943 = CARTESIAN_POINT('',(122.51138625548,-0.233211830036));
#5944 = CARTESIAN_POINT('',(122.62047748296,0.442795462921));
#5945 = CARTESIAN_POINT('',(122.7078301795,1.122195922042));
#5946 = CARTESIAN_POINT('',(122.77304449909,1.804202962667));
#5947 = CARTESIAN_POINT('',(122.81581632019,2.487997980799));
#5948 = CARTESIAN_POINT('',(122.8359460306,3.172729733347));
#5949 = CARTESIAN_POINT('',(122.8333473124,3.857513718346));
#5950 = CARTESIAN_POINT('',(122.7715688026,5.528107341368));
#5951 = CARTESIAN_POINT('',(122.68784392124,6.513190022947));
#5952 = CARTESIAN_POINT('',(122.55696276229,7.493805897025));
#5953 = CARTESIAN_POINT('',(122.37955849493,8.467337456764));
#5954 = CARTESIAN_POINT('',(122.15672177874,9.431405524276));
#5955 = CARTESIAN_POINT('',(121.88992194667,10.383854172926));
#5956 = CARTESIAN_POINT('',(121.58094357023,11.32273843907));
#5957 = CARTESIAN_POINT('',(121.0448646055,12.740964086462));
#5958 = CARTESIAN_POINT('',(120.8463664832,13.231258784243));
#5959 = CARTESIAN_POINT('',(120.63664783404,13.716953219296));
#5960 = CARTESIAN_POINT('',(120.41602556818,14.1978302336));
#5961 = CARTESIAN_POINT('',(120.18482597279,14.673699454586));
#5962 = CARTESIAN_POINT('',(119.94338097289,15.144395541351));
#5963 = CARTESIAN_POINT('',(119.69202439208,15.609776430867));
#5964 = CARTESIAN_POINT('',(118.92459736012,16.962499770194));
#5965 = CARTESIAN_POINT('',(118.38202851923,17.83477183412));
#5966 = CARTESIAN_POINT('',(117.80579303265,18.685704042869));
#5967 = CARTESIAN_POINT('',(117.19828058815,19.514746726071));
#5968 = CARTESIAN_POINT('',(116.56179686867,20.321587820915));
#5969 = CARTESIAN_POINT('',(115.89851228522,21.106114531023));
#5970 = CARTESIAN_POINT('',(115.21042179329,21.868383099394));
#5971 = CARTESIAN_POINT('',(113.47899151243,23.670685472949));
#5972 = CARTESIAN_POINT('',(112.41148729085,24.687155067731));
#5973 = CARTESIAN_POINT('',(111.30202617269,25.658732897119));
#5974 = CARTESIAN_POINT('',(110.15531873508,26.586323713781));
#5975 = CARTESIAN_POINT('',(108.9755462851,27.470987474413));
#5976 = CARTESIAN_POINT('',(107.76633941801,28.313911276508));
#5977 = CARTESIAN_POINT('',(106.53075193609,29.116375363142));
#5978 = CARTESIAN_POINT('',(104.12057280815,30.577073262477));
#5979 = CARTESIAN_POINT('',(102.95012437143,31.241667147998));
#5980 = CARTESIAN_POINT('',(101.76185931894,31.874469511597));
#5981 = CARTESIAN_POINT('',(100.55755125297,32.476380206306));
#5982 = CARTESIAN_POINT('',(99.338783015663,33.048244554459));
#5983 = CARTESIAN_POINT('',(98.106952754447,33.590865381431));
#5984 = CARTESIAN_POINT('',(96.863275914375,34.105006807616));
#5985 = CARTESIAN_POINT('',(94.552465246947,35.00093768983));
#5986 = CARTESIAN_POINT('',(93.488522293425,35.390788716092));
#5987 = CARTESIAN_POINT('',(92.417593496478,35.761366002279));
#5988 = CARTESIAN_POINT('',(91.340270255509,36.113060164284));
#5989 = CARTESIAN_POINT('',(90.257097135477,36.446232283466));
#5990 = CARTESIAN_POINT('',(89.168572832748,36.76121688105));
#5991 = CARTESIAN_POINT('',(88.075151140945,37.058324892542));
#5992 = CARTESIAN_POINT('',(83.82881919453,38.139417419403));
#5993 = CARTESIAN_POINT('',(80.644364793033,38.796141714279));
#5994 = CARTESIAN_POINT('',(77.432632653896,39.315208957832));
#5995 = CARTESIAN_POINT('',(74.201444176363,39.701479149018));
#5996 = CARTESIAN_POINT('',(70.957819923292,39.958567845332));
#5997 = CARTESIAN_POINT('',(67.70799625077,40.08895594574));
#5998 = CARTESIAN_POINT('',(64.457441176368,40.094081047762));
#5999 = CARTESIAN_POINT('',(57.964216396877,39.853962143088));
#6000 = CARTESIAN_POINT('',(54.722918076171,39.608768849892));
#6001 = CARTESIAN_POINT('',(51.491600936978,39.238708709214));
#6002 = CARTESIAN_POINT('',(48.275824244321,38.742751909698));
#6003 = CARTESIAN_POINT('',(45.081990553009,38.118884940497));
#6004 = CARTESIAN_POINT('',(41.917368295932,37.364020647871));
#6005 = CARTESIAN_POINT('',(38.790116460386,36.473889987927));
#6006 = CARTESIAN_POINT('',(34.635230719806,35.082121138831));
#6007 = CARTESIAN_POINT('',(33.566739533047,34.705065771278));
#6008 = CARTESIAN_POINT('',(32.504452702844,34.310544359303));
#6009 = CARTESIAN_POINT('',(31.448845748702,33.898280333332));
#6010 = CARTESIAN_POINT('',(30.400440712242,33.467976918954));
#6011 = CARTESIAN_POINT('',(29.359807340093,33.019314241969));
#6012 = CARTESIAN_POINT('',(28.327564266802,32.551946433439));
#6013 = CARTESIAN_POINT('',(26.089237506132,31.48778883349));
#6014 = CARTESIAN_POINT('',(24.886931395481,30.883195164586));
#6015 = CARTESIAN_POINT('',(23.698542962313,30.251074855048));
#6016 = CARTESIAN_POINT('',(22.525340768961,29.590755642855));
#6017 = CARTESIAN_POINT('',(21.368778439851,28.901540160891));
#6018 = CARTESIAN_POINT('',(20.230496928461,28.182702302478));
#6019 = CARTESIAN_POINT('',(19.112331454954,27.433475668481));
#6020 = CARTESIAN_POINT('',(16.8166206671,25.798754358422));
#6021 = CARTESIAN_POINT('',(15.643676993268,24.907222993309));
#6022 = CARTESIAN_POINT('',(14.500030188343,23.977290861215));
#6023 = CARTESIAN_POINT('',(13.38882027111,23.007906765959));
#6024 = CARTESIAN_POINT('',(12.313755598326,21.998155003794));
#6025 = CARTESIAN_POINT('',(11.279084343984,20.947287339459));
#6026 = CARTESIAN_POINT('',(10.2895710433,19.854749409132));
#6027 = CARTESIAN_POINT('',(8.695985748584,17.92948823655));
#6028 = CARTESIAN_POINT('',(8.066074896902,17.118480087313));
#6029 = CARTESIAN_POINT('',(7.462546162071,16.287106725018));
#6030 = CARTESIAN_POINT('',(6.887393204798,15.435459405404));
#6031 = CARTESIAN_POINT('',(6.342772177003,14.563810920839));
#6032 = CARTESIAN_POINT('',(5.830959415448,13.672642776917));
#6033 = CARTESIAN_POINT('',(5.354297482824,12.762679642309));
#6034 = CARTESIAN_POINT('',(4.266542160888,10.464781391789));
#6035 = CARTESIAN_POINT('',(3.699463577236,9.055272792194));
#6036 = CARTESIAN_POINT('',(3.221970905255,7.610486372434));
#6037 = CARTESIAN_POINT('',(2.841700743051,6.135675137734));
#6038 = CARTESIAN_POINT('',(2.565350194744,4.637370222686));
#6039 = CARTESIAN_POINT('',(2.398106180321,3.123496648227));
#6040 = CARTESIAN_POINT('',(2.342833402629,1.603527987982));
#6041 = CARTESIAN_POINT('',(2.398851326673,8.870931983203E-02));
#6042 = ( GEOMETRIC_REPRESENTATION_CONTEXT(2) 
PARAMETRIC_REPRESENTATION_CONTEXT() REPRESENTATION_CONTEXT('2D SPACE',''
  ) );
#6043 = ORIENTED_EDGE('',*,*,#6044,.T.);
#6044 = EDGE_CURVE('',#5479,#6045,#6047,.T.);
#6045 = VERTEX_POINT('',#6046);
#6046 = CARTESIAN_POINT('',(36.43262341986,-14.58550639085,10.35));
#6047 = SURFACE_CURVE('',#6048,(#6059,#6073),.PCURVE_S1.);
#6048 = B_SPLINE_CURVE_WITH_KNOTS('',5,(#6049,#6050,#6051,#6052,#6053,
    #6054,#6055,#6056,#6057,#6058),.UNSPECIFIED.,.F.,.F.,(6,4,6),(0.,
    0.433399366805,1.),.UNSPECIFIED.);
#6049 = CARTESIAN_POINT('',(36.521519623312,-14.49888751032,
    6.349953287698));
#6050 = CARTESIAN_POINT('',(36.51585009329,-14.50460838857,6.69672134091
    ));
#6051 = CARTESIAN_POINT('',(36.5101937542,-14.51028337479,7.043489740609
    ));
#6052 = CARTESIAN_POINT('',(36.504351350695,-14.51611464787,
    7.390255373855));
#6053 = CARTESIAN_POINT('',(36.498125609934,-14.52229254185,
    7.737014296939));
#6054 = CARTESIAN_POINT('',(36.482425613889,-14.53775865594,
    8.53707877557));
#6055 = CARTESIAN_POINT('',(36.472541012434,-14.54741901076,
    8.990375583928));
#6056 = CARTESIAN_POINT('',(36.461231226401,-14.55837290374,
    9.443641663764));
#6057 = CARTESIAN_POINT('',(36.448065400289,-14.57097750677,
    9.896858572267));
#6058 = CARTESIAN_POINT('',(36.432623399413,-14.58550641009,10.3500006)
  );
#6059 = PCURVE('',#1985,#6060);
#6060 = DEFINITIONAL_REPRESENTATION('',(#6061),#6072);
#6061 = B_SPLINE_CURVE_WITH_KNOTS('',5,(#6062,#6063,#6064,#6065,#6066,
    #6067,#6068,#6069,#6070,#6071),.UNSPECIFIED.,.F.,.F.,(6,4,6),(0.,
    0.433399366805,1.),.UNSPECIFIED.);
#6062 = CARTESIAN_POINT('',(0.710354130432,3.012222708125E-02));
#6063 = CARTESIAN_POINT('',(0.710142802312,3.45763313358E-02));
#6064 = CARTESIAN_POINT('',(0.709925803711,3.903396518869E-02));
#6065 = CARTESIAN_POINT('',(0.709702365799,4.349523239067E-02));
#6066 = CARTESIAN_POINT('',(0.709471750067,4.79602746083E-02));
#6067 = CARTESIAN_POINT('',(0.708921445295,5.827177286605E-02));
#6068 = CARTESIAN_POINT('',(0.708596164666,6.412102535654E-02));
#6069 = CARTESIAN_POINT('',(0.708255829094,6.997743169645E-02));
#6070 = CARTESIAN_POINT('',(0.707898959329,7.584143192537E-02));
#6071 = CARTESIAN_POINT('',(0.707524280066,8.171350622389E-02));
#6072 = ( GEOMETRIC_REPRESENTATION_CONTEXT(2) 
PARAMETRIC_REPRESENTATION_CONTEXT() REPRESENTATION_CONTEXT('2D SPACE',''
  ) );
#6073 = PCURVE('',#6074,#6079);
#6074 = CYLINDRICAL_SURFACE('',#6075,3.55);
#6075 = AXIS2_PLACEMENT_3D('',#6076,#6077,#6078);
#6076 = CARTESIAN_POINT('',(34.,-12.,0.));
#6077 = DIRECTION('',(-0.,-0.,-1.));
#6078 = DIRECTION('',(1.,0.,0.));
#6079 = DEFINITIONAL_REPRESENTATION('',(#6080),#6091);
#6080 = B_SPLINE_CURVE_WITH_KNOTS('',5,(#6081,#6082,#6083,#6084,#6085,
    #6086,#6087,#6088,#6089,#6090),.UNSPECIFIED.,.F.,.F.,(6,4,6),(
    1.167643030998E-05,0.433399366805,0.999999849954),.UNSPECIFIED.);
#6081 = CARTESIAN_POINT('',(-5.502294831048,-6.34999999996));
#6082 = CARTESIAN_POINT('',(-5.500026071819,-6.696758710758));
#6083 = CARTESIAN_POINT('',(-5.497769100058,-7.043517767771));
#6084 = CARTESIAN_POINT('',(-5.495443948619,-7.390274058268));
#6085 = CARTESIAN_POINT('',(-5.492973386074,-7.737023638836));
#6086 = CARTESIAN_POINT('',(-5.486765462776,-8.537078655523));
#6087 = CARTESIAN_POINT('',(-5.482872181216,-8.990375343846));
#6088 = CARTESIAN_POINT('',(-5.478437072185,-9.443641303665));
#6089 = CARTESIAN_POINT('',(-5.473302961641,-9.896858092188));
#6090 = CARTESIAN_POINT('',(-5.467330439418,-10.35));
#6091 = ( GEOMETRIC_REPRESENTATION_CONTEXT(2) 
PARAMETRIC_REPRESENTATION_CONTEXT() REPRESENTATION_CONTEXT('2D SPACE',''
  ) );
#6092 = ORIENTED_EDGE('',*,*,#6093,.F.);
#6093 = EDGE_CURVE('',#6094,#6045,#6096,.T.);
#6094 = VERTEX_POINT('',#6095);
#6095 = CARTESIAN_POINT('',(36.541291542822,-13.94469465325,10.35));
#6096 = SURFACE_CURVE('',#6097,(#6104,#6114),.PCURVE_S1.);
#6097 = B_SPLINE_CURVE_WITH_KNOTS('',5,(#6098,#6099,#6100,#6101,#6102,
    #6103),.UNSPECIFIED.,.F.,.F.,(6,6),(0.,1.),
  .PIECEWISE_BEZIER_KNOTS.);
#6098 = CARTESIAN_POINT('',(37.278765097328,-8.45,10.35));
#6099 = CARTESIAN_POINT('',(37.131385097765,-9.877340977733,10.35));
#6100 = CARTESIAN_POINT('',(36.956106570442,-11.30179805421,10.35));
#6101 = CARTESIAN_POINT('',(36.752676942548,-12.72261972299,10.35));
#6102 = CARTESIAN_POINT('',(36.520749854915,-14.13898486762,10.35));
#6103 = CARTESIAN_POINT('',(36.259868192792,-15.55,10.35));
#6104 = PCURVE('',#1985,#6105);
#6105 = DEFINITIONAL_REPRESENTATION('',(#6106),#6113);
#6106 = B_SPLINE_CURVE_WITH_KNOTS('',5,(#6107,#6108,#6109,#6110,#6111,
    #6112),.UNSPECIFIED.,.F.,.F.,(6,6),(0.,1.),
  .PIECEWISE_BEZIER_KNOTS.);
#6107 = CARTESIAN_POINT('',(0.724309436091,8.171349844875E-02));
#6108 = CARTESIAN_POINT('',(0.720445334146,8.171349844875E-02));
#6109 = CARTESIAN_POINT('',(0.716569944065,8.171349844875E-02));
#6110 = CARTESIAN_POINT('',(0.712680330273,8.171349844875E-02));
#6111 = CARTESIAN_POINT('',(0.708773515651,8.171349844875E-02));
#6112 = CARTESIAN_POINT('',(0.704846272335,8.171349844875E-02));
#6113 = ( GEOMETRIC_REPRESENTATION_CONTEXT(2) 
PARAMETRIC_REPRESENTATION_CONTEXT() REPRESENTATION_CONTEXT('2D SPACE',''
  ) );
#6114 = PCURVE('',#6115,#6120);
#6115 = PLANE('',#6116);
#6116 = AXIS2_PLACEMENT_3D('',#6117,#6118,#6119);
#6117 = CARTESIAN_POINT('',(34.,-12.,10.35));
#6118 = DIRECTION('',(0.,0.,1.));
#6119 = DIRECTION('',(1.,0.,-0.));
#6120 = DEFINITIONAL_REPRESENTATION('',(#6121),#6128);
#6121 = B_SPLINE_CURVE_WITH_KNOTS('',5,(#6122,#6123,#6124,#6125,#6126,
    #6127),.UNSPECIFIED.,.F.,.F.,(6,6),(0.,1.),
  .PIECEWISE_BEZIER_KNOTS.);
#6122 = CARTESIAN_POINT('',(3.278765097328,3.55));
#6123 = CARTESIAN_POINT('',(3.131385097765,2.122659022267));
#6124 = CARTESIAN_POINT('',(2.956106570442,0.698201945784));
#6125 = CARTESIAN_POINT('',(2.752676942548,-0.722619722995));
#6126 = CARTESIAN_POINT('',(2.520749854915,-2.138984867622));
#6127 = CARTESIAN_POINT('',(2.259868192792,-3.55));
#6128 = ( GEOMETRIC_REPRESENTATION_CONTEXT(2) 
PARAMETRIC_REPRESENTATION_CONTEXT() REPRESENTATION_CONTEXT('2D SPACE',''
  ) );
#6129 = ORIENTED_EDGE('',*,*,#6130,.T.);
#6130 = EDGE_CURVE('',#6094,#6131,#6133,.T.);
#6131 = VERTEX_POINT('',#6132);
#6132 = CARTESIAN_POINT('',(36.389741762882,-14.12817628657,13.35));
#6133 = SURFACE_CURVE('',#6134,(#6142,#6153),.PCURVE_S1.);
#6134 = B_SPLINE_CURVE_WITH_KNOTS('',6,(#6135,#6136,#6137,#6138,#6139,
    #6140,#6141),.UNSPECIFIED.,.F.,.F.,(7,7),(0.,1.),
  .PIECEWISE_BEZIER_KNOTS.);
#6135 = CARTESIAN_POINT('',(36.54129156283,-13.9446946271,10.3499994));
#6136 = CARTESIAN_POINT('',(36.524601654893,-13.96650469519,
    10.850479641501));
#6137 = CARTESIAN_POINT('',(36.505134467194,-13.99147866082,
    11.350835205935));
#6138 = CARTESIAN_POINT('',(36.482383299075,-14.02001165272,
    11.851019290196));
#6139 = CARTESIAN_POINT('',(36.455863160512,-14.05233239466,
    12.350979569177));
#6140 = CARTESIAN_POINT('',(36.42512190978,-14.08844771157,
    12.850660215295));
#6141 = CARTESIAN_POINT('',(36.38974172037,-14.12817633431,13.3500006));
#6142 = PCURVE('',#1985,#6143);
#6143 = DEFINITIONAL_REPRESENTATION('',(#6144),#6152);
#6144 = B_SPLINE_CURVE_WITH_KNOTS('',6,(#6145,#6146,#6147,#6148,#6149,
    #6150,#6151),.UNSPECIFIED.,.F.,.F.,(7,7),(0.,1.),
  .PIECEWISE_BEZIER_KNOTS.);
#6145 = CARTESIAN_POINT('',(0.709296717544,8.171349067361E-02));
#6146 = CARTESIAN_POINT('',(0.708870942461,8.819900067618E-02));
#6147 = CARTESIAN_POINT('',(0.708421926682,9.469348653741E-02));
#6148 = CARTESIAN_POINT('',(0.707947986208,0.101197285656));
#6149 = CARTESIAN_POINT('',(0.707447861161,0.107710799126));
#6150 = CARTESIAN_POINT('',(0.706920862102,0.11423451395));
#6151 = CARTESIAN_POINT('',(0.706366786741,0.12076898452));
#6152 = ( GEOMETRIC_REPRESENTATION_CONTEXT(2) 
PARAMETRIC_REPRESENTATION_CONTEXT() REPRESENTATION_CONTEXT('2D SPACE',''
  ) );
#6153 = PCURVE('',#6154,#6159);
#6154 = CYLINDRICAL_SURFACE('',#6155,3.2);
#6155 = AXIS2_PLACEMENT_3D('',#6156,#6157,#6158);
#6156 = CARTESIAN_POINT('',(34.,-12.,10.35));
#6157 = DIRECTION('',(-0.,-0.,-1.));
#6158 = DIRECTION('',(1.,0.,0.));
#6159 = DEFINITIONAL_REPRESENTATION('',(#6160),#6168);
#6160 = B_SPLINE_CURVE_WITH_KNOTS('',6,(#6161,#6162,#6163,#6164,#6165,
    #6166,#6167),.UNSPECIFIED.,.F.,.F.,(7,7),(0.,1.),
  .PIECEWISE_BEZIER_KNOTS.);
#6161 = CARTESIAN_POINT('',(-5.630002558392,5.999999999062E-07));
#6162 = CARTESIAN_POINT('',(-5.621420281409,-0.500479641501));
#6163 = CARTESIAN_POINT('',(-5.611525374796,-1.000835205934));
#6164 = CARTESIAN_POINT('',(-5.600122399935,-1.501019290196));
#6165 = CARTESIAN_POINT('',(-5.587059644992,-2.000979569177));
#6166 = CARTESIAN_POINT('',(-5.572242354857,-2.500660215295));
#6167 = CARTESIAN_POINT('',(-5.555617703582,-3.0000006));
#6168 = ( GEOMETRIC_REPRESENTATION_CONTEXT(2) 
PARAMETRIC_REPRESENTATION_CONTEXT() REPRESENTATION_CONTEXT('2D SPACE',''
  ) );
#6169 = ORIENTED_EDGE('',*,*,#6170,.F.);
#6170 = EDGE_CURVE('',#6171,#6131,#6173,.T.);
#6171 = VERTEX_POINT('',#6172);
#6172 = CARTESIAN_POINT('',(36.934216505751,-10.72313920203,13.35));
#6173 = SURFACE_CURVE('',#6174,(#6181,#6210),.PCURVE_S1.);
#6174 = B_SPLINE_CURVE_WITH_KNOTS('',5,(#6175,#6176,#6177,#6178,#6179,
    #6180),.UNSPECIFIED.,.F.,.F.,(6,6),(0.29932748491,0.831675988881),
  .PIECEWISE_BEZIER_KNOTS.);
#6175 = CARTESIAN_POINT('',(36.934216507929,-10.72313920234,13.35));
#6176 = CARTESIAN_POINT('',(36.838744008563,-11.4062029877,13.35));
#6177 = CARTESIAN_POINT('',(36.736600679901,-12.08833449205,13.35));
#6178 = CARTESIAN_POINT('',(36.627748868118,-12.76943993631,13.35));
#6179 = CARTESIAN_POINT('',(36.512145527785,-13.44942130884,13.35));
#6180 = CARTESIAN_POINT('',(36.389741767644,-14.12817628743,13.35));
#6181 = PCURVE('',#1985,#6182);
#6182 = DEFINITIONAL_REPRESENTATION('',(#6183),#6209);
#6183 = B_SPLINE_CURVE_WITH_KNOTS('',3,(#6184,#6185,#6186,#6187,#6188,
    #6189,#6190,#6191,#6192,#6193,#6194,#6195,#6196,#6197,#6198,#6199,
    #6200,#6201,#6202,#6203,#6204,#6205,#6206,#6207,#6208),
  .UNSPECIFIED.,.F.,.F.,(4,1,1,1,1,1,1,1,1,1,1,1,1,1,1,1,1,1,1,1,1,1,4),
  (0.29932748491,0.323525144181,0.347722803453,0.371920462724,
    0.396118121995,0.420315781267,0.444513440538,0.46871109981,
    0.492908759081,0.517106418352,0.541304077624,0.565501736895,
    0.589699396167,0.613897055438,0.63809471471,0.662292373981,
    0.686490033252,0.710687692524,0.734885351795,0.759083011067,
    0.783280670338,0.807478329609,0.831675988881),
  .QUASI_UNIFORM_KNOTS.);
#6184 = CARTESIAN_POINT('',(0.715842388603,0.120768976667));
#6185 = CARTESIAN_POINT('',(0.715699404556,0.120768976667));
#6186 = CARTESIAN_POINT('',(0.715413387944,0.120768976668));
#6187 = CARTESIAN_POINT('',(0.714984215556,0.120768976668));
#6188 = CARTESIAN_POINT('',(0.71455489378,0.120768976669));
#6189 = CARTESIAN_POINT('',(0.714125420697,0.120768976669));
#6190 = CARTESIAN_POINT('',(0.713695794383,0.12076897667));
#6191 = CARTESIAN_POINT('',(0.713266012909,0.12076897667));
#6192 = CARTESIAN_POINT('',(0.712836074345,0.120768976671));
#6193 = CARTESIAN_POINT('',(0.712405976756,0.120768976671));
#6194 = CARTESIAN_POINT('',(0.711975718202,0.120768976671));
#6195 = CARTESIAN_POINT('',(0.711545296741,0.120768976671));
#6196 = CARTESIAN_POINT('',(0.711114710424,0.12076897667));
#6197 = CARTESIAN_POINT('',(0.7106839573,0.12076897667));
#6198 = CARTESIAN_POINT('',(0.710253035413,0.120768976669));
#6199 = CARTESIAN_POINT('',(0.709821942801,0.120768976669));
#6200 = CARTESIAN_POINT('',(0.709390677498,0.120768976668));
#6201 = CARTESIAN_POINT('',(0.708959237534,0.120768976667));
#6202 = CARTESIAN_POINT('',(0.708527620933,0.120768976667));
#6203 = CARTESIAN_POINT('',(0.708095825713,0.120768976666));
#6204 = CARTESIAN_POINT('',(0.707663849889,0.120768976665));
#6205 = CARTESIAN_POINT('',(0.707231691468,0.120768976665));
#6206 = CARTESIAN_POINT('',(0.706799348454,0.120768976665));
#6207 = CARTESIAN_POINT('',(0.706510995379,0.120768976665));
#6208 = CARTESIAN_POINT('',(0.706366787407,0.120768976665));
#6209 = ( GEOMETRIC_REPRESENTATION_CONTEXT(2) 
PARAMETRIC_REPRESENTATION_CONTEXT() REPRESENTATION_CONTEXT('2D SPACE',''
  ) );
#6210 = PCURVE('',#6211,#6216);
#6211 = PLANE('',#6212);
#6212 = AXIS2_PLACEMENT_3D('',#6213,#6214,#6215);
#6213 = CARTESIAN_POINT('',(33.,-13.5,13.35));
#6214 = DIRECTION('',(0.,0.,1.));
#6215 = DIRECTION('',(1.,0.,0.));
#6216 = DEFINITIONAL_REPRESENTATION('',(#6217),#6224);
#6217 = B_SPLINE_CURVE_WITH_KNOTS('',5,(#6218,#6219,#6220,#6221,#6222,
    #6223),.UNSPECIFIED.,.F.,.F.,(6,6),(0.29932748491,0.831675988881),
  .PIECEWISE_BEZIER_KNOTS.);
#6218 = CARTESIAN_POINT('',(3.934216507929,2.77686079766));
#6219 = CARTESIAN_POINT('',(3.838744008563,2.093797012299));
#6220 = CARTESIAN_POINT('',(3.736600679901,1.411665507944));
#6221 = CARTESIAN_POINT('',(3.627748868118,0.730560063689));
#6222 = CARTESIAN_POINT('',(3.512145527785,5.057869115668E-02));
#6223 = CARTESIAN_POINT('',(3.389741767644,-0.628176287433));
#6224 = ( GEOMETRIC_REPRESENTATION_CONTEXT(2) 
PARAMETRIC_REPRESENTATION_CONTEXT() REPRESENTATION_CONTEXT('2D SPACE',''
  ) );
#6225 = ORIENTED_EDGE('',*,*,#6226,.F.);
#6226 = EDGE_CURVE('',#6227,#6171,#6229,.T.);
#6227 = VERTEX_POINT('',#6228);
#6228 = CARTESIAN_POINT('',(36.965114818935,-10.5,13.35));
#6229 = SURFACE_CURVE('',#6230,(#6236,#6245),.PCURVE_S1.);
#6230 = B_SPLINE_CURVE_WITH_KNOTS('',4,(#6231,#6232,#6233,#6234,#6235),
  .UNSPECIFIED.,.F.,.F.,(5,5),(0.,1.),.PIECEWISE_BEZIER_KNOTS.);
#6231 = CARTESIAN_POINT('',(36.965114818935,-10.5,13.35));
#6232 = CARTESIAN_POINT('',(36.861970563478,-11.25193292871,13.35));
#6233 = CARTESIAN_POINT('',(36.750219059725,-12.002685607,13.35));
#6234 = CARTESIAN_POINT('',(36.629797469912,-12.7520983672,13.35));
#6235 = CARTESIAN_POINT('',(36.500626119647,-13.5,13.35));
#6236 = PCURVE('',#1985,#6237);
#6237 = DEFINITIONAL_REPRESENTATION('',(#6238),#6244);
#6238 = B_SPLINE_CURVE_WITH_KNOTS('',4,(#6239,#6240,#6241,#6242,#6243),
  .UNSPECIFIED.,.F.,.F.,(5,5),(0.,1.),.PIECEWISE_BEZIER_KNOTS.);
#6239 = CARTESIAN_POINT('',(0.716458691154,0.120768976668));
#6240 = CARTESIAN_POINT('',(0.714382744497,0.120768976668));
#6241 = CARTESIAN_POINT('',(0.712302332644,0.120768976668));
#6242 = CARTESIAN_POINT('',(0.710216881356,0.120768976668));
#6243 = CARTESIAN_POINT('',(0.708125788528,0.120768976668));
#6244 = ( GEOMETRIC_REPRESENTATION_CONTEXT(2) 
PARAMETRIC_REPRESENTATION_CONTEXT() REPRESENTATION_CONTEXT('2D SPACE',''
  ) );
#6245 = PCURVE('',#6211,#6246);
#6246 = DEFINITIONAL_REPRESENTATION('',(#6247),#6253);
#6247 = B_SPLINE_CURVE_WITH_KNOTS('',4,(#6248,#6249,#6250,#6251,#6252),
  .UNSPECIFIED.,.F.,.F.,(5,5),(0.,1.),.PIECEWISE_BEZIER_KNOTS.);
#6248 = CARTESIAN_POINT('',(3.965114818935,3.));
#6249 = CARTESIAN_POINT('',(3.861970563478,2.248067071289));
#6250 = CARTESIAN_POINT('',(3.750219059725,1.497314392995));
#6251 = CARTESIAN_POINT('',(3.629797469912,0.747901632799));
#6252 = CARTESIAN_POINT('',(3.500626119647,0.));
#6253 = ( GEOMETRIC_REPRESENTATION_CONTEXT(2) 
PARAMETRIC_REPRESENTATION_CONTEXT() REPRESENTATION_CONTEXT('2D SPACE',''
  ) );
#6254 = ORIENTED_EDGE('',*,*,#6255,.T.);
#6255 = EDGE_CURVE('',#6227,#6256,#6258,.T.);
#6256 = VERTEX_POINT('',#6257);
#6257 = CARTESIAN_POINT('',(37.043687071878,-10.5,10.35));
#6258 = SURFACE_CURVE('',#6259,(#6265,#6274),.PCURVE_S1.);
#6259 = B_SPLINE_CURVE_WITH_KNOTS('',4,(#6260,#6261,#6262,#6263,#6264),
  .UNSPECIFIED.,.F.,.F.,(5,5),(0.,1.),.PIECEWISE_BEZIER_KNOTS.);
#6260 = CARTESIAN_POINT('',(36.965114818935,-10.5,13.35));
#6261 = CARTESIAN_POINT('',(36.995798245297,-10.5,12.600348105833));
#6262 = CARTESIAN_POINT('',(37.017835900775,-10.5,11.850343949155));
#6263 = CARTESIAN_POINT('',(37.033142603195,-10.5,11.100206719163));
#6264 = CARTESIAN_POINT('',(37.043687071878,-10.5,10.35));
#6265 = PCURVE('',#1985,#6266);
#6266 = DEFINITIONAL_REPRESENTATION('',(#6267),#6273);
#6267 = B_SPLINE_CURVE_WITH_KNOTS('',4,(#6268,#6269,#6270,#6271,#6272),
  .UNSPECIFIED.,.F.,.F.,(5,5),(0.,1.),.PIECEWISE_BEZIER_KNOTS.);
#6268 = CARTESIAN_POINT('',(0.716458691154,0.120768976668));
#6269 = CARTESIAN_POINT('',(0.717083874044,0.11095887843));
#6270 = CARTESIAN_POINT('',(0.7176716001,0.101182257486));
#6271 = CARTESIAN_POINT('',(0.718223900606,9.143510738674E-02));
#6272 = CARTESIAN_POINT('',(0.718742683672,8.171349844875E-02));
#6273 = ( GEOMETRIC_REPRESENTATION_CONTEXT(2) 
PARAMETRIC_REPRESENTATION_CONTEXT() REPRESENTATION_CONTEXT('2D SPACE',''
  ) );
#6274 = PCURVE('',#6275,#6280);
#6275 = PLANE('',#6276);
#6276 = AXIS2_PLACEMENT_3D('',#6277,#6278,#6279);
#6277 = CARTESIAN_POINT('',(33.,-10.5,10.35));
#6278 = DIRECTION('',(0.,1.,0.));
#6279 = DIRECTION('',(0.,0.,1.));
#6280 = DEFINITIONAL_REPRESENTATION('',(#6281),#6287);
#6281 = B_SPLINE_CURVE_WITH_KNOTS('',4,(#6282,#6283,#6284,#6285,#6286),
  .UNSPECIFIED.,.F.,.F.,(5,5),(0.,1.),.PIECEWISE_BEZIER_KNOTS.);
#6282 = CARTESIAN_POINT('',(3.,3.965114818935));
#6283 = CARTESIAN_POINT('',(2.250348105833,3.995798245297));
#6284 = CARTESIAN_POINT('',(1.500343949155,4.017835900775));
#6285 = CARTESIAN_POINT('',(0.750206719163,4.033142603195));
#6286 = CARTESIAN_POINT('',(0.,4.043687071878));
#6287 = ( GEOMETRIC_REPRESENTATION_CONTEXT(2) 
PARAMETRIC_REPRESENTATION_CONTEXT() REPRESENTATION_CONTEXT('2D SPACE',''
  ) );
#6288 = ORIENTED_EDGE('',*,*,#6289,.F.);
#6289 = EDGE_CURVE('',#6290,#6256,#6292,.T.);
#6290 = VERTEX_POINT('',#6291);
#6291 = CARTESIAN_POINT('',(37.077327811024,-10.23009787177,10.35));
#6292 = SURFACE_CURVE('',#6293,(#6300,#6310),.PCURVE_S1.);
#6293 = B_SPLINE_CURVE_WITH_KNOTS('',5,(#6294,#6295,#6296,#6297,#6298,
    #6299),.UNSPECIFIED.,.F.,.F.,(6,6),(0.,1.),
  .PIECEWISE_BEZIER_KNOTS.);
#6294 = CARTESIAN_POINT('',(37.278765097328,-8.45,10.35));
#6295 = CARTESIAN_POINT('',(37.131385097765,-9.877340977733,10.35));
#6296 = CARTESIAN_POINT('',(36.956106570442,-11.30179805421,10.35));
#6297 = CARTESIAN_POINT('',(36.752676942548,-12.72261972299,10.35));
#6298 = CARTESIAN_POINT('',(36.520749854915,-14.13898486762,10.35));
#6299 = CARTESIAN_POINT('',(36.259868192792,-15.55,10.35));
#6300 = PCURVE('',#1985,#6301);
#6301 = DEFINITIONAL_REPRESENTATION('',(#6302),#6309);
#6302 = B_SPLINE_CURVE_WITH_KNOTS('',5,(#6303,#6304,#6305,#6306,#6307,
    #6308),.UNSPECIFIED.,.F.,.F.,(6,6),(0.,1.),
  .PIECEWISE_BEZIER_KNOTS.);
#6303 = CARTESIAN_POINT('',(0.724309436091,8.171349844875E-02));
#6304 = CARTESIAN_POINT('',(0.720445334146,8.171349844875E-02));
#6305 = CARTESIAN_POINT('',(0.716569944065,8.171349844875E-02));
#6306 = CARTESIAN_POINT('',(0.712680330273,8.171349844875E-02));
#6307 = CARTESIAN_POINT('',(0.708773515651,8.171349844875E-02));
#6308 = CARTESIAN_POINT('',(0.704846272335,8.171349844875E-02));
#6309 = ( GEOMETRIC_REPRESENTATION_CONTEXT(2) 
PARAMETRIC_REPRESENTATION_CONTEXT() REPRESENTATION_CONTEXT('2D SPACE',''
  ) );
#6310 = PCURVE('',#6115,#6311);
#6311 = DEFINITIONAL_REPRESENTATION('',(#6312),#6319);
#6312 = B_SPLINE_CURVE_WITH_KNOTS('',5,(#6313,#6314,#6315,#6316,#6317,
    #6318),.UNSPECIFIED.,.F.,.F.,(6,6),(0.,1.),
  .PIECEWISE_BEZIER_KNOTS.);
#6313 = CARTESIAN_POINT('',(3.278765097328,3.55));
#6314 = CARTESIAN_POINT('',(3.131385097765,2.122659022267));
#6315 = CARTESIAN_POINT('',(2.956106570442,0.698201945784));
#6316 = CARTESIAN_POINT('',(2.752676942548,-0.722619722995));
#6317 = CARTESIAN_POINT('',(2.520749854915,-2.138984867622));
#6318 = CARTESIAN_POINT('',(2.259868192792,-3.55));
#6319 = ( GEOMETRIC_REPRESENTATION_CONTEXT(2) 
PARAMETRIC_REPRESENTATION_CONTEXT() REPRESENTATION_CONTEXT('2D SPACE',''
  ) );
#6320 = ORIENTED_EDGE('',*,*,#6321,.T.);
#6321 = EDGE_CURVE('',#6290,#6322,#6324,.T.);
#6322 = VERTEX_POINT('',#6323);
#6323 = CARTESIAN_POINT('',(37.095110210903,-10.26138193315,6.35));
#6324 = SURFACE_CURVE('',#6325,(#6336,#6350),.PCURVE_S1.);
#6325 = B_SPLINE_CURVE_WITH_KNOTS('',5,(#6326,#6327,#6328,#6329,#6330,
    #6331,#6332,#6333,#6334,#6335),.UNSPECIFIED.,.F.,.F.,(6,4,6),(0.,
    0.612541902353,1.),.UNSPECIFIED.);
#6326 = CARTESIAN_POINT('',(37.077327804518,-10.23009786046,10.3500006)
  );
#6327 = CARTESIAN_POINT('',(37.082640954048,-10.23933583041,
    9.860009285398));
#6328 = CARTESIAN_POINT('',(37.086422019287,-10.24598999011,
    9.369983158793));
#6329 = CARTESIAN_POINT('',(37.089014212373,-10.25056779177,
    8.87994129962));
#6330 = CARTESIAN_POINT('',(37.090766721032,-10.25367018275,8.3898942942
    ));
#6331 = CARTESIAN_POINT('',(37.092851178598,-10.25736570401,
    7.589866796317));
#6332 = CARTESIAN_POINT('',(37.093468481174,-10.25846197891,
    7.279888622255));
#6333 = CARTESIAN_POINT('',(37.093987485144,-10.25938437584,
    6.969910045244));
#6334 = CARTESIAN_POINT('',(37.094502539617,-10.26030014879,
    6.659931514093));
#6335 = CARTESIAN_POINT('',(37.095110304036,-10.26138209895,
    6.349953287698));
#6336 = PCURVE('',#1985,#6337);
#6337 = DEFINITIONAL_REPRESENTATION('',(#6338),#6349);
#6338 = B_SPLINE_CURVE_WITH_KNOTS('',5,(#6339,#6340,#6341,#6342,#6343,
    #6344,#6345,#6346,#6347,#6348),.UNSPECIFIED.,.F.,.F.,(6,4,6),(0.,
    0.612541902353,1.),.UNSPECIFIED.);
#6339 = CARTESIAN_POINT('',(0.719477665005,8.171350622389E-02));
#6340 = CARTESIAN_POINT('',(0.719789941029,7.536391773093E-02));
#6341 = CARTESIAN_POINT('',(0.720096032869,6.902445331787E-02));
#6342 = CARTESIAN_POINT('',(0.720394887316,6.269432739117E-02));
#6343 = CARTESIAN_POINT('',(0.720685233152,5.637283137204E-02));
#6344 = CARTESIAN_POINT('',(0.721143184903,4.606578914152E-02));
#6345 = CARTESIAN_POINT('',(0.721316688394,4.207544728579E-02));
#6346 = CARTESIAN_POINT('',(0.721485921537,3.808815359348E-02));
#6347 = CARTESIAN_POINT('',(0.721650540099,3.410377994984E-02));
#6348 = CARTESIAN_POINT('',(0.721810192337,3.012222708125E-02));
#6349 = ( GEOMETRIC_REPRESENTATION_CONTEXT(2) 
PARAMETRIC_REPRESENTATION_CONTEXT() REPRESENTATION_CONTEXT('2D SPACE',''
  ) );
#6350 = PCURVE('',#6074,#6351);
#6351 = DEFINITIONAL_REPRESENTATION('',(#6352),#6363);
#6352 = B_SPLINE_CURVE_WITH_KNOTS('',5,(#6353,#6354,#6355,#6356,#6357,
    #6358,#6359,#6360,#6361,#6362),.UNSPECIFIED.,.F.,.F.,(6,4,6),(
    1.500129216488E-07,0.612541902353,0.999988322364),.UNSPECIFIED.);
#6353 = CARTESIAN_POINT('',(-6.805126701665,-10.35));
#6354 = CARTESIAN_POINT('',(-6.802124757861,-9.860008805364));
#6355 = CARTESIAN_POINT('',(-6.799968902193,-9.369982798756));
#6356 = CARTESIAN_POINT('',(-6.798486986383,-8.879941059592));
#6357 = CARTESIAN_POINT('',(-6.797483282002,-8.389894174186));
#6358 = CARTESIAN_POINT('',(-6.796288124981,-7.589876138747));
#6359 = CARTESIAN_POINT('',(-6.795933730733,-7.279907307177));
#6360 = CARTESIAN_POINT('',(-6.795635599457,-6.969938072665));
#6361 = CARTESIAN_POINT('',(-6.795339642953,-6.659968883981));
#6362 = CARTESIAN_POINT('',(-6.79499009239,-6.350000000013));
#6363 = ( GEOMETRIC_REPRESENTATION_CONTEXT(2) 
PARAMETRIC_REPRESENTATION_CONTEXT() REPRESENTATION_CONTEXT('2D SPACE',''
  ) );
#6364 = ORIENTED_EDGE('',*,*,#6365,.F.);
#6365 = EDGE_CURVE('',#6366,#6322,#6368,.T.);
#6366 = VERTEX_POINT('',#6367);
#6367 = CARTESIAN_POINT('',(25.592830959947,44.575185035278,6.35));
#6368 = SURFACE_CURVE('',#6369,(#6554,#6742),.PCURVE_S1.);
#6369 = B_SPLINE_CURVE_WITH_KNOTS('',8,(#6370,#6371,#6372,#6373,#6374,
    #6375,#6376,#6377,#6378,#6379,#6380,#6381,#6382,#6383,#6384,#6385,
    #6386,#6387,#6388,#6389,#6390,#6391,#6392,#6393,#6394,#6395,#6396,
    #6397,#6398,#6399,#6400,#6401,#6402,#6403,#6404,#6405,#6406,#6407,
    #6408,#6409,#6410,#6411,#6412,#6413,#6414,#6415,#6416,#6417,#6418,
    #6419,#6420,#6421,#6422,#6423,#6424,#6425,#6426,#6427,#6428,#6429,
    #6430,#6431,#6432,#6433,#6434,#6435,#6436,#6437,#6438,#6439,#6440,
    #6441,#6442,#6443,#6444,#6445,#6446,#6447,#6448,#6449,#6450,#6451,
    #6452,#6453,#6454,#6455,#6456,#6457,#6458,#6459,#6460,#6461,#6462,
    #6463,#6464,#6465,#6466,#6467,#6468,#6469,#6470,#6471,#6472,#6473,
    #6474,#6475,#6476,#6477,#6478,#6479,#6480,#6481,#6482,#6483,#6484,
    #6485,#6486,#6487,#6488,#6489,#6490,#6491,#6492,#6493,#6494,#6495,
    #6496,#6497,#6498,#6499,#6500,#6501,#6502,#6503,#6504,#6505,#6506,
    #6507,#6508,#6509,#6510,#6511,#6512,#6513,#6514,#6515,#6516,#6517,
    #6518,#6519,#6520,#6521,#6522,#6523,#6524,#6525,#6526,#6527,#6528,
    #6529,#6530,#6531,#6532,#6533,#6534,#6535,#6536,#6537,#6538,#6539,
    #6540,#6541,#6542,#6543,#6544,#6545,#6546,#6547,#6548,#6549,#6550,
    #6551,#6552,#6553),.UNSPECIFIED.,.T.,.F.,(9,7,7,7,7,7,7,7,7,7,7,7,7,
    7,7,7,7,7,7,7,7,7,7,7,7,7,9),(0.,3.889914435276E-02,
    6.523833065353E-02,0.1030308728,0.13755688428,0.166628744505,
    0.249996729581,0.333364714666,0.362436574893,0.396962586378,
    0.434755128515,0.461094314768,0.482439145386,0.500000942956,
    0.525337025412,0.538906530651,0.565245668611,0.603038141455,
    0.637564089636,0.666635896559,0.750003728788,0.833371561009,
    0.862443367931,0.896969316108,0.934761788962,0.961100926969,1.),
  .UNSPECIFIED.);
#6370 = CARTESIAN_POINT('',(3.558628717824E-14,60.59950900212,6.35));
#6371 = CARTESIAN_POINT('',(1.515854084401,60.599509059478,6.35));
#6372 = CARTESIAN_POINT('',(3.032741933519,60.488104116763,6.35));
#6373 = CARTESIAN_POINT('',(4.539401001582,60.265029661805,6.35));
#6374 = CARTESIAN_POINT('',(6.026470050037,59.933498533362,6.35));
#6375 = CARTESIAN_POINT('',(7.486221152037,59.498986974882,6.35));
#6376 = CARTESIAN_POINT('',(8.912375123319,58.968428871816,6.35));
#6377 = CARTESIAN_POINT('',(10.299964754602,58.34964972905,6.35));
#6378 = CARTESIAN_POINT('',(12.556095786482,57.177719365448,6.35));
#6379 = CARTESIAN_POINT('',(13.447822486865,56.667755644994,6.35));
#6380 = CARTESIAN_POINT('',(14.319468047807,56.123359668038,6.35));
#6381 = CARTESIAN_POINT('',(15.170394864219,55.546899177046,6.35));
#6382 = CARTESIAN_POINT('',(16.000205880644,54.94066674779,6.35));
#6383 = CARTESIAN_POINT('',(16.808708170903,54.306827140361,6.35));
#6384 = CARTESIAN_POINT('',(17.595884216639,53.647376026012,6.35));
#6385 = CARTESIAN_POINT('',(19.460939929991,51.983731875278,6.35));
#6386 = CARTESIAN_POINT('',(20.51616447113,50.954520104444,6.35));
#6387 = CARTESIAN_POINT('',(21.528078412763,49.881721135751,6.35));
#6388 = CARTESIAN_POINT('',(22.497411811818,48.77007576364,6.35));
#6389 = CARTESIAN_POINT('',(23.425069382283,47.623801609585,6.35));
#6390 = CARTESIAN_POINT('',(24.312103243473,46.446570657807,6.35));
#6391 = CARTESIAN_POINT('',(25.159679911852,45.24148193569,6.35));
#6392 = CARTESIAN_POINT('',(26.708447411561,42.886928684032,6.35));
#6393 = CARTESIAN_POINT('',(27.415840860574,41.741839568061,6.35));
#6394 = CARTESIAN_POINT('',(28.092122909998,40.577771161354,6.35));
#6395 = CARTESIAN_POINT('',(28.738127255396,39.396529108501,6.35));
#6396 = CARTESIAN_POINT('',(29.354640148342,38.199726409096,6.35));
#6397 = CARTESIAN_POINT('',(29.942412197805,36.988789923692,6.35));
#6398 = CARTESIAN_POINT('',(30.502162085907,35.764962504909,6.35));
#6399 = CARTESIAN_POINT('',(31.48287620981,33.488839069717,6.35));
#6400 = CARTESIAN_POINT('',(31.911778591661,32.440029660123,6.35));
#6401 = CARTESIAN_POINT('',(32.32167855802,31.38352692443,6.35));
#6402 = CARTESIAN_POINT('',(32.712944603003,30.319936293151,6.35));
#6403 = CARTESIAN_POINT('',(33.085917437111,29.249815302908,6.35));
#6404 = CARTESIAN_POINT('',(33.440912923908,28.173674671538,6.35));
#6405 = CARTESIAN_POINT('',(33.778225016714,27.091979373209,6.35));
#6406 = CARTESIAN_POINT('',(35.015500834332,22.888499315216,6.35));
#6407 = CARTESIAN_POINT('',(35.789456967768,19.730489097153,6.35));
#6408 = CARTESIAN_POINT('',(36.426858117626,16.540132705395,6.35));
#6409 = CARTESIAN_POINT('',(36.932271923739,13.325425794233,6.35));
#6410 = CARTESIAN_POINT('',(37.3090520344,10.093517745573,6.35));
#6411 = CARTESIAN_POINT('',(37.559447188604,6.850732333793,6.35));
#6412 = CARTESIAN_POINT('',(37.684691935458,3.602586969308,6.35));
#6413 = CARTESIAN_POINT('',(37.684691935213,-2.895076081812,6.35));
#6414 = CARTESIAN_POINT('',(37.559447188082,-6.143221446435,6.35));
#6415 = CARTESIAN_POINT('',(37.309052033744,-9.386006858869,6.35));
#6416 = CARTESIAN_POINT('',(36.932271923206,-12.61791490721,6.35));
#6417 = CARTESIAN_POINT('',(36.426858117548,-15.83262181941,6.35));
#6418 = CARTESIAN_POINT('',(35.789456968383,-19.02297821117,6.35));
#6419 = CARTESIAN_POINT('',(35.015500835576,-22.18098842987,6.35));
#6420 = CARTESIAN_POINT('',(33.778225018351,-26.38446848838,6.35));
#6421 = CARTESIAN_POINT('',(33.440912925609,-27.46616378683,6.35));
#6422 = CARTESIAN_POINT('',(33.085917438826,-28.54230441831,6.35));
#6423 = CARTESIAN_POINT('',(32.712944604669,-29.61242540863,6.35));
#6424 = CARTESIAN_POINT('',(32.321678559562,-30.67601603997,6.35));
#6425 = CARTESIAN_POINT('',(31.911778592998,-31.73251877569,6.35));
#6426 = CARTESIAN_POINT('',(31.482876210855,-32.78132818527,6.35));
#6427 = CARTESIAN_POINT('',(30.502162086102,-35.05745162038,6.35));
#6428 = CARTESIAN_POINT('',(29.9424121974,-36.28127903909,6.35));
#6429 = CARTESIAN_POINT('',(29.354640147215,-37.49221552434,6.35));
#6430 = CARTESIAN_POINT('',(28.738127253434,-38.68901822352,6.35));
#6431 = CARTESIAN_POINT('',(28.092122907108,-39.87026027607,6.35));
#6432 = CARTESIAN_POINT('',(27.415840856697,-41.03432868241,6.35));
#6433 = CARTESIAN_POINT('',(26.708447406695,-42.17941779797,6.35));
#6434 = CARTESIAN_POINT('',(25.159679905342,-44.5339710483,6.35));
#6435 = CARTESIAN_POINT('',(24.312103236349,-45.73905976952,6.35));
#6436 = CARTESIAN_POINT('',(23.425069374717,-46.91629072046,6.35));
#6437 = CARTESIAN_POINT('',(22.49741180407,-48.06256487384,6.35));
#6438 = CARTESIAN_POINT('',(21.528078405177,-49.17421024555,6.35));
#6439 = CARTESIAN_POINT('',(20.516164464112,-50.24700921421,6.35));
#6440 = CARTESIAN_POINT('',(19.460939923953,-51.27622098544,6.35));
#6441 = CARTESIAN_POINT('',(17.595884213949,-52.93986513663,6.35));
#6442 = CARTESIAN_POINT('',(16.808708170498,-53.59931625084,6.35));
#6443 = CARTESIAN_POINT('',(16.000205882711,-54.23315585843,6.35));
#6444 = CARTESIAN_POINT('',(15.170394868893,-54.83938828814,6.35));
#6445 = CARTESIAN_POINT('',(14.319468055163,-55.41584877983,6.35));
#6446 = CARTESIAN_POINT('',(13.447822496901,-55.96024475763,6.35));
#6447 = CARTESIAN_POINT('',(12.556095799117,-56.47020847895,6.35));
#6448 = CARTESIAN_POINT('',(10.907043997609,-57.32679595471,6.35));
#6449 = CARTESIAN_POINT('',(10.156300983355,-57.68605413054,6.35));
#6450 = CARTESIAN_POINT('',(9.393509226236,-58.0198513526,6.35));
#6451 = CARTESIAN_POINT('',(8.619326093591,-58.32690739102,6.35));
#6452 = CARTESIAN_POINT('',(7.834548484226,-58.60597339411,6.35));
#6453 = CARTESIAN_POINT('',(7.040125777628,-58.85586695241,6.35));
#6454 = CARTESIAN_POINT('',(6.237175534995,-59.07551485309,6.35));
#6455 = CARTESIAN_POINT('',(4.760418707827,-59.41908578209,6.35));
#6456 = CARTESIAN_POINT('',(4.088904594929,-59.55308411127,6.35));
#6457 = CARTESIAN_POINT('',(3.413196293651,-59.66548415145,6.35));
#6458 = CARTESIAN_POINT('',(2.734065075202,-59.75585726177,6.35));
#6459 = CARTESIAN_POINT('',(2.052317745715,-59.82386927718,6.35));
#6460 = CARTESIAN_POINT('',(1.368797590236,-59.86928926444,6.35));
#6461 = CARTESIAN_POINT('',(0.684385316717,-59.89199827814,6.35));
#6462 = CARTESIAN_POINT('',(-0.98735019991,-59.89199817976,6.35));
#6463 = CARTESIAN_POINT('',(-1.974854038483,-59.84473387917,6.35));
#6464 = CARTESIAN_POINT('',(-2.95963676467,-59.75018044207,6.35));
#6465 = CARTESIAN_POINT('',(-3.939059260987,-59.60887387608,6.35));
#6466 = CARTESIAN_POINT('',(-4.91070366971,-59.42181617408,6.35));
#6467 = CARTESIAN_POINT('',(-5.87236123813,-59.19039599387,6.35));
#6468 = CARTESIAN_POINT('',(-6.822022382897,-58.91632481253,6.35));
#6469 = CARTESIAN_POINT('',(-8.25908991581,-58.43302206146,6.35));
#6470 = CARTESIAN_POINT('',(-8.756385144454,-58.25277819666,6.35));
#6471 = CARTESIAN_POINT('',(-9.249497903324,-58.06115146814,6.35));
#6472 = CARTESIAN_POINT('',(-9.738199471424,-57.85845054457,6.35));
#6473 = CARTESIAN_POINT('',(-10.22228754839,-57.6449944551,6.35));
#6474 = CARTESIAN_POINT('',(-10.70158464008,-57.42110878792,6.35));
#6475 = CARTESIAN_POINT('',(-11.17593644416,-57.18712188871,6.35));
#6476 = CARTESIAN_POINT('',(-12.55609579911,-56.47020847895,6.35));
#6477 = CARTESIAN_POINT('',(-13.4478224969,-55.96024475762,6.35));
#6478 = CARTESIAN_POINT('',(-14.31946805516,-55.41584877983,6.35));
#6479 = CARTESIAN_POINT('',(-15.17039486889,-54.83938828814,6.35));
#6480 = CARTESIAN_POINT('',(-16.00020588271,-54.23315585843,6.35));
#6481 = CARTESIAN_POINT('',(-16.8087081705,-53.59931625083,6.35));
#6482 = CARTESIAN_POINT('',(-17.59588421394,-52.93986513663,6.35));
#6483 = CARTESIAN_POINT('',(-19.46093992395,-51.27622098545,6.35));
#6484 = CARTESIAN_POINT('',(-20.5161644641,-50.2470092142,6.35));
#6485 = CARTESIAN_POINT('',(-21.52807840517,-49.17421024555,6.35));
#6486 = CARTESIAN_POINT('',(-22.49741180407,-48.06256487385,6.35));
#6487 = CARTESIAN_POINT('',(-23.42506937471,-46.91629072046,6.35));
#6488 = CARTESIAN_POINT('',(-24.31210323634,-45.73905976951,6.35));
#6489 = CARTESIAN_POINT('',(-25.15967990534,-44.5339710483,6.35));
#6490 = CARTESIAN_POINT('',(-26.70844740669,-42.17941779797,6.35));
#6491 = CARTESIAN_POINT('',(-27.4158408567,-41.0343286824,6.35));
#6492 = CARTESIAN_POINT('',(-28.0921229071,-39.87026027607,6.35));
#6493 = CARTESIAN_POINT('',(-28.73812725343,-38.68901822352,6.35));
#6494 = CARTESIAN_POINT('',(-29.35464014721,-37.49221552434,6.35));
#6495 = CARTESIAN_POINT('',(-29.9424121974,-36.28127903908,6.35));
#6496 = CARTESIAN_POINT('',(-30.50216208609,-35.05745162039,6.35));
#6497 = CARTESIAN_POINT('',(-31.48287621085,-32.78132818527,6.35));
#6498 = CARTESIAN_POINT('',(-31.91177859299,-31.73251877569,6.35));
#6499 = CARTESIAN_POINT('',(-32.32167855956,-30.67601603997,6.35));
#6500 = CARTESIAN_POINT('',(-32.71294460466,-29.61242540863,6.35));
#6501 = CARTESIAN_POINT('',(-33.08591743882,-28.54230441831,6.35));
#6502 = CARTESIAN_POINT('',(-33.44091292561,-27.46616378683,6.35));
#6503 = CARTESIAN_POINT('',(-33.77822501835,-26.38446848838,6.35));
#6504 = CARTESIAN_POINT('',(-35.01550083554,-22.18098842979,6.35));
#6505 = CARTESIAN_POINT('',(-35.78945696854,-19.02297821149,6.35));
#6506 = CARTESIAN_POINT('',(-36.42685811719,-15.83262181877,6.35));
#6507 = CARTESIAN_POINT('',(-36.93227192367,-12.617914908,6.35));
#6508 = CARTESIAN_POINT('',(-37.30905203337,-9.386006858283,6.35));
#6509 = CARTESIAN_POINT('',(-37.55944718825,-6.143221446693,6.35));
#6510 = CARTESIAN_POINT('',(-37.68469193517,-2.895076081757,6.35));
#6511 = CARTESIAN_POINT('',(-37.68469193545,3.602586969324,6.35));
#6512 = CARTESIAN_POINT('',(-37.55944718863,6.850732333718,6.35));
#6513 = CARTESIAN_POINT('',(-37.30905203432,10.093517745746,6.35));
#6514 = CARTESIAN_POINT('',(-36.93227192385,13.325425794002,6.35));
#6515 = CARTESIAN_POINT('',(-36.42685811751,16.540132705585,6.35));
#6516 = CARTESIAN_POINT('',(-35.78945696782,19.730489097062,6.35));
#6517 = CARTESIAN_POINT('',(-35.01550083431,22.888499315237,6.35));
#6518 = CARTESIAN_POINT('',(-33.77822501671,27.091979373209,6.35));
#6519 = CARTESIAN_POINT('',(-33.4409129239,28.173674671538,6.35));
#6520 = CARTESIAN_POINT('',(-33.08591743711,29.249815302908,6.35));
#6521 = CARTESIAN_POINT('',(-32.712944603,30.319936293152,6.35));
#6522 = CARTESIAN_POINT('',(-32.32167855802,31.383526924431,6.35));
#6523 = CARTESIAN_POINT('',(-31.91177859166,32.440029660124,6.35));
#6524 = CARTESIAN_POINT('',(-31.48287620981,33.488839069717,6.35));
#6525 = CARTESIAN_POINT('',(-30.5021620859,35.76496250491,6.35));
#6526 = CARTESIAN_POINT('',(-29.9424121978,36.988789923691,6.35));
#6527 = CARTESIAN_POINT('',(-29.35464014834,38.199726409097,6.35));
#6528 = CARTESIAN_POINT('',(-28.73812725539,39.396529108502,6.35));
#6529 = CARTESIAN_POINT('',(-28.09212290999,40.577771161354,6.35));
#6530 = CARTESIAN_POINT('',(-27.41584086057,41.74183956806,6.35));
#6531 = CARTESIAN_POINT('',(-26.70844741155,42.886928684033,6.35));
#6532 = CARTESIAN_POINT('',(-25.15967991185,45.241481935689,6.35));
#6533 = CARTESIAN_POINT('',(-24.31210324347,46.446570657808,6.35));
#6534 = CARTESIAN_POINT('',(-23.42506938228,47.623801609585,6.35));
#6535 = CARTESIAN_POINT('',(-22.49741181182,48.77007576364,6.35));
#6536 = CARTESIAN_POINT('',(-21.52807841276,49.881721135751,6.35));
#6537 = CARTESIAN_POINT('',(-20.51616447112,50.954520104445,6.35));
#6538 = CARTESIAN_POINT('',(-19.46093992999,51.983731875277,6.35));
#6539 = CARTESIAN_POINT('',(-17.59588421663,53.647376026012,6.35));
#6540 = CARTESIAN_POINT('',(-16.8087081709,54.306827140362,6.35));
#6541 = CARTESIAN_POINT('',(-16.00020588064,54.94066674779,6.35));
#6542 = CARTESIAN_POINT('',(-15.17039486421,55.546899177046,6.35));
#6543 = CARTESIAN_POINT('',(-14.3194680478,56.123359668038,6.35));
#6544 = CARTESIAN_POINT('',(-13.44782248686,56.667755644995,6.35));
#6545 = CARTESIAN_POINT('',(-12.55609578648,57.177719365447,6.35));
#6546 = CARTESIAN_POINT('',(-10.2999647546,58.349649729049,6.35));
#6547 = CARTESIAN_POINT('',(-8.912375123318,58.968428871817,6.35));
#6548 = CARTESIAN_POINT('',(-7.48622115204,59.498986974881,6.35));
#6549 = CARTESIAN_POINT('',(-6.026470050035,59.933498533361,6.35));
#6550 = CARTESIAN_POINT('',(-4.539401001578,60.265029661805,6.35));
#6551 = CARTESIAN_POINT('',(-3.032741933523,60.488104116761,6.35));
#6552 = CARTESIAN_POINT('',(-1.515854084399,60.599509059478,6.35));
#6553 = CARTESIAN_POINT('',(3.749128942389E-15,60.599509002119,6.35));
#6554 = PCURVE('',#1985,#6555);
#6555 = DEFINITIONAL_REPRESENTATION('',(#6556),#6741);
#6556 = B_SPLINE_CURVE_WITH_KNOTS('',8,(#6557,#6558,#6559,#6560,#6561,
    #6562,#6563,#6564,#6565,#6566,#6567,#6568,#6569,#6570,#6571,#6572,
    #6573,#6574,#6575,#6576,#6577,#6578,#6579,#6580,#6581,#6582,#6583,
    #6584,#6585,#6586,#6587,#6588,#6589,#6590,#6591,#6592,#6593,#6594,
    #6595,#6596,#6597,#6598,#6599,#6600,#6601,#6602,#6603,#6604,#6605,
    #6606,#6607,#6608,#6609,#6610,#6611,#6612,#6613,#6614,#6615,#6616,
    #6617,#6618,#6619,#6620,#6621,#6622,#6623,#6624,#6625,#6626,#6627,
    #6628,#6629,#6630,#6631,#6632,#6633,#6634,#6635,#6636,#6637,#6638,
    #6639,#6640,#6641,#6642,#6643,#6644,#6645,#6646,#6647,#6648,#6649,
    #6650,#6651,#6652,#6653,#6654,#6655,#6656,#6657,#6658,#6659,#6660,
    #6661,#6662,#6663,#6664,#6665,#6666,#6667,#6668,#6669,#6670,#6671,
    #6672,#6673,#6674,#6675,#6676,#6677,#6678,#6679,#6680,#6681,#6682,
    #6683,#6684,#6685,#6686,#6687,#6688,#6689,#6690,#6691,#6692,#6693,
    #6694,#6695,#6696,#6697,#6698,#6699,#6700,#6701,#6702,#6703,#6704,
    #6705,#6706,#6707,#6708,#6709,#6710,#6711,#6712,#6713,#6714,#6715,
    #6716,#6717,#6718,#6719,#6720,#6721,#6722,#6723,#6724,#6725,#6726,
    #6727,#6728,#6729,#6730,#6731,#6732,#6733,#6734,#6735,#6736,#6737,
    #6738,#6739,#6740),.UNSPECIFIED.,.F.,.F.,(9,7,7,7,7,7,7,7,7,7,7,7,7,
    7,7,7,7,7,7,7,7,7,7,7,7,7,9),(0.,3.889914435276E-02,
    6.523833065353E-02,0.1030308728,0.13755688428,0.166628744505,
    0.249996729581,0.333364714666,0.362436574893,0.396962586378,
    0.434755128515,0.461094314768,0.482439145386,0.500000942956,
    0.525337025412,0.538906530651,0.565245668611,0.603038141455,
    0.637564089636,0.666635896559,0.750003728788,0.833371561009,
    0.862443367931,0.896969316108,0.934761788962,0.961100926969,1.),
  .UNSPECIFIED.);
#6557 = CARTESIAN_POINT('',(1.,3.01228270831E-02));
#6558 = CARTESIAN_POINT('',(0.993598045611,3.01228270831E-02));
#6559 = CARTESIAN_POINT('',(0.987191726591,3.01228270831E-02));
#6560 = CARTESIAN_POINT('',(0.980812818419,3.01228270831E-02));
#6561 = CARTESIAN_POINT('',(0.974484994102,3.01228270831E-02));
#6562 = CARTESIAN_POINT('',(0.968226636433,3.01228270831E-02));
#6563 = CARTESIAN_POINT('',(0.962052366761,3.01228270831E-02));
#6564 = CARTESIAN_POINT('',(0.955973795549,3.01228270831E-02));
#6565 = CARTESIAN_POINT('',(0.945955054629,3.01228270831E-02));
#6566 = CARTESIAN_POINT('',(0.941957013376,3.01228270831E-02));
#6567 = CARTESIAN_POINT('',(0.938007538611,3.01228270831E-02));
#6568 = CARTESIAN_POINT('',(0.934107534595,3.01228270831E-02));
#6569 = CARTESIAN_POINT('',(0.930257282241,3.01228270831E-02));
#6570 = CARTESIAN_POINT('',(0.926456526586,3.01228270831E-02));
#6571 = CARTESIAN_POINT('',(0.922704516982,3.01228270831E-02));
#6572 = CARTESIAN_POINT('',(0.913684607468,3.01228270831E-02));
#6573 = CARTESIAN_POINT('',(0.908468057247,3.01228270831E-02));
#6574 = CARTESIAN_POINT('',(0.903346102431,3.01228270831E-02));
#6575 = CARTESIAN_POINT('',(0.898314524947,3.01228270831E-02));
#6576 = CARTESIAN_POINT('',(0.893368974039,3.01228270831E-02));
#6577 = CARTESIAN_POINT('',(0.88850481935,3.01228270831E-02));
#6578 = CARTESIAN_POINT('',(0.883717018623,3.01228270831E-02));
#6579 = CARTESIAN_POINT('',(0.87469068843,3.01228270831E-02));
#6580 = CARTESIAN_POINT('',(0.870441139456,3.01228270831E-02));
#6581 = CARTESIAN_POINT('',(0.866247441892,3.01228270831E-02));
#6582 = CARTESIAN_POINT('',(0.862106074132,3.01228270831E-02));
#6583 = CARTESIAN_POINT('',(0.858013762066,3.01228270831E-02));
#6584 = CARTESIAN_POINT('',(0.853967367431,3.01228270831E-02));
#6585 = CARTESIAN_POINT('',(0.849963806632,3.01228270831E-02));
#6586 = CARTESIAN_POINT('',(0.842662364767,3.01228270831E-02));
#6587 = CARTESIAN_POINT('',(0.839353048747,3.01228270831E-02));
#6588 = CARTESIAN_POINT('',(0.836070285746,3.01228270831E-02));
#6589 = CARTESIAN_POINT('',(0.832812430639,3.01228270831E-02));
#6590 = CARTESIAN_POINT('',(0.829577933938,3.01228270831E-02));
#6591 = CARTESIAN_POINT('',(0.826365316366,3.01228270831E-02));
#6592 = CARTESIAN_POINT('',(0.823173143432,3.01228270831E-02));
#6593 = CARTESIAN_POINT('',(0.810900528131,3.01228270831E-02));
#6594 = CARTESIAN_POINT('',(0.801960082035,3.01228270831E-02));
#6595 = CARTESIAN_POINT('',(0.793142555214,3.01228270831E-02));
#6596 = CARTESIAN_POINT('',(0.784420140487,3.01228270831E-02));
#6597 = CARTESIAN_POINT('',(0.775768160738,3.01228270831E-02));
#6598 = CARTESIAN_POINT('',(0.76716346849,3.01228270831E-02));
#6599 = CARTESIAN_POINT('',(0.758582639419,3.01228270831E-02));
#6600 = CARTESIAN_POINT('',(0.74141736058,3.01228270831E-02));
#6601 = CARTESIAN_POINT('',(0.732836531509,3.01228270831E-02));
#6602 = CARTESIAN_POINT('',(0.724231839261,3.01228270831E-02));
#6603 = CARTESIAN_POINT('',(0.715579859512,3.01228270831E-02));
#6604 = CARTESIAN_POINT('',(0.706857444785,3.01228270831E-02));
#6605 = CARTESIAN_POINT('',(0.698039917965,3.01228270831E-02));
#6606 = CARTESIAN_POINT('',(0.689099471869,3.01228270831E-02));
#6607 = CARTESIAN_POINT('',(0.676826856568,3.01228270831E-02));
#6608 = CARTESIAN_POINT('',(0.673634683634,3.01228270831E-02));
#6609 = CARTESIAN_POINT('',(0.670422066062,3.01228270831E-02));
#6610 = CARTESIAN_POINT('',(0.667187569361,3.01228270831E-02));
#6611 = CARTESIAN_POINT('',(0.663929714254,3.01228270831E-02));
#6612 = CARTESIAN_POINT('',(0.660646951253,3.01228270831E-02));
#6613 = CARTESIAN_POINT('',(0.657337635233,3.01228270831E-02));
#6614 = CARTESIAN_POINT('',(0.650036193367,3.01228270831E-02));
#6615 = CARTESIAN_POINT('',(0.646032632569,3.01228270831E-02));
#6616 = CARTESIAN_POINT('',(0.641986237934,3.01228270831E-02));
#6617 = CARTESIAN_POINT('',(0.637893925867,3.01228270831E-02));
#6618 = CARTESIAN_POINT('',(0.633752558108,3.01228270831E-02));
#6619 = CARTESIAN_POINT('',(0.629558860543,3.01228270831E-02));
#6620 = CARTESIAN_POINT('',(0.62530931157,3.01228270831E-02));
#6621 = CARTESIAN_POINT('',(0.616282981379,3.01228270831E-02));
#6622 = CARTESIAN_POINT('',(0.611495180654,3.01228270831E-02));
#6623 = CARTESIAN_POINT('',(0.606631025966,3.01228270831E-02));
#6624 = CARTESIAN_POINT('',(0.601685475059,3.01228270831E-02));
#6625 = CARTESIAN_POINT('',(0.596653897576,3.01228270831E-02));
#6626 = CARTESIAN_POINT('',(0.59153194276,3.01228270831E-02));
#6627 = CARTESIAN_POINT('',(0.586315392536,3.01228270831E-02));
#6628 = CARTESIAN_POINT('',(0.577295483021,3.01228270831E-02));
#6629 = CARTESIAN_POINT('',(0.573543473419,3.01228270831E-02));
#6630 = CARTESIAN_POINT('',(0.569742717765,3.01228270831E-02));
#6631 = CARTESIAN_POINT('',(0.56589246541,3.01228270831E-02));
#6632 = CARTESIAN_POINT('',(0.561992461393,3.01228270831E-02));
#6633 = CARTESIAN_POINT('',(0.558042986627,3.01228270831E-02));
#6634 = CARTESIAN_POINT('',(0.554044945372,3.01228270831E-02));
#6635 = CARTESIAN_POINT('',(0.546722044751,3.01228270831E-02));
#6636 = CARTESIAN_POINT('',(0.543413310406,3.01228270831E-02));
#6637 = CARTESIAN_POINT('',(0.540074846005,3.01228270831E-02));
#6638 = CARTESIAN_POINT('',(0.536708052836,3.01228270831E-02));
#6639 = CARTESIAN_POINT('',(0.533314707776,3.01228270831E-02));
#6640 = CARTESIAN_POINT('',(0.529897013279,3.01228270831E-02));
#6641 = CARTESIAN_POINT('',(0.526457673988,3.01228270831E-02));
#6642 = CARTESIAN_POINT('',(0.520155143944,3.01228270831E-02));
#6643 = CARTESIAN_POINT('',(0.517297699997,3.01228270831E-02));
#6644 = CARTESIAN_POINT('',(0.514429560792,3.01228270831E-02));
#6645 = CARTESIAN_POINT('',(0.511552674572,3.01228270831E-02));
#6646 = CARTESIAN_POINT('',(0.508669070711,3.01228270831E-02));
#6647 = CARTESIAN_POINT('',(0.50578088524,3.01228270831E-02));
#6648 = CARTESIAN_POINT('',(0.502890386366,3.01228270831E-02));
#6649 = CARTESIAN_POINT('',(0.495830092734,3.01228270831E-02));
#6650 = CARTESIAN_POINT('',(0.491659537353,3.01228270831E-02));
#6651 = CARTESIAN_POINT('',(0.487496110635,3.01228270831E-02));
#6652 = CARTESIAN_POINT('',(0.483346594194,3.01228270831E-02));
#6653 = CARTESIAN_POINT('',(0.479217004906,3.01228270831E-02));
#6654 = CARTESIAN_POINT('',(0.475112777601,3.01228270831E-02));
#6655 = CARTESIAN_POINT('',(0.471038900013,3.01228270831E-02));
#6656 = CARTESIAN_POINT('',(0.464836844943,3.01228270831E-02));
#6657 = CARTESIAN_POINT('',(0.462683564213,3.01228270831E-02));
#6658 = CARTESIAN_POINT('',(0.460540769141,3.01228270831E-02));
#6659 = CARTESIAN_POINT('',(0.458408987943,3.01228270831E-02));
#6660 = CARTESIAN_POINT('',(0.456288671836,3.01228270831E-02));
#6661 = CARTESIAN_POINT('',(0.454180201174,3.01228270831E-02));
#6662 = CARTESIAN_POINT('',(0.452083891565,3.01228270831E-02));
#6663 = CARTESIAN_POINT('',(0.445955054628,3.01228270831E-02));
#6664 = CARTESIAN_POINT('',(0.441957013373,3.01228270831E-02));
#6665 = CARTESIAN_POINT('',(0.438007538607,3.01228270831E-02));
#6666 = CARTESIAN_POINT('',(0.43410753459,3.01228270831E-02));
#6667 = CARTESIAN_POINT('',(0.430257282235,3.01228270831E-02));
#6668 = CARTESIAN_POINT('',(0.426456526581,3.01228270831E-02));
#6669 = CARTESIAN_POINT('',(0.422704516979,3.01228270831E-02));
#6670 = CARTESIAN_POINT('',(0.413684607464,3.01228270831E-02));
#6671 = CARTESIAN_POINT('',(0.40846805724,3.01228270831E-02));
#6672 = CARTESIAN_POINT('',(0.403346102424,3.01228270831E-02));
#6673 = CARTESIAN_POINT('',(0.398314524941,3.01228270831E-02));
#6674 = CARTESIAN_POINT('',(0.393368974034,3.01228270831E-02));
#6675 = CARTESIAN_POINT('',(0.388504819346,3.01228270831E-02));
#6676 = CARTESIAN_POINT('',(0.383717018621,3.01228270831E-02));
#6677 = CARTESIAN_POINT('',(0.37469068843,3.01228270831E-02));
#6678 = CARTESIAN_POINT('',(0.370441139456,3.01228270831E-02));
#6679 = CARTESIAN_POINT('',(0.366247441892,3.01228270831E-02));
#6680 = CARTESIAN_POINT('',(0.362106074133,3.01228270831E-02));
#6681 = CARTESIAN_POINT('',(0.358013762066,3.01228270831E-02));
#6682 = CARTESIAN_POINT('',(0.353967367431,3.01228270831E-02));
#6683 = CARTESIAN_POINT('',(0.349963806633,3.01228270831E-02));
#6684 = CARTESIAN_POINT('',(0.342662364767,3.01228270831E-02));
#6685 = CARTESIAN_POINT('',(0.339353048747,3.01228270831E-02));
#6686 = CARTESIAN_POINT('',(0.336070285746,3.01228270831E-02));
#6687 = CARTESIAN_POINT('',(0.332812430639,3.01228270831E-02));
#6688 = CARTESIAN_POINT('',(0.329577933938,3.01228270831E-02));
#6689 = CARTESIAN_POINT('',(0.326365316366,3.01228270831E-02));
#6690 = CARTESIAN_POINT('',(0.323173143432,3.01228270831E-02));
#6691 = CARTESIAN_POINT('',(0.310900528131,3.01228270831E-02));
#6692 = CARTESIAN_POINT('',(0.301960082036,3.01228270831E-02));
#6693 = CARTESIAN_POINT('',(0.293142555213,3.01228270831E-02));
#6694 = CARTESIAN_POINT('',(0.284420140489,3.01228270831E-02));
#6695 = CARTESIAN_POINT('',(0.275768160738,3.01228270831E-02));
#6696 = CARTESIAN_POINT('',(0.267163468492,3.01228270831E-02));
#6697 = CARTESIAN_POINT('',(0.25858263942,3.01228270831E-02));
#6698 = CARTESIAN_POINT('',(0.241417360581,3.01228270831E-02));
#6699 = CARTESIAN_POINT('',(0.23283653151,3.01228270831E-02));
#6700 = CARTESIAN_POINT('',(0.224231839263,3.01228270831E-02));
#6701 = CARTESIAN_POINT('',(0.215579859512,3.01228270831E-02));
#6702 = CARTESIAN_POINT('',(0.206857444786,3.01228270831E-02));
#6703 = CARTESIAN_POINT('',(0.198039917965,3.01228270831E-02));
#6704 = CARTESIAN_POINT('',(0.189099471869,3.01228270831E-02));
#6705 = CARTESIAN_POINT('',(0.176826856568,3.01228270831E-02));
#6706 = CARTESIAN_POINT('',(0.173634683634,3.01228270831E-02));
#6707 = CARTESIAN_POINT('',(0.170422066062,3.01228270831E-02));
#6708 = CARTESIAN_POINT('',(0.167187569361,3.01228270831E-02));
#6709 = CARTESIAN_POINT('',(0.163929714254,3.01228270831E-02));
#6710 = CARTESIAN_POINT('',(0.160646951253,3.01228270831E-02));
#6711 = CARTESIAN_POINT('',(0.157337635233,3.01228270831E-02));
#6712 = CARTESIAN_POINT('',(0.150036193368,3.01228270831E-02));
#6713 = CARTESIAN_POINT('',(0.146032632569,3.01228270831E-02));
#6714 = CARTESIAN_POINT('',(0.141986237934,3.01228270831E-02));
#6715 = CARTESIAN_POINT('',(0.137893925868,3.01228270831E-02));
#6716 = CARTESIAN_POINT('',(0.133752558108,3.01228270831E-02));
#6717 = CARTESIAN_POINT('',(0.129558860544,3.01228270831E-02));
#6718 = CARTESIAN_POINT('',(0.12530931157,3.01228270831E-02));
#6719 = CARTESIAN_POINT('',(0.116282981378,3.01228270831E-02));
#6720 = CARTESIAN_POINT('',(0.11149518065,3.01228270831E-02));
#6721 = CARTESIAN_POINT('',(0.106631025961,3.01228270831E-02));
#6722 = CARTESIAN_POINT('',(0.101685475053,3.01228270831E-02));
#6723 = CARTESIAN_POINT('',(9.66538975693E-02,3.01228270831E-02));
#6724 = CARTESIAN_POINT('',(9.153194275315E-02,3.01228270831E-02));
#6725 = CARTESIAN_POINT('',(8.63153925319E-02,3.01228270831E-02));
#6726 = CARTESIAN_POINT('',(7.72954830184E-02,3.01228270831E-02));
#6727 = CARTESIAN_POINT('',(7.354347341442E-02,3.01228270831E-02));
#6728 = CARTESIAN_POINT('',(6.974271775922E-02,3.01228270831E-02));
#6729 = CARTESIAN_POINT('',(6.589246540485E-02,3.01228270831E-02));
#6730 = CARTESIAN_POINT('',(6.199246138894E-02,3.01228270831E-02));
#6731 = CARTESIAN_POINT('',(5.804298662401E-02,3.01228270831E-02));
#6732 = CARTESIAN_POINT('',(5.404494537142E-02,3.01228270831E-02));
#6733 = CARTESIAN_POINT('',(4.402620445053E-02,3.01228270831E-02));
#6734 = CARTESIAN_POINT('',(3.794763323899E-02,3.01228270831E-02));
#6735 = CARTESIAN_POINT('',(3.177336356737E-02,3.01228270831E-02));
#6736 = CARTESIAN_POINT('',(2.551500589819E-02,3.01228270831E-02));
#6737 = CARTESIAN_POINT('',(1.91871815811E-02,3.01228270831E-02));
#6738 = CARTESIAN_POINT('',(1.280827340957E-02,3.01228270831E-02));
#6739 = CARTESIAN_POINT('',(6.401954389348E-03,3.01228270831E-02));
#6740 = CARTESIAN_POINT('',(0.,3.01228270831E-02));
#6741 = ( GEOMETRIC_REPRESENTATION_CONTEXT(2) 
PARAMETRIC_REPRESENTATION_CONTEXT() REPRESENTATION_CONTEXT('2D SPACE',''
  ) );
#6742 = PCURVE('',#624,#6743);
#6743 = DEFINITIONAL_REPRESENTATION('',(#6744),#6929);
#6744 = B_SPLINE_CURVE_WITH_KNOTS('',8,(#6745,#6746,#6747,#6748,#6749,
    #6750,#6751,#6752,#6753,#6754,#6755,#6756,#6757,#6758,#6759,#6760,
    #6761,#6762,#6763,#6764,#6765,#6766,#6767,#6768,#6769,#6770,#6771,
    #6772,#6773,#6774,#6775,#6776,#6777,#6778,#6779,#6780,#6781,#6782,
    #6783,#6784,#6785,#6786,#6787,#6788,#6789,#6790,#6791,#6792,#6793,
    #6794,#6795,#6796,#6797,#6798,#6799,#6800,#6801,#6802,#6803,#6804,
    #6805,#6806,#6807,#6808,#6809,#6810,#6811,#6812,#6813,#6814,#6815,
    #6816,#6817,#6818,#6819,#6820,#6821,#6822,#6823,#6824,#6825,#6826,
    #6827,#6828,#6829,#6830,#6831,#6832,#6833,#6834,#6835,#6836,#6837,
    #6838,#6839,#6840,#6841,#6842,#6843,#6844,#6845,#6846,#6847,#6848,
    #6849,#6850,#6851,#6852,#6853,#6854,#6855,#6856,#6857,#6858,#6859,
    #6860,#6861,#6862,#6863,#6864,#6865,#6866,#6867,#6868,#6869,#6870,
    #6871,#6872,#6873,#6874,#6875,#6876,#6877,#6878,#6879,#6880,#6881,
    #6882,#6883,#6884,#6885,#6886,#6887,#6888,#6889,#6890,#6891,#6892,
    #6893,#6894,#6895,#6896,#6897,#6898,#6899,#6900,#6901,#6902,#6903,
    #6904,#6905,#6906,#6907,#6908,#6909,#6910,#6911,#6912,#6913,#6914,
    #6915,#6916,#6917,#6918,#6919,#6920,#6921,#6922,#6923,#6924,#6925,
    #6926,#6927,#6928),.UNSPECIFIED.,.F.,.F.,(9,7,7,7,7,7,7,7,7,7,7,7,7,
    7,7,7,7,7,7,7,7,7,7,7,7,7,9),(0.,3.889914435276E-02,
    6.523833065353E-02,0.1030308728,0.13755688428,0.166628744505,
    0.249996729581,0.333364714666,0.362436574893,0.396962586378,
    0.434755128515,0.461094314768,0.482439145386,0.500000942956,
    0.525337025412,0.538906530651,0.565245668611,0.603038141455,
    0.637564089636,0.666635896559,0.750003728788,0.833371561009,
    0.862443367931,0.896969316108,0.934761788962,0.961100926969,1.),
  .UNSPECIFIED.);
#6745 = CARTESIAN_POINT('',(2.398851326673,8.870931983199E-02));
#6746 = CARTESIAN_POINT('',(2.454869136077,-1.426109352559));
#6747 = CARTESIAN_POINT('',(2.622254052055,-2.937844150057));
#6748 = CARTESIAN_POINT('',(2.900854202592,-4.435230444889));
#6749 = CARTESIAN_POINT('',(3.287113002125,-5.909032122111));
#6750 = CARTESIAN_POINT('',(3.775272364909,-7.351728906183));
#6751 = CARTESIAN_POINT('',(4.358171096636,-8.757302141231));
#6752 = CARTESIAN_POINT('',(5.027805476169,-10.1210771997));
#6753 = CARTESIAN_POINT('',(6.282309891909,-12.33235888258));
#6754 = CARTESIAN_POINT('',(6.824878732026,-13.20463094913));
#6755 = CARTESIAN_POINT('',(7.40111421786,-14.05556316059));
#6756 = CARTESIAN_POINT('',(8.008626661767,-14.8846058465));
#6757 = CARTESIAN_POINT('',(8.645110380889,-15.69144694397));
#6758 = CARTESIAN_POINT('',(9.308394964266,-16.47597365655));
#6759 = CARTESIAN_POINT('',(9.996485456419,-17.2382422272));
#6760 = CARTESIAN_POINT('',(11.727915736953,-19.04054460411));
#6761 = CARTESIAN_POINT('',(12.795419958159,-20.0570141999));
#6762 = CARTESIAN_POINT('',(13.904881076383,-21.02859202985));
#6763 = CARTESIAN_POINT('',(15.051588514415,-21.95618284665));
#6764 = CARTESIAN_POINT('',(16.231360965051,-22.84084660708));
#6765 = CARTESIAN_POINT('',(17.44056783295,-23.68377040871));
#6766 = CARTESIAN_POINT('',(18.676155315755,-24.48623449469));
#6767 = CARTESIAN_POINT('',(21.086334444961,-25.94693239233));
#6768 = CARTESIAN_POINT('',(22.256782882052,-26.61152627685));
#6769 = CARTESIAN_POINT('',(23.44504793487,-27.24432863945));
#6770 = CARTESIAN_POINT('',(24.649356001116,-27.84623933322));
#6771 = CARTESIAN_POINT('',(25.868124238621,-28.41810368053));
#6772 = CARTESIAN_POINT('',(27.099954499956,-28.96072450677));
#6773 = CARTESIAN_POINT('',(28.34363134009,-29.47486593236));
#6774 = CARTESIAN_POINT('',(30.654442007559,-30.37079681372));
#6775 = CARTESIAN_POINT('',(31.718384961085,-30.76064783969));
#6776 = CARTESIAN_POINT('',(32.789313758,-31.13122512567));
#6777 = CARTESIAN_POINT('',(33.866636998907,-31.48291928756));
#6778 = CARTESIAN_POINT('',(34.949810118853,-31.81609140669));
#6779 = CARTESIAN_POINT('',(36.038334421478,-32.13107600429));
#6780 = CARTESIAN_POINT('',(37.131756113162,-32.42818401586));
#6781 = CARTESIAN_POINT('',(41.378088058996,-33.50927654316));
#6782 = CARTESIAN_POINT('',(44.562542460272,-34.16600083849));
#6783 = CARTESIAN_POINT('',(47.774274598488,-34.68506808328));
#6784 = CARTESIAN_POINT('',(51.005463076398,-35.07133827408));
#6785 = CARTESIAN_POINT('',(54.24908732845,-35.3284269714));
#6786 = CARTESIAN_POINT('',(57.498911001136,-35.45881507112));
#6787 = CARTESIAN_POINT('',(60.749466075084,-35.4639401731));
#6788 = CARTESIAN_POINT('',(67.242690854595,-35.2238212679));
#6789 = CARTESIAN_POINT('',(70.483989175519,-34.97862797438));
#6790 = CARTESIAN_POINT('',(73.715306315117,-34.60856783366));
#6791 = CARTESIAN_POINT('',(76.931083007863,-34.11261103407));
#6792 = CARTESIAN_POINT('',(80.124916699817,-33.48874406553));
#6793 = CARTESIAN_POINT('',(83.289538957196,-32.73387977342));
#6794 = CARTESIAN_POINT('',(86.416790793285,-31.84374911415));
#6795 = CARTESIAN_POINT('',(90.571676534422,-30.45198026542));
#6796 = CARTESIAN_POINT('',(91.640167721303,-30.07492489792));
#6797 = CARTESIAN_POINT('',(92.702454551613,-29.68040348596));
#6798 = CARTESIAN_POINT('',(93.758061505837,-29.26813945993));
#6799 = CARTESIAN_POINT('',(94.806466542351,-28.83783604543));
#6800 = CARTESIAN_POINT('',(95.847099914516,-28.38917336824));
#6801 = CARTESIAN_POINT('',(96.879342987782,-27.92180555942));
#6802 = CARTESIAN_POINT('',(99.117669748343,-26.85764795862));
#6803 = CARTESIAN_POINT('',(100.31997585889,-26.25305428912));
#6804 = CARTESIAN_POINT('',(101.50836429188,-25.62093397887));
#6805 = CARTESIAN_POINT('',(102.68156648497,-24.96061476585));
#6806 = CARTESIAN_POINT('',(103.83812881375,-24.27139928297));
#6807 = CARTESIAN_POINT('',(104.97641032474,-23.55256142358));
#6808 = CARTESIAN_POINT('',(106.0945757978,-22.80333478862));
#6809 = CARTESIAN_POINT('',(108.39028658426,-21.16861347696));
#6810 = CARTESIAN_POINT('',(109.56323025718,-20.27708211127));
#6811 = CARTESIAN_POINT('',(110.70687706125,-19.34714997876));
#6812 = CARTESIAN_POINT('',(111.8180869778,-18.37776588335));
#6813 = CARTESIAN_POINT('',(112.89315165019,-17.36801412136));
#6814 = CARTESIAN_POINT('',(113.92782290451,-16.3171464576));
#6815 = CARTESIAN_POINT('',(114.91733620564,-15.22460852823));
#6816 = CARTESIAN_POINT('',(116.51092150093,-13.29934735898));
#6817 = CARTESIAN_POINT('',(117.14083235255,-12.48833921203));
#6818 = CARTESIAN_POINT('',(117.74436108764,-11.6569658522));
#6819 = CARTESIAN_POINT('',(118.31951404546,-10.80531853518));
#6820 = CARTESIAN_POINT('',(118.86413507405,-9.933670053269));
#6821 = CARTESIAN_POINT('',(119.37594783655,-9.042501911991));
#6822 = CARTESIAN_POINT('',(119.85260977014,-8.132538779951));
#6823 = CARTESIAN_POINT('',(120.64767200559,-6.452958478374));
#6824 = CARTESIAN_POINT('',(120.97894133768,-5.689452001668));
#6825 = CARTESIAN_POINT('',(121.28432185011,-4.914845912868));
#6826 = CARTESIAN_POINT('',(121.56255848028,-4.129844440746));
#6827 = CARTESIAN_POINT('',(121.81243267865,-3.335290090667));
#6828 = CARTESIAN_POINT('',(122.03279792741,-2.532175289174));
#6829 = CARTESIAN_POINT('',(122.22262304588,-1.721656494318));
#6830 = CARTESIAN_POINT('',(122.51138625548,-0.233211830036));
#6831 = CARTESIAN_POINT('',(122.62047748296,0.442795462921));
#6832 = CARTESIAN_POINT('',(122.7078301795,1.122195922042));
#6833 = CARTESIAN_POINT('',(122.77304449909,1.804202962667));
#6834 = CARTESIAN_POINT('',(122.81581632019,2.487997980799));
#6835 = CARTESIAN_POINT('',(122.8359460306,3.172729733347));
#6836 = CARTESIAN_POINT('',(122.8333473124,3.857513718346));
#6837 = CARTESIAN_POINT('',(122.7715688026,5.528107341368));
#6838 = CARTESIAN_POINT('',(122.68784392124,6.513190022947));
#6839 = CARTESIAN_POINT('',(122.55696276229,7.493805897025));
#6840 = CARTESIAN_POINT('',(122.37955849493,8.467337456764));
#6841 = CARTESIAN_POINT('',(122.15672177874,9.431405524276));
#6842 = CARTESIAN_POINT('',(121.88992194667,10.383854172926));
#6843 = CARTESIAN_POINT('',(121.58094357023,11.32273843907));
#6844 = CARTESIAN_POINT('',(121.0448646055,12.740964086462));
#6845 = CARTESIAN_POINT('',(120.8463664832,13.231258784243));
#6846 = CARTESIAN_POINT('',(120.63664783404,13.716953219296));
#6847 = CARTESIAN_POINT('',(120.41602556818,14.1978302336));
#6848 = CARTESIAN_POINT('',(120.18482597279,14.673699454586));
#6849 = CARTESIAN_POINT('',(119.94338097289,15.144395541351));
#6850 = CARTESIAN_POINT('',(119.69202439208,15.609776430867));
#6851 = CARTESIAN_POINT('',(118.92459736012,16.962499770194));
#6852 = CARTESIAN_POINT('',(118.38202851923,17.83477183412));
#6853 = CARTESIAN_POINT('',(117.80579303265,18.685704042869));
#6854 = CARTESIAN_POINT('',(117.19828058815,19.514746726071));
#6855 = CARTESIAN_POINT('',(116.56179686867,20.321587820915));
#6856 = CARTESIAN_POINT('',(115.89851228522,21.106114531023));
#6857 = CARTESIAN_POINT('',(115.21042179329,21.868383099394));
#6858 = CARTESIAN_POINT('',(113.47899151243,23.670685472949));
#6859 = CARTESIAN_POINT('',(112.41148729085,24.687155067731));
#6860 = CARTESIAN_POINT('',(111.30202617269,25.658732897119));
#6861 = CARTESIAN_POINT('',(110.15531873508,26.586323713781));
#6862 = CARTESIAN_POINT('',(108.9755462851,27.470987474413));
#6863 = CARTESIAN_POINT('',(107.76633941801,28.313911276508));
#6864 = CARTESIAN_POINT('',(106.53075193609,29.116375363142));
#6865 = CARTESIAN_POINT('',(104.12057280815,30.577073262477));
#6866 = CARTESIAN_POINT('',(102.95012437143,31.241667147998));
#6867 = CARTESIAN_POINT('',(101.76185931894,31.874469511597));
#6868 = CARTESIAN_POINT('',(100.55755125297,32.476380206306));
#6869 = CARTESIAN_POINT('',(99.338783015663,33.048244554459));
#6870 = CARTESIAN_POINT('',(98.106952754447,33.590865381431));
#6871 = CARTESIAN_POINT('',(96.863275914375,34.105006807616));
#6872 = CARTESIAN_POINT('',(94.552465246947,35.00093768983));
#6873 = CARTESIAN_POINT('',(93.488522293425,35.390788716092));
#6874 = CARTESIAN_POINT('',(92.417593496478,35.761366002279));
#6875 = CARTESIAN_POINT('',(91.340270255509,36.113060164284));
#6876 = CARTESIAN_POINT('',(90.257097135477,36.446232283466));
#6877 = CARTESIAN_POINT('',(89.168572832748,36.76121688105));
#6878 = CARTESIAN_POINT('',(88.075151140945,37.058324892542));
#6879 = CARTESIAN_POINT('',(83.82881919453,38.139417419403));
#6880 = CARTESIAN_POINT('',(80.644364793033,38.796141714279));
#6881 = CARTESIAN_POINT('',(77.432632653896,39.315208957832));
#6882 = CARTESIAN_POINT('',(74.201444176363,39.701479149018));
#6883 = CARTESIAN_POINT('',(70.957819923292,39.958567845332));
#6884 = CARTESIAN_POINT('',(67.70799625077,40.08895594574));
#6885 = CARTESIAN_POINT('',(64.457441176368,40.094081047762));
#6886 = CARTESIAN_POINT('',(57.964216396877,39.853962143088));
#6887 = CARTESIAN_POINT('',(54.722918076171,39.608768849892));
#6888 = CARTESIAN_POINT('',(51.491600936978,39.238708709214));
#6889 = CARTESIAN_POINT('',(48.275824244321,38.742751909698));
#6890 = CARTESIAN_POINT('',(45.081990553009,38.118884940497));
#6891 = CARTESIAN_POINT('',(41.917368295932,37.364020647871));
#6892 = CARTESIAN_POINT('',(38.790116460386,36.473889987927));
#6893 = CARTESIAN_POINT('',(34.635230719806,35.082121138831));
#6894 = CARTESIAN_POINT('',(33.566739533047,34.705065771278));
#6895 = CARTESIAN_POINT('',(32.504452702844,34.310544359303));
#6896 = CARTESIAN_POINT('',(31.448845748702,33.898280333332));
#6897 = CARTESIAN_POINT('',(30.400440712242,33.467976918954));
#6898 = CARTESIAN_POINT('',(29.359807340093,33.019314241969));
#6899 = CARTESIAN_POINT('',(28.327564266802,32.551946433439));
#6900 = CARTESIAN_POINT('',(26.089237506132,31.48778883349));
#6901 = CARTESIAN_POINT('',(24.886931395481,30.883195164586));
#6902 = CARTESIAN_POINT('',(23.698542962313,30.251074855048));
#6903 = CARTESIAN_POINT('',(22.525340768961,29.590755642855));
#6904 = CARTESIAN_POINT('',(21.368778439851,28.901540160891));
#6905 = CARTESIAN_POINT('',(20.230496928461,28.182702302478));
#6906 = CARTESIAN_POINT('',(19.112331454954,27.433475668481));
#6907 = CARTESIAN_POINT('',(16.8166206671,25.798754358422));
#6908 = CARTESIAN_POINT('',(15.643676993268,24.907222993309));
#6909 = CARTESIAN_POINT('',(14.500030188343,23.977290861215));
#6910 = CARTESIAN_POINT('',(13.38882027111,23.007906765959));
#6911 = CARTESIAN_POINT('',(12.313755598326,21.998155003794));
#6912 = CARTESIAN_POINT('',(11.279084343984,20.947287339459));
#6913 = CARTESIAN_POINT('',(10.2895710433,19.854749409132));
#6914 = CARTESIAN_POINT('',(8.695985748584,17.92948823655));
#6915 = CARTESIAN_POINT('',(8.066074896902,17.118480087313));
#6916 = CARTESIAN_POINT('',(7.462546162071,16.287106725018));
#6917 = CARTESIAN_POINT('',(6.887393204798,15.435459405404));
#6918 = CARTESIAN_POINT('',(6.342772177003,14.563810920839));
#6919 = CARTESIAN_POINT('',(5.830959415448,13.672642776917));
#6920 = CARTESIAN_POINT('',(5.354297482824,12.762679642309));
#6921 = CARTESIAN_POINT('',(4.266542160888,10.464781391789));
#6922 = CARTESIAN_POINT('',(3.699463577236,9.055272792194));
#6923 = CARTESIAN_POINT('',(3.221970905255,7.610486372434));
#6924 = CARTESIAN_POINT('',(2.841700743051,6.135675137734));
#6925 = CARTESIAN_POINT('',(2.565350194744,4.637370222686));
#6926 = CARTESIAN_POINT('',(2.398106180321,3.123496648227));
#6927 = CARTESIAN_POINT('',(2.342833402629,1.603527987982));
#6928 = CARTESIAN_POINT('',(2.398851326673,8.870931983203E-02));
#6929 = ( GEOMETRIC_REPRESENTATION_CONTEXT(2) 
PARAMETRIC_REPRESENTATION_CONTEXT() REPRESENTATION_CONTEXT('2D SPACE',''
  ) );
#6930 = ORIENTED_EDGE('',*,*,#6931,.T.);
#6931 = EDGE_CURVE('',#6366,#6932,#6934,.T.);
#6932 = VERTEX_POINT('',#6933);
#6933 = CARTESIAN_POINT('',(25.728844193446,44.729337240387,10.35));
#6934 = SURFACE_CURVE('',#6935,(#6943,#6954),.PCURVE_S1.);
#6935 = B_SPLINE_CURVE_WITH_KNOTS('',6,(#6936,#6937,#6938,#6939,#6940,
    #6941,#6942),.UNSPECIFIED.,.F.,.F.,(7,7),(0.,1.),
  .PIECEWISE_BEZIER_KNOTS.);
#6936 = CARTESIAN_POINT('',(25.592829784782,44.575183778686,
    6.349953287611));
#6937 = CARTESIAN_POINT('',(25.60966850536,44.593189240654,
    7.016866437921));
#6938 = CARTESIAN_POINT('',(25.630153724177,44.61539456124,
    7.683664469664));
#6939 = CARTESIAN_POINT('',(25.653251086976,44.64094844212,8.35035185958
    ));
#6940 = CARTESIAN_POINT('',(25.677972963792,44.669035182064,
    9.016946592989));
#6941 = CARTESIAN_POINT('',(25.703433837616,44.698799502852,
    9.683480701134));
#6942 = CARTESIAN_POINT('',(25.728844216321,44.729337267877,10.3500006)
  );
#6943 = PCURVE('',#1985,#6944);
#6944 = DEFINITIONAL_REPRESENTATION('',(#6945),#6953);
#6945 = B_SPLINE_CURVE_WITH_KNOTS('',6,(#6946,#6947,#6948,#6949,#6950,
    #6951,#6952),.UNSPECIFIED.,.F.,.F.,(7,7),(0.,1.),
  .PIECEWISE_BEZIER_KNOTS.);
#6946 = CARTESIAN_POINT('',(0.881178476131,3.012222708014E-02));
#6947 = CARTESIAN_POINT('',(0.881133286385,3.868847380525E-02));
#6948 = CARTESIAN_POINT('',(0.881073291657,4.726575944291E-02));
#6949 = CARTESIAN_POINT('',(0.881000868189,5.585501452068E-02));
#6950 = CARTESIAN_POINT('',(0.880918232288,6.445781272858E-02));
#6951 = CARTESIAN_POINT('',(0.880827108257,7.307635908669E-02));
#6952 = CARTESIAN_POINT('',(0.88072872684,8.171350622389E-02));
#6953 = ( GEOMETRIC_REPRESENTATION_CONTEXT(2) 
PARAMETRIC_REPRESENTATION_CONTEXT() REPRESENTATION_CONTEXT('2D SPACE',''
  ) );
#6954 = PCURVE('',#683,#6955);
#6955 = DEFINITIONAL_REPRESENTATION('',(#6956),#6964);
#6956 = B_SPLINE_CURVE_WITH_KNOTS('',6,(#6957,#6958,#6959,#6960,#6961,
    #6962,#6963),.UNSPECIFIED.,.F.,.F.,(7,7),(1.16737235619E-05,
    0.999999849967),.PIECEWISE_BEZIER_KNOTS.);
#6957 = CARTESIAN_POINT('',(-5.531259663164,-6.349999999769));
#6958 = CARTESIAN_POINT('',(-5.538204001018,-7.016905257941));
#6959 = CARTESIAN_POINT('',(-5.546713979431,-7.683695400478));
#6960 = CARTESIAN_POINT('',(-5.556416018139,-8.350374904433));
#6961 = CARTESIAN_POINT('',(-5.566954347892,-9.016961754814));
#6962 = CARTESIAN_POINT('',(-5.577986580803,-9.683487981893));
#6963 = CARTESIAN_POINT('',(-5.589177180635,-10.35));
#6964 = ( GEOMETRIC_REPRESENTATION_CONTEXT(2) 
PARAMETRIC_REPRESENTATION_CONTEXT() REPRESENTATION_CONTEXT('2D SPACE',''
  ) );
#6965 = ORIENTED_EDGE('',*,*,#6966,.F.);
#6966 = EDGE_CURVE('',#6967,#6932,#6969,.T.);
#6967 = VERTEX_POINT('',#6968);
#6968 = CARTESIAN_POINT('',(25.522090517093,45.030467206774,10.35));
#6969 = SURFACE_CURVE('',#6970,(#6978,#6989),.PCURVE_S1.);
#6970 = B_SPLINE_CURVE_WITH_KNOTS('',6,(#6971,#6972,#6973,#6974,#6975,
    #6976,#6977),.UNSPECIFIED.,.F.,.F.,(7,7),(0.,1.),
  .PIECEWISE_BEZIER_KNOTS.);
#6971 = CARTESIAN_POINT('',(21.076877697061,50.55,10.35));
#6972 = CARTESIAN_POINT('',(22.09999147249,49.464970690668,10.35));
#6973 = CARTESIAN_POINT('',(23.077234215365,48.33680262181,10.35));
#6974 = CARTESIAN_POINT('',(24.009629463369,47.170774471886,10.35));
#6975 = CARTESIAN_POINT('',(24.898343371997,45.971446455214,10.35));
#6976 = CARTESIAN_POINT('',(25.744676212304,44.742655539041,10.35));
#6977 = CARTESIAN_POINT('',(26.55,43.487467452819,10.35));
#6978 = PCURVE('',#1985,#6979);
#6979 = DEFINITIONAL_REPRESENTATION('',(#6980),#6988);
#6980 = B_SPLINE_CURVE_WITH_KNOTS('',6,(#6981,#6982,#6983,#6984,#6985,
    #6986,#6987),.UNSPECIFIED.,.F.,.F.,(7,7),(0.,1.),
  .PIECEWISE_BEZIER_KNOTS.);
#6981 = CARTESIAN_POINT('',(0.905777592967,8.171349844875E-02));
#6982 = CARTESIAN_POINT('',(0.900582210155,8.171349844875E-02));
#6983 = CARTESIAN_POINT('',(0.895482901061,8.171349844875E-02));
#6984 = CARTESIAN_POINT('',(0.890473993971,8.171349844875E-02));
#6985 = CARTESIAN_POINT('',(0.885550082783,8.171349844875E-02));
#6986 = CARTESIAN_POINT('',(0.880705567708,8.171349844875E-02));
#6987 = CARTESIAN_POINT('',(0.875934378474,8.171349844875E-02));
#6988 = ( GEOMETRIC_REPRESENTATION_CONTEXT(2) 
PARAMETRIC_REPRESENTATION_CONTEXT() REPRESENTATION_CONTEXT('2D SPACE',''
  ) );
#6989 = PCURVE('',#718,#6990);
#6990 = DEFINITIONAL_REPRESENTATION('',(#6991),#6999);
#6991 = B_SPLINE_CURVE_WITH_KNOTS('',6,(#6992,#6993,#6994,#6995,#6996,
    #6997,#6998),.UNSPECIFIED.,.F.,.F.,(7,7),(0.,1.),
  .PIECEWISE_BEZIER_KNOTS.);
#6992 = CARTESIAN_POINT('',(-1.923122302939,3.55));
#6993 = CARTESIAN_POINT('',(-0.90000852751,2.464970690668));
#6994 = CARTESIAN_POINT('',(7.723421536519E-02,1.33680262181));
#6995 = CARTESIAN_POINT('',(1.009629463369,0.170774471886));
#6996 = CARTESIAN_POINT('',(1.898343371997,-1.028553544786));
#6997 = CARTESIAN_POINT('',(2.744676212304,-2.257344460959));
#6998 = CARTESIAN_POINT('',(3.55,-3.512532547181));
#6999 = ( GEOMETRIC_REPRESENTATION_CONTEXT(2) 
PARAMETRIC_REPRESENTATION_CONTEXT() REPRESENTATION_CONTEXT('2D SPACE',''
  ) );
#7000 = ORIENTED_EDGE('',*,*,#7001,.T.);
#7001 = EDGE_CURVE('',#6967,#7002,#7004,.T.);
#7002 = VERTEX_POINT('',#7003);
#7003 = CARTESIAN_POINT('',(25.625737048901,45.170927844499,13.35));
#7004 = SURFACE_CURVE('',#7005,(#7014,#7026),.PCURVE_S1.);
#7005 = B_SPLINE_CURVE_WITH_KNOTS('',4,(#7006,#7007,#7008,#7009,#7010,
    #7011,#7012,#7013),.UNSPECIFIED.,.F.,.F.,(5,3,5),(0.,0.642029241647,
    1.),.UNSPECIFIED.);
#7006 = CARTESIAN_POINT('',(25.522090494993,45.030467178474,10.3499994)
  );
#7007 = CARTESIAN_POINT('',(25.539825627905,45.053177950113,
    10.831496605891));
#7008 = CARTESIAN_POINT('',(25.557505262829,45.076379942148,
    11.312981925778));
#7009 = CARTESIAN_POINT('',(25.574698425654,45.099551395757,
    11.794478111368));
#7010 = CARTESIAN_POINT('',(25.600174948502,45.134703307858,
    12.544486652794));
#7011 = CARTESIAN_POINT('',(25.609034665864,45.147099267615,
    12.81297740812));
#7012 = CARTESIAN_POINT('',(25.617573482809,45.159208581084,
    13.081481213367));
#7013 = CARTESIAN_POINT('',(25.625737067143,45.170927870686,13.3500006)
  );
#7014 = PCURVE('',#1985,#7015);
#7015 = DEFINITIONAL_REPRESENTATION('',(#7016),#7025);
#7016 = B_SPLINE_CURVE_WITH_KNOTS('',4,(#7017,#7018,#7019,#7020,#7021,
    #7022,#7023,#7024),.UNSPECIFIED.,.F.,.F.,(5,3,5),(0.,0.642029241647,
    1.),.UNSPECIFIED.);
#7017 = CARTESIAN_POINT('',(0.881914666501,8.171349067361E-02));
#7018 = CARTESIAN_POINT('',(0.881847359117,8.795300761368E-02));
#7019 = CARTESIAN_POINT('',(0.881776058728,9.420326325969E-02));
#7020 = CARTESIAN_POINT('',(0.881701409904,0.1004658083));
#7021 = CARTESIAN_POINT('',(0.881580258319,0.110242202938));
#7022 = CARTESIAN_POINT('',(0.881535915619,0.11374627553));
#7023 = CARTESIAN_POINT('',(0.881490636311,0.117255084817));
#7024 = CARTESIAN_POINT('',(0.881444421679,0.12076898452));
#7025 = ( GEOMETRIC_REPRESENTATION_CONTEXT(2) 
PARAMETRIC_REPRESENTATION_CONTEXT() REPRESENTATION_CONTEXT('2D SPACE',''
  ) );
#7026 = PCURVE('',#7027,#7032);
#7027 = CYLINDRICAL_SURFACE('',#7028,3.2);
#7028 = AXIS2_PLACEMENT_3D('',#7029,#7030,#7031);
#7029 = CARTESIAN_POINT('',(23.,47.,10.35));
#7030 = DIRECTION('',(-0.,-0.,-1.));
#7031 = DIRECTION('',(1.,0.,0.));
#7032 = DEFINITIONAL_REPRESENTATION('',(#7033),#7042);
#7033 = B_SPLINE_CURVE_WITH_KNOTS('',4,(#7034,#7035,#7036,#7037,#7038,
    #7039,#7040,#7041),.UNSPECIFIED.,.F.,.F.,(5,3,5),(0.,0.642029241647,
    1.),.UNSPECIFIED.);
#7034 = CARTESIAN_POINT('',(-5.620191726458,5.999999999062E-07));
#7035 = CARTESIAN_POINT('',(-5.629196467439,-0.481496605891));
#7036 = CARTESIAN_POINT('',(-5.638311476712,-0.962981925778));
#7037 = CARTESIAN_POINT('',(-5.647327566361,-1.444478111368));
#7038 = CARTESIAN_POINT('',(-5.660894206501,-2.194486652794));
#7039 = CARTESIAN_POINT('',(-5.665655542903,-2.46297740812));
#7040 = CARTESIAN_POINT('',(-5.670285813279,-2.731481213367));
#7041 = CARTESIAN_POINT('',(-5.674749051335,-3.0000006));
#7042 = ( GEOMETRIC_REPRESENTATION_CONTEXT(2) 
PARAMETRIC_REPRESENTATION_CONTEXT() REPRESENTATION_CONTEXT('2D SPACE',''
  ) );
#7043 = ORIENTED_EDGE('',*,*,#7044,.F.);
#7044 = EDGE_CURVE('',#7045,#7002,#7047,.T.);
#7045 = VERTEX_POINT('',#7046);
#7046 = CARTESIAN_POINT('',(24.130600419383,47.210339467747,13.35));
#7047 = SURFACE_CURVE('',#7048,(#7055,#7084),.PCURVE_S1.);
#7048 = B_SPLINE_CURVE_WITH_KNOTS('',5,(#7049,#7050,#7051,#7052,#7053,
    #7054),.UNSPECIFIED.,.F.,.F.,(6,6),(4.108642014114E-02,
    0.863236274286),.PIECEWISE_BEZIER_KNOTS.);
#7049 = CARTESIAN_POINT('',(21.818060861913,49.973721555163,13.35));
#7050 = CARTESIAN_POINT('',(22.642283674388,49.065226092886,13.35));
#7051 = CARTESIAN_POINT('',(23.434477984501,48.127702996861,13.35));
#7052 = CARTESIAN_POINT('',(24.195277015785,47.164381907683,13.35));
#7053 = CARTESIAN_POINT('',(24.925424613544,46.178030860975,13.35));
#7054 = CARTESIAN_POINT('',(25.625737073566,45.170927861651,13.35));
#7055 = PCURVE('',#1985,#7056);
#7056 = DEFINITIONAL_REPRESENTATION('',(#7057),#7083);
#7057 = B_SPLINE_CURVE_WITH_KNOTS('',3,(#7058,#7059,#7060,#7061,#7062,
    #7063,#7064,#7065,#7066,#7067,#7068,#7069,#7070,#7071,#7072,#7073,
    #7074,#7075,#7076,#7077,#7078,#7079,#7080,#7081,#7082),
  .UNSPECIFIED.,.F.,.F.,(4,1,1,1,1,1,1,1,1,1,1,1,1,1,1,1,1,1,1,1,1,1,4),
  (4.108642014114E-02,7.845686805681E-02,0.115827315972,0.153197763888,
    0.190568211804,0.22793865972,0.265309107635,0.302679555551,
    0.340050003467,0.377420451382,0.414790899298,0.452161347214,
    0.489531795129,0.526902243045,0.564272690961,0.601643138876,
    0.639013586792,0.676384034708,0.713754482623,0.751124930539,
    0.788495378455,0.82586582637,0.863236274286),.QUASI_UNIFORM_KNOTS.);
#7058 = CARTESIAN_POINT('',(0.902077535189,0.120768976672));
#7059 = CARTESIAN_POINT('',(0.9017556049,0.120768976674));
#7060 = CARTESIAN_POINT('',(0.901112638109,0.120768976679));
#7061 = CARTESIAN_POINT('',(0.900150849835,0.120768976685));
#7062 = CARTESIAN_POINT('',(0.899191704024,0.120768976689));
#7063 = CARTESIAN_POINT('',(0.898235181249,0.120768976691));
#7064 = CARTESIAN_POINT('',(0.897281262089,0.120768976688));
#7065 = CARTESIAN_POINT('',(0.896329927123,0.120768976684));
#7066 = CARTESIAN_POINT('',(0.895381156921,0.120768976677));
#7067 = CARTESIAN_POINT('',(0.894434932036,0.120768976669));
#7068 = CARTESIAN_POINT('',(0.893491232999,0.120768976662));
#7069 = CARTESIAN_POINT('',(0.892550040306,0.120768976656));
#7070 = CARTESIAN_POINT('',(0.891611334414,0.120768976652));
#7071 = CARTESIAN_POINT('',(0.890675095733,0.12076897665));
#7072 = CARTESIAN_POINT('',(0.88974130462,0.120768976651));
#7073 = CARTESIAN_POINT('',(0.888809941366,0.120768976654));
#7074 = CARTESIAN_POINT('',(0.887880986196,0.120768976659));
#7075 = CARTESIAN_POINT('',(0.886954419257,0.120768976667));
#7076 = CARTESIAN_POINT('',(0.886030220614,0.120768976674));
#7077 = CARTESIAN_POINT('',(0.885108370239,0.120768976681));
#7078 = CARTESIAN_POINT('',(0.88418884801,0.120768976687));
#7079 = CARTESIAN_POINT('',(0.883271633697,0.120768976691));
#7080 = CARTESIAN_POINT('',(0.882356706971,0.120768976691));
#7081 = CARTESIAN_POINT('',(0.881748267217,0.120768976689));
#7082 = CARTESIAN_POINT('',(0.881444421782,0.120768976688));
#7083 = ( GEOMETRIC_REPRESENTATION_CONTEXT(2) 
PARAMETRIC_REPRESENTATION_CONTEXT() REPRESENTATION_CONTEXT('2D SPACE',''
  ) );
#7084 = PCURVE('',#7085,#7090);
#7085 = PLANE('',#7086);
#7086 = AXIS2_PLACEMENT_3D('',#7087,#7088,#7089);
#7087 = CARTESIAN_POINT('',(23.,47.,13.35));
#7088 = DIRECTION('',(0.,0.,1.));
#7089 = DIRECTION('',(1.,0.,-0.));
#7090 = DEFINITIONAL_REPRESENTATION('',(#7091),#7098);
#7091 = B_SPLINE_CURVE_WITH_KNOTS('',5,(#7092,#7093,#7094,#7095,#7096,
    #7097),.UNSPECIFIED.,.F.,.F.,(6,6),(4.108642014114E-02,
    0.863236274286),.PIECEWISE_BEZIER_KNOTS.);
#7092 = CARTESIAN_POINT('',(-1.181939138087,2.973721555163));
#7093 = CARTESIAN_POINT('',(-0.357716325612,2.065226092886));
#7094 = CARTESIAN_POINT('',(0.434477984501,1.127702996861));
#7095 = CARTESIAN_POINT('',(1.195277015785,0.164381907683));
#7096 = CARTESIAN_POINT('',(1.925424613544,-0.821969139025));
#7097 = CARTESIAN_POINT('',(2.625737073566,-1.829072138349));
#7098 = ( GEOMETRIC_REPRESENTATION_CONTEXT(2) 
PARAMETRIC_REPRESENTATION_CONTEXT() REPRESENTATION_CONTEXT('2D SPACE',''
  ) );
#7099 = ORIENTED_EDGE('',*,*,#7100,.T.);
#7100 = EDGE_CURVE('',#7045,#7101,#7103,.T.);
#7101 = VERTEX_POINT('',#7102);
#7102 = CARTESIAN_POINT('',(24.036650456718,47.497851213303,16.));
#7103 = SURFACE_CURVE('',#7104,(#7117,#7133),.PCURVE_S1.);
#7104 = B_SPLINE_CURVE_WITH_KNOTS('',6,(#7105,#7106,#7107,#7108,#7109,
    #7110,#7111,#7112,#7113,#7114,#7115,#7116),.UNSPECIFIED.,.F.,.F.,(7,
    5,7),(0.,0.500236072071,1.),.UNSPECIFIED.);
#7105 = CARTESIAN_POINT('',(24.15,47.,11.218508266138));
#7106 = CARTESIAN_POINT('',(24.15,47.0366044286,11.617721207333));
#7107 = CARTESIAN_POINT('',(24.148601897114,47.074643828045,
    12.016818403356));
#7108 = CARTESIAN_POINT('',(24.145599971813,47.113962010248,
    12.415801739514));
#7109 = CARTESIAN_POINT('',(24.14080266094,47.154394209577,
    12.814672457049));
#7110 = CARTESIAN_POINT('',(24.134032456072,47.195765728629,
    13.213431245629));
#7111 = CARTESIAN_POINT('',(24.116227554153,47.279975680159,
    14.010349165929));
#7112 = CARTESIAN_POINT('',(24.105196449235,47.32281319747,
    14.408507844086));
#7113 = CARTESIAN_POINT('',(24.091871768864,47.366214745311,
    14.806555368713));
#7114 = CARTESIAN_POINT('',(24.076095700442,47.409994392161,
    15.204489067324));
#7115 = CARTESIAN_POINT('',(24.057744415359,47.453928334955,
    15.602308142062));
#7116 = CARTESIAN_POINT('',(24.036650424893,47.49785127957,16.0000006));
#7117 = PCURVE('',#1985,#7118);
#7118 = DEFINITIONAL_REPRESENTATION('',(#7119),#7132);
#7119 = B_SPLINE_CURVE_WITH_KNOTS('',6,(#7120,#7121,#7122,#7123,#7124,
    #7125,#7126,#7127,#7128,#7129,#7130,#7131),.UNSPECIFIED.,.F.,.F.,(7,
    5,7),(0.,0.500236072071,1.),.UNSPECIFIED.);
#7120 = CARTESIAN_POINT('',(0.889641680076,9.298189321377E-02));
#7121 = CARTESIAN_POINT('',(0.889662070575,9.81680052254E-02));
#7122 = CARTESIAN_POINT('',(0.889686775241,0.103360100784));
#7123 = CARTESIAN_POINT('',(0.889716300994,0.108558744196));
#7124 = CARTESIAN_POINT('',(0.889751087746,0.113764548558));
#7125 = CARTESIAN_POINT('',(0.88979150817,0.118978178302));
#7126 = CARTESIAN_POINT('',(0.889884183042,0.129417596274));
#7127 = CARTESIAN_POINT('',(0.889936428696,0.134643359686));
#7128 = CARTESIAN_POINT('',(0.889994895775,0.139878368538));
#7129 = CARTESIAN_POINT('',(0.890059868716,0.145123360914));
#7130 = CARTESIAN_POINT('',(0.890131453739,0.150379162576));
#7131 = CARTESIAN_POINT('',(0.890210004269,0.155646515972));
#7132 = ( GEOMETRIC_REPRESENTATION_CONTEXT(2) 
PARAMETRIC_REPRESENTATION_CONTEXT() REPRESENTATION_CONTEXT('2D SPACE',''
  ) );
#7133 = PCURVE('',#7134,#7139);
#7134 = CYLINDRICAL_SURFACE('',#7135,1.15);
#7135 = AXIS2_PLACEMENT_3D('',#7136,#7137,#7138);
#7136 = CARTESIAN_POINT('',(23.,47.,4.));
#7137 = DIRECTION('',(-0.,-0.,-1.));
#7138 = DIRECTION('',(1.,0.,0.));
#7139 = DEFINITIONAL_REPRESENTATION('',(#7140),#7153);
#7140 = B_SPLINE_CURVE_WITH_KNOTS('',6,(#7141,#7142,#7143,#7144,#7145,
    #7146,#7147,#7148,#7149,#7150,#7151,#7152),.UNSPECIFIED.,.F.,.F.,(7,
    5,7),(0.,0.500236072071,1.),.UNSPECIFIED.);
#7141 = CARTESIAN_POINT('',(0.,-7.218508266138));
#7142 = CARTESIAN_POINT('',(-3.182993791342E-02,-7.617721207333));
#7143 = CARTESIAN_POINT('',(-6.490767215072E-02,-8.016818403356));
#7144 = CARTESIAN_POINT('',(-9.915544843705E-02,-8.415801739514));
#7145 = CARTESIAN_POINT('',(-0.134510800753,-8.814672457049));
#7146 = CARTESIAN_POINT('',(-0.170925725306,-9.213431245629));
#7147 = CARTESIAN_POINT('',(-0.245770646105,-10.01034916592));
#7148 = CARTESIAN_POINT('',(-0.284199284303,-10.40850784408));
#7149 = CARTESIAN_POINT('',(-0.323614211022,-10.80655536871));
#7150 = CARTESIAN_POINT('',(-0.364006779474,-11.20448906732));
#7151 = CARTESIAN_POINT('',(-0.405353009337,-11.60230814206));
#7152 = CARTESIAN_POINT('',(-0.447723073112,-12.0000006));
#7153 = ( GEOMETRIC_REPRESENTATION_CONTEXT(2) 
PARAMETRIC_REPRESENTATION_CONTEXT() REPRESENTATION_CONTEXT('2D SPACE',''
  ) );
#7154 = ORIENTED_EDGE('',*,*,#7155,.F.);
#7155 = EDGE_CURVE('',#7156,#7101,#7158,.T.);
#7156 = VERTEX_POINT('',#7157);
#7157 = CARTESIAN_POINT('',(23.719573945356,47.89705815707,16.));
#7158 = SURFACE_CURVE('',#7159,(#7165,#7174),.PCURVE_S1.);
#7159 = B_SPLINE_CURVE_WITH_KNOTS('',4,(#7160,#7161,#7162,#7163,#7164),
  .UNSPECIFIED.,.F.,.F.,(5,5),(0.,1.),.PIECEWISE_BEZIER_KNOTS.);
#7160 = CARTESIAN_POINT('',(23.514985113318,48.15,16.));
#7161 = CARTESIAN_POINT('',(23.675892623133,47.952474204279,16.));
#7162 = CARTESIAN_POINT('',(23.835358703097,47.753774975434,16.));
#7163 = CARTESIAN_POINT('',(23.993392256532,47.553933470895,16.));
#7164 = CARTESIAN_POINT('',(24.15,47.35298233054,16.));
#7165 = PCURVE('',#1985,#7166);
#7166 = DEFINITIONAL_REPRESENTATION('',(#7167),#7173);
#7167 = B_SPLINE_CURVE_WITH_KNOTS('',4,(#7168,#7169,#7170,#7171,#7172),
  .UNSPECIFIED.,.F.,.F.,(5,5),(0.,1.),.PIECEWISE_BEZIER_KNOTS.);
#7168 = CARTESIAN_POINT('',(0.89303923901,0.155646508025));
#7169 = CARTESIAN_POINT('',(0.892172779401,0.155646508025));
#7170 = CARTESIAN_POINT('',(0.891309077725,0.155646508025));
#7171 = CARTESIAN_POINT('',(0.890448089143,0.155646508025));
#7172 = CARTESIAN_POINT('',(0.889589782349,0.155646508025));
#7173 = ( GEOMETRIC_REPRESENTATION_CONTEXT(2) 
PARAMETRIC_REPRESENTATION_CONTEXT() REPRESENTATION_CONTEXT('2D SPACE',''
  ) );
#7174 = PCURVE('',#7175,#7180);
#7175 = PLANE('',#7176);
#7176 = AXIS2_PLACEMENT_3D('',#7177,#7178,#7179);
#7177 = CARTESIAN_POINT('',(23.,47.,16.));
#7178 = DIRECTION('',(0.,0.,1.));
#7179 = DIRECTION('',(1.,0.,-0.));
#7180 = DEFINITIONAL_REPRESENTATION('',(#7181),#7187);
#7181 = B_SPLINE_CURVE_WITH_KNOTS('',4,(#7182,#7183,#7184,#7185,#7186),
  .UNSPECIFIED.,.F.,.F.,(5,5),(0.,1.),.PIECEWISE_BEZIER_KNOTS.);
#7182 = CARTESIAN_POINT('',(0.514985113318,1.15));
#7183 = CARTESIAN_POINT('',(0.675892623133,0.952474204279));
#7184 = CARTESIAN_POINT('',(0.835358703097,0.753774975434));
#7185 = CARTESIAN_POINT('',(0.993392256532,0.553933470895));
#7186 = CARTESIAN_POINT('',(1.15,0.352982330541));
#7187 = ( GEOMETRIC_REPRESENTATION_CONTEXT(2) 
PARAMETRIC_REPRESENTATION_CONTEXT() REPRESENTATION_CONTEXT('2D SPACE',''
  ) );
#7188 = ORIENTED_EDGE('',*,*,#7189,.T.);
#7189 = EDGE_CURVE('',#7156,#7190,#7192,.T.);
#7190 = VERTEX_POINT('',#7191);
#7191 = CARTESIAN_POINT('',(23.464626575216,48.0519610951,13.35));
#7192 = SURFACE_CURVE('',#7193,(#7210,#7230),.PCURVE_S1.);
#7193 = B_SPLINE_CURVE_WITH_KNOTS('',8,(#7194,#7195,#7196,#7197,#7198,
    #7199,#7200,#7201,#7202,#7203,#7204,#7205,#7206,#7207,#7208,#7209),
  .UNSPECIFIED.,.F.,.F.,(9,7,9),(0.,0.434699480339,1.),.UNSPECIFIED.);
#7194 = CARTESIAN_POINT('',(23.719574001858,47.897058111747,16.0000006)
  );
#7195 = CARTESIAN_POINT('',(23.670335741716,47.936554518312,
    15.477132488761));
#7196 = CARTESIAN_POINT('',(23.620083130371,47.971788867098,
    14.954066227435));
#7197 = CARTESIAN_POINT('',(23.569180041371,48.00299387981,
    14.430822526404));
#7198 = CARTESIAN_POINT('',(23.51811162357,48.030264506566,
    13.907397781577));
#7199 = CARTESIAN_POINT('',(23.467271508882,48.053827499835,
    13.383798866633));
#7200 = CARTESIAN_POINT('',(23.417098397317,48.073872192596,
    12.860020657347));
#7201 = CARTESIAN_POINT('',(23.367987820825,48.090663245771,
    12.33606138372));
#7202 = CARTESIAN_POINT('',(23.258375613738,48.122454694951,
    11.130292451016));
#7203 = CARTESIAN_POINT('',(23.198885752295,48.135401845017,
    10.448373901098));
#7204 = CARTESIAN_POINT('',(23.142741510137,48.143953299789,
    9.766129739462));
#7205 = CARTESIAN_POINT('',(23.090790391594,48.148835160021,
    9.083545309355));
#7206 = CARTESIAN_POINT('',(23.043871590004,48.15085798818,
    8.400619364366));
#7207 = CARTESIAN_POINT('',(23.002829778731,48.150904728606,
    7.717363251662));
#7208 = CARTESIAN_POINT('',(22.968559461595,48.149875085476,
    7.033798756578));
#7209 = CARTESIAN_POINT('',(22.942112478854,48.148542134576,
    6.349953287698));
#7210 = PCURVE('',#1985,#7211);
#7211 = DEFINITIONAL_REPRESENTATION('',(#7212),#7229);
#7212 = B_SPLINE_CURVE_WITH_KNOTS('',8,(#7213,#7214,#7215,#7216,#7217,
    #7218,#7219,#7220,#7221,#7222,#7223,#7224,#7225,#7226,#7227,#7228),
  .UNSPECIFIED.,.F.,.F.,(9,7,9),(0.,0.434699480339,1.),.UNSPECIFIED.);
#7213 = CARTESIAN_POINT('',(0.891934503238,0.155646515972));
#7214 = CARTESIAN_POINT('',(0.892248298206,0.148721237239));
#7215 = CARTESIAN_POINT('',(0.892553817199,0.14181511209));
#7216 = CARTESIAN_POINT('',(0.892850372961,0.134926679376));
#7217 = CARTESIAN_POINT('',(0.893136607039,0.128054287856));
#7218 = CARTESIAN_POINT('',(0.893411645584,0.121196554398));
#7219 = CARTESIAN_POINT('',(0.893674358868,0.114352057899));
#7220 = CARTESIAN_POINT('',(0.893923842941,0.107519541445));
#7221 = CARTESIAN_POINT('',(0.894465189897,9.182653375628E-02));
#7222 = CARTESIAN_POINT('',(0.894747260166,8.297376164003E-02));
#7223 = CARTESIAN_POINT('',(0.89500336838,7.413664748226E-02));
#7224 = CARTESIAN_POINT('',(0.895231621229,6.531287936228E-02));
#7225 = CARTESIAN_POINT('',(0.895430171996,5.65006457006E-02));
#7226 = CARTESIAN_POINT('',(0.895597164261,4.769862446263E-02));
#7227 = CARTESIAN_POINT('',(0.895730511772,3.890596302282E-02));
#7228 = CARTESIAN_POINT('',(0.895827338292,3.012222708125E-02));
#7229 = ( GEOMETRIC_REPRESENTATION_CONTEXT(2) 
PARAMETRIC_REPRESENTATION_CONTEXT() REPRESENTATION_CONTEXT('2D SPACE',''
  ) );
#7230 = PCURVE('',#7134,#7231);
#7231 = DEFINITIONAL_REPRESENTATION('',(#7232),#7249);
#7232 = B_SPLINE_CURVE_WITH_KNOTS('',8,(#7233,#7234,#7235,#7236,#7237,
    #7238,#7239,#7240,#7241,#7242,#7243,#7244,#7245,#7246,#7247,#7248),
  .UNSPECIFIED.,.F.,.F.,(9,7,9),(0.,0.434699480339,1.),.UNSPECIFIED.);
#7233 = CARTESIAN_POINT('',(-0.894746571711,-12.0000006));
#7234 = CARTESIAN_POINT('',(-0.949635167552,-11.47713248876));
#7235 = CARTESIAN_POINT('',(-1.002892841515,-10.95406622743));
#7236 = CARTESIAN_POINT('',(-1.0546511061,-10.4308225264));
#7237 = CARTESIAN_POINT('',(-1.104823047709,-9.907397781578));
#7238 = CARTESIAN_POINT('',(-1.153404203896,-9.383798866632));
#7239 = CARTESIAN_POINT('',(-1.200283265806,-8.860020657347));
#7240 = CARTESIAN_POINT('',(-1.245365126612,-8.33606138372));
#7241 = CARTESIAN_POINT('',(-1.344608129759,-7.130292451016));
#7242 = CARTESIAN_POINT('',(-1.397427043846,-6.448373901098));
#7243 = CARTESIAN_POINT('',(-1.446656248976,-5.766129739461));
#7244 = CARTESIAN_POINT('',(-1.491900443148,-5.083545309355));
#7245 = CARTESIAN_POINT('',(-1.532660422129,-4.400619364366));
#7246 = CARTESIAN_POINT('',(-1.56832049674,-3.717363251661));
#7247 = CARTESIAN_POINT('',(-1.598128016091,-3.033798756578));
#7248 = CARTESIAN_POINT('',(-1.621154583376,-2.349953287698));
#7249 = ( GEOMETRIC_REPRESENTATION_CONTEXT(2) 
PARAMETRIC_REPRESENTATION_CONTEXT() REPRESENTATION_CONTEXT('2D SPACE',''
  ) );
#7250 = ORIENTED_EDGE('',*,*,#7251,.F.);
#7251 = EDGE_CURVE('',#7252,#7190,#7254,.T.);
#7252 = VERTEX_POINT('',#7253);
#7253 = CARTESIAN_POINT('',(21.818060857366,49.973721551038,13.35));
#7254 = SURFACE_CURVE('',#7255,(#7262,#7291),.PCURVE_S1.);
#7255 = B_SPLINE_CURVE_WITH_KNOTS('',5,(#7256,#7257,#7258,#7259,#7260,
    #7261),.UNSPECIFIED.,.F.,.F.,(6,6),(4.108642014114E-02,
    0.863236274286),.PIECEWISE_BEZIER_KNOTS.);
#7256 = CARTESIAN_POINT('',(21.818060861913,49.973721555163,13.35));
#7257 = CARTESIAN_POINT('',(22.642283674388,49.065226092886,13.35));
#7258 = CARTESIAN_POINT('',(23.434477984501,48.127702996861,13.35));
#7259 = CARTESIAN_POINT('',(24.195277015785,47.164381907683,13.35));
#7260 = CARTESIAN_POINT('',(24.925424613544,46.178030860975,13.35));
#7261 = CARTESIAN_POINT('',(25.625737073566,45.170927861651,13.35));
#7262 = PCURVE('',#1985,#7263);
#7263 = DEFINITIONAL_REPRESENTATION('',(#7264),#7290);
#7264 = B_SPLINE_CURVE_WITH_KNOTS('',3,(#7265,#7266,#7267,#7268,#7269,
    #7270,#7271,#7272,#7273,#7274,#7275,#7276,#7277,#7278,#7279,#7280,
    #7281,#7282,#7283,#7284,#7285,#7286,#7287,#7288,#7289),
  .UNSPECIFIED.,.F.,.F.,(4,1,1,1,1,1,1,1,1,1,1,1,1,1,1,1,1,1,1,1,1,1,4),
  (4.108642014114E-02,7.845686805681E-02,0.115827315972,0.153197763888,
    0.190568211804,0.22793865972,0.265309107635,0.302679555551,
    0.340050003467,0.377420451382,0.414790899298,0.452161347214,
    0.489531795129,0.526902243045,0.564272690961,0.601643138876,
    0.639013586792,0.676384034708,0.713754482623,0.751124930539,
    0.788495378455,0.82586582637,0.863236274286),.QUASI_UNIFORM_KNOTS.);
#7265 = CARTESIAN_POINT('',(0.902077535189,0.120768976672));
#7266 = CARTESIAN_POINT('',(0.9017556049,0.120768976674));
#7267 = CARTESIAN_POINT('',(0.901112638109,0.120768976679));
#7268 = CARTESIAN_POINT('',(0.900150849835,0.120768976685));
#7269 = CARTESIAN_POINT('',(0.899191704024,0.120768976689));
#7270 = CARTESIAN_POINT('',(0.898235181249,0.120768976691));
#7271 = CARTESIAN_POINT('',(0.897281262089,0.120768976688));
#7272 = CARTESIAN_POINT('',(0.896329927123,0.120768976684));
#7273 = CARTESIAN_POINT('',(0.895381156921,0.120768976677));
#7274 = CARTESIAN_POINT('',(0.894434932036,0.120768976669));
#7275 = CARTESIAN_POINT('',(0.893491232999,0.120768976662));
#7276 = CARTESIAN_POINT('',(0.892550040306,0.120768976656));
#7277 = CARTESIAN_POINT('',(0.891611334414,0.120768976652));
#7278 = CARTESIAN_POINT('',(0.890675095733,0.12076897665));
#7279 = CARTESIAN_POINT('',(0.88974130462,0.120768976651));
#7280 = CARTESIAN_POINT('',(0.888809941366,0.120768976654));
#7281 = CARTESIAN_POINT('',(0.887880986196,0.120768976659));
#7282 = CARTESIAN_POINT('',(0.886954419257,0.120768976667));
#7283 = CARTESIAN_POINT('',(0.886030220614,0.120768976674));
#7284 = CARTESIAN_POINT('',(0.885108370239,0.120768976681));
#7285 = CARTESIAN_POINT('',(0.88418884801,0.120768976687));
#7286 = CARTESIAN_POINT('',(0.883271633697,0.120768976691));
#7287 = CARTESIAN_POINT('',(0.882356706971,0.120768976691));
#7288 = CARTESIAN_POINT('',(0.881748267217,0.120768976689));
#7289 = CARTESIAN_POINT('',(0.881444421782,0.120768976688));
#7290 = ( GEOMETRIC_REPRESENTATION_CONTEXT(2) 
PARAMETRIC_REPRESENTATION_CONTEXT() REPRESENTATION_CONTEXT('2D SPACE',''
  ) );
#7291 = PCURVE('',#7085,#7292);
#7292 = DEFINITIONAL_REPRESENTATION('',(#7293),#7300);
#7293 = B_SPLINE_CURVE_WITH_KNOTS('',5,(#7294,#7295,#7296,#7297,#7298,
    #7299),.UNSPECIFIED.,.F.,.F.,(6,6),(4.108642014114E-02,
    0.863236274286),.PIECEWISE_BEZIER_KNOTS.);
#7294 = CARTESIAN_POINT('',(-1.181939138087,2.973721555163));
#7295 = CARTESIAN_POINT('',(-0.357716325612,2.065226092886));
#7296 = CARTESIAN_POINT('',(0.434477984501,1.127702996861));
#7297 = CARTESIAN_POINT('',(1.195277015785,0.164381907683));
#7298 = CARTESIAN_POINT('',(1.925424613544,-0.821969139025));
#7299 = CARTESIAN_POINT('',(2.625737073566,-1.829072138349));
#7300 = ( GEOMETRIC_REPRESENTATION_CONTEXT(2) 
PARAMETRIC_REPRESENTATION_CONTEXT() REPRESENTATION_CONTEXT('2D SPACE',''
  ) );
#7301 = ORIENTED_EDGE('',*,*,#7302,.T.);
#7302 = EDGE_CURVE('',#7252,#7303,#7305,.T.);
#7303 = VERTEX_POINT('',#7304);
#7304 = CARTESIAN_POINT('',(21.668366146534,49.909768251992,10.35));
#7305 = SURFACE_CURVE('',#7306,(#7315,#7327),.PCURVE_S1.);
#7306 = B_SPLINE_CURVE_WITH_KNOTS('',4,(#7307,#7308,#7309,#7310,#7311,
    #7312,#7313,#7314),.UNSPECIFIED.,.F.,.F.,(5,3,5),(0.,0.592561743615,
    1.),.UNSPECIFIED.);
#7307 = CARTESIAN_POINT('',(21.818060884821,49.97372156195,13.3500006));
#7308 = CARTESIAN_POINT('',(21.797722242677,49.965637739643,
    12.90551542206));
#7309 = CARTESIAN_POINT('',(21.776049933204,49.956809471015,
    12.461071246472));
#7310 = CARTESIAN_POINT('',(21.753591088291,49.947384783313,
    12.016656456528));
#7311 = CARTESIAN_POINT('',(21.715258837117,49.930824047187,
    11.266687080583));
#7312 = CARTESIAN_POINT('',(21.69952004013,49.923893022791,
    10.961126471438));
#7313 = CARTESIAN_POINT('',(21.68383291214,49.916846502722,
    10.65556582213));
#7314 = CARTESIAN_POINT('',(21.668366116164,49.909768238094,10.3499994)
  );
#7315 = PCURVE('',#1985,#7316);
#7316 = DEFINITIONAL_REPRESENTATION('',(#7317),#7326);
#7317 = B_SPLINE_CURVE_WITH_KNOTS('',4,(#7318,#7319,#7320,#7321,#7322,
    #7323,#7324,#7325),.UNSPECIFIED.,.F.,.F.,(5,3,5),(0.,0.592561743615,
    1.),.UNSPECIFIED.);
#7318 = CARTESIAN_POINT('',(0.902077535048,0.12076898452));
#7319 = CARTESIAN_POINT('',(0.902181711939,0.114952360424));
#7320 = CARTESIAN_POINT('',(0.902286258325,0.109149662155));
#7321 = CARTESIAN_POINT('',(0.902389440423,0.103359284687));
#7322 = CARTESIAN_POINT('',(0.902558499818,9.360593707193E-02));
#7323 = CARTESIAN_POINT('',(0.902625961101,8.963721261911E-02));
#7324 = CARTESIAN_POINT('',(0.902691470576,8.567319561866E-02));
#7325 = CARTESIAN_POINT('',(0.902754519605,8.171349067361E-02));
#7326 = ( GEOMETRIC_REPRESENTATION_CONTEXT(2) 
PARAMETRIC_REPRESENTATION_CONTEXT() REPRESENTATION_CONTEXT('2D SPACE',''
  ) );
#7327 = PCURVE('',#7027,#7328);
#7328 = DEFINITIONAL_REPRESENTATION('',(#7329),#7338);
#7329 = B_SPLINE_CURVE_WITH_KNOTS('',4,(#7330,#7331,#7332,#7333,#7334,
    #7335,#7336,#7337),.UNSPECIFIED.,.F.,.F.,(5,3,5),(0.,0.592561743615,
    1.),.UNSPECIFIED.);
#7330 = CARTESIAN_POINT('',(-1.949112219752,-3.0000006));
#7331 = CARTESIAN_POINT('',(-1.95595167722,-2.55551542206));
#7332 = CARTESIAN_POINT('',(-1.963264339994,-2.111071246472));
#7333 = CARTESIAN_POINT('',(-1.970875212426,-1.666656456528));
#7334 = CARTESIAN_POINT('',(-1.983924171695,-0.916687080583));
#7335 = CARTESIAN_POINT('',(-1.98929820685,-0.611126471438));
#7336 = CARTESIAN_POINT('',(-1.994672156707,-0.30556582213));
#7337 = CARTESIAN_POINT('',(-1.999987630212,5.999999999062E-07));
#7338 = ( GEOMETRIC_REPRESENTATION_CONTEXT(2) 
PARAMETRIC_REPRESENTATION_CONTEXT() REPRESENTATION_CONTEXT('2D SPACE',''
  ) );
#7339 = ORIENTED_EDGE('',*,*,#7340,.F.);
#7340 = EDGE_CURVE('',#7341,#7303,#7343,.T.);
#7341 = VERTEX_POINT('',#7342);
#7342 = CARTESIAN_POINT('',(21.421750422712,50.179878656771,10.35));
#7343 = SURFACE_CURVE('',#7344,(#7352,#7363),.PCURVE_S1.);
#7344 = B_SPLINE_CURVE_WITH_KNOTS('',6,(#7345,#7346,#7347,#7348,#7349,
    #7350,#7351),.UNSPECIFIED.,.F.,.F.,(7,7),(0.,1.),
  .PIECEWISE_BEZIER_KNOTS.);
#7345 = CARTESIAN_POINT('',(21.076877697061,50.55,10.35));
#7346 = CARTESIAN_POINT('',(22.09999147249,49.464970690668,10.35));
#7347 = CARTESIAN_POINT('',(23.077234215365,48.33680262181,10.35));
#7348 = CARTESIAN_POINT('',(24.009629463369,47.170774471886,10.35));
#7349 = CARTESIAN_POINT('',(24.898343371997,45.971446455214,10.35));
#7350 = CARTESIAN_POINT('',(25.744676212304,44.742655539041,10.35));
#7351 = CARTESIAN_POINT('',(26.55,43.487467452819,10.35));
#7352 = PCURVE('',#1985,#7353);
#7353 = DEFINITIONAL_REPRESENTATION('',(#7354),#7362);
#7354 = B_SPLINE_CURVE_WITH_KNOTS('',6,(#7355,#7356,#7357,#7358,#7359,
    #7360,#7361),.UNSPECIFIED.,.F.,.F.,(7,7),(0.,1.),
  .PIECEWISE_BEZIER_KNOTS.);
#7355 = CARTESIAN_POINT('',(0.905777592967,8.171349844875E-02));
#7356 = CARTESIAN_POINT('',(0.900582210155,8.171349844875E-02));
#7357 = CARTESIAN_POINT('',(0.895482901061,8.171349844875E-02));
#7358 = CARTESIAN_POINT('',(0.890473993971,8.171349844875E-02));
#7359 = CARTESIAN_POINT('',(0.885550082783,8.171349844875E-02));
#7360 = CARTESIAN_POINT('',(0.880705567708,8.171349844875E-02));
#7361 = CARTESIAN_POINT('',(0.875934378474,8.171349844875E-02));
#7362 = ( GEOMETRIC_REPRESENTATION_CONTEXT(2) 
PARAMETRIC_REPRESENTATION_CONTEXT() REPRESENTATION_CONTEXT('2D SPACE',''
  ) );
#7363 = PCURVE('',#718,#7364);
#7364 = DEFINITIONAL_REPRESENTATION('',(#7365),#7373);
#7365 = B_SPLINE_CURVE_WITH_KNOTS('',6,(#7366,#7367,#7368,#7369,#7370,
    #7371,#7372),.UNSPECIFIED.,.F.,.F.,(7,7),(0.,1.),
  .PIECEWISE_BEZIER_KNOTS.);
#7366 = CARTESIAN_POINT('',(-1.923122302939,3.55));
#7367 = CARTESIAN_POINT('',(-0.90000852751,2.464970690668));
#7368 = CARTESIAN_POINT('',(7.723421536519E-02,1.33680262181));
#7369 = CARTESIAN_POINT('',(1.009629463369,0.170774471886));
#7370 = CARTESIAN_POINT('',(1.898343371997,-1.028553544786));
#7371 = CARTESIAN_POINT('',(2.744676212304,-2.257344460959));
#7372 = CARTESIAN_POINT('',(3.55,-3.512532547181));
#7373 = ( GEOMETRIC_REPRESENTATION_CONTEXT(2) 
PARAMETRIC_REPRESENTATION_CONTEXT() REPRESENTATION_CONTEXT('2D SPACE',''
  ) );
#7374 = ORIENTED_EDGE('',*,*,#7375,.T.);
#7375 = EDGE_CURVE('',#7341,#2292,#7376,.T.);
#7376 = SURFACE_CURVE('',#7377,(#7388,#7402),.PCURVE_S1.);
#7377 = B_SPLINE_CURVE_WITH_KNOTS('',5,(#7378,#7379,#7380,#7381,#7382,
    #7383,#7384,#7385,#7386,#7387),.UNSPECIFIED.,.F.,.F.,(6,4,6),(0.,
    0.378335159415,1.),.UNSPECIFIED.);
#7378 = CARTESIAN_POINT('',(21.421750452257,50.179878671435,10.3500006)
  );
#7379 = CARTESIAN_POINT('',(21.406850010873,50.172483227362,
    10.047403048366));
#7380 = CARTESIAN_POINT('',(21.392142100562,50.16507450272,
    9.744800581305));
#7381 = CARTESIAN_POINT('',(21.377752762981,50.157719642357,
    9.442188905823));
#7382 = CARTESIAN_POINT('',(21.363807532138,50.150492405613,
    9.139564243057));
#7383 = CARTESIAN_POINT('',(21.328452378355,50.13193943976,
    8.339636170681));
#7384 = CARTESIAN_POINT('',(21.308010094722,50.120967340523,
    7.842306040445));
#7385 = CARTESIAN_POINT('',(21.28966088621,50.110911650207,7.34491693099
    ));
#7386 = CARTESIAN_POINT('',(21.273960552252,50.102175404466,
    6.847463985284));
#7387 = CARTESIAN_POINT('',(21.261494948324,50.095173692266,
    6.349953287611));
#7388 = PCURVE('',#1985,#7389);
#7389 = DEFINITIONAL_REPRESENTATION('',(#7390),#7401);
#7390 = B_SPLINE_CURVE_WITH_KNOTS('',5,(#7391,#7392,#7393,#7394,#7395,
    #7396,#7397,#7398,#7399,#7400),.UNSPECIFIED.,.F.,.F.,(6,4,6),(0.,
    0.378335159415,1.),.UNSPECIFIED.);
#7391 = CARTESIAN_POINT('',(0.904019761689,8.171350622389E-02));
#7392 = CARTESIAN_POINT('',(0.904079910755,7.779227359262E-02));
#7393 = CARTESIAN_POINT('',(0.904137876509,7.387501038902E-02));
#7394 = CARTESIAN_POINT('',(0.9041932816,6.996141731509E-02));
#7395 = CARTESIAN_POINT('',(0.904245753717,6.605122985259E-02));
#7396 = CARTESIAN_POINT('',(0.904375722809,5.572437681673E-02));
#7397 = CARTESIAN_POINT('',(0.904447608992,4.931312178932E-02));
#7398 = CARTESIAN_POINT('',(0.904508947082,4.290941433779E-02));
#7399 = CARTESIAN_POINT('',(0.904558124269,3.651256348702E-02));
#7400 = CARTESIAN_POINT('',(0.904593406047,3.012222708014E-02));
#7401 = ( GEOMETRIC_REPRESENTATION_CONTEXT(2) 
PARAMETRIC_REPRESENTATION_CONTEXT() REPRESENTATION_CONTEXT('2D SPACE',''
  ) );
#7402 = PCURVE('',#1026,#7403);
#7403 = DEFINITIONAL_REPRESENTATION('',(#7404),#7415);
#7404 = B_SPLINE_CURVE_WITH_KNOTS('',5,(#7405,#7406,#7407,#7408,#7409,
    #7410,#7411,#7412,#7413,#7414),.UNSPECIFIED.,.F.,.F.,(6,4,6),(0.,
    0.378335159415,1.),.UNSPECIFIED.);
#7405 = CARTESIAN_POINT('',(-2.03149867401,-10.3500006));
#7406 = CARTESIAN_POINT('',(-2.036184526184,-10.04740304836));
#7407 = CARTESIAN_POINT('',(-2.040823457311,-9.744800581305));
#7408 = CARTESIAN_POINT('',(-2.045375488559,-9.442188905823));
#7409 = CARTESIAN_POINT('',(-2.049799866608,-9.139564243057));
#7410 = CARTESIAN_POINT('',(-2.061047029193,-8.339636170681));
#7411 = CARTESIAN_POINT('',(-2.067582153223,-7.842306040445));
#7412 = CARTESIAN_POINT('',(-2.07347599978,-7.34491693099));
#7413 = CARTESIAN_POINT('',(-2.078537166406,-6.847463985284));
#7414 = CARTESIAN_POINT('',(-2.082564599167,-6.349953287611));
#7415 = ( GEOMETRIC_REPRESENTATION_CONTEXT(2) 
PARAMETRIC_REPRESENTATION_CONTEXT() REPRESENTATION_CONTEXT('2D SPACE',''
  ) );
#7416 = ADVANCED_FACE('',(#7417),#2922,.T.);
#7417 = FACE_BOUND('',#7418,.F.);
#7418 = EDGE_LOOP('',(#7419));
#7419 = ORIENTED_EDGE('',*,*,#2883,.T.);
#7420 = ADVANCED_FACE('',(#7421),#3782,.F.);
#7421 = FACE_BOUND('',#7422,.F.);
#7422 = EDGE_LOOP('',(#7423,#7424));
#7423 = ORIENTED_EDGE('',*,*,#3762,.T.);
#7424 = ORIENTED_EDGE('',*,*,#7425,.T.);
#7425 = EDGE_CURVE('',#3696,#3763,#7426,.T.);
#7426 = SURFACE_CURVE('',#7427,(#7432,#7439),.PCURVE_S1.);
#7427 = CIRCLE('',#7428,1.15);
#7428 = AXIS2_PLACEMENT_3D('',#7429,#7430,#7431);
#7429 = CARTESIAN_POINT('',(-23.,47.,16.));
#7430 = DIRECTION('',(0.,0.,1.));
#7431 = DIRECTION('',(1.,0.,0.));
#7432 = PCURVE('',#3782,#7433);
#7433 = DEFINITIONAL_REPRESENTATION('',(#7434),#7438);
#7434 = CIRCLE('',#7435,1.15);
#7435 = AXIS2_PLACEMENT_2D('',#7436,#7437);
#7436 = CARTESIAN_POINT('',(0.,7.105427357601E-15));
#7437 = DIRECTION('',(1.,0.));
#7438 = ( GEOMETRIC_REPRESENTATION_CONTEXT(2) 
PARAMETRIC_REPRESENTATION_CONTEXT() REPRESENTATION_CONTEXT('2D SPACE',''
  ) );
#7439 = PCURVE('',#3737,#7440);
#7440 = DEFINITIONAL_REPRESENTATION('',(#7441),#7445);
#7441 = LINE('',#7442,#7443);
#7442 = CARTESIAN_POINT('',(-0.,-12.));
#7443 = VECTOR('',#7444,1.);
#7444 = DIRECTION('',(-1.,0.));
#7445 = ( GEOMETRIC_REPRESENTATION_CONTEXT(2) 
PARAMETRIC_REPRESENTATION_CONTEXT() REPRESENTATION_CONTEXT('2D SPACE',''
  ) );
#7446 = ADVANCED_FACE('',(#7447),#3737,.F.);
#7447 = FACE_BOUND('',#7448,.T.);
#7448 = EDGE_LOOP('',(#7449,#7473,#7495,#7496,#7520,#7543,#7569,#7570,
    #7571,#7572,#7598,#7599));
#7449 = ORIENTED_EDGE('',*,*,#7450,.T.);
#7450 = EDGE_CURVE('',#7451,#7453,#7455,.T.);
#7451 = VERTEX_POINT('',#7452);
#7452 = CARTESIAN_POINT('',(-22.,47.56789083458,12.));
#7453 = VERTEX_POINT('',#7454);
#7454 = CARTESIAN_POINT('',(-22.,47.56789083458,10.35));
#7455 = SEAM_CURVE('',#7456,(#7460,#7466),.PCURVE_S1.);
#7456 = LINE('',#7457,#7458);
#7457 = CARTESIAN_POINT('',(-22.,47.56789083458,5.));
#7458 = VECTOR('',#7459,1.);
#7459 = DIRECTION('',(-0.,-0.,-1.));
#7460 = PCURVE('',#3737,#7461);
#7461 = DEFINITIONAL_REPRESENTATION('',(#7462),#7465);
#7462 = B_SPLINE_CURVE_WITH_KNOTS('',1,(#7463,#7464),.UNSPECIFIED.,.F.,
  .F.,(2,2),(-7.0000006,-5.3499988),.PIECEWISE_BEZIER_KNOTS.);
#7463 = CARTESIAN_POINT('',(-6.799660448026,-8.0000006));
#7464 = CARTESIAN_POINT('',(-6.799660448026,-6.3499988));
#7465 = ( GEOMETRIC_REPRESENTATION_CONTEXT(2) 
PARAMETRIC_REPRESENTATION_CONTEXT() REPRESENTATION_CONTEXT('2D SPACE',''
  ) );
#7466 = PCURVE('',#3737,#7467);
#7467 = DEFINITIONAL_REPRESENTATION('',(#7468),#7472);
#7468 = LINE('',#7469,#7470);
#7469 = CARTESIAN_POINT('',(-0.516475140847,-1.));
#7470 = VECTOR('',#7471,1.);
#7471 = DIRECTION('',(-0.,1.));
#7472 = ( GEOMETRIC_REPRESENTATION_CONTEXT(2) 
PARAMETRIC_REPRESENTATION_CONTEXT() REPRESENTATION_CONTEXT('2D SPACE',''
  ) );
#7473 = ORIENTED_EDGE('',*,*,#7474,.F.);
#7474 = EDGE_CURVE('',#7453,#7453,#7475,.T.);
#7475 = SURFACE_CURVE('',#7476,(#7481,#7488),.PCURVE_S1.);
#7476 = CIRCLE('',#7477,1.15);
#7477 = AXIS2_PLACEMENT_3D('',#7478,#7479,#7480);
#7478 = CARTESIAN_POINT('',(-23.,47.,10.35));
#7479 = DIRECTION('',(0.,0.,1.));
#7480 = DIRECTION('',(0.869565217391,0.493818117026,-0.));
#7481 = PCURVE('',#3737,#7482);
#7482 = DEFINITIONAL_REPRESENTATION('',(#7483),#7487);
#7483 = LINE('',#7484,#7485);
#7484 = CARTESIAN_POINT('',(-0.516475140847,-6.35));
#7485 = VECTOR('',#7486,1.);
#7486 = DIRECTION('',(-1.,0.));
#7487 = ( GEOMETRIC_REPRESENTATION_CONTEXT(2) 
PARAMETRIC_REPRESENTATION_CONTEXT() REPRESENTATION_CONTEXT('2D SPACE',''
  ) );
#7488 = PCURVE('',#1356,#7489);
#7489 = DEFINITIONAL_REPRESENTATION('',(#7490),#7494);
#7490 = CIRCLE('',#7491,1.15);
#7491 = AXIS2_PLACEMENT_2D('',#7492,#7493);
#7492 = CARTESIAN_POINT('',(0.,-7.105427357601E-15));
#7493 = DIRECTION('',(0.869565217391,0.493818117026));
#7494 = ( GEOMETRIC_REPRESENTATION_CONTEXT(2) 
PARAMETRIC_REPRESENTATION_CONTEXT() REPRESENTATION_CONTEXT('2D SPACE',''
  ) );
#7495 = ORIENTED_EDGE('',*,*,#7450,.F.);
#7496 = ORIENTED_EDGE('',*,*,#7497,.F.);
#7497 = EDGE_CURVE('',#7498,#7451,#7500,.T.);
#7498 = VERTEX_POINT('',#7499);
#7499 = CARTESIAN_POINT('',(-21.85,47.,12.));
#7500 = SEAM_CURVE('',#7501,(#7506,#7513),.PCURVE_S1.);
#7501 = CIRCLE('',#7502,1.15);
#7502 = AXIS2_PLACEMENT_3D('',#7503,#7504,#7505);
#7503 = CARTESIAN_POINT('',(-23.,47.,12.));
#7504 = DIRECTION('',(0.,0.,1.));
#7505 = DIRECTION('',(-0.997935639252,6.422195816489E-02,0.));
#7506 = PCURVE('',#3737,#7507);
#7507 = DEFINITIONAL_REPRESENTATION('',(#7508),#7512);
#7508 = LINE('',#7509,#7510);
#7509 = CARTESIAN_POINT('',(3.205858840709,-8.));
#7510 = VECTOR('',#7511,1.);
#7511 = DIRECTION('',(-1.,0.));
#7512 = ( GEOMETRIC_REPRESENTATION_CONTEXT(2) 
PARAMETRIC_REPRESENTATION_CONTEXT() REPRESENTATION_CONTEXT('2D SPACE',''
  ) );
#7513 = PCURVE('',#3737,#7514);
#7514 = DEFINITIONAL_REPRESENTATION('',(#7515),#7519);
#7515 = LINE('',#7516,#7517);
#7516 = CARTESIAN_POINT('',(-3.077326466471,-8.));
#7517 = VECTOR('',#7518,1.);
#7518 = DIRECTION('',(-1.,0.));
#7519 = ( GEOMETRIC_REPRESENTATION_CONTEXT(2) 
PARAMETRIC_REPRESENTATION_CONTEXT() REPRESENTATION_CONTEXT('2D SPACE',''
  ) );
#7520 = ORIENTED_EDGE('',*,*,#7521,.T.);
#7521 = EDGE_CURVE('',#7498,#7522,#7524,.T.);
#7522 = VERTEX_POINT('',#7523);
#7523 = CARTESIAN_POINT('',(-21.85,47.,13.35));
#7524 = SEAM_CURVE('',#7525,(#7529,#7536),.PCURVE_S1.);
#7525 = LINE('',#7526,#7527);
#7526 = CARTESIAN_POINT('',(-21.85,47.,4.));
#7527 = VECTOR('',#7528,1.);
#7528 = DIRECTION('',(0.,0.,1.));
#7529 = PCURVE('',#3737,#7530);
#7530 = DEFINITIONAL_REPRESENTATION('',(#7531),#7535);
#7531 = LINE('',#7532,#7533);
#7532 = CARTESIAN_POINT('',(-0.,0.));
#7533 = VECTOR('',#7534,1.);
#7534 = DIRECTION('',(-0.,-1.));
#7535 = ( GEOMETRIC_REPRESENTATION_CONTEXT(2) 
PARAMETRIC_REPRESENTATION_CONTEXT() REPRESENTATION_CONTEXT('2D SPACE',''
  ) );
#7536 = PCURVE('',#3737,#7537);
#7537 = DEFINITIONAL_REPRESENTATION('',(#7538),#7542);
#7538 = LINE('',#7539,#7540);
#7539 = CARTESIAN_POINT('',(-6.28318530718,0.));
#7540 = VECTOR('',#7541,1.);
#7541 = DIRECTION('',(-0.,-1.));
#7542 = ( GEOMETRIC_REPRESENTATION_CONTEXT(2) 
PARAMETRIC_REPRESENTATION_CONTEXT() REPRESENTATION_CONTEXT('2D SPACE',''
  ) );
#7543 = ORIENTED_EDGE('',*,*,#7544,.F.);
#7544 = EDGE_CURVE('',#3640,#7522,#7545,.T.);
#7545 = SURFACE_CURVE('',#7546,(#7551,#7558),.PCURVE_S1.);
#7546 = CIRCLE('',#7547,1.15);
#7547 = AXIS2_PLACEMENT_3D('',#7548,#7549,#7550);
#7548 = CARTESIAN_POINT('',(-23.,47.,13.35));
#7549 = DIRECTION('',(0.,0.,-1.));
#7550 = DIRECTION('',(1.,0.,0.));
#7551 = PCURVE('',#3737,#7552);
#7552 = DEFINITIONAL_REPRESENTATION('',(#7553),#7557);
#7553 = LINE('',#7554,#7555);
#7554 = CARTESIAN_POINT('',(-6.28318530718,-9.35));
#7555 = VECTOR('',#7556,1.);
#7556 = DIRECTION('',(1.,-0.));
#7557 = ( GEOMETRIC_REPRESENTATION_CONTEXT(2) 
PARAMETRIC_REPRESENTATION_CONTEXT() REPRESENTATION_CONTEXT('2D SPACE',''
  ) );
#7558 = PCURVE('',#3680,#7559);
#7559 = DEFINITIONAL_REPRESENTATION('',(#7560),#7568);
#7560 = ( BOUNDED_CURVE() B_SPLINE_CURVE(2,(#7561,#7562,#7563,#7564,
#7565,#7566,#7567),.UNSPECIFIED.,.T.,.F.) B_SPLINE_CURVE_WITH_KNOTS((1,2
    ,2,2,2,1),(-2.094395102393,0.,2.094395102393,4.188790204786,
6.28318530718,8.377580409573),.UNSPECIFIED.) CURVE() 
GEOMETRIC_REPRESENTATION_ITEM() RATIONAL_B_SPLINE_CURVE((1.,0.5,1.,0.5,
1.,0.5,1.)) REPRESENTATION_ITEM('') );
#7561 = CARTESIAN_POINT('',(1.15,7.105427357601E-15));
#7562 = CARTESIAN_POINT('',(1.15,-1.991858428704));
#7563 = CARTESIAN_POINT('',(-0.575,-0.995929214352));
#7564 = CARTESIAN_POINT('',(-2.3,6.823758593797E-15));
#7565 = CARTESIAN_POINT('',(-0.575,0.995929214352));
#7566 = CARTESIAN_POINT('',(1.15,1.991858428704));
#7567 = CARTESIAN_POINT('',(1.15,7.105427357601E-15));
#7568 = ( GEOMETRIC_REPRESENTATION_CONTEXT(2) 
PARAMETRIC_REPRESENTATION_CONTEXT() REPRESENTATION_CONTEXT('2D SPACE',''
  ) );
#7569 = ORIENTED_EDGE('',*,*,#3695,.T.);
#7570 = ORIENTED_EDGE('',*,*,#7425,.T.);
#7571 = ORIENTED_EDGE('',*,*,#3796,.T.);
#7572 = ORIENTED_EDGE('',*,*,#7573,.F.);
#7573 = EDGE_CURVE('',#7522,#3797,#7574,.T.);
#7574 = SURFACE_CURVE('',#7575,(#7580,#7587),.PCURVE_S1.);
#7575 = CIRCLE('',#7576,1.15);
#7576 = AXIS2_PLACEMENT_3D('',#7577,#7578,#7579);
#7577 = CARTESIAN_POINT('',(-23.,47.,13.35));
#7578 = DIRECTION('',(0.,0.,-1.));
#7579 = DIRECTION('',(1.,0.,0.));
#7580 = PCURVE('',#3737,#7581);
#7581 = DEFINITIONAL_REPRESENTATION('',(#7582),#7586);
#7582 = LINE('',#7583,#7584);
#7583 = CARTESIAN_POINT('',(-6.28318530718,-9.35));
#7584 = VECTOR('',#7585,1.);
#7585 = DIRECTION('',(1.,-0.));
#7586 = ( GEOMETRIC_REPRESENTATION_CONTEXT(2) 
PARAMETRIC_REPRESENTATION_CONTEXT() REPRESENTATION_CONTEXT('2D SPACE',''
  ) );
#7587 = PCURVE('',#3680,#7588);
#7588 = DEFINITIONAL_REPRESENTATION('',(#7589),#7597);
#7589 = ( BOUNDED_CURVE() B_SPLINE_CURVE(2,(#7590,#7591,#7592,#7593,
#7594,#7595,#7596),.UNSPECIFIED.,.T.,.F.) B_SPLINE_CURVE_WITH_KNOTS((1,2
    ,2,2,2,1),(-2.094395102393,0.,2.094395102393,4.188790204786,
6.28318530718,8.377580409573),.UNSPECIFIED.) CURVE() 
GEOMETRIC_REPRESENTATION_ITEM() RATIONAL_B_SPLINE_CURVE((1.,0.5,1.,0.5,
1.,0.5,1.)) REPRESENTATION_ITEM('') );
#7590 = CARTESIAN_POINT('',(1.15,7.105427357601E-15));
#7591 = CARTESIAN_POINT('',(1.15,-1.991858428704));
#7592 = CARTESIAN_POINT('',(-0.575,-0.995929214352));
#7593 = CARTESIAN_POINT('',(-2.3,6.823758593797E-15));
#7594 = CARTESIAN_POINT('',(-0.575,0.995929214352));
#7595 = CARTESIAN_POINT('',(1.15,1.991858428704));
#7596 = CARTESIAN_POINT('',(1.15,7.105427357601E-15));
#7597 = ( GEOMETRIC_REPRESENTATION_CONTEXT(2) 
PARAMETRIC_REPRESENTATION_CONTEXT() REPRESENTATION_CONTEXT('2D SPACE',''
  ) );
#7598 = ORIENTED_EDGE('',*,*,#7521,.F.);
#7599 = ORIENTED_EDGE('',*,*,#7497,.T.);
#7600 = ADVANCED_FACE('',(#7601),#3680,.T.);
#7601 = FACE_BOUND('',#7602,.T.);
#7602 = EDGE_LOOP('',(#7603,#7604,#7630,#7631,#7632));
#7603 = ORIENTED_EDGE('',*,*,#3858,.F.);
#7604 = ORIENTED_EDGE('',*,*,#7605,.F.);
#7605 = EDGE_CURVE('',#3597,#3859,#7606,.T.);
#7606 = SURFACE_CURVE('',#7607,(#7612,#7623),.PCURVE_S1.);
#7607 = CIRCLE('',#7608,3.2);
#7608 = AXIS2_PLACEMENT_3D('',#7609,#7610,#7611);
#7609 = CARTESIAN_POINT('',(-23.,47.,13.35));
#7610 = DIRECTION('',(0.,0.,-1.));
#7611 = DIRECTION('',(0.369355982073,0.929287984699,0.));
#7612 = PCURVE('',#3680,#7613);
#7613 = DEFINITIONAL_REPRESENTATION('',(#7614),#7622);
#7614 = ( BOUNDED_CURVE() B_SPLINE_CURVE(2,(#7615,#7616,#7617,#7618,
#7619,#7620,#7621),.UNSPECIFIED.,.T.,.F.) B_SPLINE_CURVE_WITH_KNOTS((1,2
    ,2,2,2,1),(-2.094395102393,0.,2.094395102393,4.188790204786,
6.28318530718,8.377580409573),.UNSPECIFIED.) CURVE() 
GEOMETRIC_REPRESENTATION_ITEM() RATIONAL_B_SPLINE_CURVE((1.,0.5,1.,0.5,
1.,0.5,1.)) REPRESENTATION_ITEM('') );
#7615 = CARTESIAN_POINT('',(1.181939142634,2.973721551038));
#7616 = CARTESIAN_POINT('',(6.332575956595,0.926542904542));
#7617 = CARTESIAN_POINT('',(1.984348835664,-2.510450098767));
#7618 = CARTESIAN_POINT('',(-2.363878285268,-5.947443102077));
#7619 = CARTESIAN_POINT('',(-3.166287978297,-0.463271452271));
#7620 = CARTESIAN_POINT('',(-3.968697671327,5.020900197535));
#7621 = CARTESIAN_POINT('',(1.181939142634,2.973721551038));
#7622 = ( GEOMETRIC_REPRESENTATION_CONTEXT(2) 
PARAMETRIC_REPRESENTATION_CONTEXT() REPRESENTATION_CONTEXT('2D SPACE',''
  ) );
#7623 = PCURVE('',#3622,#7624);
#7624 = DEFINITIONAL_REPRESENTATION('',(#7625),#7629);
#7625 = LINE('',#7626,#7627);
#7626 = CARTESIAN_POINT('',(-7.475665731785,-3.));
#7627 = VECTOR('',#7628,1.);
#7628 = DIRECTION('',(1.,-0.));
#7629 = ( GEOMETRIC_REPRESENTATION_CONTEXT(2) 
PARAMETRIC_REPRESENTATION_CONTEXT() REPRESENTATION_CONTEXT('2D SPACE',''
  ) );
#7630 = ORIENTED_EDGE('',*,*,#3639,.F.);
#7631 = ORIENTED_EDGE('',*,*,#7544,.T.);
#7632 = ORIENTED_EDGE('',*,*,#7573,.T.);
#7633 = ADVANCED_FACE('',(#7634),#3622,.T.);
#7634 = FACE_BOUND('',#7635,.F.);
#7635 = EDGE_LOOP('',(#7636,#7637,#7638,#7664));
#7636 = ORIENTED_EDGE('',*,*,#7605,.F.);
#7637 = ORIENTED_EDGE('',*,*,#3596,.F.);
#7638 = ORIENTED_EDGE('',*,*,#7639,.T.);
#7639 = EDGE_CURVE('',#3562,#3910,#7640,.T.);
#7640 = SURFACE_CURVE('',#7641,(#7646,#7653),.PCURVE_S1.);
#7641 = CIRCLE('',#7642,3.2);
#7642 = AXIS2_PLACEMENT_3D('',#7643,#7644,#7645);
#7643 = CARTESIAN_POINT('',(-23.,47.,10.35));
#7644 = DIRECTION('',(0.,0.,-1.));
#7645 = DIRECTION('',(0.416135579208,0.909302578748,0.));
#7646 = PCURVE('',#3622,#7647);
#7647 = DEFINITIONAL_REPRESENTATION('',(#7648),#7652);
#7648 = LINE('',#7649,#7650);
#7649 = CARTESIAN_POINT('',(-7.424790340995,0.));
#7650 = VECTOR('',#7651,1.);
#7651 = DIRECTION('',(1.,-0.));
#7652 = ( GEOMETRIC_REPRESENTATION_CONTEXT(2) 
PARAMETRIC_REPRESENTATION_CONTEXT() REPRESENTATION_CONTEXT('2D SPACE',''
  ) );
#7653 = PCURVE('',#1356,#7654);
#7654 = DEFINITIONAL_REPRESENTATION('',(#7655),#7663);
#7655 = ( BOUNDED_CURVE() B_SPLINE_CURVE(2,(#7656,#7657,#7658,#7659,
#7660,#7661,#7662),.UNSPECIFIED.,.T.,.F.) B_SPLINE_CURVE_WITH_KNOTS((1,2
    ,2,2,2,1),(-2.094395102393,0.,2.094395102393,4.188790204786,
6.28318530718,8.377580409573),.UNSPECIFIED.) CURVE() 
GEOMETRIC_REPRESENTATION_ITEM() RATIONAL_B_SPLINE_CURVE((1.,0.5,1.,0.5,
1.,0.5,1.)) REPRESENTATION_ITEM('') );
#7656 = CARTESIAN_POINT('',(1.331633853466,2.909768251992));
#7657 = CARTESIAN_POINT('',(6.371500304168,0.60331076071));
#7658 = CARTESIAN_POINT('',(1.854116298618,-2.608112871637));
#7659 = CARTESIAN_POINT('',(-2.663267706932,-5.819536503985));
#7660 = CARTESIAN_POINT('',(-3.185750152084,-0.301655380355));
#7661 = CARTESIAN_POINT('',(-3.708232597236,5.216225743274));
#7662 = CARTESIAN_POINT('',(1.331633853466,2.909768251992));
#7663 = ( GEOMETRIC_REPRESENTATION_CONTEXT(2) 
PARAMETRIC_REPRESENTATION_CONTEXT() REPRESENTATION_CONTEXT('2D SPACE',''
  ) );
#7664 = ORIENTED_EDGE('',*,*,#3909,.F.);
#7665 = ADVANCED_FACE('',(#7666),#4698,.T.);
#7666 = FACE_BOUND('',#7667,.T.);
#7667 = EDGE_LOOP('',(#7668,#7691,#7712,#7713));
#7668 = ORIENTED_EDGE('',*,*,#7669,.T.);
#7669 = EDGE_CURVE('',#7670,#7672,#7674,.T.);
#7670 = VERTEX_POINT('',#7671);
#7671 = CARTESIAN_POINT('',(-36.82665880502,-10.5,13.35));
#7672 = VERTEX_POINT('',#7673);
#7673 = CARTESIAN_POINT('',(-36.82665880502,-10.5,10.35));
#7674 = SURFACE_CURVE('',#7675,(#7679,#7685),.PCURVE_S1.);
#7675 = LINE('',#7676,#7677);
#7676 = CARTESIAN_POINT('',(-36.82665880502,-10.5,10.35));
#7677 = VECTOR('',#7678,1.);
#7678 = DIRECTION('',(-0.,-0.,-1.));
#7679 = PCURVE('',#4698,#7680);
#7680 = DEFINITIONAL_REPRESENTATION('',(#7681),#7684);
#7681 = B_SPLINE_CURVE_WITH_KNOTS('',1,(#7682,#7683),.UNSPECIFIED.,.F.,
  .F.,(2,2),(-3.0000006,6.000000016826E-07),.PIECEWISE_BEZIER_KNOTS.);
#7682 = CARTESIAN_POINT('',(3.0000006,4.173341194979));
#7683 = CARTESIAN_POINT('',(-6.000000016826E-07,4.173341194979));
#7684 = ( GEOMETRIC_REPRESENTATION_CONTEXT(2) 
PARAMETRIC_REPRESENTATION_CONTEXT() REPRESENTATION_CONTEXT('2D SPACE',''
  ) );
#7685 = PCURVE('',#4821,#7686);
#7686 = DEFINITIONAL_REPRESENTATION('',(#7687),#7690);
#7687 = B_SPLINE_CURVE_WITH_KNOTS('',1,(#7688,#7689),.UNSPECIFIED.,.F.,
  .F.,(2,2),(-3.0000006,6.000000016826E-07),.PIECEWISE_BEZIER_KNOTS.);
#7688 = CARTESIAN_POINT('',(-8.936902813229,-3.0000006));
#7689 = CARTESIAN_POINT('',(-8.936902813229,6.000000016826E-07));
#7690 = ( GEOMETRIC_REPRESENTATION_CONTEXT(2) 
PARAMETRIC_REPRESENTATION_CONTEXT() REPRESENTATION_CONTEXT('2D SPACE',''
  ) );
#7691 = ORIENTED_EDGE('',*,*,#7692,.F.);
#7692 = EDGE_CURVE('',#4642,#7672,#7693,.T.);
#7693 = SURFACE_CURVE('',#7694,(#7698,#7705),.PCURVE_S1.);
#7694 = LINE('',#7695,#7696);
#7695 = CARTESIAN_POINT('',(-41.,-10.5,10.35));
#7696 = VECTOR('',#7697,1.);
#7697 = DIRECTION('',(1.,0.,0.));
#7698 = PCURVE('',#4698,#7699);
#7699 = DEFINITIONAL_REPRESENTATION('',(#7700),#7704);
#7700 = LINE('',#7701,#7702);
#7701 = CARTESIAN_POINT('',(0.,0.));
#7702 = VECTOR('',#7703,1.);
#7703 = DIRECTION('',(0.,1.));
#7704 = ( GEOMETRIC_REPRESENTATION_CONTEXT(2) 
PARAMETRIC_REPRESENTATION_CONTEXT() REPRESENTATION_CONTEXT('2D SPACE',''
  ) );
#7705 = PCURVE('',#4663,#7706);
#7706 = DEFINITIONAL_REPRESENTATION('',(#7707),#7711);
#7707 = LINE('',#7708,#7709);
#7708 = CARTESIAN_POINT('',(-7.,1.5));
#7709 = VECTOR('',#7710,1.);
#7710 = DIRECTION('',(1.,0.));
#7711 = ( GEOMETRIC_REPRESENTATION_CONTEXT(2) 
PARAMETRIC_REPRESENTATION_CONTEXT() REPRESENTATION_CONTEXT('2D SPACE',''
  ) );
#7712 = ORIENTED_EDGE('',*,*,#4678,.T.);
#7713 = ORIENTED_EDGE('',*,*,#7714,.T.);
#7714 = EDGE_CURVE('',#4679,#7670,#7715,.T.);
#7715 = SURFACE_CURVE('',#7716,(#7720,#7727),.PCURVE_S1.);
#7716 = LINE('',#7717,#7718);
#7717 = CARTESIAN_POINT('',(-41.,-10.5,13.35));
#7718 = VECTOR('',#7719,1.);
#7719 = DIRECTION('',(1.,0.,0.));
#7720 = PCURVE('',#4698,#7721);
#7721 = DEFINITIONAL_REPRESENTATION('',(#7722),#7726);
#7722 = LINE('',#7723,#7724);
#7723 = CARTESIAN_POINT('',(3.,0.));
#7724 = VECTOR('',#7725,1.);
#7725 = DIRECTION('',(0.,1.));
#7726 = ( GEOMETRIC_REPRESENTATION_CONTEXT(2) 
PARAMETRIC_REPRESENTATION_CONTEXT() REPRESENTATION_CONTEXT('2D SPACE',''
  ) );
#7727 = PCURVE('',#4732,#7728);
#7728 = DEFINITIONAL_REPRESENTATION('',(#7729),#7733);
#7729 = LINE('',#7730,#7731);
#7730 = CARTESIAN_POINT('',(-7.,1.5));
#7731 = VECTOR('',#7732,1.);
#7732 = DIRECTION('',(1.,0.));
#7733 = ( GEOMETRIC_REPRESENTATION_CONTEXT(2) 
PARAMETRIC_REPRESENTATION_CONTEXT() REPRESENTATION_CONTEXT('2D SPACE',''
  ) );
#7734 = ADVANCED_FACE('',(#7735,#7766),#4732,.T.);
#7735 = FACE_BOUND('',#7736,.T.);
#7736 = EDGE_LOOP('',(#7737,#7738,#7764,#7765));
#7737 = ORIENTED_EDGE('',*,*,#4746,.F.);
#7738 = ORIENTED_EDGE('',*,*,#7739,.F.);
#7739 = EDGE_CURVE('',#7670,#4747,#7740,.T.);
#7740 = SURFACE_CURVE('',#7741,(#7746,#7757),.PCURVE_S1.);
#7741 = CIRCLE('',#7742,3.2);
#7742 = AXIS2_PLACEMENT_3D('',#7743,#7744,#7745);
#7743 = CARTESIAN_POINT('',(-34.,-12.,13.35));
#7744 = DIRECTION('',(0.,0.,-1.));
#7745 = DIRECTION('',(-0.916942658047,0.399018999364,0.));
#7746 = PCURVE('',#4732,#7747);
#7747 = DEFINITIONAL_REPRESENTATION('',(#7748),#7756);
#7748 = ( BOUNDED_CURVE() B_SPLINE_CURVE(2,(#7749,#7750,#7751,#7752,
#7753,#7754,#7755),.UNSPECIFIED.,.T.,.F.) B_SPLINE_CURVE_WITH_KNOTS((1,2
    ,2,2,2,1),(-2.094395102393,0.,2.094395102393,4.188790204786,
6.28318530718,8.377580409573),.UNSPECIFIED.) CURVE() 
GEOMETRIC_REPRESENTATION_ITEM() RATIONAL_B_SPLINE_CURVE((1.,0.5,1.,0.5,
1.,0.5,1.)) REPRESENTATION_ITEM('') );
#7749 = CARTESIAN_POINT('',(-2.934216505751,1.276860797964));
#7750 = CARTESIAN_POINT('',(-0.722628729485,6.359072866332));
#7751 = CARTESIAN_POINT('',(2.572902141009,1.902675635202));
#7752 = CARTESIAN_POINT('',(5.868433011502,-2.553721595928));
#7753 = CARTESIAN_POINT('',(0.361314364742,-3.179536433166));
#7754 = CARTESIAN_POINT('',(-5.145804282018,-3.805351270404));
#7755 = CARTESIAN_POINT('',(-2.934216505751,1.276860797964));
#7756 = ( GEOMETRIC_REPRESENTATION_CONTEXT(2) 
PARAMETRIC_REPRESENTATION_CONTEXT() REPRESENTATION_CONTEXT('2D SPACE',''
  ) );
#7757 = PCURVE('',#4821,#7758);
#7758 = DEFINITIONAL_REPRESENTATION('',(#7759),#7763);
#7759 = LINE('',#7760,#7761);
#7760 = CARTESIAN_POINT('',(-9.014331224463,-3.));
#7761 = VECTOR('',#7762,1.);
#7762 = DIRECTION('',(1.,-0.));
#7763 = ( GEOMETRIC_REPRESENTATION_CONTEXT(2) 
PARAMETRIC_REPRESENTATION_CONTEXT() REPRESENTATION_CONTEXT('2D SPACE',''
  ) );
#7764 = ORIENTED_EDGE('',*,*,#7714,.F.);
#7765 = ORIENTED_EDGE('',*,*,#4712,.F.);
#7766 = FACE_BOUND('',#7767,.T.);
#7767 = EDGE_LOOP('',(#7768));
#7768 = ORIENTED_EDGE('',*,*,#7769,.T.);
#7769 = EDGE_CURVE('',#7770,#7770,#7772,.T.);
#7770 = VERTEX_POINT('',#7771);
#7771 = CARTESIAN_POINT('',(-32.85,-12.,13.35));
#7772 = SURFACE_CURVE('',#7773,(#7778,#7789),.PCURVE_S1.);
#7773 = CIRCLE('',#7774,1.15);
#7774 = AXIS2_PLACEMENT_3D('',#7775,#7776,#7777);
#7775 = CARTESIAN_POINT('',(-34.,-12.,13.35));
#7776 = DIRECTION('',(0.,0.,-1.));
#7777 = DIRECTION('',(1.,0.,0.));
#7778 = PCURVE('',#4732,#7779);
#7779 = DEFINITIONAL_REPRESENTATION('',(#7780),#7788);
#7780 = ( BOUNDED_CURVE() B_SPLINE_CURVE(2,(#7781,#7782,#7783,#7784,
#7785,#7786,#7787),.UNSPECIFIED.,.T.,.F.) B_SPLINE_CURVE_WITH_KNOTS((1,2
    ,2,2,2,1),(-2.094395102393,0.,2.094395102393,4.188790204786,
6.28318530718,8.377580409573),.UNSPECIFIED.) CURVE() 
GEOMETRIC_REPRESENTATION_ITEM() RATIONAL_B_SPLINE_CURVE((1.,0.5,1.,0.5,
1.,0.5,1.)) REPRESENTATION_ITEM('') );
#7781 = CARTESIAN_POINT('',(1.15,-1.7763568394E-15));
#7782 = CARTESIAN_POINT('',(1.15,-1.991858428704));
#7783 = CARTESIAN_POINT('',(-0.575,-0.995929214352));
#7784 = CARTESIAN_POINT('',(-2.3,-2.058025603204E-15));
#7785 = CARTESIAN_POINT('',(-0.575,0.995929214352));
#7786 = CARTESIAN_POINT('',(1.15,1.991858428704));
#7787 = CARTESIAN_POINT('',(1.15,-1.7763568394E-15));
#7788 = ( GEOMETRIC_REPRESENTATION_CONTEXT(2) 
PARAMETRIC_REPRESENTATION_CONTEXT() REPRESENTATION_CONTEXT('2D SPACE',''
  ) );
#7789 = PCURVE('',#7790,#7795);
#7790 = CYLINDRICAL_SURFACE('',#7791,1.15);
#7791 = AXIS2_PLACEMENT_3D('',#7792,#7793,#7794);
#7792 = CARTESIAN_POINT('',(-34.,-12.,5.));
#7793 = DIRECTION('',(-0.,-0.,-1.));
#7794 = DIRECTION('',(1.,0.,0.));
#7795 = DEFINITIONAL_REPRESENTATION('',(#7796),#7800);
#7796 = LINE('',#7797,#7798);
#7797 = CARTESIAN_POINT('',(-6.28318530718,-8.35));
#7798 = VECTOR('',#7799,1.);
#7799 = DIRECTION('',(1.,-0.));
#7800 = ( GEOMETRIC_REPRESENTATION_CONTEXT(2) 
PARAMETRIC_REPRESENTATION_CONTEXT() REPRESENTATION_CONTEXT('2D SPACE',''
  ) );
#7801 = ADVANCED_FACE('',(#7802),#7790,.F.);
#7802 = FACE_BOUND('',#7803,.T.);
#7803 = EDGE_LOOP('',(#7804,#7828,#7850,#7874,#7895,#7896,#7897,#7898));
#7804 = ORIENTED_EDGE('',*,*,#7805,.F.);
#7805 = EDGE_CURVE('',#7806,#7806,#7808,.T.);
#7806 = VERTEX_POINT('',#7807);
#7807 = CARTESIAN_POINT('',(-33.,-11.43210916542,10.35));
#7808 = SURFACE_CURVE('',#7809,(#7814,#7821),.PCURVE_S1.);
#7809 = CIRCLE('',#7810,1.15);
#7810 = AXIS2_PLACEMENT_3D('',#7811,#7812,#7813);
#7811 = CARTESIAN_POINT('',(-34.,-12.,10.35));
#7812 = DIRECTION('',(0.,0.,1.));
#7813 = DIRECTION('',(0.869565217391,0.493818117026,-0.));
#7814 = PCURVE('',#7790,#7815);
#7815 = DEFINITIONAL_REPRESENTATION('',(#7816),#7820);
#7816 = LINE('',#7817,#7818);
#7817 = CARTESIAN_POINT('',(-0.516475140847,-5.35));
#7818 = VECTOR('',#7819,1.);
#7819 = DIRECTION('',(-1.,-0.));
#7820 = ( GEOMETRIC_REPRESENTATION_CONTEXT(2) 
PARAMETRIC_REPRESENTATION_CONTEXT() REPRESENTATION_CONTEXT('2D SPACE',''
  ) );
#7821 = PCURVE('',#4663,#7822);
#7822 = DEFINITIONAL_REPRESENTATION('',(#7823),#7827);
#7823 = CIRCLE('',#7824,1.15);
#7824 = AXIS2_PLACEMENT_2D('',#7825,#7826);
#7825 = CARTESIAN_POINT('',(0.,0.));
#7826 = DIRECTION('',(0.869565217391,0.493818117026));
#7827 = ( GEOMETRIC_REPRESENTATION_CONTEXT(2) 
PARAMETRIC_REPRESENTATION_CONTEXT() REPRESENTATION_CONTEXT('2D SPACE',''
  ) );
#7828 = ORIENTED_EDGE('',*,*,#7829,.F.);
#7829 = EDGE_CURVE('',#7830,#7806,#7832,.T.);
#7830 = VERTEX_POINT('',#7831);
#7831 = CARTESIAN_POINT('',(-33.,-11.43210916542,12.));
#7832 = SEAM_CURVE('',#7833,(#7837,#7844),.PCURVE_S1.);
#7833 = LINE('',#7834,#7835);
#7834 = CARTESIAN_POINT('',(-33.,-11.43210916542,5.));
#7835 = VECTOR('',#7836,1.);
#7836 = DIRECTION('',(-0.,-0.,-1.));
#7837 = PCURVE('',#7790,#7838);
#7838 = DEFINITIONAL_REPRESENTATION('',(#7839),#7843);
#7839 = LINE('',#7840,#7841);
#7840 = CARTESIAN_POINT('',(-0.516475140847,0.));
#7841 = VECTOR('',#7842,1.);
#7842 = DIRECTION('',(-0.,1.));
#7843 = ( GEOMETRIC_REPRESENTATION_CONTEXT(2) 
PARAMETRIC_REPRESENTATION_CONTEXT() REPRESENTATION_CONTEXT('2D SPACE',''
  ) );
#7844 = PCURVE('',#7790,#7845);
#7845 = DEFINITIONAL_REPRESENTATION('',(#7846),#7849);
#7846 = B_SPLINE_CURVE_WITH_KNOTS('',1,(#7847,#7848),.UNSPECIFIED.,.F.,
  .F.,(2,2),(-7.,-5.35),.PIECEWISE_BEZIER_KNOTS.);
#7847 = CARTESIAN_POINT('',(-6.799660448026,-7.));
#7848 = CARTESIAN_POINT('',(-6.799660448026,-5.35));
#7849 = ( GEOMETRIC_REPRESENTATION_CONTEXT(2) 
PARAMETRIC_REPRESENTATION_CONTEXT() REPRESENTATION_CONTEXT('2D SPACE',''
  ) );
#7850 = ORIENTED_EDGE('',*,*,#7851,.F.);
#7851 = EDGE_CURVE('',#7852,#7830,#7854,.T.);
#7852 = VERTEX_POINT('',#7853);
#7853 = CARTESIAN_POINT('',(-32.85,-12.,12.));
#7854 = SEAM_CURVE('',#7855,(#7860,#7867),.PCURVE_S1.);
#7855 = CIRCLE('',#7856,1.15);
#7856 = AXIS2_PLACEMENT_3D('',#7857,#7858,#7859);
#7857 = CARTESIAN_POINT('',(-34.,-12.,12.));
#7858 = DIRECTION('',(-0.,0.,1.));
#7859 = DIRECTION('',(0.869565217391,-0.493818117026,0.));
#7860 = PCURVE('',#7790,#7861);
#7861 = DEFINITIONAL_REPRESENTATION('',(#7862),#7866);
#7862 = LINE('',#7863,#7864);
#7863 = CARTESIAN_POINT('',(0.516475140847,-7.));
#7864 = VECTOR('',#7865,1.);
#7865 = DIRECTION('',(-1.,0.));
#7866 = ( GEOMETRIC_REPRESENTATION_CONTEXT(2) 
PARAMETRIC_REPRESENTATION_CONTEXT() REPRESENTATION_CONTEXT('2D SPACE',''
  ) );
#7867 = PCURVE('',#7790,#7868);
#7868 = DEFINITIONAL_REPRESENTATION('',(#7869),#7873);
#7869 = LINE('',#7870,#7871);
#7870 = CARTESIAN_POINT('',(-5.766710166333,-7.));
#7871 = VECTOR('',#7872,1.);
#7872 = DIRECTION('',(-1.,0.));
#7873 = ( GEOMETRIC_REPRESENTATION_CONTEXT(2) 
PARAMETRIC_REPRESENTATION_CONTEXT() REPRESENTATION_CONTEXT('2D SPACE',''
  ) );
#7874 = ORIENTED_EDGE('',*,*,#7875,.T.);
#7875 = EDGE_CURVE('',#7852,#7770,#7876,.T.);
#7876 = SEAM_CURVE('',#7877,(#7881,#7888),.PCURVE_S1.);
#7877 = LINE('',#7878,#7879);
#7878 = CARTESIAN_POINT('',(-32.85,-12.,4.));
#7879 = VECTOR('',#7880,1.);
#7880 = DIRECTION('',(0.,0.,1.));
#7881 = PCURVE('',#7790,#7882);
#7882 = DEFINITIONAL_REPRESENTATION('',(#7883),#7887);
#7883 = LINE('',#7884,#7885);
#7884 = CARTESIAN_POINT('',(-0.,1.));
#7885 = VECTOR('',#7886,1.);
#7886 = DIRECTION('',(-0.,-1.));
#7887 = ( GEOMETRIC_REPRESENTATION_CONTEXT(2) 
PARAMETRIC_REPRESENTATION_CONTEXT() REPRESENTATION_CONTEXT('2D SPACE',''
  ) );
#7888 = PCURVE('',#7790,#7889);
#7889 = DEFINITIONAL_REPRESENTATION('',(#7890),#7894);
#7890 = LINE('',#7891,#7892);
#7891 = CARTESIAN_POINT('',(-6.28318530718,1.));
#7892 = VECTOR('',#7893,1.);
#7893 = DIRECTION('',(-0.,-1.));
#7894 = ( GEOMETRIC_REPRESENTATION_CONTEXT(2) 
PARAMETRIC_REPRESENTATION_CONTEXT() REPRESENTATION_CONTEXT('2D SPACE',''
  ) );
#7895 = ORIENTED_EDGE('',*,*,#7769,.F.);
#7896 = ORIENTED_EDGE('',*,*,#7875,.F.);
#7897 = ORIENTED_EDGE('',*,*,#7851,.T.);
#7898 = ORIENTED_EDGE('',*,*,#7829,.T.);
#7899 = ADVANCED_FACE('',(#7900),#4821,.T.);
#7900 = FACE_BOUND('',#7901,.F.);
#7901 = EDGE_LOOP('',(#7902,#7903,#7904,#7930));
#7902 = ORIENTED_EDGE('',*,*,#7739,.F.);
#7903 = ORIENTED_EDGE('',*,*,#7669,.T.);
#7904 = ORIENTED_EDGE('',*,*,#7905,.T.);
#7905 = EDGE_CURVE('',#7672,#4798,#7906,.T.);
#7906 = SURFACE_CURVE('',#7907,(#7912,#7919),.PCURVE_S1.);
#7907 = CIRCLE('',#7908,3.2);
#7908 = AXIS2_PLACEMENT_3D('',#7909,#7910,#7911);
#7909 = CARTESIAN_POINT('',(-34.,-12.,10.35));
#7910 = DIRECTION('',(0.,0.,-1.));
#7911 = DIRECTION('',(-0.93613095968,0.351651569494,0.));
#7912 = PCURVE('',#4821,#7913);
#7913 = DEFINITIONAL_REPRESENTATION('',(#7914),#7918);
#7914 = LINE('',#7915,#7916);
#7915 = CARTESIAN_POINT('',(-9.065443189954,0.));
#7916 = VECTOR('',#7917,1.);
#7917 = DIRECTION('',(1.,-0.));
#7918 = ( GEOMETRIC_REPRESENTATION_CONTEXT(2) 
PARAMETRIC_REPRESENTATION_CONTEXT() REPRESENTATION_CONTEXT('2D SPACE',''
  ) );
#7919 = PCURVE('',#4663,#7920);
#7920 = DEFINITIONAL_REPRESENTATION('',(#7921),#7929);
#7921 = ( BOUNDED_CURVE() B_SPLINE_CURVE(2,(#7922,#7923,#7924,#7925,
#7926,#7927,#7928),.UNSPECIFIED.,.T.,.F.) B_SPLINE_CURVE_WITH_KNOTS((1,2
    ,2,2,2,1),(-2.094395102393,0.,2.094395102393,4.188790204786,
6.28318530718,8.377580409573),.UNSPECIFIED.) CURVE() 
GEOMETRIC_REPRESENTATION_ITEM() RATIONAL_B_SPLINE_CURVE((1.,0.5,1.,0.5,
1.,0.5,1.)) REPRESENTATION_ITEM('') );
#7922 = CARTESIAN_POINT('',(-2.995619070977,1.125285022382));
#7923 = CARTESIAN_POINT('',(-1.046568239216,6.313849453437));
#7924 = CARTESIAN_POINT('',(2.472334951369,2.031639704337));
#7925 = CARTESIAN_POINT('',(5.991238141955,-2.250570044764));
#7926 = CARTESIAN_POINT('',(0.523284119608,-3.156924726718));
#7927 = CARTESIAN_POINT('',(-4.944669902739,-4.063279408673));
#7928 = CARTESIAN_POINT('',(-2.995619070977,1.125285022382));
#7929 = ( GEOMETRIC_REPRESENTATION_CONTEXT(2) 
PARAMETRIC_REPRESENTATION_CONTEXT() REPRESENTATION_CONTEXT('2D SPACE',''
  ) );
#7930 = ORIENTED_EDGE('',*,*,#4797,.F.);
#7931 = ADVANCED_FACE('',(#7932,#7960),#4663,.F.);
#7932 = FACE_BOUND('',#7933,.F.);
#7933 = EDGE_LOOP('',(#7934,#7935,#7957,#7958,#7959));
#7934 = ORIENTED_EDGE('',*,*,#4641,.T.);
#7935 = ORIENTED_EDGE('',*,*,#7936,.T.);
#7936 = EDGE_CURVE('',#4593,#4838,#7937,.T.);
#7937 = SURFACE_CURVE('',#7938,(#7943,#7950),.PCURVE_S1.);
#7938 = CIRCLE('',#7939,3.55);
#7939 = AXIS2_PLACEMENT_3D('',#7940,#7941,#7942);
#7940 = CARTESIAN_POINT('',(-34.,-12.,10.35));
#7941 = DIRECTION('',(0.,0.,1.));
#7942 = DIRECTION('',(1.,0.,0.));
#7943 = PCURVE('',#4663,#7944);
#7944 = DEFINITIONAL_REPRESENTATION('',(#7945),#7949);
#7945 = CIRCLE('',#7946,3.55);
#7946 = AXIS2_PLACEMENT_2D('',#7947,#7948);
#7947 = CARTESIAN_POINT('',(0.,1.7763568394E-15));
#7948 = DIRECTION('',(1.,0.));
#7949 = ( GEOMETRIC_REPRESENTATION_CONTEXT(2) 
PARAMETRIC_REPRESENTATION_CONTEXT() REPRESENTATION_CONTEXT('2D SPACE',''
  ) );
#7950 = PCURVE('',#4622,#7951);
#7951 = DEFINITIONAL_REPRESENTATION('',(#7952),#7956);
#7952 = LINE('',#7953,#7954);
#7953 = CARTESIAN_POINT('',(-0.,-10.35));
#7954 = VECTOR('',#7955,1.);
#7955 = DIRECTION('',(-1.,0.));
#7956 = ( GEOMETRIC_REPRESENTATION_CONTEXT(2) 
PARAMETRIC_REPRESENTATION_CONTEXT() REPRESENTATION_CONTEXT('2D SPACE',''
  ) );
#7957 = ORIENTED_EDGE('',*,*,#4837,.T.);
#7958 = ORIENTED_EDGE('',*,*,#7905,.F.);
#7959 = ORIENTED_EDGE('',*,*,#7692,.F.);
#7960 = FACE_BOUND('',#7961,.F.);
#7961 = EDGE_LOOP('',(#7962));
#7962 = ORIENTED_EDGE('',*,*,#7805,.F.);
#7963 = ADVANCED_FACE('',(#7964),#4622,.F.);
#7964 = FACE_BOUND('',#7965,.T.);
#7965 = EDGE_LOOP('',(#7966,#7967,#7968,#7969));
#7966 = ORIENTED_EDGE('',*,*,#4592,.T.);
#7967 = ORIENTED_EDGE('',*,*,#7936,.T.);
#7968 = ORIENTED_EDGE('',*,*,#4869,.T.);
#7969 = ORIENTED_EDGE('',*,*,#7970,.T.);
#7970 = EDGE_CURVE('',#4870,#4027,#7971,.T.);
#7971 = SURFACE_CURVE('',#7972,(#7977,#7984),.PCURVE_S1.);
#7972 = CIRCLE('',#7973,3.55);
#7973 = AXIS2_PLACEMENT_3D('',#7974,#7975,#7976);
#7974 = CARTESIAN_POINT('',(-34.,-12.,6.35));
#7975 = DIRECTION('',(0.,0.,-1.));
#7976 = DIRECTION('',(1.,0.,0.));
#7977 = PCURVE('',#4622,#7978);
#7978 = DEFINITIONAL_REPRESENTATION('',(#7979),#7983);
#7979 = LINE('',#7980,#7981);
#7980 = CARTESIAN_POINT('',(-6.28318530718,-6.35));
#7981 = VECTOR('',#7982,1.);
#7982 = DIRECTION('',(1.,-0.));
#7983 = ( GEOMETRIC_REPRESENTATION_CONTEXT(2) 
PARAMETRIC_REPRESENTATION_CONTEXT() REPRESENTATION_CONTEXT('2D SPACE',''
  ) );
#7984 = PCURVE('',#233,#7985);
#7985 = DEFINITIONAL_REPRESENTATION('',(#7986),#7990);
#7986 = CIRCLE('',#7987,3.55);
#7987 = AXIS2_PLACEMENT_2D('',#7988,#7989);
#7988 = CARTESIAN_POINT('',(73.6923124404,36.748375299957));
#7989 = DIRECTION('',(3.695465632254E-02,-0.999316943405));
#7990 = ( GEOMETRIC_REPRESENTATION_CONTEXT(2) 
PARAMETRIC_REPRESENTATION_CONTEXT() REPRESENTATION_CONTEXT('2D SPACE',''
  ) );
#7991 = ADVANCED_FACE('',(#7992),#6154,.T.);
#7992 = FACE_BOUND('',#7993,.F.);
#7993 = EDGE_LOOP('',(#7994,#8018,#8039,#8061));
#7994 = ORIENTED_EDGE('',*,*,#7995,.F.);
#7995 = EDGE_CURVE('',#7996,#6094,#7998,.T.);
#7996 = VERTEX_POINT('',#7997);
#7997 = CARTESIAN_POINT('',(36.82665880502,-10.5,10.35));
#7998 = SURFACE_CURVE('',#7999,(#8004,#8011),.PCURVE_S1.);
#7999 = CIRCLE('',#8000,3.2);
#8000 = AXIS2_PLACEMENT_3D('',#8001,#8002,#8003);
#8001 = CARTESIAN_POINT('',(34.,-12.,10.35));
#8002 = DIRECTION('',(0.,0.,1.));
#8003 = DIRECTION('',(1.,0.,0.));
#8004 = PCURVE('',#6154,#8005);
#8005 = DEFINITIONAL_REPRESENTATION('',(#8006),#8010);
#8006 = LINE('',#8007,#8008);
#8007 = CARTESIAN_POINT('',(-0.,0.));
#8008 = VECTOR('',#8009,1.);
#8009 = DIRECTION('',(-1.,0.));
#8010 = ( GEOMETRIC_REPRESENTATION_CONTEXT(2) 
PARAMETRIC_REPRESENTATION_CONTEXT() REPRESENTATION_CONTEXT('2D SPACE',''
  ) );
#8011 = PCURVE('',#6115,#8012);
#8012 = DEFINITIONAL_REPRESENTATION('',(#8013),#8017);
#8013 = CIRCLE('',#8014,3.2);
#8014 = AXIS2_PLACEMENT_2D('',#8015,#8016);
#8015 = CARTESIAN_POINT('',(0.,1.7763568394E-15));
#8016 = DIRECTION('',(1.,0.));
#8017 = ( GEOMETRIC_REPRESENTATION_CONTEXT(2) 
PARAMETRIC_REPRESENTATION_CONTEXT() REPRESENTATION_CONTEXT('2D SPACE',''
  ) );
#8018 = ORIENTED_EDGE('',*,*,#8019,.F.);
#8019 = EDGE_CURVE('',#8020,#7996,#8022,.T.);
#8020 = VERTEX_POINT('',#8021);
#8021 = CARTESIAN_POINT('',(36.826658805021,-10.5,13.35));
#8022 = SURFACE_CURVE('',#8023,(#8027,#8033),.PCURVE_S1.);
#8023 = LINE('',#8024,#8025);
#8024 = CARTESIAN_POINT('',(36.826658805021,-10.5,10.35));
#8025 = VECTOR('',#8026,1.);
#8026 = DIRECTION('',(-0.,-0.,-1.));
#8027 = PCURVE('',#6154,#8028);
#8028 = DEFINITIONAL_REPRESENTATION('',(#8029),#8032);
#8029 = B_SPLINE_CURVE_WITH_KNOTS('',1,(#8030,#8031),.UNSPECIFIED.,.F.,
  .F.,(2,2),(-3.0000006,5.999999999062E-07),.PIECEWISE_BEZIER_KNOTS.);
#8030 = CARTESIAN_POINT('',(-0.48787514754,-3.0000006));
#8031 = CARTESIAN_POINT('',(-0.48787514754,5.999999999062E-07));
#8032 = ( GEOMETRIC_REPRESENTATION_CONTEXT(2) 
PARAMETRIC_REPRESENTATION_CONTEXT() REPRESENTATION_CONTEXT('2D SPACE',''
  ) );
#8033 = PCURVE('',#6275,#8034);
#8034 = DEFINITIONAL_REPRESENTATION('',(#8035),#8038);
#8035 = B_SPLINE_CURVE_WITH_KNOTS('',1,(#8036,#8037),.UNSPECIFIED.,.F.,
  .F.,(2,2),(-3.0000006,5.999999999062E-07),.PIECEWISE_BEZIER_KNOTS.);
#8036 = CARTESIAN_POINT('',(3.0000006,3.826658805021));
#8037 = CARTESIAN_POINT('',(-5.999999999062E-07,3.826658805021));
#8038 = ( GEOMETRIC_REPRESENTATION_CONTEXT(2) 
PARAMETRIC_REPRESENTATION_CONTEXT() REPRESENTATION_CONTEXT('2D SPACE',''
  ) );
#8039 = ORIENTED_EDGE('',*,*,#8040,.T.);
#8040 = EDGE_CURVE('',#8020,#6131,#8041,.T.);
#8041 = SURFACE_CURVE('',#8042,(#8047,#8054),.PCURVE_S1.);
#8042 = CIRCLE('',#8043,3.2);
#8043 = AXIS2_PLACEMENT_3D('',#8044,#8045,#8046);
#8044 = CARTESIAN_POINT('',(34.,-12.,13.35));
#8045 = DIRECTION('',(0.,0.,1.));
#8046 = DIRECTION('',(1.,0.,0.));
#8047 = PCURVE('',#6154,#8048);
#8048 = DEFINITIONAL_REPRESENTATION('',(#8049),#8053);
#8049 = LINE('',#8050,#8051);
#8050 = CARTESIAN_POINT('',(-0.,-3.));
#8051 = VECTOR('',#8052,1.);
#8052 = DIRECTION('',(-1.,0.));
#8053 = ( GEOMETRIC_REPRESENTATION_CONTEXT(2) 
PARAMETRIC_REPRESENTATION_CONTEXT() REPRESENTATION_CONTEXT('2D SPACE',''
  ) );
#8054 = PCURVE('',#6211,#8055);
#8055 = DEFINITIONAL_REPRESENTATION('',(#8056),#8060);
#8056 = CIRCLE('',#8057,3.2);
#8057 = AXIS2_PLACEMENT_2D('',#8058,#8059);
#8058 = CARTESIAN_POINT('',(1.,1.5));
#8059 = DIRECTION('',(1.,0.));
#8060 = ( GEOMETRIC_REPRESENTATION_CONTEXT(2) 
PARAMETRIC_REPRESENTATION_CONTEXT() REPRESENTATION_CONTEXT('2D SPACE',''
  ) );
#8061 = ORIENTED_EDGE('',*,*,#6130,.F.);
#8062 = ADVANCED_FACE('',(#8063,#8089),#6211,.T.);
#8063 = FACE_BOUND('',#8064,.T.);
#8064 = EDGE_LOOP('',(#8065,#8086,#8087,#8088));
#8065 = ORIENTED_EDGE('',*,*,#8066,.F.);
#8066 = EDGE_CURVE('',#8020,#6227,#8067,.T.);
#8067 = SURFACE_CURVE('',#8068,(#8072,#8079),.PCURVE_S1.);
#8068 = LINE('',#8069,#8070);
#8069 = CARTESIAN_POINT('',(33.,-10.5,13.35));
#8070 = VECTOR('',#8071,1.);
#8071 = DIRECTION('',(1.,0.,0.));
#8072 = PCURVE('',#6211,#8073);
#8073 = DEFINITIONAL_REPRESENTATION('',(#8074),#8078);
#8074 = LINE('',#8075,#8076);
#8075 = CARTESIAN_POINT('',(0.,3.));
#8076 = VECTOR('',#8077,1.);
#8077 = DIRECTION('',(1.,0.));
#8078 = ( GEOMETRIC_REPRESENTATION_CONTEXT(2) 
PARAMETRIC_REPRESENTATION_CONTEXT() REPRESENTATION_CONTEXT('2D SPACE',''
  ) );
#8079 = PCURVE('',#6275,#8080);
#8080 = DEFINITIONAL_REPRESENTATION('',(#8081),#8085);
#8081 = LINE('',#8082,#8083);
#8082 = CARTESIAN_POINT('',(3.,0.));
#8083 = VECTOR('',#8084,1.);
#8084 = DIRECTION('',(0.,1.));
#8085 = ( GEOMETRIC_REPRESENTATION_CONTEXT(2) 
PARAMETRIC_REPRESENTATION_CONTEXT() REPRESENTATION_CONTEXT('2D SPACE',''
  ) );
#8086 = ORIENTED_EDGE('',*,*,#8040,.T.);
#8087 = ORIENTED_EDGE('',*,*,#6170,.F.);
#8088 = ORIENTED_EDGE('',*,*,#6226,.F.);
#8089 = FACE_BOUND('',#8090,.T.);
#8090 = EDGE_LOOP('',(#8091));
#8091 = ORIENTED_EDGE('',*,*,#8092,.T.);
#8092 = EDGE_CURVE('',#8093,#8093,#8095,.T.);
#8093 = VERTEX_POINT('',#8094);
#8094 = CARTESIAN_POINT('',(35.15,-12.,13.35));
#8095 = SURFACE_CURVE('',#8096,(#8101,#8112),.PCURVE_S1.);
#8096 = CIRCLE('',#8097,1.15);
#8097 = AXIS2_PLACEMENT_3D('',#8098,#8099,#8100);
#8098 = CARTESIAN_POINT('',(34.,-12.,13.35));
#8099 = DIRECTION('',(0.,0.,-1.));
#8100 = DIRECTION('',(1.,0.,0.));
#8101 = PCURVE('',#6211,#8102);
#8102 = DEFINITIONAL_REPRESENTATION('',(#8103),#8111);
#8103 = ( BOUNDED_CURVE() B_SPLINE_CURVE(2,(#8104,#8105,#8106,#8107,
#8108,#8109,#8110),.UNSPECIFIED.,.T.,.F.) B_SPLINE_CURVE_WITH_KNOTS((1,2
    ,2,2,2,1),(-2.094395102393,0.,2.094395102393,4.188790204786,
6.28318530718,8.377580409573),.UNSPECIFIED.) CURVE() 
GEOMETRIC_REPRESENTATION_ITEM() RATIONAL_B_SPLINE_CURVE((1.,0.5,1.,0.5,
1.,0.5,1.)) REPRESENTATION_ITEM('') );
#8104 = CARTESIAN_POINT('',(2.15,1.5));
#8105 = CARTESIAN_POINT('',(2.15,-0.491858428704));
#8106 = CARTESIAN_POINT('',(0.425,0.504070785648));
#8107 = CARTESIAN_POINT('',(-1.3,1.5));
#8108 = CARTESIAN_POINT('',(0.425,2.495929214352));
#8109 = CARTESIAN_POINT('',(2.15,3.491858428704));
#8110 = CARTESIAN_POINT('',(2.15,1.5));
#8111 = ( GEOMETRIC_REPRESENTATION_CONTEXT(2) 
PARAMETRIC_REPRESENTATION_CONTEXT() REPRESENTATION_CONTEXT('2D SPACE',''
  ) );
#8112 = PCURVE('',#8113,#8118);
#8113 = CYLINDRICAL_SURFACE('',#8114,1.15);
#8114 = AXIS2_PLACEMENT_3D('',#8115,#8116,#8117);
#8115 = CARTESIAN_POINT('',(34.,-12.,4.));
#8116 = DIRECTION('',(-0.,-0.,-1.));
#8117 = DIRECTION('',(1.,0.,0.));
#8118 = DEFINITIONAL_REPRESENTATION('',(#8119),#8123);
#8119 = LINE('',#8120,#8121);
#8120 = CARTESIAN_POINT('',(-6.28318530718,-9.35));
#8121 = VECTOR('',#8122,1.);
#8122 = DIRECTION('',(1.,-0.));
#8123 = ( GEOMETRIC_REPRESENTATION_CONTEXT(2) 
PARAMETRIC_REPRESENTATION_CONTEXT() REPRESENTATION_CONTEXT('2D SPACE',''
  ) );
#8124 = ADVANCED_FACE('',(#8125),#8113,.F.);
#8125 = FACE_BOUND('',#8126,.T.);
#8126 = EDGE_LOOP('',(#8127,#8151,#8172,#8173));
#8127 = ORIENTED_EDGE('',*,*,#8128,.F.);
#8128 = EDGE_CURVE('',#8129,#8129,#8131,.T.);
#8129 = VERTEX_POINT('',#8130);
#8130 = CARTESIAN_POINT('',(35.15,-12.,10.35));
#8131 = SURFACE_CURVE('',#8132,(#8137,#8144),.PCURVE_S1.);
#8132 = CIRCLE('',#8133,1.15);
#8133 = AXIS2_PLACEMENT_3D('',#8134,#8135,#8136);
#8134 = CARTESIAN_POINT('',(34.,-12.,10.35));
#8135 = DIRECTION('',(0.,0.,1.));
#8136 = DIRECTION('',(1.,-3.089316242435E-15,0.));
#8137 = PCURVE('',#8113,#8138);
#8138 = DEFINITIONAL_REPRESENTATION('',(#8139),#8143);
#8139 = LINE('',#8140,#8141);
#8140 = CARTESIAN_POINT('',(-0.,-6.35));
#8141 = VECTOR('',#8142,1.);
#8142 = DIRECTION('',(-1.,-0.));
#8143 = ( GEOMETRIC_REPRESENTATION_CONTEXT(2) 
PARAMETRIC_REPRESENTATION_CONTEXT() REPRESENTATION_CONTEXT('2D SPACE',''
  ) );
#8144 = PCURVE('',#6115,#8145);
#8145 = DEFINITIONAL_REPRESENTATION('',(#8146),#8150);
#8146 = CIRCLE('',#8147,1.15);
#8147 = AXIS2_PLACEMENT_2D('',#8148,#8149);
#8148 = CARTESIAN_POINT('',(0.,5.329070518201E-15));
#8149 = DIRECTION('',(1.,-3.089316242435E-15));
#8150 = ( GEOMETRIC_REPRESENTATION_CONTEXT(2) 
PARAMETRIC_REPRESENTATION_CONTEXT() REPRESENTATION_CONTEXT('2D SPACE',''
  ) );
#8151 = ORIENTED_EDGE('',*,*,#8152,.T.);
#8152 = EDGE_CURVE('',#8129,#8093,#8153,.T.);
#8153 = SEAM_CURVE('',#8154,(#8158,#8165),.PCURVE_S1.);
#8154 = LINE('',#8155,#8156);
#8155 = CARTESIAN_POINT('',(35.15,-12.,4.));
#8156 = VECTOR('',#8157,1.);
#8157 = DIRECTION('',(0.,0.,1.));
#8158 = PCURVE('',#8113,#8159);
#8159 = DEFINITIONAL_REPRESENTATION('',(#8160),#8164);
#8160 = LINE('',#8161,#8162);
#8161 = CARTESIAN_POINT('',(-0.,0.));
#8162 = VECTOR('',#8163,1.);
#8163 = DIRECTION('',(-0.,-1.));
#8164 = ( GEOMETRIC_REPRESENTATION_CONTEXT(2) 
PARAMETRIC_REPRESENTATION_CONTEXT() REPRESENTATION_CONTEXT('2D SPACE',''
  ) );
#8165 = PCURVE('',#8113,#8166);
#8166 = DEFINITIONAL_REPRESENTATION('',(#8167),#8171);
#8167 = LINE('',#8168,#8169);
#8168 = CARTESIAN_POINT('',(-6.28318530718,0.));
#8169 = VECTOR('',#8170,1.);
#8170 = DIRECTION('',(-0.,-1.));
#8171 = ( GEOMETRIC_REPRESENTATION_CONTEXT(2) 
PARAMETRIC_REPRESENTATION_CONTEXT() REPRESENTATION_CONTEXT('2D SPACE',''
  ) );
#8172 = ORIENTED_EDGE('',*,*,#8092,.F.);
#8173 = ORIENTED_EDGE('',*,*,#8152,.F.);
#8174 = ADVANCED_FACE('',(#8175),#6275,.T.);
#8175 = FACE_BOUND('',#8176,.T.);
#8176 = EDGE_LOOP('',(#8177,#8198,#8199,#8200));
#8177 = ORIENTED_EDGE('',*,*,#8178,.F.);
#8178 = EDGE_CURVE('',#7996,#6256,#8179,.T.);
#8179 = SURFACE_CURVE('',#8180,(#8184,#8191),.PCURVE_S1.);
#8180 = LINE('',#8181,#8182);
#8181 = CARTESIAN_POINT('',(33.,-10.5,10.35));
#8182 = VECTOR('',#8183,1.);
#8183 = DIRECTION('',(1.,0.,0.));
#8184 = PCURVE('',#6275,#8185);
#8185 = DEFINITIONAL_REPRESENTATION('',(#8186),#8190);
#8186 = LINE('',#8187,#8188);
#8187 = CARTESIAN_POINT('',(0.,0.));
#8188 = VECTOR('',#8189,1.);
#8189 = DIRECTION('',(0.,1.));
#8190 = ( GEOMETRIC_REPRESENTATION_CONTEXT(2) 
PARAMETRIC_REPRESENTATION_CONTEXT() REPRESENTATION_CONTEXT('2D SPACE',''
  ) );
#8191 = PCURVE('',#6115,#8192);
#8192 = DEFINITIONAL_REPRESENTATION('',(#8193),#8197);
#8193 = LINE('',#8194,#8195);
#8194 = CARTESIAN_POINT('',(-1.,1.5));
#8195 = VECTOR('',#8196,1.);
#8196 = DIRECTION('',(1.,0.));
#8197 = ( GEOMETRIC_REPRESENTATION_CONTEXT(2) 
PARAMETRIC_REPRESENTATION_CONTEXT() REPRESENTATION_CONTEXT('2D SPACE',''
  ) );
#8198 = ORIENTED_EDGE('',*,*,#8019,.F.);
#8199 = ORIENTED_EDGE('',*,*,#8066,.T.);
#8200 = ORIENTED_EDGE('',*,*,#6255,.T.);
#8201 = ADVANCED_FACE('',(#8202,#8230),#6115,.F.);
#8202 = FACE_BOUND('',#8203,.F.);
#8203 = EDGE_LOOP('',(#8204,#8226,#8227,#8228,#8229));
#8204 = ORIENTED_EDGE('',*,*,#8205,.T.);
#8205 = EDGE_CURVE('',#6045,#6290,#8206,.T.);
#8206 = SURFACE_CURVE('',#8207,(#8212,#8219),.PCURVE_S1.);
#8207 = CIRCLE('',#8208,3.55);
#8208 = AXIS2_PLACEMENT_3D('',#8209,#8210,#8211);
#8209 = CARTESIAN_POINT('',(34.,-12.,10.35));
#8210 = DIRECTION('',(-0.,0.,1.));
#8211 = DIRECTION('',(0.685246033763,-0.728311659396,0.));
#8212 = PCURVE('',#6115,#8213);
#8213 = DEFINITIONAL_REPRESENTATION('',(#8214),#8218);
#8214 = CIRCLE('',#8215,3.55);
#8215 = AXIS2_PLACEMENT_2D('',#8216,#8217);
#8216 = CARTESIAN_POINT('',(0.,1.7763568394E-15));
#8217 = DIRECTION('',(0.685246033763,-0.728311659396));
#8218 = ( GEOMETRIC_REPRESENTATION_CONTEXT(2) 
PARAMETRIC_REPRESENTATION_CONTEXT() REPRESENTATION_CONTEXT('2D SPACE',''
  ) );
#8219 = PCURVE('',#6074,#8220);
#8220 = DEFINITIONAL_REPRESENTATION('',(#8221),#8225);
#8221 = LINE('',#8222,#8223);
#8222 = CARTESIAN_POINT('',(-5.467330439418,-10.35));
#8223 = VECTOR('',#8224,1.);
#8224 = DIRECTION('',(-1.,0.));
#8225 = ( GEOMETRIC_REPRESENTATION_CONTEXT(2) 
PARAMETRIC_REPRESENTATION_CONTEXT() REPRESENTATION_CONTEXT('2D SPACE',''
  ) );
#8226 = ORIENTED_EDGE('',*,*,#6289,.T.);
#8227 = ORIENTED_EDGE('',*,*,#8178,.F.);
#8228 = ORIENTED_EDGE('',*,*,#7995,.T.);
#8229 = ORIENTED_EDGE('',*,*,#6093,.T.);
#8230 = FACE_BOUND('',#8231,.F.);
#8231 = EDGE_LOOP('',(#8232));
#8232 = ORIENTED_EDGE('',*,*,#8128,.F.);
#8233 = ADVANCED_FACE('',(#8234),#6074,.F.);
#8234 = FACE_BOUND('',#8235,.T.);
#8235 = EDGE_LOOP('',(#8236,#8262,#8263,#8264));
#8236 = ORIENTED_EDGE('',*,*,#8237,.F.);
#8237 = EDGE_CURVE('',#5479,#6322,#8238,.T.);
#8238 = SURFACE_CURVE('',#8239,(#8244,#8251),.PCURVE_S1.);
#8239 = CIRCLE('',#8240,3.55);
#8240 = AXIS2_PLACEMENT_3D('',#8241,#8242,#8243);
#8241 = CARTESIAN_POINT('',(34.,-12.,6.35));
#8242 = DIRECTION('',(-0.,0.,1.));
#8243 = DIRECTION('',(0.710287003038,-0.703912191481,0.));
#8244 = PCURVE('',#6074,#8245);
#8245 = DEFINITIONAL_REPRESENTATION('',(#8246),#8250);
#8246 = LINE('',#8247,#8248);
#8247 = CARTESIAN_POINT('',(-5.502294831529,-6.35));
#8248 = VECTOR('',#8249,1.);
#8249 = DIRECTION('',(-1.,-0.));
#8250 = ( GEOMETRIC_REPRESENTATION_CONTEXT(2) 
PARAMETRIC_REPRESENTATION_CONTEXT() REPRESENTATION_CONTEXT('2D SPACE',''
  ) );
#8251 = PCURVE('',#624,#8252);
#8252 = DEFINITIONAL_REPRESENTATION('',(#8253),#8261);
#8253 = ( BOUNDED_CURVE() B_SPLINE_CURVE(2,(#8254,#8255,#8256,#8257,
#8258,#8259,#8260),.UNSPECIFIED.,.T.,.F.) B_SPLINE_CURVE_WITH_KNOTS((1,2
    ,2,2,2,1),(-2.094395102393,0.,2.094395102393,4.188790204786,
6.28318530718,8.377580409573),.UNSPECIFIED.) CURVE() 
GEOMETRIC_REPRESENTATION_ITEM() RATIONAL_B_SPLINE_CURVE((1.,0.5,1.,0.5,
1.,0.5,1.)) REPRESENTATION_ITEM('') );
#8254 = CARTESIAN_POINT('',(78.79559233088,-33.6326278147));
#8255 = CARTESIAN_POINT('',(74.591123929854,-38.11926859203));
#8256 = CARTESIAN_POINT('',(72.807813239546,-32.23477175867));
#8257 = CARTESIAN_POINT('',(71.024502549239,-26.35027492531));
#8258 = CARTESIAN_POINT('',(77.012281640572,-27.74813098134));
#8259 = CARTESIAN_POINT('',(83.000060731906,-29.14598703738));
#8260 = CARTESIAN_POINT('',(78.79559233088,-33.6326278147));
#8261 = ( GEOMETRIC_REPRESENTATION_CONTEXT(2) 
PARAMETRIC_REPRESENTATION_CONTEXT() REPRESENTATION_CONTEXT('2D SPACE',''
  ) );
#8262 = ORIENTED_EDGE('',*,*,#6044,.T.);
#8263 = ORIENTED_EDGE('',*,*,#8205,.T.);
#8264 = ORIENTED_EDGE('',*,*,#6321,.T.);
#8265 = ADVANCED_FACE('',(#8266),#7175,.F.);
#8266 = FACE_BOUND('',#8267,.F.);
#8267 = EDGE_LOOP('',(#8268,#8269));
#8268 = ORIENTED_EDGE('',*,*,#7155,.T.);
#8269 = ORIENTED_EDGE('',*,*,#8270,.T.);
#8270 = EDGE_CURVE('',#7101,#7156,#8271,.T.);
#8271 = SURFACE_CURVE('',#8272,(#8277,#8284),.PCURVE_S1.);
#8272 = CIRCLE('',#8273,1.15);
#8273 = AXIS2_PLACEMENT_3D('',#8274,#8275,#8276);
#8274 = CARTESIAN_POINT('',(23.,47.,16.));
#8275 = DIRECTION('',(0.,0.,1.));
#8276 = DIRECTION('',(1.,0.,0.));
#8277 = PCURVE('',#7175,#8278);
#8278 = DEFINITIONAL_REPRESENTATION('',(#8279),#8283);
#8279 = CIRCLE('',#8280,1.15);
#8280 = AXIS2_PLACEMENT_2D('',#8281,#8282);
#8281 = CARTESIAN_POINT('',(7.105427357601E-15,7.105427357601E-15));
#8282 = DIRECTION('',(1.,0.));
#8283 = ( GEOMETRIC_REPRESENTATION_CONTEXT(2) 
PARAMETRIC_REPRESENTATION_CONTEXT() REPRESENTATION_CONTEXT('2D SPACE',''
  ) );
#8284 = PCURVE('',#7134,#8285);
#8285 = DEFINITIONAL_REPRESENTATION('',(#8286),#8290);
#8286 = LINE('',#8287,#8288);
#8287 = CARTESIAN_POINT('',(-0.,-12.));
#8288 = VECTOR('',#8289,1.);
#8289 = DIRECTION('',(-1.,0.));
#8290 = ( GEOMETRIC_REPRESENTATION_CONTEXT(2) 
PARAMETRIC_REPRESENTATION_CONTEXT() REPRESENTATION_CONTEXT('2D SPACE',''
  ) );
#8291 = ADVANCED_FACE('',(#8292),#7134,.F.);
#8292 = FACE_BOUND('',#8293,.T.);
#8293 = EDGE_LOOP('',(#8294,#8319,#8341,#8342,#8368,#8369,#8370,#8371));
#8294 = ORIENTED_EDGE('',*,*,#8295,.F.);
#8295 = EDGE_CURVE('',#8296,#8298,#8300,.T.);
#8296 = VERTEX_POINT('',#8297);
#8297 = CARTESIAN_POINT('',(24.15,47.,10.35));
#8298 = VERTEX_POINT('',#8299);
#8299 = CARTESIAN_POINT('',(24.15,47.,13.35));
#8300 = SEAM_CURVE('',#8301,(#8305,#8312),.PCURVE_S1.);
#8301 = LINE('',#8302,#8303);
#8302 = CARTESIAN_POINT('',(24.15,47.,4.));
#8303 = VECTOR('',#8304,1.);
#8304 = DIRECTION('',(0.,0.,1.));
#8305 = PCURVE('',#7134,#8306);
#8306 = DEFINITIONAL_REPRESENTATION('',(#8307),#8311);
#8307 = LINE('',#8308,#8309);
#8308 = CARTESIAN_POINT('',(-6.28318530718,0.));
#8309 = VECTOR('',#8310,1.);
#8310 = DIRECTION('',(-0.,-1.));
#8311 = ( GEOMETRIC_REPRESENTATION_CONTEXT(2) 
PARAMETRIC_REPRESENTATION_CONTEXT() REPRESENTATION_CONTEXT('2D SPACE',''
  ) );
#8312 = PCURVE('',#7134,#8313);
#8313 = DEFINITIONAL_REPRESENTATION('',(#8314),#8318);
#8314 = LINE('',#8315,#8316);
#8315 = CARTESIAN_POINT('',(-0.,0.));
#8316 = VECTOR('',#8317,1.);
#8317 = DIRECTION('',(-0.,-1.));
#8318 = ( GEOMETRIC_REPRESENTATION_CONTEXT(2) 
PARAMETRIC_REPRESENTATION_CONTEXT() REPRESENTATION_CONTEXT('2D SPACE',''
  ) );
#8319 = ORIENTED_EDGE('',*,*,#8320,.F.);
#8320 = EDGE_CURVE('',#8296,#8296,#8321,.T.);
#8321 = SURFACE_CURVE('',#8322,(#8327,#8334),.PCURVE_S1.);
#8322 = CIRCLE('',#8323,1.15);
#8323 = AXIS2_PLACEMENT_3D('',#8324,#8325,#8326);
#8324 = CARTESIAN_POINT('',(23.,47.,10.35));
#8325 = DIRECTION('',(0.,0.,1.));
#8326 = DIRECTION('',(1.,6.17863248487E-15,-0.));
#8327 = PCURVE('',#7134,#8328);
#8328 = DEFINITIONAL_REPRESENTATION('',(#8329),#8333);
#8329 = LINE('',#8330,#8331);
#8330 = CARTESIAN_POINT('',(-0.,-6.35));
#8331 = VECTOR('',#8332,1.);
#8332 = DIRECTION('',(-1.,-0.));
#8333 = ( GEOMETRIC_REPRESENTATION_CONTEXT(2) 
PARAMETRIC_REPRESENTATION_CONTEXT() REPRESENTATION_CONTEXT('2D SPACE',''
  ) );
#8334 = PCURVE('',#718,#8335);
#8335 = DEFINITIONAL_REPRESENTATION('',(#8336),#8340);
#8336 = CIRCLE('',#8337,1.15);
#8337 = AXIS2_PLACEMENT_2D('',#8338,#8339);
#8338 = CARTESIAN_POINT('',(-7.105427357601E-15,-1.42108547152E-14));
#8339 = DIRECTION('',(1.,6.17863248487E-15));
#8340 = ( GEOMETRIC_REPRESENTATION_CONTEXT(2) 
PARAMETRIC_REPRESENTATION_CONTEXT() REPRESENTATION_CONTEXT('2D SPACE',''
  ) );
#8341 = ORIENTED_EDGE('',*,*,#8295,.T.);
#8342 = ORIENTED_EDGE('',*,*,#8343,.F.);
#8343 = EDGE_CURVE('',#7045,#8298,#8344,.T.);
#8344 = SURFACE_CURVE('',#8345,(#8350,#8357),.PCURVE_S1.);
#8345 = CIRCLE('',#8346,1.15);
#8346 = AXIS2_PLACEMENT_3D('',#8347,#8348,#8349);
#8347 = CARTESIAN_POINT('',(23.,47.,13.35));
#8348 = DIRECTION('',(0.,0.,-1.));
#8349 = DIRECTION('',(1.,0.,0.));
#8350 = PCURVE('',#7134,#8351);
#8351 = DEFINITIONAL_REPRESENTATION('',(#8352),#8356);
#8352 = LINE('',#8353,#8354);
#8353 = CARTESIAN_POINT('',(-6.28318530718,-9.35));
#8354 = VECTOR('',#8355,1.);
#8355 = DIRECTION('',(1.,-0.));
#8356 = ( GEOMETRIC_REPRESENTATION_CONTEXT(2) 
PARAMETRIC_REPRESENTATION_CONTEXT() REPRESENTATION_CONTEXT('2D SPACE',''
  ) );
#8357 = PCURVE('',#7085,#8358);
#8358 = DEFINITIONAL_REPRESENTATION('',(#8359),#8367);
#8359 = ( BOUNDED_CURVE() B_SPLINE_CURVE(2,(#8360,#8361,#8362,#8363,
#8364,#8365,#8366),.UNSPECIFIED.,.T.,.F.) B_SPLINE_CURVE_WITH_KNOTS((1,2
    ,2,2,2,1),(-2.094395102393,0.,2.094395102393,4.188790204786,
6.28318530718,8.377580409573),.UNSPECIFIED.) CURVE() 
GEOMETRIC_REPRESENTATION_ITEM() RATIONAL_B_SPLINE_CURVE((1.,0.5,1.,0.5,
1.,0.5,1.)) REPRESENTATION_ITEM('') );
#8360 = CARTESIAN_POINT('',(1.15,7.105427357601E-15));
#8361 = CARTESIAN_POINT('',(1.15,-1.991858428704));
#8362 = CARTESIAN_POINT('',(-0.575,-0.995929214352));
#8363 = CARTESIAN_POINT('',(-2.3,6.823758593797E-15));
#8364 = CARTESIAN_POINT('',(-0.575,0.995929214352));
#8365 = CARTESIAN_POINT('',(1.15,1.991858428704));
#8366 = CARTESIAN_POINT('',(1.15,7.105427357601E-15));
#8367 = ( GEOMETRIC_REPRESENTATION_CONTEXT(2) 
PARAMETRIC_REPRESENTATION_CONTEXT() REPRESENTATION_CONTEXT('2D SPACE',''
  ) );
#8368 = ORIENTED_EDGE('',*,*,#7100,.T.);
#8369 = ORIENTED_EDGE('',*,*,#8270,.T.);
#8370 = ORIENTED_EDGE('',*,*,#7189,.T.);
#8371 = ORIENTED_EDGE('',*,*,#8372,.F.);
#8372 = EDGE_CURVE('',#8298,#7190,#8373,.T.);
#8373 = SURFACE_CURVE('',#8374,(#8379,#8386),.PCURVE_S1.);
#8374 = CIRCLE('',#8375,1.15);
#8375 = AXIS2_PLACEMENT_3D('',#8376,#8377,#8378);
#8376 = CARTESIAN_POINT('',(23.,47.,13.35));
#8377 = DIRECTION('',(0.,0.,-1.));
#8378 = DIRECTION('',(1.,0.,0.));
#8379 = PCURVE('',#7134,#8380);
#8380 = DEFINITIONAL_REPRESENTATION('',(#8381),#8385);
#8381 = LINE('',#8382,#8383);
#8382 = CARTESIAN_POINT('',(-6.28318530718,-9.35));
#8383 = VECTOR('',#8384,1.);
#8384 = DIRECTION('',(1.,-0.));
#8385 = ( GEOMETRIC_REPRESENTATION_CONTEXT(2) 
PARAMETRIC_REPRESENTATION_CONTEXT() REPRESENTATION_CONTEXT('2D SPACE',''
  ) );
#8386 = PCURVE('',#7085,#8387);
#8387 = DEFINITIONAL_REPRESENTATION('',(#8388),#8396);
#8388 = ( BOUNDED_CURVE() B_SPLINE_CURVE(2,(#8389,#8390,#8391,#8392,
#8393,#8394,#8395),.UNSPECIFIED.,.T.,.F.) B_SPLINE_CURVE_WITH_KNOTS((1,2
    ,2,2,2,1),(-2.094395102393,0.,2.094395102393,4.188790204786,
6.28318530718,8.377580409573),.UNSPECIFIED.) CURVE() 
GEOMETRIC_REPRESENTATION_ITEM() RATIONAL_B_SPLINE_CURVE((1.,0.5,1.,0.5,
1.,0.5,1.)) REPRESENTATION_ITEM('') );
#8389 = CARTESIAN_POINT('',(1.15,7.105427357601E-15));
#8390 = CARTESIAN_POINT('',(1.15,-1.991858428704));
#8391 = CARTESIAN_POINT('',(-0.575,-0.995929214352));
#8392 = CARTESIAN_POINT('',(-2.3,6.823758593797E-15));
#8393 = CARTESIAN_POINT('',(-0.575,0.995929214352));
#8394 = CARTESIAN_POINT('',(1.15,1.991858428704));
#8395 = CARTESIAN_POINT('',(1.15,7.105427357601E-15));
#8396 = ( GEOMETRIC_REPRESENTATION_CONTEXT(2) 
PARAMETRIC_REPRESENTATION_CONTEXT() REPRESENTATION_CONTEXT('2D SPACE',''
  ) );
#8397 = ADVANCED_FACE('',(#8398),#7085,.T.);
#8398 = FACE_BOUND('',#8399,.T.);
#8399 = EDGE_LOOP('',(#8400,#8401,#8423,#8424,#8425));
#8400 = ORIENTED_EDGE('',*,*,#7251,.F.);
#8401 = ORIENTED_EDGE('',*,*,#8402,.T.);
#8402 = EDGE_CURVE('',#7252,#7002,#8403,.T.);
#8403 = SURFACE_CURVE('',#8404,(#8409,#8416),.PCURVE_S1.);
#8404 = CIRCLE('',#8405,3.2);
#8405 = AXIS2_PLACEMENT_3D('',#8406,#8407,#8408);
#8406 = CARTESIAN_POINT('',(23.,47.,13.35));
#8407 = DIRECTION('',(0.,0.,1.));
#8408 = DIRECTION('',(1.,0.,0.));
#8409 = PCURVE('',#7085,#8410);
#8410 = DEFINITIONAL_REPRESENTATION('',(#8411),#8415);
#8411 = CIRCLE('',#8412,3.2);
#8412 = AXIS2_PLACEMENT_2D('',#8413,#8414);
#8413 = CARTESIAN_POINT('',(3.552713678801E-15,7.105427357601E-15));
#8414 = DIRECTION('',(1.,0.));
#8415 = ( GEOMETRIC_REPRESENTATION_CONTEXT(2) 
PARAMETRIC_REPRESENTATION_CONTEXT() REPRESENTATION_CONTEXT('2D SPACE',''
  ) );
#8416 = PCURVE('',#7027,#8417);
#8417 = DEFINITIONAL_REPRESENTATION('',(#8418),#8422);
#8418 = LINE('',#8419,#8420);
#8419 = CARTESIAN_POINT('',(-0.,-3.));
#8420 = VECTOR('',#8421,1.);
#8421 = DIRECTION('',(-1.,0.));
#8422 = ( GEOMETRIC_REPRESENTATION_CONTEXT(2) 
PARAMETRIC_REPRESENTATION_CONTEXT() REPRESENTATION_CONTEXT('2D SPACE',''
  ) );
#8423 = ORIENTED_EDGE('',*,*,#7044,.F.);
#8424 = ORIENTED_EDGE('',*,*,#8343,.T.);
#8425 = ORIENTED_EDGE('',*,*,#8372,.T.);
#8426 = ADVANCED_FACE('',(#8427),#7027,.T.);
#8427 = FACE_BOUND('',#8428,.F.);
#8428 = EDGE_LOOP('',(#8429,#8430,#8452,#8453));
#8429 = ORIENTED_EDGE('',*,*,#7001,.F.);
#8430 = ORIENTED_EDGE('',*,*,#8431,.F.);
#8431 = EDGE_CURVE('',#7303,#6967,#8432,.T.);
#8432 = SURFACE_CURVE('',#8433,(#8438,#8445),.PCURVE_S1.);
#8433 = CIRCLE('',#8434,3.2);
#8434 = AXIS2_PLACEMENT_3D('',#8435,#8436,#8437);
#8435 = CARTESIAN_POINT('',(23.,47.,10.35));
#8436 = DIRECTION('',(0.,0.,1.));
#8437 = DIRECTION('',(1.,0.,0.));
#8438 = PCURVE('',#7027,#8439);
#8439 = DEFINITIONAL_REPRESENTATION('',(#8440),#8444);
#8440 = LINE('',#8441,#8442);
#8441 = CARTESIAN_POINT('',(-0.,0.));
#8442 = VECTOR('',#8443,1.);
#8443 = DIRECTION('',(-1.,0.));
#8444 = ( GEOMETRIC_REPRESENTATION_CONTEXT(2) 
PARAMETRIC_REPRESENTATION_CONTEXT() REPRESENTATION_CONTEXT('2D SPACE',''
  ) );
#8445 = PCURVE('',#718,#8446);
#8446 = DEFINITIONAL_REPRESENTATION('',(#8447),#8451);
#8447 = CIRCLE('',#8448,3.2);
#8448 = AXIS2_PLACEMENT_2D('',#8449,#8450);
#8449 = CARTESIAN_POINT('',(0.,-7.105427357601E-15));
#8450 = DIRECTION('',(1.,0.));
#8451 = ( GEOMETRIC_REPRESENTATION_CONTEXT(2) 
PARAMETRIC_REPRESENTATION_CONTEXT() REPRESENTATION_CONTEXT('2D SPACE',''
  ) );
#8452 = ORIENTED_EDGE('',*,*,#7302,.F.);
#8453 = ORIENTED_EDGE('',*,*,#8402,.T.);
#8454 = ADVANCED_FACE('',(#8455),#624,.T.);
#8455 = FACE_BOUND('',#8456,.T.);
#8456 = EDGE_LOOP('',(#8457,#8479,#8480,#8481,#8482,#8483));
#8457 = ORIENTED_EDGE('',*,*,#8458,.F.);
#8458 = EDGE_CURVE('',#584,#6366,#8459,.T.);
#8459 = SURFACE_CURVE('',#8460,(#8465,#8472),.PCURVE_S1.);
#8460 = CIRCLE('',#8461,3.55);
#8461 = AXIS2_PLACEMENT_3D('',#8462,#8463,#8464);
#8462 = CARTESIAN_POINT('',(23.,47.,6.35));
#8463 = DIRECTION('',(0.,0.,-1.));
#8464 = DIRECTION('',(0.99938810628,3.497732160465E-02,0.));
#8465 = PCURVE('',#624,#8466);
#8466 = DEFINITIONAL_REPRESENTATION('',(#8467),#8471);
#8467 = CIRCLE('',#8468,3.55);
#8468 = AXIS2_PLACEMENT_2D('',#8469,#8470);
#8469 = CARTESIAN_POINT('',(16.839028189897,-22.39301519715));
#8470 = DIRECTION('',(1.978613885948E-03,-0.999998042542));
#8471 = ( GEOMETRIC_REPRESENTATION_CONTEXT(2) 
PARAMETRIC_REPRESENTATION_CONTEXT() REPRESENTATION_CONTEXT('2D SPACE',''
  ) );
#8472 = PCURVE('',#683,#8473);
#8473 = DEFINITIONAL_REPRESENTATION('',(#8474),#8478);
#8474 = LINE('',#8475,#8476);
#8475 = CARTESIAN_POINT('',(-6.318169764665,-6.35));
#8476 = VECTOR('',#8477,1.);
#8477 = DIRECTION('',(1.,-0.));
#8478 = ( GEOMETRIC_REPRESENTATION_CONTEXT(2) 
PARAMETRIC_REPRESENTATION_CONTEXT() REPRESENTATION_CONTEXT('2D SPACE',''
  ) );
#8479 = ORIENTED_EDGE('',*,*,#583,.F.);
#8480 = ORIENTED_EDGE('',*,*,#1700,.F.);
#8481 = ORIENTED_EDGE('',*,*,#5478,.F.);
#8482 = ORIENTED_EDGE('',*,*,#8237,.T.);
#8483 = ORIENTED_EDGE('',*,*,#6365,.F.);
#8484 = ADVANCED_FACE('',(#8485),#683,.F.);
#8485 = FACE_BOUND('',#8486,.T.);
#8486 = EDGE_LOOP('',(#8487,#8488,#8489,#8515));
#8487 = ORIENTED_EDGE('',*,*,#8458,.T.);
#8488 = ORIENTED_EDGE('',*,*,#6931,.T.);
#8489 = ORIENTED_EDGE('',*,*,#8490,.F.);
#8490 = EDGE_CURVE('',#662,#6932,#8491,.T.);
#8491 = SURFACE_CURVE('',#8492,(#8497,#8504),.PCURVE_S1.);
#8492 = CIRCLE('',#8493,3.55);
#8493 = AXIS2_PLACEMENT_3D('',#8494,#8495,#8496);
#8494 = CARTESIAN_POINT('',(23.,47.,10.35));
#8495 = DIRECTION('',(0.,0.,-1.));
#8496 = DIRECTION('',(0.993088320783,0.117369447148,0.));
#8497 = PCURVE('',#683,#8498);
#8498 = DEFINITIONAL_REPRESENTATION('',(#8499),#8503);
#8499 = LINE('',#8500,#8501);
#8500 = CARTESIAN_POINT('',(-6.400825910791,-10.35));
#8501 = VECTOR('',#8502,1.);
#8502 = DIRECTION('',(1.,-0.));
#8503 = ( GEOMETRIC_REPRESENTATION_CONTEXT(2) 
PARAMETRIC_REPRESENTATION_CONTEXT() REPRESENTATION_CONTEXT('2D SPACE',''
  ) );
#8504 = PCURVE('',#718,#8505);
#8505 = DEFINITIONAL_REPRESENTATION('',(#8506),#8514);
#8506 = ( BOUNDED_CURVE() B_SPLINE_CURVE(2,(#8507,#8508,#8509,#8510,
#8511,#8512,#8513),.UNSPECIFIED.,.T.,.F.) B_SPLINE_CURVE_WITH_KNOTS((1,2
    ,2,2,2,1),(-2.094395102393,0.,2.094395102393,4.188790204786,
6.28318530718,8.377580409573),.UNSPECIFIED.) CURVE() 
GEOMETRIC_REPRESENTATION_ITEM() RATIONAL_B_SPLINE_CURVE((1.,0.5,1.,0.5,
1.,0.5,1.)) REPRESENTATION_ITEM('') );
#8507 = CARTESIAN_POINT('',(3.525463538781,0.416661537376));
#8508 = CARTESIAN_POINT('',(4.247142491076,-5.689620432023));
#8509 = CARTESIAN_POINT('',(-1.401892293243,-3.261471753388));
#8510 = CARTESIAN_POINT('',(-7.050927077561,-0.833323074753));
#8511 = CARTESIAN_POINT('',(-2.123571245538,2.844810216012));
#8512 = CARTESIAN_POINT('',(2.803784586485,6.522943506776));
#8513 = CARTESIAN_POINT('',(3.525463538781,0.416661537376));
#8514 = ( GEOMETRIC_REPRESENTATION_CONTEXT(2) 
PARAMETRIC_REPRESENTATION_CONTEXT() REPRESENTATION_CONTEXT('2D SPACE',''
  ) );
#8515 = ORIENTED_EDGE('',*,*,#661,.F.);
#8516 = ADVANCED_FACE('',(#8517),#885,.T.);
#8517 = FACE_BOUND('',#8518,.T.);
#8518 = EDGE_LOOP('',(#8519,#8520));
#8519 = ORIENTED_EDGE('',*,*,#865,.T.);
#8520 = ORIENTED_EDGE('',*,*,#8521,.T.);
#8521 = EDGE_CURVE('',#733,#866,#8522,.T.);
#8522 = SURFACE_CURVE('',#8523,(#8528,#8535),.PCURVE_S1.);
#8523 = CIRCLE('',#8524,3.2);
#8524 = AXIS2_PLACEMENT_3D('',#8525,#8526,#8527);
#8525 = CARTESIAN_POINT('',(23.,47.,13.35));
#8526 = DIRECTION('',(0.,0.,1.));
#8527 = DIRECTION('',(1.,0.,0.));
#8528 = PCURVE('',#885,#8529);
#8529 = DEFINITIONAL_REPRESENTATION('',(#8530),#8534);
#8530 = CIRCLE('',#8531,3.2);
#8531 = AXIS2_PLACEMENT_2D('',#8532,#8533);
#8532 = CARTESIAN_POINT('',(3.552713678801E-15,7.105427357601E-15));
#8533 = DIRECTION('',(1.,0.));
#8534 = ( GEOMETRIC_REPRESENTATION_CONTEXT(2) 
PARAMETRIC_REPRESENTATION_CONTEXT() REPRESENTATION_CONTEXT('2D SPACE',''
  ) );
#8535 = PCURVE('',#809,#8536);
#8536 = DEFINITIONAL_REPRESENTATION('',(#8537),#8541);
#8537 = LINE('',#8538,#8539);
#8538 = CARTESIAN_POINT('',(-0.,-3.));
#8539 = VECTOR('',#8540,1.);
#8540 = DIRECTION('',(-1.,0.));
#8541 = ( GEOMETRIC_REPRESENTATION_CONTEXT(2) 
PARAMETRIC_REPRESENTATION_CONTEXT() REPRESENTATION_CONTEXT('2D SPACE',''
  ) );
#8542 = ADVANCED_FACE('',(#8543),#809,.T.);
#8543 = FACE_BOUND('',#8544,.F.);
#8544 = EDGE_LOOP('',(#8545,#8567,#8568,#8569));
#8545 = ORIENTED_EDGE('',*,*,#8546,.F.);
#8546 = EDGE_CURVE('',#699,#900,#8547,.T.);
#8547 = SURFACE_CURVE('',#8548,(#8553,#8560),.PCURVE_S1.);
#8548 = CIRCLE('',#8549,3.2);
#8549 = AXIS2_PLACEMENT_3D('',#8550,#8551,#8552);
#8550 = CARTESIAN_POINT('',(23.,47.,10.35));
#8551 = DIRECTION('',(0.,0.,1.));
#8552 = DIRECTION('',(1.,0.,0.));
#8553 = PCURVE('',#809,#8554);
#8554 = DEFINITIONAL_REPRESENTATION('',(#8555),#8559);
#8555 = LINE('',#8556,#8557);
#8556 = CARTESIAN_POINT('',(-0.,0.));
#8557 = VECTOR('',#8558,1.);
#8558 = DIRECTION('',(-1.,0.));
#8559 = ( GEOMETRIC_REPRESENTATION_CONTEXT(2) 
PARAMETRIC_REPRESENTATION_CONTEXT() REPRESENTATION_CONTEXT('2D SPACE',''
  ) );
#8560 = PCURVE('',#718,#8561);
#8561 = DEFINITIONAL_REPRESENTATION('',(#8562),#8566);
#8562 = CIRCLE('',#8563,3.2);
#8563 = AXIS2_PLACEMENT_2D('',#8564,#8565);
#8564 = CARTESIAN_POINT('',(0.,-7.105427357601E-15));
#8565 = DIRECTION('',(1.,0.));
#8566 = ( GEOMETRIC_REPRESENTATION_CONTEXT(2) 
PARAMETRIC_REPRESENTATION_CONTEXT() REPRESENTATION_CONTEXT('2D SPACE',''
  ) );
#8567 = ORIENTED_EDGE('',*,*,#732,.T.);
#8568 = ORIENTED_EDGE('',*,*,#8521,.T.);
#8569 = ORIENTED_EDGE('',*,*,#899,.T.);
#8570 = ADVANCED_FACE('',(#8571,#8602),#718,.F.);
#8571 = FACE_BOUND('',#8572,.F.);
#8572 = EDGE_LOOP('',(#8573,#8574,#8575,#8576,#8577,#8599,#8600,#8601));
#8573 = ORIENTED_EDGE('',*,*,#8490,.F.);
#8574 = ORIENTED_EDGE('',*,*,#698,.F.);
#8575 = ORIENTED_EDGE('',*,*,#8546,.T.);
#8576 = ORIENTED_EDGE('',*,*,#973,.F.);
#8577 = ORIENTED_EDGE('',*,*,#8578,.T.);
#8578 = EDGE_CURVE('',#974,#7341,#8579,.T.);
#8579 = SURFACE_CURVE('',#8580,(#8585,#8592),.PCURVE_S1.);
#8580 = CIRCLE('',#8581,3.55);
#8581 = AXIS2_PLACEMENT_3D('',#8582,#8583,#8584);
#8582 = CARTESIAN_POINT('',(23.,47.,10.35));
#8583 = DIRECTION('',(0.,0.,1.));
#8584 = DIRECTION('',(1.,0.,0.));
#8585 = PCURVE('',#718,#8586);
#8586 = DEFINITIONAL_REPRESENTATION('',(#8587),#8591);
#8587 = CIRCLE('',#8588,3.55);
#8588 = AXIS2_PLACEMENT_2D('',#8589,#8590);
#8589 = CARTESIAN_POINT('',(0.,-7.105427357601E-15));
#8590 = DIRECTION('',(1.,0.));
#8591 = ( GEOMETRIC_REPRESENTATION_CONTEXT(2) 
PARAMETRIC_REPRESENTATION_CONTEXT() REPRESENTATION_CONTEXT('2D SPACE',''
  ) );
#8592 = PCURVE('',#1026,#8593);
#8593 = DEFINITIONAL_REPRESENTATION('',(#8594),#8598);
#8594 = LINE('',#8595,#8596);
#8595 = CARTESIAN_POINT('',(-0.,-10.35));
#8596 = VECTOR('',#8597,1.);
#8597 = DIRECTION('',(-1.,0.));
#8598 = ( GEOMETRIC_REPRESENTATION_CONTEXT(2) 
PARAMETRIC_REPRESENTATION_CONTEXT() REPRESENTATION_CONTEXT('2D SPACE',''
  ) );
#8599 = ORIENTED_EDGE('',*,*,#7340,.T.);
#8600 = ORIENTED_EDGE('',*,*,#8431,.T.);
#8601 = ORIENTED_EDGE('',*,*,#6966,.T.);
#8602 = FACE_BOUND('',#8603,.F.);
#8603 = EDGE_LOOP('',(#8604));
#8604 = ORIENTED_EDGE('',*,*,#8320,.F.);
#8605 = ADVANCED_FACE('',(#8606),#1026,.F.);
#8606 = FACE_BOUND('',#8607,.T.);
#8607 = EDGE_LOOP('',(#8608,#8609,#8610,#8611));
#8608 = ORIENTED_EDGE('',*,*,#1002,.F.);
#8609 = ORIENTED_EDGE('',*,*,#8578,.T.);
#8610 = ORIENTED_EDGE('',*,*,#7375,.T.);
#8611 = ORIENTED_EDGE('',*,*,#8612,.T.);
#8612 = EDGE_CURVE('',#2292,#1003,#8613,.T.);
#8613 = SURFACE_CURVE('',#8614,(#8619,#8626),.PCURVE_S1.);
#8614 = CIRCLE('',#8615,3.55);
#8615 = AXIS2_PLACEMENT_3D('',#8616,#8617,#8618);
#8616 = CARTESIAN_POINT('',(23.,47.,6.35));
#8617 = DIRECTION('',(0.,0.,-1.));
#8618 = DIRECTION('',(1.,0.,0.));
#8619 = PCURVE('',#1026,#8620);
#8620 = DEFINITIONAL_REPRESENTATION('',(#8621),#8625);
#8621 = LINE('',#8622,#8623);
#8622 = CARTESIAN_POINT('',(-6.28318530718,-6.35));
#8623 = VECTOR('',#8624,1.);
#8624 = DIRECTION('',(1.,-0.));
#8625 = ( GEOMETRIC_REPRESENTATION_CONTEXT(2) 
PARAMETRIC_REPRESENTATION_CONTEXT() REPRESENTATION_CONTEXT('2D SPACE',''
  ) );
#8626 = PCURVE('',#1083,#8627);
#8627 = DEFINITIONAL_REPRESENTATION('',(#8628),#8632);
#8628 = CIRCLE('',#8629,3.55);
#8629 = AXIS2_PLACEMENT_2D('',#8630,#8631);
#8630 = CARTESIAN_POINT('',(16.839028189897,-22.39301519715));
#8631 = DIRECTION('',(3.695465632254E-02,-0.999316943405));
#8632 = ( GEOMETRIC_REPRESENTATION_CONTEXT(2) 
PARAMETRIC_REPRESENTATION_CONTEXT() REPRESENTATION_CONTEXT('2D SPACE',''
  ) );
#8633 = ADVANCED_FACE('',(#8634),#1185,.T.);
#8634 = FACE_BOUND('',#8635,.T.);
#8635 = EDGE_LOOP('',(#8636));
#8636 = ORIENTED_EDGE('',*,*,#1146,.T.);
#8637 = ADVANCED_FACE('',(#8638),#1083,.T.);
#8638 = FACE_BOUND('',#8639,.T.);
#8639 = EDGE_LOOP('',(#8640,#8641,#8642,#8643,#8644,#8645));
#8640 = ORIENTED_EDGE('',*,*,#1223,.F.);
#8641 = ORIENTED_EDGE('',*,*,#1042,.F.);
#8642 = ORIENTED_EDGE('',*,*,#8612,.F.);
#8643 = ORIENTED_EDGE('',*,*,#2289,.F.);
#8644 = ORIENTED_EDGE('',*,*,#2960,.F.);
#8645 = ORIENTED_EDGE('',*,*,#8646,.F.);
#8646 = EDGE_CURVE('',#1224,#2961,#8647,.T.);
#8647 = SURFACE_CURVE('',#8648,(#8653,#8660),.PCURVE_S1.);
#8648 = CIRCLE('',#8649,3.55);
#8649 = AXIS2_PLACEMENT_3D('',#8650,#8651,#8652);
#8650 = CARTESIAN_POINT('',(-23.,47.,6.35));
#8651 = DIRECTION('',(0.,0.,-1.));
#8652 = DIRECTION('',(1.,0.,0.));
#8653 = PCURVE('',#1083,#8654);
#8654 = DEFINITIONAL_REPRESENTATION('',(#8655),#8659);
#8655 = CIRCLE('',#8656,3.55);
#8656 = AXIS2_PLACEMENT_2D('',#8657,#8658);
#8657 = CARTESIAN_POINT('',(15.13911399906,23.575564199473));
#8658 = DIRECTION('',(3.695465632254E-02,-0.999316943405));
#8659 = ( GEOMETRIC_REPRESENTATION_CONTEXT(2) 
PARAMETRIC_REPRESENTATION_CONTEXT() REPRESENTATION_CONTEXT('2D SPACE',''
  ) );
#8660 = PCURVE('',#1320,#8661);
#8661 = DEFINITIONAL_REPRESENTATION('',(#8662),#8666);
#8662 = LINE('',#8663,#8664);
#8663 = CARTESIAN_POINT('',(-6.28318530718,-6.35));
#8664 = VECTOR('',#8665,1.);
#8665 = DIRECTION('',(1.,-0.));
#8666 = ( GEOMETRIC_REPRESENTATION_CONTEXT(2) 
PARAMETRIC_REPRESENTATION_CONTEXT() REPRESENTATION_CONTEXT('2D SPACE',''
  ) );
#8667 = ADVANCED_FACE('',(#8668),#1320,.F.);
#8668 = FACE_BOUND('',#8669,.T.);
#8669 = EDGE_LOOP('',(#8670,#8671,#8693,#8694));
#8670 = ORIENTED_EDGE('',*,*,#3526,.T.);
#8671 = ORIENTED_EDGE('',*,*,#8672,.T.);
#8672 = EDGE_CURVE('',#3527,#1297,#8673,.T.);
#8673 = SURFACE_CURVE('',#8674,(#8679,#8686),.PCURVE_S1.);
#8674 = CIRCLE('',#8675,3.55);
#8675 = AXIS2_PLACEMENT_3D('',#8676,#8677,#8678);
#8676 = CARTESIAN_POINT('',(-23.,47.,10.35));
#8677 = DIRECTION('',(0.,0.,1.));
#8678 = DIRECTION('',(1.,0.,0.));
#8679 = PCURVE('',#1320,#8680);
#8680 = DEFINITIONAL_REPRESENTATION('',(#8681),#8685);
#8681 = LINE('',#8682,#8683);
#8682 = CARTESIAN_POINT('',(-0.,-10.35));
#8683 = VECTOR('',#8684,1.);
#8684 = DIRECTION('',(-1.,0.));
#8685 = ( GEOMETRIC_REPRESENTATION_CONTEXT(2) 
PARAMETRIC_REPRESENTATION_CONTEXT() REPRESENTATION_CONTEXT('2D SPACE',''
  ) );
#8686 = PCURVE('',#1356,#8687);
#8687 = DEFINITIONAL_REPRESENTATION('',(#8688),#8692);
#8688 = CIRCLE('',#8689,3.55);
#8689 = AXIS2_PLACEMENT_2D('',#8690,#8691);
#8690 = CARTESIAN_POINT('',(0.,-7.105427357601E-15));
#8691 = DIRECTION('',(1.,0.));
#8692 = ( GEOMETRIC_REPRESENTATION_CONTEXT(2) 
PARAMETRIC_REPRESENTATION_CONTEXT() REPRESENTATION_CONTEXT('2D SPACE',''
  ) );
#8693 = ORIENTED_EDGE('',*,*,#1296,.F.);
#8694 = ORIENTED_EDGE('',*,*,#8646,.T.);
#8695 = ADVANCED_FACE('',(#8696),#1469,.T.);
#8696 = FACE_BOUND('',#8697,.T.);
#8697 = EDGE_LOOP('',(#8698,#8699));
#8698 = ORIENTED_EDGE('',*,*,#1449,.T.);
#8699 = ORIENTED_EDGE('',*,*,#8700,.T.);
#8700 = EDGE_CURVE('',#1371,#1450,#8701,.T.);
#8701 = SURFACE_CURVE('',#8702,(#8707,#8714),.PCURVE_S1.);
#8702 = CIRCLE('',#8703,3.2);
#8703 = AXIS2_PLACEMENT_3D('',#8704,#8705,#8706);
#8704 = CARTESIAN_POINT('',(-23.,47.,13.35));
#8705 = DIRECTION('',(0.,0.,1.));
#8706 = DIRECTION('',(1.,0.,0.));
#8707 = PCURVE('',#1469,#8708);
#8708 = DEFINITIONAL_REPRESENTATION('',(#8709),#8713);
#8709 = CIRCLE('',#8710,3.2);
#8710 = AXIS2_PLACEMENT_2D('',#8711,#8712);
#8711 = CARTESIAN_POINT('',(0.,7.105427357601E-15));
#8712 = DIRECTION('',(1.,0.));
#8713 = ( GEOMETRIC_REPRESENTATION_CONTEXT(2) 
PARAMETRIC_REPRESENTATION_CONTEXT() REPRESENTATION_CONTEXT('2D SPACE',''
  ) );
#8714 = PCURVE('',#1420,#8715);
#8715 = DEFINITIONAL_REPRESENTATION('',(#8716),#8720);
#8716 = LINE('',#8717,#8718);
#8717 = CARTESIAN_POINT('',(-0.,-3.));
#8718 = VECTOR('',#8719,1.);
#8719 = DIRECTION('',(-1.,0.));
#8720 = ( GEOMETRIC_REPRESENTATION_CONTEXT(2) 
PARAMETRIC_REPRESENTATION_CONTEXT() REPRESENTATION_CONTEXT('2D SPACE',''
  ) );
#8721 = ADVANCED_FACE('',(#8722),#1420,.T.);
#8722 = FACE_BOUND('',#8723,.F.);
#8723 = EDGE_LOOP('',(#8724,#8746,#8747,#8748));
#8724 = ORIENTED_EDGE('',*,*,#8725,.F.);
#8725 = EDGE_CURVE('',#1337,#1484,#8726,.T.);
#8726 = SURFACE_CURVE('',#8727,(#8732,#8739),.PCURVE_S1.);
#8727 = CIRCLE('',#8728,3.2);
#8728 = AXIS2_PLACEMENT_3D('',#8729,#8730,#8731);
#8729 = CARTESIAN_POINT('',(-23.,47.,10.35));
#8730 = DIRECTION('',(0.,0.,1.));
#8731 = DIRECTION('',(1.,0.,0.));
#8732 = PCURVE('',#1420,#8733);
#8733 = DEFINITIONAL_REPRESENTATION('',(#8734),#8738);
#8734 = LINE('',#8735,#8736);
#8735 = CARTESIAN_POINT('',(-0.,0.));
#8736 = VECTOR('',#8737,1.);
#8737 = DIRECTION('',(-1.,0.));
#8738 = ( GEOMETRIC_REPRESENTATION_CONTEXT(2) 
PARAMETRIC_REPRESENTATION_CONTEXT() REPRESENTATION_CONTEXT('2D SPACE',''
  ) );
#8739 = PCURVE('',#1356,#8740);
#8740 = DEFINITIONAL_REPRESENTATION('',(#8741),#8745);
#8741 = CIRCLE('',#8742,3.2);
#8742 = AXIS2_PLACEMENT_2D('',#8743,#8744);
#8743 = CARTESIAN_POINT('',(0.,-7.105427357601E-15));
#8744 = DIRECTION('',(1.,0.));
#8745 = ( GEOMETRIC_REPRESENTATION_CONTEXT(2) 
PARAMETRIC_REPRESENTATION_CONTEXT() REPRESENTATION_CONTEXT('2D SPACE',''
  ) );
#8746 = ORIENTED_EDGE('',*,*,#1370,.T.);
#8747 = ORIENTED_EDGE('',*,*,#8700,.T.);
#8748 = ORIENTED_EDGE('',*,*,#1483,.T.);
#8749 = ADVANCED_FACE('',(#8750,#8781),#1356,.F.);
#8750 = FACE_BOUND('',#8751,.F.);
#8751 = EDGE_LOOP('',(#8752,#8753,#8754,#8755,#8756,#8757,#8779,#8780));
#8752 = ORIENTED_EDGE('',*,*,#3561,.T.);
#8753 = ORIENTED_EDGE('',*,*,#8672,.T.);
#8754 = ORIENTED_EDGE('',*,*,#1336,.F.);
#8755 = ORIENTED_EDGE('',*,*,#8725,.T.);
#8756 = ORIENTED_EDGE('',*,*,#1611,.F.);
#8757 = ORIENTED_EDGE('',*,*,#8758,.T.);
#8758 = EDGE_CURVE('',#1612,#3948,#8759,.T.);
#8759 = SURFACE_CURVE('',#8760,(#8765,#8772),.PCURVE_S1.);
#8760 = CIRCLE('',#8761,3.55);
#8761 = AXIS2_PLACEMENT_3D('',#8762,#8763,#8764);
#8762 = CARTESIAN_POINT('',(-23.,47.,10.35));
#8763 = DIRECTION('',(0.,0.,1.));
#8764 = DIRECTION('',(1.,0.,0.));
#8765 = PCURVE('',#1356,#8766);
#8766 = DEFINITIONAL_REPRESENTATION('',(#8767),#8771);
#8767 = CIRCLE('',#8768,3.55);
#8768 = AXIS2_PLACEMENT_2D('',#8769,#8770);
#8769 = CARTESIAN_POINT('',(0.,-7.105427357601E-15));
#8770 = DIRECTION('',(1.,0.));
#8771 = ( GEOMETRIC_REPRESENTATION_CONTEXT(2) 
PARAMETRIC_REPRESENTATION_CONTEXT() REPRESENTATION_CONTEXT('2D SPACE',''
  ) );
#8772 = PCURVE('',#1660,#8773);
#8773 = DEFINITIONAL_REPRESENTATION('',(#8774),#8778);
#8774 = LINE('',#8775,#8776);
#8775 = CARTESIAN_POINT('',(-0.,-10.35));
#8776 = VECTOR('',#8777,1.);
#8777 = DIRECTION('',(-1.,0.));
#8778 = ( GEOMETRIC_REPRESENTATION_CONTEXT(2) 
PARAMETRIC_REPRESENTATION_CONTEXT() REPRESENTATION_CONTEXT('2D SPACE',''
  ) );
#8779 = ORIENTED_EDGE('',*,*,#3947,.T.);
#8780 = ORIENTED_EDGE('',*,*,#7639,.F.);
#8781 = FACE_BOUND('',#8782,.F.);
#8782 = EDGE_LOOP('',(#8783));
#8783 = ORIENTED_EDGE('',*,*,#7474,.F.);
#8784 = ADVANCED_FACE('',(#8785),#1660,.F.);
#8785 = FACE_BOUND('',#8786,.T.);
#8786 = EDGE_LOOP('',(#8787,#8788,#8789,#8811));
#8787 = ORIENTED_EDGE('',*,*,#8758,.T.);
#8788 = ORIENTED_EDGE('',*,*,#3982,.T.);
#8789 = ORIENTED_EDGE('',*,*,#8790,.T.);
#8790 = EDGE_CURVE('',#3983,#22,#8791,.T.);
#8791 = SURFACE_CURVE('',#8792,(#8797,#8804),.PCURVE_S1.);
#8792 = CIRCLE('',#8793,3.55);
#8793 = AXIS2_PLACEMENT_3D('',#8794,#8795,#8796);
#8794 = CARTESIAN_POINT('',(-23.,47.,6.35));
#8795 = DIRECTION('',(0.,0.,-1.));
#8796 = DIRECTION('',(1.,0.,0.));
#8797 = PCURVE('',#1660,#8798);
#8798 = DEFINITIONAL_REPRESENTATION('',(#8799),#8803);
#8799 = LINE('',#8800,#8801);
#8800 = CARTESIAN_POINT('',(-6.28318530718,-6.35));
#8801 = VECTOR('',#8802,1.);
#8802 = DIRECTION('',(1.,-0.));
#8803 = ( GEOMETRIC_REPRESENTATION_CONTEXT(2) 
PARAMETRIC_REPRESENTATION_CONTEXT() REPRESENTATION_CONTEXT('2D SPACE',''
  ) );
#8804 = PCURVE('',#233,#8805);
#8805 = DEFINITIONAL_REPRESENTATION('',(#8806),#8810);
#8806 = CIRCLE('',#8807,3.55);
#8807 = AXIS2_PLACEMENT_2D('',#8808,#8809);
#8808 = CARTESIAN_POINT('',(15.13911399906,23.575564199473));
#8809 = DIRECTION('',(3.695465632254E-02,-0.999316943405));
#8810 = ( GEOMETRIC_REPRESENTATION_CONTEXT(2) 
PARAMETRIC_REPRESENTATION_CONTEXT() REPRESENTATION_CONTEXT('2D SPACE',''
  ) );
#8811 = ORIENTED_EDGE('',*,*,#1640,.F.);
#8812 = ADVANCED_FACE('',(#8813),#233,.T.);
#8813 = FACE_BOUND('',#8814,.T.);
#8814 = EDGE_LOOP('',(#8815,#8816,#8817,#8818,#8819,#8820));
#8815 = ORIENTED_EDGE('',*,*,#21,.F.);
#8816 = ORIENTED_EDGE('',*,*,#8790,.F.);
#8817 = ORIENTED_EDGE('',*,*,#4026,.F.);
#8818 = ORIENTED_EDGE('',*,*,#7970,.F.);
#8819 = ORIENTED_EDGE('',*,*,#4913,.F.);
#8820 = ORIENTED_EDGE('',*,*,#1678,.F.);
#8821 = ( GEOMETRIC_REPRESENTATION_CONTEXT(3) 
GLOBAL_UNCERTAINTY_ASSIGNED_CONTEXT((#8825)) 
GLOBAL_UNIT_ASSIGNED_CONTEXT((#8822,#8823,#8824)) REPRESENTATION_CONTEXT
('Context #1','3D Context with UNIT and UNCERTAINTY') );
#8822 = ( LENGTH_UNIT() NAMED_UNIT(*) SI_UNIT(.MILLI.,.METRE.) );
#8823 = ( NAMED_UNIT(*) PLANE_ANGLE_UNIT() SI_UNIT($,.RADIAN.) );
#8824 = ( NAMED_UNIT(*) SI_UNIT($,.STERADIAN.) SOLID_ANGLE_UNIT() );
#8825 = UNCERTAINTY_MEASURE_WITH_UNIT(LENGTH_MEASURE(2.E-06),#8822,
  'distance_accuracy_value','confusion accuracy');
#8826 = PRODUCT_RELATED_PRODUCT_CATEGORY('part',$,(#7));
ENDSEC;
END-ISO-10303-21;
